id,thanh_phan_id,thiet_bi_id,tu_ngay,den_ngay,ly_do,hong_hoc_id,nguoi_thuc_hien,ghi_chu,don_vi_id_snapshot,created_by,created_at
ac7633d0-1336-44b0-9113-4a11d465edbd,ec1a297e-5460-4813-b758-76c44947e56e,e71b4e37-2ae7-4dd9-99f6-fda7faed4243,2026-07-11 09:50:09.894644+00,,lắp mới,,,,f59bf0bd-520b-4245-80db-dc71b7187bf1,,2026-07-13 14:15:40.080084+00
7659eb10-8ca0-45c2-b9d0-117253184297,04a4a935-3c06-4b4d-adef-0a7d062da29d,528a84f8-c1e9-4706-ab53-b076bb98875e,2026-07-11 09:50:09.894644+00,,lắp mới,,,,f59bf0bd-520b-4245-80db-dc71b7187bf1,,2026-07-13 14:15:40.080084+00
456eb3a0-e0b6-4f6f-ba6b-a47c9dbadb84,afe950cd-cfa0-4ec3-b3a9-43100ccb30a1,9112f33b-0324-4c3a-8070-c9049d059883,2026-07-11 09:50:09.894644+00,,lắp mới,,,,f59bf0bd-520b-4245-80db-dc71b7187bf1,,2026-07-13 14:15:40.080084+00
3a80ff2a-2cd1-4ed9-8b68-f3e4f84ca03f,fdc49cd7-0c6c-417a-bfc0-d3bbf8e4825f,4daf7db2-8b04-4d8e-bb79-910eb7207bd8,2026-07-11 09:50:09.894644+00,,lắp mới,,,,f59bf0bd-520b-4245-80db-dc71b7187bf1,,2026-07-13 14:15:40.080084+00
ab9bf4e2-b58c-448c-9687-e39981be9e2a,a048385c-d92e-4aae-91da-bbde58190aed,326b8ce8-caa4-4d7b-95c5-4e4ef7483715,2026-07-11 09:50:09.894644+00,,lắp mới,,,,f59bf0bd-520b-4245-80db-dc71b7187bf1,,2026-07-13 14:15:40.080084+00
117577a9-0149-4198-a32d-90ff26a21187,6360ffb1-9c70-4001-8025-023c1c883b41,b5ff4257-0be4-44d6-ae35-41735408bd80,2026-07-11 09:50:09.894644+00,,lắp mới,,,,f59bf0bd-520b-4245-80db-dc71b7187bf1,,2026-07-13 14:15:40.080084+00
c6fd81ca-3514-49ac-8ffa-242094510352,5fb143dd-a70f-4e93-8c63-74b777d93ebb,cae11af1-7700-4dc4-99dd-5bbc95692d7b,2026-07-11 09:50:09.894644+00,,lắp mới,,,,f59bf0bd-520b-4245-80db-dc71b7187bf1,,2026-07-13 14:15:40.080084+00
2b29d68d-e262-4cfc-97cf-e94271c13f64,cf81cae3-5274-4d0e-b87e-14e921ca3fed,3bb8a6c5-e6b4-468a-9587-f3a4b7143fcd,2026-07-11 09:50:09.894644+00,,lắp mới,,,,f59bf0bd-520b-4245-80db-dc71b7187bf1,,2026-07-13 14:15:40.080084+00
41cf4390-d72a-41e9-b2db-e1356e4b7fdf,bf2e34b5-f64c-467b-9df6-3832b38cb5b2,7ccbe798-ceeb-411d-aa81-09d8f9e3ffd8,2026-07-11 09:50:09.894644+00,,lắp mới,,,,f59bf0bd-520b-4245-80db-dc71b7187bf1,,2026-07-13 14:15:40.080084+00
b189bab9-77ec-4ec5-801c-1634ab8f95a8,5753a607-65d3-4219-92c2-ce714edfd06a,3a8202e9-4e5c-4be9-914b-c17a87b9d4f4,2026-07-11 09:50:09.894644+00,,lắp mới,,,,f59bf0bd-520b-4245-80db-dc71b7187bf1,,2026-07-13 14:15:40.080084+00
addb996d-b338-4fa9-859f-127a81be3535,c804098f-b9d4-4832-8dc3-6dd58c482f07,12396f7d-1547-4c7f-b8a4-330f5f680538,2026-07-11 09:50:09.894644+00,,lắp mới,,,,f59bf0bd-520b-4245-80db-dc71b7187bf1,,2026-07-13 14:15:40.080084+00
5a67f724-ea72-4c29-bd75-8c8d5b1b60e3,f1860d1e-2314-4e5c-8a22-3c7a2779b953,c58460fb-41a5-49eb-a6e6-457b653d4b9b,2026-07-11 09:50:09.894644+00,,lắp mới,,,,f59bf0bd-520b-4245-80db-dc71b7187bf1,,2026-07-13 14:15:40.080084+00
024522e3-a495-459f-b344-9a9756ed50e0,d72737a2-0cdf-45c0-90ed-1f153c2d587a,00825d9c-16a9-4e90-84f6-296ba490a5a0,2026-07-11 09:50:09.894644+00,,lắp mới,,,,f59bf0bd-520b-4245-80db-dc71b7187bf1,,2026-07-13 14:15:40.080084+00
1970db05-5a5a-4148-84e0-79e6d4333f1b,3fd14302-6b63-4925-a8f6-f42dbc3137a0,d8740f85-4ba2-4ad8-94b1-9ea50bf675bd,2026-07-11 09:50:09.894644+00,,lắp mới,,,,f59bf0bd-520b-4245-80db-dc71b7187bf1,,2026-07-13 14:15:40.080084+00
dc707a96-29b8-4720-bd39-21758e1d0ada,a540f238-d43a-4a31-8865-15fe6fa20c3d,c3c9eb7a-d3c1-4516-856f-655a01935b84,2026-07-11 09:50:09.894644+00,,lắp mới,,,,f59bf0bd-520b-4245-80db-dc71b7187bf1,,2026-07-13 14:15:40.080084+00
dcbfff41-919f-4320-a03c-ee2ec8e1d83f,1d365522-2716-47e7-9217-9a77018a134e,233e3225-4c96-4b7f-a7e9-988014f4afbb,2026-07-11 09:50:09.894644+00,,lắp mới,,,,f59bf0bd-520b-4245-80db-dc71b7187bf1,,2026-07-13 14:15:40.080084+00
5e5ebbc8-1bf0-4686-8353-f406d0f57da2,af226513-8000-4411-8480-70cc4a12d098,9fdf2c97-df96-46ca-94f9-8d7e609fd009,2026-07-11 09:50:09.894644+00,,lắp mới,,,,f59bf0bd-520b-4245-80db-dc71b7187bf1,,2026-07-13 14:15:40.080084+00
10de8831-9fc8-43cd-b0bd-e5ab37d6c8ef,48027ec8-6f74-432b-a345-2d923392a94d,c7ebca39-ad77-4a22-a399-9ae3d02ab335,2026-07-11 09:50:09.894644+00,,lắp mới,,,,f59bf0bd-520b-4245-80db-dc71b7187bf1,,2026-07-13 14:15:40.080084+00
e6047c7e-71f8-4857-b40e-7cf5213857d1,6c11ae4d-170c-4e00-bd82-238c1eda4f6b,bdedf39d-c8c2-4947-ac6f-480042a926be,2026-07-11 09:50:09.894644+00,,lắp mới,,,,f59bf0bd-520b-4245-80db-dc71b7187bf1,,2026-07-13 14:15:40.080084+00
4497a689-e19c-4508-8091-89fcada36f24,7c02fd4f-9a42-47a8-a305-340966726fb0,99dd0d88-9d09-4ad4-a22b-43b81db519cb,2026-07-11 09:50:09.894644+00,,lắp mới,,,,f59bf0bd-520b-4245-80db-dc71b7187bf1,,2026-07-13 14:15:40.080084+00
3a0f77de-53e9-40e0-8a18-a955432adfb8,9b013884-5e29-47d7-a4c6-d506f38bc99d,dd3c140d-3fb8-43f4-8509-8248b310c28b,2026-07-11 09:50:09.894644+00,,lắp mới,,,,f59bf0bd-520b-4245-80db-dc71b7187bf1,,2026-07-13 14:15:40.080084+00
eed88cfa-d88f-4b9d-8d4c-e62a01cb6318,25bcb12f-380b-4fbd-a288-86a7b6391235,368f9ce6-efb2-4d1b-86fe-300a83bd28c4,2026-07-11 09:50:09.894644+00,,lắp mới,,,,f59bf0bd-520b-4245-80db-dc71b7187bf1,,2026-07-13 14:15:40.080084+00
515e6501-b5e3-44ac-80c8-600f7af23920,a0f851f2-e6c5-4c8f-ac40-5ac7a5a3b4b3,d79c0046-f0ca-49db-afc5-b4aba1ab5336,2026-07-11 09:50:09.894644+00,,lắp mới,,,,f59bf0bd-520b-4245-80db-dc71b7187bf1,,2026-07-13 14:15:40.080084+00
4ad5453b-f6fe-45dc-8509-e8ff7efe77fe,58b368ab-ceff-4070-a7c3-a1e13903063f,6ed34617-e854-4bf5-8a42-0fe0450fd1cd,2026-07-11 09:50:09.894644+00,,lắp mới,,,,f59bf0bd-520b-4245-80db-dc71b7187bf1,,2026-07-13 14:15:40.080084+00
ef14d161-4044-49e5-a576-1078bd386316,dd3132a7-0ee4-42f0-915f-2e3f21a15e64,b4aff0f7-4376-45de-936a-3dc5cee4668d,2026-07-11 09:50:09.894644+00,,lắp mới,,,,f59bf0bd-520b-4245-80db-dc71b7187bf1,,2026-07-13 14:15:40.080084+00
18505442-e142-41d0-b839-82196d785a28,260eb574-0d61-49f3-835c-6ecee18d1c8c,12435ede-d09b-4eba-800a-111b4a8c7667,2026-07-11 09:50:09.894644+00,,lắp mới,,,,f59bf0bd-520b-4245-80db-dc71b7187bf1,,2026-07-13 14:15:40.080084+00
f350c945-c883-4dff-8916-176890118c88,8d9dd3d6-751e-4b39-92b1-0ca89522d2d0,5b6721df-abcc-4d23-8198-798ad1f4dada,2026-07-11 09:50:09.894644+00,,lắp mới,,,,f59bf0bd-520b-4245-80db-dc71b7187bf1,,2026-07-13 14:15:40.080084+00
87c16b4f-d49f-4bb2-be06-b36b85ede6f3,3fc64bdb-6bdb-4b0e-b285-53b31b66a155,9f82a256-4963-4e7b-9ef0-7228ed11d6dd,2026-07-11 09:50:09.894644+00,,lắp mới,,,,f59bf0bd-520b-4245-80db-dc71b7187bf1,,2026-07-13 14:15:40.080084+00
264ef05d-8b18-4562-b954-44c56e8b502d,168f95d3-3739-418d-ab79-be1c70efcf94,22af8a75-cb5e-4a84-acc9-e191ba0e0efb,2026-07-11 09:50:09.894644+00,,lắp mới,,,,65ac5e26-b0a7-487e-a72d-3f0dfc3facc2,,2026-07-13 14:15:40.080084+00
7e7b1bdc-3e7a-4e05-aa90-7c98e6d27c64,237665d6-69e1-4e0e-a13c-052779c3af43,dcb74b35-9614-4e26-92e9-f0cb32b0616d,2026-07-11 09:50:09.894644+00,,lắp mới,,,,f59bf0bd-520b-4245-80db-dc71b7187bf1,,2026-07-13 14:15:40.080084+00
89df53ef-3e18-4ce7-afbe-544ed3388942,e5e20737-bcce-4875-91a4-5bf654930bbe,78c51269-4388-4c0d-a27b-6d4f06cf623a,2026-07-11 09:50:09.894644+00,,lắp mới,,,,f59bf0bd-520b-4245-80db-dc71b7187bf1,,2026-07-13 14:15:40.080084+00
19a48dea-16d5-4060-9167-ea7e91ec1c4a,7bad8066-9bb3-455d-a077-644bc7075379,f91fcbdd-d7a5-44f0-b159-82fa121eb6f4,2026-07-11 09:50:09.894644+00,,lắp mới,,,,f59bf0bd-520b-4245-80db-dc71b7187bf1,,2026-07-13 14:15:40.080084+00
40ac198d-605e-4546-a5ee-0d80ff8d0edf,297c05fc-2e73-46fb-ae35-15d3b4cb72fc,d222f235-9176-48ea-8a39-ae9655d7d28a,2026-07-11 09:50:09.894644+00,,lắp mới,,,,46e84da7-5a8b-4a79-aa46-2fb4bae1ff26,,2026-07-13 14:15:40.080084+00
c3c441e8-f9ec-440e-b999-2e6564067c4b,ab9e2098-69c2-4e99-ab98-cc9950d3790c,edc67d24-3614-4882-905d-8f5109fd310a,2026-07-11 09:50:09.894644+00,,lắp mới,,,,f59bf0bd-520b-4245-80db-dc71b7187bf1,,2026-07-13 14:15:40.080084+00
24093cb5-a7cd-4ed7-9482-431136882917,2925ec35-b655-46e7-91e0-3975fa74ae88,39d8a166-fb18-4e79-a385-708945c50c45,2026-07-11 09:50:09.894644+00,,lắp mới,,,,f59bf0bd-520b-4245-80db-dc71b7187bf1,,2026-07-13 14:15:40.080084+00
f3353cc1-7434-4065-94ce-f375423dd1a2,4f6570a5-d224-4bce-b673-2ef54b1931f5,dd002cfd-fe9a-41a1-bb1b-a2829b09712e,2026-07-11 09:50:09.894644+00,,lắp mới,,,,f59bf0bd-520b-4245-80db-dc71b7187bf1,,2026-07-13 14:15:40.080084+00
a9e5b21c-a5b1-4013-be6a-73955aa28c5c,0e3e6680-5642-4b00-a3b2-d8c2a56d6532,217ca5bc-e0db-4bbb-8a82-31c62f5e6f57,2026-07-11 09:50:09.894644+00,,lắp mới,,,,f59bf0bd-520b-4245-80db-dc71b7187bf1,,2026-07-13 14:15:40.080084+00
27fe1350-c8b8-4060-9af9-388ea5140026,66c21bf5-befa-4297-9d9f-cd30611b9f4e,c9f96888-8943-4ec4-b01a-f4c25c9e176c,2026-07-11 09:50:09.894644+00,,lắp mới,,,,f59bf0bd-520b-4245-80db-dc71b7187bf1,,2026-07-13 14:15:40.080084+00
19287bc6-e1ba-4501-8e31-b8133c68908d,eaf3b6cd-6f23-4c36-a306-51a1900baaf3,b9f29696-355d-40ae-a851-62fbdb5b87d7,2026-07-11 09:50:09.894644+00,,lắp mới,,,,f59bf0bd-520b-4245-80db-dc71b7187bf1,,2026-07-13 14:15:40.080084+00
379ed5b1-c03e-406d-ad57-65a70850f1ba,20fb2d73-a40a-4b86-aacf-5b7b2d0fa98c,36a96e7b-69e1-44a3-aca8-985900bce000,2026-07-11 09:50:09.894644+00,,lắp mới,,,,f59bf0bd-520b-4245-80db-dc71b7187bf1,,2026-07-13 14:15:40.080084+00
57545745-0669-46c1-99ea-76b4e650a41f,2759025c-c0cb-45a2-a4d8-2e18c29d8cb1,56223199-0a30-48b3-b947-bc2078e68524,2026-07-11 09:50:09.894644+00,,lắp mới,,,,f59bf0bd-520b-4245-80db-dc71b7187bf1,,2026-07-13 14:15:40.080084+00
49e98a52-b470-4928-bfb9-a1366a72b252,ff4952aa-479d-42d3-b594-9c3e9a7d0c08,5b0513ea-8557-4e22-93aa-f071db7d103e,2026-07-11 09:50:09.894644+00,,lắp mới,,,,46e84da7-5a8b-4a79-aa46-2fb4bae1ff26,,2026-07-13 14:15:40.080084+00
c0757d2f-1cb6-4787-ae2f-55f942a212ac,78d6f560-f644-4743-abb7-f490a42984dd,f4ad8afe-fd2a-4dcd-aa44-957a61ce8d88,2026-07-11 09:50:09.894644+00,,lắp mới,,,,f59bf0bd-520b-4245-80db-dc71b7187bf1,,2026-07-13 14:15:40.080084+00
31da769c-6c51-4b04-b48b-a52194c81bf8,e8b0606a-18b9-4bbd-89b7-a06b2cab3797,1973564d-e89f-4fec-9792-7e6449c3b8a7,2026-07-11 09:50:09.894644+00,,lắp mới,,,,f59bf0bd-520b-4245-80db-dc71b7187bf1,,2026-07-13 14:15:40.080084+00
234541af-6b8a-4661-903e-abf37bb858f9,1a9f855b-d3a1-4425-90d8-ec8ad59a14ab,8b440bcf-3fbe-476d-8b74-e8d93e4c0297,2026-07-11 09:50:09.894644+00,,lắp mới,,,,f59bf0bd-520b-4245-80db-dc71b7187bf1,,2026-07-13 14:15:40.080084+00
301595aa-ba93-46af-bf28-40fd563ed222,e575a85f-20ad-499d-9f39-3d283b6a9cad,d50e07d0-9237-43eb-a801-cec7c49cb210,2026-07-11 09:50:09.894644+00,,lắp mới,,,,f59bf0bd-520b-4245-80db-dc71b7187bf1,,2026-07-13 14:15:40.080084+00
e535e196-d00d-4d16-9a16-b7990158a40c,9ff58e5f-756c-4960-b9f8-13eb10d2610f,e2bd0caf-4e61-4ba5-9e98-6c1b8911ba5a,2026-07-11 09:50:09.894644+00,,lắp mới,,,,f59bf0bd-520b-4245-80db-dc71b7187bf1,,2026-07-13 14:15:40.080084+00
ffa54754-fe20-4ff9-b8df-93379e73638a,8f0c1a1a-ad35-4c69-ab9a-b70bf4507abc,61143a66-5e02-4582-857f-4ece4a354136,2026-07-11 09:50:09.894644+00,,lắp mới,,,,e43c5d4b-3c3c-4486-89da-73e9ac747ab4,,2026-07-13 14:15:40.080084+00
c7250dbc-7e65-48a6-9b85-dd353801e1c2,4cbb2660-9016-40b8-a1bd-7f54f112482b,133b7612-5334-4006-9ebd-d49ce1f79841,2026-07-11 09:50:09.894644+00,,lắp mới,,,,8b408897-b25d-4ece-91ba-d97dfacec283,,2026-07-13 14:15:40.080084+00
ec15e047-976e-4318-bf78-b1c55bb63d88,ec2193de-8e75-491a-ae2c-3f9b90a4c958,b07938bc-c1bd-4dc0-97e2-be4f13f970ab,2026-07-11 09:50:09.894644+00,,lắp mới,,,,f59bf0bd-520b-4245-80db-dc71b7187bf1,,2026-07-13 14:15:40.080084+00
9806c132-cd42-452a-8a2c-f913c8fdd41c,f0efec2e-f1fc-4f2f-993a-8aeb27222eb0,289fa853-bcb8-4ea1-9b2c-00d4a41ca8c7,2026-07-11 09:50:09.894644+00,,lắp mới,,,,f59bf0bd-520b-4245-80db-dc71b7187bf1,,2026-07-13 14:15:40.080084+00
c7adb046-7ea5-46cc-a2a6-fa8952bdb041,8ac86180-57ed-4566-b943-2b1079c65a31,28d44ac7-1c32-4da5-9157-39a9b894acbf,2026-07-11 09:50:09.894644+00,,lắp mới,,,,f59bf0bd-520b-4245-80db-dc71b7187bf1,,2026-07-13 14:15:40.080084+00
1b3bf855-ecb6-4a6c-a983-96a0379c4d23,922a4513-5b80-4542-9449-9791708e1755,1a0f8aba-87a3-445b-954e-3c7dc525ef74,2026-07-11 09:50:09.894644+00,,lắp mới,,,,65ac5e26-b0a7-487e-a72d-3f0dfc3facc2,,2026-07-13 14:15:40.080084+00
7ff2079b-f962-4ff5-bf80-5c860791efd2,c5872777-202e-405c-8312-857b8fb89132,fc178946-9a87-4432-b019-25d12b1d8e81,2026-07-11 09:50:09.894644+00,,lắp mới,,,,f59bf0bd-520b-4245-80db-dc71b7187bf1,,2026-07-13 14:15:40.080084+00
65f5015c-b188-441f-998b-d3ee6f8be18f,f689a383-2b66-490d-940b-46a38951cddd,542340a6-5f9b-46d6-969b-3e703d87d13a,2026-07-11 09:50:09.894644+00,,lắp mới,,,,f59bf0bd-520b-4245-80db-dc71b7187bf1,,2026-07-13 14:15:40.080084+00
228952af-1824-4bda-bb6d-f240931c2484,ce342d33-efcf-4cff-b02c-19eda7f121fb,3c9b3b1a-030c-4f1a-a050-50c439f493cc,2026-07-11 09:50:09.894644+00,,lắp mới,,,,141337b4-f2fa-4438-808f-0d10cfeedb85,,2026-07-13 14:15:40.080084+00
762accb1-5cb3-4a18-85e7-182a08453883,e7dd765c-51a9-4221-9658-69441cbc7219,fefc0358-4500-4595-8d6d-b551820b309e,2026-07-11 09:50:09.894644+00,,lắp mới,,,,141337b4-f2fa-4438-808f-0d10cfeedb85,,2026-07-13 14:15:40.080084+00
6c207ad0-e18d-47e3-b766-cea9c41ff2bc,cdb0d971-2883-4f1b-98ab-309d996889c4,954bec25-b440-43ae-84ac-6c3dd519d6a5,2026-07-11 09:50:09.894644+00,,lắp mới,,,,f59bf0bd-520b-4245-80db-dc71b7187bf1,,2026-07-13 14:15:40.080084+00
0e4c2e3c-0c46-43d9-9982-8fa1758104a8,bcfad56d-dd46-481b-981c-81dd49a8a7df,ee6665a2-57ae-40c6-8bfc-935f13d8f45a,2026-07-11 09:50:09.894644+00,,lắp mới,,,,f59bf0bd-520b-4245-80db-dc71b7187bf1,,2026-07-13 14:15:40.080084+00
da9777d4-02e8-43e7-b9a2-2252d59c2a70,2a83c4a7-d431-481c-8e76-24cb4db16f40,eb215a68-91d9-4565-a7ea-230763bfd6fe,2026-07-11 09:50:09.894644+00,,lắp mới,,,,f59bf0bd-520b-4245-80db-dc71b7187bf1,,2026-07-13 14:15:40.080084+00
cc8d8938-4333-449a-940d-de5159accbf5,917d564e-c113-4294-9b47-348e0d93371f,8cf59460-f4d2-4785-8172-dc631d045d24,2026-07-11 09:50:09.894644+00,,lắp mới,,,,f59bf0bd-520b-4245-80db-dc71b7187bf1,,2026-07-13 14:15:40.080084+00
f1e47756-d6c0-4749-a269-c2b17c6acd3a,984f8ef9-b4e7-4cac-ae22-1b9a2d38824b,e5016758-7ac9-4ea7-93da-16944bd8116e,2026-07-11 09:50:09.894644+00,,lắp mới,,,,f59bf0bd-520b-4245-80db-dc71b7187bf1,,2026-07-13 14:15:40.080084+00
a1d4ded0-a81b-4ea9-a649-921e48584028,2d473766-b2e4-41e6-bcea-4ea1b087cdb5,f0ba82de-001e-49d6-ad2e-25d536231a38,2026-07-11 09:50:09.894644+00,,lắp mới,,,,8b408897-b25d-4ece-91ba-d97dfacec283,,2026-07-13 14:15:40.080084+00
d852d3f4-e856-4a75-91ef-15862acf96b8,1f1f3213-607b-44a1-8e03-2e62a9a87cfa,b0b0b459-b401-43b5-aa06-2de7662d77c2,2026-07-11 09:50:09.894644+00,,lắp mới,,,,581d9350-905f-46da-b45e-c2d8aba4d868,,2026-07-13 14:15:40.080084+00
eaa36451-22c5-4514-9d34-235bd4d5f956,47cc501f-9d9c-4f0c-8872-eda5a6b4a48f,37049bbd-c122-45c3-8af3-95064004ba4e,2026-07-11 09:50:09.894644+00,,lắp mới,,,,f59bf0bd-520b-4245-80db-dc71b7187bf1,,2026-07-13 14:15:40.080084+00
7bb1f645-43bf-4e42-832a-329d7e39fa91,d7ecbdf8-6566-4ec6-a1f4-684406abe6fe,89505b3c-cf0c-4f83-812c-e366c5c2df49,2026-07-11 09:50:09.894644+00,,lắp mới,,,,581d9350-905f-46da-b45e-c2d8aba4d868,,2026-07-13 14:15:40.080084+00
15b8b80b-1302-4b74-a119-5cff2d308219,aa8dd086-4558-4603-a0f9-2d014bc6aac9,4fd3f24d-6568-4560-a2e6-55e63f8583d5,2026-07-11 09:50:09.894644+00,,lắp mới,,,,46e84da7-5a8b-4a79-aa46-2fb4bae1ff26,,2026-07-13 14:15:40.080084+00
7749914f-7c5c-4f65-b65d-7f3f892335ba,ef1db6e3-b409-474b-a357-bbc69a3cacca,3209ba71-365b-4910-a16f-3afc8615615e,2026-07-11 09:50:09.894644+00,,lắp mới,,,,581d9350-905f-46da-b45e-c2d8aba4d868,,2026-07-13 14:15:40.080084+00
368eb0e9-7c83-4e59-a27a-7bf09cbbc9ae,5366e830-2d92-4931-8de4-23bce37055f6,0ed77c1d-2b66-494d-acba-e793d24dbb9d,2026-07-11 09:50:09.894644+00,,lắp mới,,,,581d9350-905f-46da-b45e-c2d8aba4d868,,2026-07-13 14:15:40.080084+00
068070b9-097b-4363-9c58-bf6c198c4e9c,f7b8a9f6-d18e-4a60-896f-c4657d4c0684,d1e8bea1-b8df-4b5d-89be-21b4194a97ed,2026-07-11 09:50:09.894644+00,,lắp mới,,,,f59bf0bd-520b-4245-80db-dc71b7187bf1,,2026-07-13 14:15:40.080084+00
80c8c5e9-43bb-4dcc-b6ba-aabeed834c8c,4bd79085-3bf2-4a33-80dc-96bbc6321931,4233ee4b-0e15-4cee-9e3f-300948eac83d,2026-07-13 03:49:44.560902+00,,lắp mới,,,,581d9350-905f-46da-b45e-c2d8aba4d868,,2026-07-13 14:15:40.080084+00
40153576-b2ca-46f9-b6fd-50370eeaa28f,111f0470-d28e-45a9-845a-3d5a12833e30,7a65bcec-cd34-4315-b97e-189f5af5db46,2026-07-11 09:50:09.894644+00,,lắp mới,,,,8b408897-b25d-4ece-91ba-d97dfacec283,,2026-07-13 14:15:40.080084+00
45a85aaa-134d-4aff-a4dc-9e2ae712c0ee,a92521dd-5c3a-4bc2-8eeb-8deae52bf31e,0488f906-d250-44db-b082-b2dfbcc1ce47,2026-07-13 03:49:42.924173+00,,lắp mới,,,,581d9350-905f-46da-b45e-c2d8aba4d868,,2026-07-13 14:15:40.080084+00
3bbb7065-1630-472f-8bf2-ba63585de797,39825159-0782-421a-91fc-0e17cca3be13,5bd6517f-f227-4d23-8763-1f0f1883165a,2026-07-11 09:50:09.894644+00,,lắp mới,,,,f59bf0bd-520b-4245-80db-dc71b7187bf1,,2026-07-13 14:15:40.080084+00
afd70682-52a6-4e9d-928c-9ae6f8805084,5d417df4-7768-400d-80b9-1c7e76a9c8a4,899b9791-fb49-40d3-8a76-695d65a61780,2026-07-11 09:50:09.894644+00,,lắp mới,,,,46e84da7-5a8b-4a79-aa46-2fb4bae1ff26,,2026-07-13 14:15:40.080084+00
b0c29cc9-a7c1-4979-affb-5748a6c63b19,bfbf11bb-392f-4655-af7f-17967142643d,717cb305-8091-483c-8278-12b1c71fd647,2026-07-11 09:50:09.894644+00,,lắp mới,,,,f59bf0bd-520b-4245-80db-dc71b7187bf1,,2026-07-13 14:15:40.080084+00
26aec5c4-f35c-465c-9751-ffd52e664ec5,1df5982b-d02c-4c09-9e26-ae8405a40c35,1a1e5801-2ab8-4b27-a75c-706d0e077204,2026-07-11 09:50:09.894644+00,,lắp mới,,,,581d9350-905f-46da-b45e-c2d8aba4d868,,2026-07-13 14:15:40.080084+00
01533e74-ebb5-4b79-b8c2-3af424ffc4de,b4aaa7d6-a69b-41ae-a45e-0acc09ef982b,11731ebe-7454-4f50-91c5-32a5b079ae18,2026-07-11 09:50:09.894644+00,,lắp mới,,,,581d9350-905f-46da-b45e-c2d8aba4d868,,2026-07-13 14:15:40.080084+00
00c22294-9d77-4a5f-b8da-0616c0de57f0,129b7305-4c81-4352-9c14-3169a419a897,ae3b0f57-9ea8-4497-85ca-81b787a1be8f,2026-07-11 09:50:09.894644+00,,lắp mới,,,,f59bf0bd-520b-4245-80db-dc71b7187bf1,,2026-07-13 14:15:40.080084+00
4ef2fa3c-6fd6-48a6-8832-b9463d4e0ec4,2c8131b5-91df-4031-9171-b94b38ea0e04,c9a3fbc3-1fac-45a7-93a7-bfe2764d6c5f,2026-07-13 03:49:44.729254+00,,lắp mới,,,,581d9350-905f-46da-b45e-c2d8aba4d868,,2026-07-13 14:15:40.080084+00
0d4807de-07c9-4412-9a2f-6fd3f7b9841d,c75ad0bd-db8f-4d3d-8702-e8165aee68fb,6934bd7c-3bf7-4057-9bd9-63336e12f8b3,2026-07-13 03:49:43.112091+00,,lắp mới,,,,581d9350-905f-46da-b45e-c2d8aba4d868,,2026-07-13 14:15:40.080084+00
5ad1934c-9f6a-41af-bee0-30798e56a640,fc0f1efe-7447-4ce2-a6cd-51eda0cc9b90,4c52e526-395f-4257-856e-127dac74ad8b,2026-07-11 09:50:09.894644+00,,lắp mới,,,,46e84da7-5a8b-4a79-aa46-2fb4bae1ff26,,2026-07-13 14:15:40.080084+00
50a25062-fe79-41cd-8f91-843fb14398ae,5959f205-1632-45bd-a82f-3e3e4a9eb9ff,07047fc5-166c-472b-8322-46d2531164c2,2026-07-13 03:49:43.298848+00,,lắp mới,,,,581d9350-905f-46da-b45e-c2d8aba4d868,,2026-07-13 14:15:40.080084+00
6f41c306-996e-4e71-9a37-c85329067601,c1bd66fa-1310-4d17-a800-ff2b19488d0c,f5c11346-f4d5-4e51-80bf-d9fb62da35dc,2026-07-11 09:50:09.894644+00,,lắp mới,,,,581d9350-905f-46da-b45e-c2d8aba4d868,,2026-07-13 14:15:40.080084+00
13ecaccf-4fd8-4329-bb71-973a50004f09,1a030f56-078e-4ddd-86df-afd2918a94cd,eb1106e8-6187-4fbf-8db6-d474a7bf9de0,2026-07-11 09:50:09.894644+00,,lắp mới,,,,581d9350-905f-46da-b45e-c2d8aba4d868,,2026-07-13 14:15:40.080084+00
955607a8-310d-4f6c-b755-de67ef920a6f,81e42314-166b-4361-9ba0-cbb8cd6753c5,1056ba1b-77ec-4d9b-b954-989df1e5533d,2026-07-11 09:50:09.894644+00,,lắp mới,,,,141337b4-f2fa-4438-808f-0d10cfeedb85,,2026-07-13 14:15:40.080084+00
3581b43c-c6c0-4b7e-9e22-212b0bb498e0,7a1c5700-0fb8-447e-8405-32ec64bf1724,57eaf763-0191-4661-b7be-d194887ecc48,2026-07-13 03:49:43.478435+00,,lắp mới,,,,581d9350-905f-46da-b45e-c2d8aba4d868,,2026-07-13 14:15:40.080084+00
5feead9f-fa1d-4570-9ae5-5b8cb9daa505,7e68694d-7c40-4653-9479-1903f324852b,9cb0d914-4239-41e5-a427-76ee8093366f,2026-07-11 09:50:09.894644+00,,lắp mới,,,,8b408897-b25d-4ece-91ba-d97dfacec283,,2026-07-13 14:15:40.080084+00
4c57aaa5-dce5-4006-98c1-651e89205202,929ef135-b76f-4af4-8a47-b6f0d4d5ac69,c7e84dd9-c27d-4a22-a238-029d001ea428,2026-07-11 09:50:09.894644+00,,lắp mới,,,,141337b4-f2fa-4438-808f-0d10cfeedb85,,2026-07-13 14:15:40.080084+00
90047032-da68-4796-a85d-e9becacac656,471b69d8-58ee-487c-ae41-e0ef1897ecd3,a083c4ba-d27e-42c0-90bd-db90aee2ca00,2026-07-11 09:50:09.894644+00,,lắp mới,,,,f59bf0bd-520b-4245-80db-dc71b7187bf1,,2026-07-13 14:15:40.080084+00
3405a1bd-0d28-4998-b708-89139b42efa0,938a3158-7959-4594-b135-1d1a98caed4d,c3d62ec8-6361-4aa5-b4c4-0b13ea8c5dd4,2026-07-13 03:49:45.136488+00,,lắp mới,,,,581d9350-905f-46da-b45e-c2d8aba4d868,,2026-07-13 14:15:40.080084+00
6ae1d811-79f6-4c53-968a-68b328c24e60,0250a71a-5aed-4fa6-88b2-9328fdfbbf3a,abb953ef-31a2-45a4-90bf-5e0cfcc582b9,2026-07-13 03:49:43.658628+00,,lắp mới,,,,581d9350-905f-46da-b45e-c2d8aba4d868,,2026-07-13 14:15:40.080084+00
76a61825-d6de-4bd6-a636-4cce98cabc60,cc8e5ffb-61f5-42b8-8824-de4d668d0f87,cdf1c57c-4205-4066-b0d5-e6c5b9401106,2026-07-11 09:50:09.894644+00,,lắp mới,,,,581d9350-905f-46da-b45e-c2d8aba4d868,,2026-07-13 14:15:40.080084+00
7b8f9a0c-ddc7-41f4-a823-fa94a9fd2845,a0c5e8b0-7b6b-4959-b119-0c7db54e75d0,dc24a88e-1a4b-4126-95f8-ea56ea1539da,2026-07-11 09:50:09.894644+00,,lắp mới,,,,f59bf0bd-520b-4245-80db-dc71b7187bf1,,2026-07-13 14:15:40.080084+00
76bdf483-ffd4-4cd4-8fbf-1996ce8e083d,40393444-c8e3-4ae5-97dc-2158cebaabbe,e103cb54-a71b-4880-8630-d816bcbc6ca3,2026-07-11 09:50:09.894644+00,,lắp mới,,,,e43c5d4b-3c3c-4486-89da-73e9ac747ab4,,2026-07-13 14:15:40.080084+00
1e586046-d510-4525-9b5c-e4e37bd14cf7,9afdcd3b-7bf9-4a5e-8a66-b8b981b131fd,23a57a02-22a2-4907-bb67-46a31d4c5e6d,2026-07-11 09:50:09.894644+00,,lắp mới,,,,f59bf0bd-520b-4245-80db-dc71b7187bf1,,2026-07-13 14:15:40.080084+00
f0602eab-756c-4435-ba84-99e3f756b8e4,7140b267-4c6d-4d12-a605-4ddcca5ac2a7,f1ed0314-5ad0-4050-8247-ca92ae46c8c9,2026-07-11 09:50:09.894644+00,,lắp mới,,,,8b408897-b25d-4ece-91ba-d97dfacec283,,2026-07-13 14:15:40.080084+00
e3ff9706-7884-4f9c-97ba-a0af79eabf61,b3be5e1f-7bf0-41f7-a136-7085864d0b37,048063f2-acc0-40fe-abf9-d24001f47b2e,2026-07-13 03:49:43.88238+00,,lắp mới,,,,581d9350-905f-46da-b45e-c2d8aba4d868,,2026-07-13 14:15:40.080084+00
b1456cdd-450d-42f9-ac87-3260cbe9f242,448e27a6-8239-44fe-8760-e17c67f2db01,651c6b85-28aa-4995-aa77-74096c80b1f2,2026-07-11 09:50:09.894644+00,,lắp mới,,,,f59bf0bd-520b-4245-80db-dc71b7187bf1,,2026-07-13 14:15:40.080084+00
2788fb3c-eb01-4497-b15b-55844f17fef5,c4c64ac1-a16d-496f-8586-d9860734f81d,9b657838-8c2c-4e52-8ef7-ba8f11221351,2026-07-13 03:49:44.200241+00,,lắp mới,,,,581d9350-905f-46da-b45e-c2d8aba4d868,,2026-07-13 14:15:40.080084+00
c0e18dd3-7f4d-4647-9a4c-220f04ab3c14,11d08b08-9147-451b-ba2e-f8c07cbef1a3,f69204d4-cc90-417a-8b53-eb9f8a0b7061,2026-07-11 09:50:09.894644+00,,lắp mới,,,,f59bf0bd-520b-4245-80db-dc71b7187bf1,,2026-07-13 14:15:40.080084+00
192d61d1-cb85-40b2-95ec-922797cad0c9,62a2dd92-97f3-4931-8c7f-3dfb6b33f9e7,f87618cf-3ca6-45da-8967-694b1ae27408,2026-07-11 09:50:09.894644+00,,lắp mới,,,,f59bf0bd-520b-4245-80db-dc71b7187bf1,,2026-07-13 14:15:40.080084+00
5e9d5676-fcfd-4761-9e96-890fe79d0dae,efafc46f-bfa2-4f44-bbb0-ba968b926059,d578a189-9042-4d40-8fc9-c39594e2a449,2026-07-11 09:50:09.894644+00,,lắp mới,,,,f59bf0bd-520b-4245-80db-dc71b7187bf1,,2026-07-13 14:15:40.080084+00
bfd9cac9-8515-4c42-8d48-d20c58f83228,f5fc27b4-1955-4d7b-a4fc-44ef7586c7cb,0e07516a-0867-4750-b798-a671625b2f9a,2026-07-13 03:49:44.380884+00,,lắp mới,,,,581d9350-905f-46da-b45e-c2d8aba4d868,,2026-07-13 14:15:40.080084+00
9936073d-cc3f-4acc-ae4a-8edff488f7f9,3147448c-c288-4ea7-91f9-71be25f5c080,4e25f158-412e-4bb1-b2e4-ea3f1cab51bb,2026-07-11 09:50:09.894644+00,,lắp mới,,,,f59bf0bd-520b-4245-80db-dc71b7187bf1,,2026-07-13 14:15:40.080084+00
f098a65f-245d-4f0a-8bf0-866be6e4f21d,0a616abb-9186-4061-be46-1484ea041a7d,0f208080-424c-4c8e-a049-ce692af9ea35,2026-07-11 09:50:09.894644+00,,lắp mới,,,,f59bf0bd-520b-4245-80db-dc71b7187bf1,,2026-07-13 14:15:40.080084+00
35fdfd99-7017-47ee-81fe-925814d41199,de55aa4c-7cf9-4e80-91fd-2078bc5962c7,eb642323-7ccb-4bb3-9d67-c6330198eb16,2026-07-11 09:50:09.894644+00,,lắp mới,,,,f59bf0bd-520b-4245-80db-dc71b7187bf1,,2026-07-13 14:15:40.080084+00
a876a7ab-a15e-4da8-abd6-1bd048f100d0,f8d0993b-caed-47eb-a845-b444bb0487ed,e556e69e-1cbd-41b0-95a7-21388e53bc83,2026-07-11 09:50:09.894644+00,,lắp mới,,,,f59bf0bd-520b-4245-80db-dc71b7187bf1,,2026-07-13 14:15:40.080084+00
97546c24-015f-4472-880a-9ee04f3c1e7b,38a0eef6-64b0-49ff-aa69-ec88901f7be8,d9c80a4c-64f5-4bef-8ceb-036692cb86b8,2026-07-11 09:50:09.894644+00,,lắp mới,,,,8b408897-b25d-4ece-91ba-d97dfacec283,,2026-07-13 14:15:40.080084+00
0b59783b-f3f7-4718-9a41-536da61fd58e,39f20f2a-0f1c-41ea-8144-69cec73e65f4,9e6289f9-4de0-4e29-be1c-c45f8c4ca81a,2026-07-11 09:50:09.894644+00,,lắp mới,,,,8b408897-b25d-4ece-91ba-d97dfacec283,,2026-07-13 14:15:40.080084+00
998504d4-77f8-44cb-b176-1baedec23af8,f7b22490-431c-4d87-9eae-1068b56645ac,85af6699-63a5-4336-aaad-8442868ffe7c,2026-07-11 09:50:09.894644+00,,lắp mới,,,,8b408897-b25d-4ece-91ba-d97dfacec283,,2026-07-13 14:15:40.080084+00
b75c1e4d-f4ee-46c9-b706-cd23bed78ee8,2098c72d-427e-4910-8040-537d77324393,16c7a912-b03c-47a2-ab92-cfad57b42366,2026-07-11 09:50:09.894644+00,,lắp mới,,,,8b408897-b25d-4ece-91ba-d97dfacec283,,2026-07-13 14:15:40.080084+00
b53d7b4d-298c-482e-897b-c923c231ea7d,204251ac-efb4-4124-a398-43fe53949e0d,4cbb6a7d-4e2c-444f-853a-0198410e6126,2026-07-11 09:50:09.894644+00,,lắp mới,,,,f59bf0bd-520b-4245-80db-dc71b7187bf1,,2026-07-13 14:15:40.080084+00
9ad1c5bc-c6fa-44ed-8c94-164eaf97fbae,e998b952-9c27-470b-8842-4f4dd5a6655b,45f69fa2-c912-4427-977a-36d6208420a6,2026-07-11 09:50:09.894644+00,,lắp mới,,,,f59bf0bd-520b-4245-80db-dc71b7187bf1,,2026-07-13 14:15:40.080084+00
59eda295-f784-49d5-9337-8c808cae8b18,f3ef8f26-6309-4624-a815-4a2efd986ba9,34f9b5c9-aafe-4e0f-aca9-f1fe589487e2,2026-07-11 09:50:09.894644+00,,lắp mới,,,,141337b4-f2fa-4438-808f-0d10cfeedb85,,2026-07-13 14:15:40.080084+00
86a08f12-7d2e-4d20-ad92-29832ee57013,dfe29157-3dd6-45c6-a606-8e46550eb552,cf289d16-b532-4b97-9a6b-ab0404debdd7,2026-07-11 09:50:09.894644+00,,lắp mới,,,,141337b4-f2fa-4438-808f-0d10cfeedb85,,2026-07-13 14:15:40.080084+00
054991b8-bf9c-4c91-ad2c-accf3b8e2a4d,6193e5da-49c2-4a0a-9ee2-682cb4e29d5d,3ed311f1-9ddf-4842-a153-6c0aa330f8db,2026-07-11 09:50:09.894644+00,,lắp mới,,,,141337b4-f2fa-4438-808f-0d10cfeedb85,,2026-07-13 14:15:40.080084+00
dc22dd4f-4195-4101-bba1-c749778b8f8f,0cc2a7df-940c-47c3-9068-90540e76d8a1,ce0de843-ae56-44b2-a4c9-a4a8f87edee7,2026-07-11 09:50:09.894644+00,,lắp mới,,,,141337b4-f2fa-4438-808f-0d10cfeedb85,,2026-07-13 14:15:40.080084+00
b18413c1-6545-4717-bbab-ab59b7d91927,1c26f028-5fd2-4564-be57-8ffe67d63d03,4f51fefb-e5d6-46a8-94b4-7dfe96390c39,2026-07-11 09:50:09.894644+00,,lắp mới,,,,141337b4-f2fa-4438-808f-0d10cfeedb85,,2026-07-13 14:15:40.080084+00
562ed644-b3e0-4bb8-a867-2ce36d1e528b,f8703ff0-9e63-47c3-b65d-023faf41280a,02d76c25-52df-4d5a-a852-4fc70eec41de,2026-07-11 09:50:09.894644+00,,lắp mới,,,,141337b4-f2fa-4438-808f-0d10cfeedb85,,2026-07-13 14:15:40.080084+00
56319ac1-faea-45f2-8b7e-0a33f0d6e74e,bfe395bb-e520-4821-9354-53f983e55188,514be4ab-95a9-4a13-ab57-33a684d35f47,2026-07-11 09:50:09.894644+00,,lắp mới,,,,141337b4-f2fa-4438-808f-0d10cfeedb85,,2026-07-13 14:15:40.080084+00
0569a697-f7e7-4df4-a6bb-76776383b594,d01ad232-6a61-40e2-949a-10a2404f021e,c5b717f5-4a9c-4252-8946-4be1b22124a4,2026-07-11 09:50:09.894644+00,,lắp mới,,,,141337b4-f2fa-4438-808f-0d10cfeedb85,,2026-07-13 14:15:40.080084+00
c9a948d5-5e71-4592-bc89-c094b0ff5eed,ea1af8f4-c9f8-4d44-9b08-2804e76c92b3,e0610b28-7953-49e7-8e68-ac96adb98268,2026-07-11 09:50:09.894644+00,,lắp mới,,,,141337b4-f2fa-4438-808f-0d10cfeedb85,,2026-07-13 14:15:40.080084+00
5c7f7b31-b547-4feb-82a8-17c80cbfb44a,586de19c-ba07-4bef-9fa1-2aec1c93f7ec,7b5f6c0a-d491-4c8f-ac9c-173076c2c537,2026-07-11 09:50:09.894644+00,,lắp mới,,,,f59bf0bd-520b-4245-80db-dc71b7187bf1,,2026-07-13 14:15:40.080084+00
b5698bc1-99d4-401a-a033-ee5f4b669376,964c2f3d-6a8b-4f2a-8b7c-3cdbd2de3b1e,556ede66-d156-4967-95f0-ddf90839c4fc,2026-07-11 09:50:09.894644+00,,lắp mới,,,,141337b4-f2fa-4438-808f-0d10cfeedb85,,2026-07-13 14:15:40.080084+00
678b79fd-d91c-4ee6-9218-0e61badc33d1,55c45fd5-58c3-4031-98bb-326e94410e64,6de40add-8f1b-4025-9c76-fe8ac6b1147b,2026-07-11 09:50:09.894644+00,,lắp mới,,,,141337b4-f2fa-4438-808f-0d10cfeedb85,,2026-07-13 14:15:40.080084+00
5fc5b3bb-3dbb-4ed9-9119-958c050f3559,283a6c82-6a38-4e74-b5fc-7a3a044f4768,bd9555c3-af0c-4a43-9725-9a9b16f25f45,2026-07-11 09:50:09.894644+00,,lắp mới,,,,141337b4-f2fa-4438-808f-0d10cfeedb85,,2026-07-13 14:15:40.080084+00
3dbbafcc-9945-4c39-9709-510ab79b61f2,6af3a839-df81-42b3-95f7-e826943c728d,9e58852a-b8be-449f-9361-0fe82b6a3da3,2026-07-11 09:50:09.894644+00,,lắp mới,,,,141337b4-f2fa-4438-808f-0d10cfeedb85,,2026-07-13 14:15:40.080084+00
2d96b9bf-0fb7-4d54-9bfb-c0ee8950a1ee,138dd32d-80c7-4677-901e-1c8e08357394,83a741d5-99d3-48ca-85e0-a96a9f2e4526,2026-07-11 09:50:09.894644+00,,lắp mới,,,,141337b4-f2fa-4438-808f-0d10cfeedb85,,2026-07-13 14:15:40.080084+00
34f74352-d964-42d1-8c56-aa8e3a0ce4a9,59befd27-7c30-4ae3-9e3f-2cbca3ab238c,d3e3600a-3008-4cef-92e2-c4d6cfe49bfc,2026-07-11 09:50:09.894644+00,,lắp mới,,,,f59bf0bd-520b-4245-80db-dc71b7187bf1,,2026-07-13 14:15:40.080084+00
a53c8da0-064b-4e9b-96ae-cbf1f9256868,0a79730b-29e1-4ea0-92bc-9a137be2427a,27d6a2ea-d18e-4458-9371-fb3334313a3a,2026-07-11 09:50:09.894644+00,,lắp mới,,,,8b408897-b25d-4ece-91ba-d97dfacec283,,2026-07-13 14:15:40.080084+00
445aefca-e021-4a15-8d91-c6362f5319fd,7b70f8f4-8897-424c-a739-f9629f5a10ec,94e698f3-3867-450d-8263-1b97002070fd,2026-07-11 09:50:09.894644+00,,lắp mới,,,,f59bf0bd-520b-4245-80db-dc71b7187bf1,,2026-07-13 14:15:40.080084+00
1863fa11-baae-4aae-8764-411abf1b0eda,6d976601-6452-447b-869d-055f3071b0ff,02b21194-6394-4273-bf1e-db2930c8b71d,2026-07-11 09:50:09.894644+00,,lắp mới,,,,f59bf0bd-520b-4245-80db-dc71b7187bf1,,2026-07-13 14:15:40.080084+00
ef8c04bf-f37c-495e-9f9e-796656799d97,63202b96-1274-489b-9d45-b176ea78ed4f,03899f8c-80b5-45aa-8cf4-b5612c9e9550,2026-07-11 09:50:09.894644+00,,lắp mới,,,,581d9350-905f-46da-b45e-c2d8aba4d868,,2026-07-13 14:15:40.080084+00
34826ec2-132c-459b-beaf-a5a30cd14c17,f9f89002-5e90-4b77-9071-d847f7b8adbe,b2146c2f-aab7-4821-a1ff-7f891da27d5c,2026-07-11 09:50:09.894644+00,,lắp mới,,,,46e84da7-5a8b-4a79-aa46-2fb4bae1ff26,,2026-07-13 14:15:40.080084+00
f00ca778-35dc-4d32-9b2b-a35bc9833deb,f78efc9d-a9ff-4b73-848c-87fbdf8f94e1,a58c09e2-e722-4888-8edc-d659788fc85d,2026-07-11 09:50:09.894644+00,,lắp mới,,,,f59bf0bd-520b-4245-80db-dc71b7187bf1,,2026-07-13 14:15:40.080084+00
7e295e8e-21e1-4c34-bcda-bf8f528daf27,70b0fbff-8526-4491-90c9-ff493341894f,3ee1814a-643b-4741-99c0-a3cd9bee9739,2026-07-11 09:50:09.894644+00,,lắp mới,,,,46e84da7-5a8b-4a79-aa46-2fb4bae1ff26,,2026-07-13 14:15:40.080084+00
9c2078dd-5c86-4058-8b12-8089e08cbb6d,0e529c56-bc03-4a42-875e-463d6916329f,eeae77b0-0f26-4b73-8892-e1f543bf4d14,2026-07-11 09:50:09.894644+00,,lắp mới,,,,f59bf0bd-520b-4245-80db-dc71b7187bf1,,2026-07-13 14:15:40.080084+00
06e23b21-1605-49de-bf4e-a72720fca753,a94dc408-5834-452e-a709-50ed0bc3853b,76857453-00d8-4e04-8fdb-c5391d8c2452,2026-07-11 09:50:09.894644+00,,lắp mới,,,,f59bf0bd-520b-4245-80db-dc71b7187bf1,,2026-07-13 14:15:40.080084+00
81e84899-7cfb-464d-94fc-0d94c52184ad,a39ce934-f09a-4edb-a756-e92d9a2c4192,d34e77fa-e4d7-4704-9270-d71370ce01e9,2026-07-11 09:50:09.894644+00,,lắp mới,,,,46e84da7-5a8b-4a79-aa46-2fb4bae1ff26,,2026-07-13 14:15:40.080084+00
77e4f363-90c3-4c1e-8e94-72d916afe2e4,09f2734f-2e68-42e9-b9ad-935ad571f664,26047e51-0513-402f-be98-a7869ac698a7,2026-07-11 09:50:09.894644+00,,lắp mới,,,,46e84da7-5a8b-4a79-aa46-2fb4bae1ff26,,2026-07-13 14:15:40.080084+00
f94f2ee8-01b7-4461-8566-29010f8686bc,773f4d8c-ddc5-4a1d-ace6-8e43448f2094,f65bbb94-58c2-4ca2-8673-09d4f882eeff,2026-07-12 07:32:01.771968+00,,lắp mới,,,,581d9350-905f-46da-b45e-c2d8aba4d868,,2026-07-13 14:15:40.080084+00
91f74445-33f0-4290-a0d7-70dd2a1fcc43,7872157e-e71d-41df-9e3f-d18cc843069d,320ceeb8-0b00-44d8-a332-13037b4ab5fb,2026-07-11 09:50:09.894644+00,,lắp mới,,,,46e84da7-5a8b-4a79-aa46-2fb4bae1ff26,,2026-07-13 14:15:40.080084+00
398b0b68-294d-476a-83e4-de8f0edf1f2b,70fe21ee-4a8c-48b8-949c-11df5559f489,61e77ad9-9e13-47fa-9908-94a78d5dd682,2026-07-11 09:50:09.894644+00,,lắp mới,,,,46e84da7-5a8b-4a79-aa46-2fb4bae1ff26,,2026-07-13 14:15:40.080084+00
1a05f8e2-3559-4220-8ca4-ac691535db8c,02c6af6b-ba50-4f00-bce8-d012c7fa18a1,64761229-853e-4b9a-8b01-9bcba95af4a9,2026-07-11 09:50:09.894644+00,,lắp mới,,,,581d9350-905f-46da-b45e-c2d8aba4d868,,2026-07-13 14:15:40.080084+00
414eec47-445f-40f8-9293-b8e410a476f4,9af340fd-559a-4efb-9da6-cc33478f6d0e,c46bfaa8-9637-4316-9df2-3b984a84437c,2026-07-11 09:50:09.894644+00,,lắp mới,,,,581d9350-905f-46da-b45e-c2d8aba4d868,,2026-07-13 14:15:40.080084+00
8e3ed029-79a8-4fad-9df4-943e21e57ef9,c148984c-8f67-48ff-8712-bc5e91d1f3a1,0924ef90-2387-4009-b1db-69127f8542b5,2026-07-11 09:50:09.894644+00,,lắp mới,,,,f59bf0bd-520b-4245-80db-dc71b7187bf1,,2026-07-13 14:15:40.080084+00
d3fac515-5593-4823-8ee6-9ac1ba20be92,c7e67258-b750-4705-964f-b1ee0fcdf1cb,ea850015-d2fa-419e-a871-b1183a43222a,2026-07-11 09:50:09.894644+00,,lắp mới,,,,46e84da7-5a8b-4a79-aa46-2fb4bae1ff26,,2026-07-13 14:15:40.080084+00
451bbc09-60d2-495e-980d-668045c80c5f,52ad0cfb-a085-43d3-be39-7a04f9a38c34,f5a2b3d0-cb3d-4003-9d13-3136d497a9e6,2026-07-11 09:50:09.894644+00,,lắp mới,,,,46e84da7-5a8b-4a79-aa46-2fb4bae1ff26,,2026-07-13 14:15:40.080084+00
1c1956c4-32e8-4885-9a7f-ddf6063439bb,1619d4cf-e15c-42b8-8890-0f8ee1fdeb60,ad6358b3-4bb8-4c25-ba18-aefb269231d8,2026-07-11 09:50:09.894644+00,,lắp mới,,,,f59bf0bd-520b-4245-80db-dc71b7187bf1,,2026-07-13 14:15:40.080084+00
636453a0-36a1-4fe2-9d56-85e5b42c92d9,32c12f2f-7809-4eeb-b7bc-8766a06993fa,105542bc-7512-4d68-8343-d505ff16cde8,2026-07-11 09:50:09.894644+00,,lắp mới,,,,8b408897-b25d-4ece-91ba-d97dfacec283,,2026-07-13 14:15:40.080084+00
da0da620-9098-4dd8-832f-5380b834c1c3,36593fa8-e458-4c1e-a755-0373ba678d6b,bc4c346d-3150-46b0-a0d2-c8fa20b09957,2026-07-11 09:50:09.894644+00,,lắp mới,,,,8b408897-b25d-4ece-91ba-d97dfacec283,,2026-07-13 14:15:40.080084+00
997d818b-7bd4-4aa4-8f61-7e4c9d8bda91,662f4f82-5fab-4fa8-aaad-92a15688301d,a595ab64-b130-4e0e-810e-353de1c3622f,2026-07-11 09:50:09.894644+00,,lắp mới,,,,46e84da7-5a8b-4a79-aa46-2fb4bae1ff26,,2026-07-13 14:15:40.080084+00
b1a8d397-5061-4e3c-9f7e-cff9d16645c2,e465f7c3-a2e0-42f4-a58b-d0824db20665,e6be4b16-ca62-49c4-a6a9-be1dc15c0ef9,2026-07-11 09:50:09.894644+00,,lắp mới,,,,f59bf0bd-520b-4245-80db-dc71b7187bf1,,2026-07-13 14:15:40.080084+00
b6361ed4-a9ab-4bd7-90dd-9d17d9831426,869984ff-f2da-400e-b70c-e07d5f64b00d,7d599dd3-7f1e-4ade-a400-48a75a0aeb21,2026-07-11 09:50:09.894644+00,,lắp mới,,,,46e84da7-5a8b-4a79-aa46-2fb4bae1ff26,,2026-07-13 14:15:40.080084+00
6bd89244-5088-4e89-8cdf-e70255be2acd,fe8d1234-26d1-4406-b974-73b5c4829faf,a504f753-317a-4f97-8573-258a5bbdb8df,2026-07-11 09:50:09.894644+00,,lắp mới,,,,46e84da7-5a8b-4a79-aa46-2fb4bae1ff26,,2026-07-13 14:15:40.080084+00
0d084aac-0e4b-4c96-8cfa-a07701dfe820,2a7bb8d3-1222-4d9f-81b3-2be2a6ee709c,213658d9-204e-46c9-939b-40aefab83360,2026-07-11 09:50:09.894644+00,,lắp mới,,,,46e84da7-5a8b-4a79-aa46-2fb4bae1ff26,,2026-07-13 14:15:40.080084+00
bc1bafda-87b2-414d-b686-ed7e14882f0b,f6ccb98c-4b49-4e32-ae90-82394a215117,476cae02-bbc8-455c-8aa9-06b8301fc6be,2026-07-11 09:50:09.894644+00,,lắp mới,,,,f59bf0bd-520b-4245-80db-dc71b7187bf1,,2026-07-13 14:15:40.080084+00
866cdd4d-aa2b-4669-b6c4-0084029ae50d,9939a047-2e0f-4185-b938-aac9da827ee4,d99fbe94-455b-4c0a-9454-d815977c7c9e,2026-07-11 09:50:09.894644+00,,lắp mới,,,,46e84da7-5a8b-4a79-aa46-2fb4bae1ff26,,2026-07-13 14:15:40.080084+00
7da8ef30-de06-4172-9905-01c89b7ee4bd,e1b438b0-6fdb-402c-ad5e-bb3f3c439f40,fec62d01-3626-4d95-af62-527c16024084,2026-07-11 09:50:09.894644+00,,lắp mới,,,,f59bf0bd-520b-4245-80db-dc71b7187bf1,,2026-07-13 14:15:40.080084+00
ce4ed419-9691-43fc-a69d-110d9c04f419,7de9640f-a623-4040-89ac-1b55f9eb35e5,ee864300-8656-4df6-a323-4889f0e0de90,2026-07-11 09:50:09.894644+00,,lắp mới,,,,f59bf0bd-520b-4245-80db-dc71b7187bf1,,2026-07-13 14:15:40.080084+00
f8039b76-0db9-4c23-b750-6c4bc1f07999,15e33afc-c0a5-49dc-8a30-fb85c581b918,fe0e97a3-b159-4d35-886b-7fcf2756ffc4,2026-07-11 09:50:09.894644+00,,lắp mới,,,,f59bf0bd-520b-4245-80db-dc71b7187bf1,,2026-07-13 14:15:40.080084+00
c5fce92d-09cb-4b60-889f-10bbf2f07543,7234b332-56dd-4dc5-9b17-5871c29ec0bd,a28ec9ac-13f6-44a5-848c-d3e8a63ff13d,2026-07-11 09:50:09.894644+00,,lắp mới,,,,f59bf0bd-520b-4245-80db-dc71b7187bf1,,2026-07-13 14:15:40.080084+00
f97a7bed-c125-4397-b863-f68f5d24ad52,a4e16afb-b1df-44d2-95cd-2835fb561074,e13b7bba-5229-4b23-8eed-1394d9628c85,2026-07-11 09:50:09.894644+00,,lắp mới,,,,f59bf0bd-520b-4245-80db-dc71b7187bf1,,2026-07-13 14:15:40.080084+00
e829ee08-7ee2-4393-aa3d-98df9caceba3,698a64cb-18dc-47e1-8a78-9347515502aa,e07a12cb-8d48-4520-b3df-221193c84406,2026-07-11 09:50:09.894644+00,,lắp mới,,,,8b408897-b25d-4ece-91ba-d97dfacec283,,2026-07-13 14:15:40.080084+00
245d4e44-c447-4bc0-9053-776a191d3474,65bc113a-e7d4-45aa-9003-2769bc0d7945,ba38de22-79f6-4409-9097-d17f1f7ee83c,2026-07-11 09:50:09.894644+00,,lắp mới,,,,f59bf0bd-520b-4245-80db-dc71b7187bf1,,2026-07-13 14:15:40.080084+00
2706e991-2a05-4aed-86a7-24191ebe5f5a,501f6363-ccc9-4fca-bddf-c5ee4a008fcc,b0e40c66-71ec-4f99-beef-cf75ef99b6cd,2026-07-11 09:50:09.894644+00,,lắp mới,,,,f59bf0bd-520b-4245-80db-dc71b7187bf1,,2026-07-13 14:15:40.080084+00
eeafa186-2d7b-4cbb-ac49-e5f54b2224a7,1d6b34db-1faf-4c1f-b3b4-6933d7139f41,b46a402d-98c0-425d-9198-9640d265d8c1,2026-07-11 09:50:09.894644+00,,lắp mới,,,,e43c5d4b-3c3c-4486-89da-73e9ac747ab4,,2026-07-13 14:15:40.080084+00
d8c30df8-ca86-46b0-8daa-df03539f086b,14a12c94-2598-44c8-bc76-bfe73bcb5e0c,276a6119-eedf-4855-b79f-284456bd1f88,2026-07-11 09:50:09.894644+00,,lắp mới,,,,581d9350-905f-46da-b45e-c2d8aba4d868,,2026-07-13 14:15:40.080084+00
1dbb7d9a-0406-4631-891d-4459fb44e4c9,725dcb36-736c-493e-a881-68d2ee22204d,1c54988b-e991-46ad-9919-8523c94b52f8,2026-07-11 09:50:09.894644+00,,lắp mới,,,,581d9350-905f-46da-b45e-c2d8aba4d868,,2026-07-13 14:15:40.080084+00
017bed2b-c670-4bb6-9c19-92486c4062e5,b19f62f8-5c3a-42c7-9af2-12432df37fb6,d97f8e94-3c9a-4a9c-b1cc-949fbd273361,2026-07-11 09:50:09.894644+00,,lắp mới,,,,581d9350-905f-46da-b45e-c2d8aba4d868,,2026-07-13 14:15:40.080084+00
d087129c-e2b9-4174-9fd8-ec59fe6c20c4,fe1b7f89-1d8d-497e-91b0-7cf59c552f89,d6750f32-6ba3-4fe3-b308-c8d62c676595,2026-07-11 09:50:09.894644+00,,lắp mới,,,,8b408897-b25d-4ece-91ba-d97dfacec283,,2026-07-13 14:15:40.080084+00
73c05b5b-4380-4394-b1d3-b9c2e9113e9d,c70b7cbb-a728-4388-bfb0-2630184df26f,7976ae21-2126-4dd9-99d9-81ff3937de71,2026-07-11 09:50:09.894644+00,,lắp mới,,,,581d9350-905f-46da-b45e-c2d8aba4d868,,2026-07-13 14:15:40.080084+00
21d6071a-4c35-48eb-929a-251746735be4,cfbfce6b-8559-47db-a699-8a5c346eaa27,e1ae27d0-6b3f-4bbc-af5a-46c3250bf93c,2026-07-11 09:50:09.894644+00,,lắp mới,,,,141337b4-f2fa-4438-808f-0d10cfeedb85,,2026-07-13 14:15:40.080084+00
6d81ca02-9607-4e2b-b121-65bbff8351b8,04f18cbf-d5cc-4f1a-8d37-361f6bb3d733,07ed4935-9a5d-4372-81b1-1485119dc845,2026-07-11 09:50:09.894644+00,,lắp mới,,,,141337b4-f2fa-4438-808f-0d10cfeedb85,,2026-07-13 14:15:40.080084+00
8cf6eafe-e723-4924-beed-392d50c651bb,3c17b15c-ffd9-4ba8-8e12-010c3fc44124,fce10eb0-4660-4804-94b1-c836cc38d7ac,2026-07-11 09:50:09.894644+00,,lắp mới,,,,f59bf0bd-520b-4245-80db-dc71b7187bf1,,2026-07-13 14:15:40.080084+00
12f4a3f3-1637-4b81-a6c7-2b2c55f42a9a,8157c3d7-4ac0-4217-8710-7d3931250662,976c3df2-2c85-4780-92a3-232790cb887d,2026-07-11 09:50:09.894644+00,,lắp mới,,,,f59bf0bd-520b-4245-80db-dc71b7187bf1,,2026-07-13 14:15:40.080084+00
100ad5d0-f361-4feb-be73-09a1cb668681,3a085c5d-fc3f-4dd6-9738-96171fdfd79b,a59820ef-583d-4eab-8548-daf844d5f7e9,2026-07-11 09:50:09.894644+00,,lắp mới,,,,581d9350-905f-46da-b45e-c2d8aba4d868,,2026-07-13 14:15:40.080084+00
a76dad3d-a5ed-454b-81b3-bf8cc92aeb43,3a59ef0b-68c7-4de3-8c3f-2a5f44839165,6cb8131a-2894-4fb8-b212-32e55fe7b7a1,2026-07-11 09:50:09.894644+00,,lắp mới,,,,581d9350-905f-46da-b45e-c2d8aba4d868,,2026-07-13 14:15:40.080084+00
f692efba-50bf-4304-aa9c-37c1a9c02011,ce71d1ef-da0a-4ba8-b1cb-cc73b3acfdfc,004ee92a-4c3f-468a-ab96-619ffdc6ec18,2026-07-11 09:50:09.894644+00,,lắp mới,,,,141337b4-f2fa-4438-808f-0d10cfeedb85,,2026-07-13 14:15:40.080084+00
95916b10-19d3-41a3-8050-e5e91108f4d9,cffff208-4cc3-44ca-b7a2-b6f8f3789a3e,10b94cec-f201-4c96-82ea-0efb9981a6ed,2026-07-11 09:50:09.894644+00,,lắp mới,,,,f59bf0bd-520b-4245-80db-dc71b7187bf1,,2026-07-13 14:15:40.080084+00
cc165350-c219-4a34-bafa-ea1e970ec287,ec496fb5-0d78-4850-a56e-517c0bcc25b8,0ee7e1a3-c6b3-47b4-a20e-3788d29d3fa3,2026-07-11 09:50:09.894644+00,,lắp mới,,,,581d9350-905f-46da-b45e-c2d8aba4d868,,2026-07-13 14:15:40.080084+00
3d7f6d5a-b7a4-4b4c-89b2-c013f54580c9,4629b246-e60e-4bcf-be4e-68f4a45a95e2,51d68109-a592-41c8-9f0a-00ca6838140c,2026-07-11 09:50:09.894644+00,,lắp mới,,,,581d9350-905f-46da-b45e-c2d8aba4d868,,2026-07-13 14:15:40.080084+00
8e18a3f1-92e4-42bf-a093-584dc3725e91,63ab9a8d-4985-4df4-9902-d0c810f1461c,2f3561d8-5c56-4749-ada3-a51e3966273f,2026-07-11 09:50:09.894644+00,,lắp mới,,,,581d9350-905f-46da-b45e-c2d8aba4d868,,2026-07-13 14:15:40.080084+00
296ca1d4-8562-43f1-bbee-e37aff2e7d68,97d30a72-4022-4605-834b-1d7824622543,e1bda835-d0ab-4789-9646-ea8ac75154f3,2026-07-11 09:50:09.894644+00,,lắp mới,,,,f59bf0bd-520b-4245-80db-dc71b7187bf1,,2026-07-13 14:15:40.080084+00
17a1fd80-4081-41ae-b965-d4d2cd63c6aa,664b6ad1-c186-495b-95b2-e39ece0181bf,09a1959a-cc5e-44e2-8fd0-ef6786dbd91a,2026-07-11 09:50:09.894644+00,,lắp mới,,,,65ac5e26-b0a7-487e-a72d-3f0dfc3facc2,,2026-07-13 14:15:40.080084+00
df495183-a1a9-4f57-9c32-0d19a81d3f6c,c94dc631-4356-4749-8b64-48d11c09df2d,322c5b01-9e65-4a6b-adbe-db654306ec68,2026-07-11 09:50:09.894644+00,,lắp mới,,,,581d9350-905f-46da-b45e-c2d8aba4d868,,2026-07-13 14:15:40.080084+00
b9ee52d6-e244-423c-90ad-79c86cc0fe79,4f9bcd30-519c-41fe-bc5a-e1333192bbcf,fb920c61-c016-4c2c-a19c-876ccf15ebc8,2026-07-11 09:50:09.894644+00,,lắp mới,,,,46e84da7-5a8b-4a79-aa46-2fb4bae1ff26,,2026-07-13 14:15:40.080084+00
627a67f9-264b-4ebe-b95b-b517a2289bed,d5d690fa-0852-4150-ac8d-4e0ae5805fff,ae49f502-cb34-4eb0-8355-72a8a1fa3712,2026-07-11 09:50:09.894644+00,,lắp mới,,,,46e84da7-5a8b-4a79-aa46-2fb4bae1ff26,,2026-07-13 14:15:40.080084+00
2ce923f3-5b37-4c80-aee4-335dcd4f83b2,30330455-450d-4935-b5ff-17903f289430,caa46e54-5e6b-4baf-9060-06478560a13a,2026-07-11 09:50:09.894644+00,,lắp mới,,,,46e84da7-5a8b-4a79-aa46-2fb4bae1ff26,,2026-07-13 14:15:40.080084+00
f303155e-946a-4f9c-8745-8b489d5b935b,f96364cd-7114-4f1a-a43a-980c43b71c34,7a43bdca-f080-4274-8c6f-9fcd5a94f50d,2026-07-11 09:50:09.894644+00,,lắp mới,,,,581d9350-905f-46da-b45e-c2d8aba4d868,,2026-07-13 14:15:40.080084+00
458d1b1f-6a47-4527-a9b1-67175ff981be,1a5a6dbf-0177-41dd-a7ca-e1962265f9ea,44e423d2-1f78-4620-8f9d-96c1419efcab,2026-07-11 09:50:09.894644+00,,lắp mới,,,,581d9350-905f-46da-b45e-c2d8aba4d868,,2026-07-13 14:15:40.080084+00
4c0215e1-c44b-4f4c-b2dd-362b256cdc72,f87d8895-76ea-48f1-9b91-9f79ecb2db2b,9c7f7445-ad3e-430e-92ad-2416b0ec101e,2026-07-11 09:50:09.894644+00,,lắp mới,,,,8b408897-b25d-4ece-91ba-d97dfacec283,,2026-07-13 14:15:40.080084+00
b98dda23-6ebd-4fd0-a531-401f9cf7a4ad,46420bfd-48ab-4749-99c2-520b2e5202e8,0935036d-08ac-4da3-b51d-c0a3a521edde,2026-07-11 09:50:09.894644+00,,lắp mới,,,,8b408897-b25d-4ece-91ba-d97dfacec283,,2026-07-13 14:15:40.080084+00
7fea3482-f891-4ba9-8efb-4a6beb269c9e,c0400943-c5d5-4732-a6ca-e2ae73cb997e,3ed7b0a6-ff84-4520-8a14-78b2aa13ddc1,2026-07-11 09:50:09.894644+00,,lắp mới,,,,8b408897-b25d-4ece-91ba-d97dfacec283,,2026-07-13 14:15:40.080084+00
5b84527c-e37a-4a5d-a44c-5ebbb1846dc8,4cabb8c3-8ec0-4169-82d3-6a46ae950591,7d34abeb-96c8-4dfd-ae1e-57e6734be3f8,2026-07-11 09:50:09.894644+00,,lắp mới,,,,8b408897-b25d-4ece-91ba-d97dfacec283,,2026-07-13 14:15:40.080084+00
3542d289-5e56-4c5e-a22c-02037a2adc5b,72dd20db-02f2-4d42-9e7b-a0d27cad1ca5,6db46895-01d3-43fe-a1ae-8d15460e4c4e,2026-07-11 09:50:09.894644+00,,lắp mới,,,,8b408897-b25d-4ece-91ba-d97dfacec283,,2026-07-13 14:15:40.080084+00
83a31b72-3977-4521-b911-1dc328c2be1b,cf42a19c-e781-492c-bed4-56581843e465,7d41d81d-7866-412f-9b8f-3aa98d74192d,2026-07-11 09:50:09.894644+00,,lắp mới,,,,8b408897-b25d-4ece-91ba-d97dfacec283,,2026-07-13 14:15:40.080084+00
b66c9607-3df8-4284-983d-120944c72cb4,b86650fd-c4f1-43b2-beb0-cf54dcd8ab3f,97a3d6fe-e8e9-46f8-9e30-eb681f9db0b8,2026-07-11 09:50:09.894644+00,,lắp mới,,,,8b408897-b25d-4ece-91ba-d97dfacec283,,2026-07-13 14:15:40.080084+00
5c7e2cfb-e451-4ed3-9ce3-69c8ffa18255,5fdb225c-9227-4ab0-aed3-f3e00ca51b5d,993ca794-8c07-4fa6-8807-9fd30526bbf1,2026-07-11 09:50:09.894644+00,,lắp mới,,,,8b408897-b25d-4ece-91ba-d97dfacec283,,2026-07-13 14:15:40.080084+00
befaf608-9225-47ed-bfe3-826f0a57a530,8fa59606-e71e-4095-b352-08b64638715b,87b8ed93-b121-4a27-8b9b-222e653be45e,2026-07-11 09:50:09.894644+00,,lắp mới,,,,8b408897-b25d-4ece-91ba-d97dfacec283,,2026-07-13 14:15:40.080084+00
867ed2e7-dd77-4ac4-beaf-fa40f3f54550,5912bc32-36c5-4c0b-a06a-4bc3777a80a2,f63c4bc3-5869-46f3-b3d2-d0e26a6fb0e5,2026-07-11 09:50:09.894644+00,,lắp mới,,,,f59bf0bd-520b-4245-80db-dc71b7187bf1,,2026-07-13 14:15:40.080084+00
5a25372a-cea8-4263-8a47-45c9f5347652,d38946ba-8200-4b36-a8b4-e30178866eda,9c2b16c6-fd4b-455e-9b81-80cc54201db0,2026-07-11 09:50:09.894644+00,,lắp mới,,,,141337b4-f2fa-4438-808f-0d10cfeedb85,,2026-07-13 14:15:40.080084+00
8509920d-451c-4c7e-8d5a-bc0036c356a3,1ce45ca8-6b07-4df9-ba68-c2be615260e4,609a968c-4311-433a-bc08-3f08f86b99f5,2026-07-11 09:50:09.894644+00,,lắp mới,,,,141337b4-f2fa-4438-808f-0d10cfeedb85,,2026-07-13 14:15:40.080084+00
d5ec3368-21e3-4382-80e0-f5b31d2b2977,e6efce52-1dc3-4c10-b0d8-cdcde1e53aa2,d9293cec-c8ae-4f4a-9815-e0658ed52d26,2026-07-11 09:50:09.894644+00,,lắp mới,,,,141337b4-f2fa-4438-808f-0d10cfeedb85,,2026-07-13 14:15:40.080084+00
6901dbd3-bf8a-4930-a950-0af799c757ef,8bcddd5e-29c8-4959-a37a-7ae5255ef8b9,caa69f48-89d2-4f5d-b3dd-307b1dbc27f1,2026-07-11 09:50:09.894644+00,,lắp mới,,,,141337b4-f2fa-4438-808f-0d10cfeedb85,,2026-07-13 14:15:40.080084+00
6ba34384-3698-4d70-97c7-79b6a9c0a3ae,acdc846c-5403-4529-993a-c138d2539482,f3b9aeeb-8b21-4e11-a8b8-217cafea92b2,2026-07-11 09:50:09.894644+00,,lắp mới,,,,141337b4-f2fa-4438-808f-0d10cfeedb85,,2026-07-13 14:15:40.080084+00
c230efe0-d80b-4d2c-9ba0-0d78840c5942,7e7d7217-fc22-4800-91f5-f26aa0dd79e3,ec46b67d-1711-446b-b3b1-467b683e0dde,2026-07-11 09:50:09.894644+00,,lắp mới,,,,46e84da7-5a8b-4a79-aa46-2fb4bae1ff26,,2026-07-13 14:15:40.080084+00
c8072b52-9cc0-4da9-9146-b2d6ce8dd9a1,2d2b6ae5-e3b0-4df9-9a70-4e5209973a62,853dfdc0-dc8c-46e2-b41e-9e456abd99d3,2026-07-11 09:50:09.894644+00,,lắp mới,,,,141337b4-f2fa-4438-808f-0d10cfeedb85,,2026-07-13 14:15:40.080084+00
8dd9a5f5-dad5-4df9-add2-4ed9f441c450,47033cd4-7eef-4dcf-a41f-43e1138d6921,1f5b2b27-7a3e-42a8-8284-94751bd9d2d4,2026-07-11 09:50:09.894644+00,,lắp mới,,,,141337b4-f2fa-4438-808f-0d10cfeedb85,,2026-07-13 14:15:40.080084+00
daa2e3d3-bb93-4a08-9924-784a003e4eb7,732ca065-000a-48bb-963f-a0b0b2746d71,018b8d5a-9e6c-4fbd-828b-1e65dc38a526,2026-07-11 09:50:09.894644+00,,lắp mới,,,,141337b4-f2fa-4438-808f-0d10cfeedb85,,2026-07-13 14:15:40.080084+00
fa436c46-1377-43be-b396-0864d96a3ad1,4db5bf62-3ec7-430a-8c1c-3edc25a66242,a93ed061-1b2b-47da-9e7a-7fb193d583c1,2026-07-11 09:50:09.894644+00,,lắp mới,,,,141337b4-f2fa-4438-808f-0d10cfeedb85,,2026-07-13 14:15:40.080084+00
34e84164-f37b-4e1d-8be0-6855123f7337,19055b69-c1ee-42d5-9fd4-eff53e70e083,c5843656-37c6-43a6-92ba-013e2c4a6f83,2026-07-11 09:50:09.894644+00,,lắp mới,,,,581d9350-905f-46da-b45e-c2d8aba4d868,,2026-07-13 14:15:40.080084+00
b104805b-3398-4224-8128-57fdf0989d40,41340d6f-b8ed-4cc0-8b85-c2c7584e2bf0,ef58f3a9-49bf-49f1-842c-bc9e8a9220e6,2026-07-11 09:50:09.894644+00,,lắp mới,,,,f59bf0bd-520b-4245-80db-dc71b7187bf1,,2026-07-13 14:15:40.080084+00
992cd0c2-10ac-4db5-9023-988b670246b0,165ee2b1-e1f7-4d2a-93e3-4a587e780370,0498f40c-4b8d-43b1-aeac-d32bc08f52d1,2026-07-11 09:50:09.894644+00,,lắp mới,,,,141337b4-f2fa-4438-808f-0d10cfeedb85,,2026-07-13 14:15:40.080084+00
6b095ba7-e553-41bc-9a33-fb2fdf005fdd,7b02e811-5237-406d-aabd-48820c0e5c9a,aff2da3d-3a45-4557-a5d4-e613232f4ff7,2026-07-11 09:50:09.894644+00,,lắp mới,,,,581d9350-905f-46da-b45e-c2d8aba4d868,,2026-07-13 14:15:40.080084+00
a7d93039-b46d-4824-8c75-ced58b73ac3d,ffb7af17-3ac8-4e5d-ab59-c6dfcc125d3f,dcbd11c4-8594-4fcc-8723-6e45471ed93d,2026-07-11 09:50:09.894644+00,,lắp mới,,,,65ac5e26-b0a7-487e-a72d-3f0dfc3facc2,,2026-07-13 14:15:40.080084+00
06b2889c-c6f8-47c5-849f-9d4598e05bc8,328b1e49-a9a7-4451-b2de-f40b92e80189,21b2835f-1606-4680-9a0e-0f78c28b5e4d,2026-07-11 09:50:09.894644+00,,lắp mới,,,,141337b4-f2fa-4438-808f-0d10cfeedb85,,2026-07-13 14:15:40.080084+00
a59bf337-9b0d-4351-ba7b-a8edae27c50d,de7487b0-8a28-4062-9caa-7578402aafc2,d39fd925-30aa-4536-a6a7-2314e11b232f,2026-07-11 09:50:09.894644+00,,lắp mới,,,,141337b4-f2fa-4438-808f-0d10cfeedb85,,2026-07-13 14:15:40.080084+00
ba69195a-5690-4856-8b1f-207803192d5d,de8e5227-0ab3-42cc-9539-b3d18a5dcc81,75c57efc-96a0-48f5-9c5d-c4113721ec7f,2026-07-11 09:50:09.894644+00,,lắp mới,,,,141337b4-f2fa-4438-808f-0d10cfeedb85,,2026-07-13 14:15:40.080084+00
4a63a745-5aba-4664-b411-89fab3939b72,0b310fb2-8a53-442c-8d03-a9297e7fd532,45be0060-59b5-4023-92fe-100e00f593c7,2026-07-11 09:50:09.894644+00,,lắp mới,,,,8b408897-b25d-4ece-91ba-d97dfacec283,,2026-07-13 14:15:40.080084+00
d83af41c-75ee-4fef-8248-aae4f8ad85a8,2bede0d2-ddde-400c-9311-3302bb6e0beb,44a69345-9d26-4700-a63d-3ffe11e5cfd8,2026-07-11 09:50:09.894644+00,,lắp mới,,,,e43c5d4b-3c3c-4486-89da-73e9ac747ab4,,2026-07-13 14:15:40.080084+00
68da0d1d-fefe-4f96-ae8a-94c4caa2f579,50962ee4-42f8-4d54-86f7-791d9a5cd2b8,e470ac6f-e7db-467e-b2f6-4b039292d0ff,2026-07-11 09:50:09.894644+00,,lắp mới,,,,141337b4-f2fa-4438-808f-0d10cfeedb85,,2026-07-13 14:15:40.080084+00
c66fd4a2-3276-44dc-bce0-75d1b287d90a,8aa4ed26-5a33-4415-8726-c30624079374,26575e59-cb14-44b9-a7f7-b31a02f9a62e,2026-07-11 09:50:09.894644+00,,lắp mới,,,,141337b4-f2fa-4438-808f-0d10cfeedb85,,2026-07-13 14:15:40.080084+00
0b146a3d-1c2c-416a-bc7b-37eedd2839fd,7c44fe33-278e-4a10-87aa-30af9dd6222f,0d3fc887-ad79-4e34-a019-1546b2303516,2026-07-11 09:50:09.894644+00,,lắp mới,,,,e43c5d4b-3c3c-4486-89da-73e9ac747ab4,,2026-07-13 14:15:40.080084+00
bc513ea8-4602-4ee5-abf9-79ee18f15459,0a748c9f-4829-4ef3-97dc-937107349429,288a51c6-715f-46df-b42c-e7ff062b8f33,2026-07-11 09:50:09.894644+00,,lắp mới,,,,f59bf0bd-520b-4245-80db-dc71b7187bf1,,2026-07-13 14:15:40.080084+00
7198b9c2-33ed-4556-81c7-b0c5390f4d71,f2107522-95cc-4c6a-ac93-96164fd8aa1e,b7823a2e-7d69-4815-8c52-91591220af8d,2026-07-11 09:50:09.894644+00,,lắp mới,,,,581d9350-905f-46da-b45e-c2d8aba4d868,,2026-07-13 14:15:40.080084+00
16890f44-1493-43f0-baf8-6b2bab79f638,bddcea13-59d1-4464-8b22-f02b3f404305,58cdf91a-ed63-409f-be04-918fcbbefa4a,2026-07-11 09:50:09.894644+00,,lắp mới,,,,e43c5d4b-3c3c-4486-89da-73e9ac747ab4,,2026-07-13 14:15:40.080084+00
cf7ccff1-d883-499c-8ebb-39619e218cad,785c1c8d-34be-4a6c-805a-8ec541b807c7,a13ef9fa-75a8-426f-abf0-effb8bf0dcb3,2026-07-11 09:50:09.894644+00,,lắp mới,,,,581d9350-905f-46da-b45e-c2d8aba4d868,,2026-07-13 14:15:40.080084+00
12865009-9dee-4c77-b9bd-657bc8484b5f,d1e9e22a-b344-443d-bb2b-04608233d893,780abcce-5301-4009-91c5-79997e135fc4,2026-07-11 09:50:09.894644+00,,lắp mới,,,,8b408897-b25d-4ece-91ba-d97dfacec283,,2026-07-13 14:15:40.080084+00
e3169ae2-e52b-44d9-b01f-ec54babf662f,4a989101-a747-42f2-a7fc-c796a7288c59,b593b260-606c-4eda-a2fb-39de5619e7bf,2026-07-11 09:50:09.894644+00,,lắp mới,,,,581d9350-905f-46da-b45e-c2d8aba4d868,,2026-07-13 14:15:40.080084+00
4abca950-422c-4dfa-bf8a-55f41efa7fff,fb3fed78-39f3-4c31-9fc6-7e0285b716bf,cbffe487-597c-4faa-9353-237f8e3e5e54,2026-07-11 09:50:09.894644+00,,lắp mới,,,,581d9350-905f-46da-b45e-c2d8aba4d868,,2026-07-13 14:15:40.080084+00
36d1f3f6-fbf8-4ff0-a3d4-fb08682c2eb9,cef7d3b1-ac12-4861-9ddd-2237a6ea8ca1,920f4d3c-578d-40be-9488-d27cd2917d3e,2026-07-11 09:50:09.894644+00,,lắp mới,,,,f59bf0bd-520b-4245-80db-dc71b7187bf1,,2026-07-13 14:15:40.080084+00
45ca2ef8-4b10-4caa-aee2-3a81abf3b4e2,3c87841c-a283-40d7-8e96-69d334a9a1aa,8c83b40d-46ad-488f-8e4e-ecf4ac7e65e6,2026-07-11 09:50:09.894644+00,,lắp mới,,,,581d9350-905f-46da-b45e-c2d8aba4d868,,2026-07-13 14:15:40.080084+00
22c82682-bee5-472d-80df-2a0df4122e19,130c541b-fc7b-4269-aa09-b42acc989ff7,06423617-8724-4579-b5dc-2eb7da0c370e,2026-07-11 09:50:09.894644+00,,lắp mới,,,,581d9350-905f-46da-b45e-c2d8aba4d868,,2026-07-13 14:15:40.080084+00
9fd36450-cf9c-40b6-b2a7-1f9c8daac799,b3d50bda-ace1-4090-a8ee-fcd318f2c90a,c1160520-3258-4783-8b2a-730881e3b263,2026-07-11 09:50:09.894644+00,,lắp mới,,,,f59bf0bd-520b-4245-80db-dc71b7187bf1,,2026-07-13 14:15:40.080084+00
f3d7de28-5b7d-479e-bb76-fc7355711831,6a7521bb-832b-41fb-bd24-12342dc49f04,db998986-a38d-4442-99f5-4a8716a54974,2026-07-11 09:50:09.894644+00,,lắp mới,,,,581d9350-905f-46da-b45e-c2d8aba4d868,,2026-07-13 14:15:40.080084+00
24ff2936-1a00-44a6-bb72-8d74f0c9883f,978859cd-54ad-40ea-a2a9-5ce538193055,2587ba37-c89e-4896-a64c-567aeb26163a,2026-07-11 09:50:09.894644+00,,lắp mới,,,,8b408897-b25d-4ece-91ba-d97dfacec283,,2026-07-13 14:15:40.080084+00
b66104b5-b627-43e4-b409-ac3ea98fd1b3,7aaf7c5a-2566-4039-b1df-49bb98198d02,619d44f8-5037-4ae3-9944-146563cecea3,2026-07-11 09:50:09.894644+00,,lắp mới,,,,e43c5d4b-3c3c-4486-89da-73e9ac747ab4,,2026-07-13 14:15:40.080084+00
bb62df51-fd0b-4da0-9743-846ccc0a4685,6f31cf84-dcb6-4927-91e7-c2a34baf46a3,6d747bbf-da6d-47a3-8c45-ad8100791723,2026-07-11 09:50:09.894644+00,,lắp mới,,,,f59bf0bd-520b-4245-80db-dc71b7187bf1,,2026-07-13 14:15:40.080084+00
4bbda92f-aa44-45d2-bcbe-b28e0caa2b72,d74b8564-8293-4730-ae05-8cf676a5dd17,0c3610d4-4b43-404d-9aa3-1e5c9c00aee5,2026-07-11 09:50:09.894644+00,,lắp mới,,,,e43c5d4b-3c3c-4486-89da-73e9ac747ab4,,2026-07-13 14:15:40.080084+00
312f64f6-c865-40ca-9385-a5681e294f74,1d10924c-e57b-4dc5-a6cd-45da7d123611,dcbefc3c-40cc-4742-98e3-e38dad3fa69f,2026-07-11 09:50:09.894644+00,,lắp mới,,,,65ac5e26-b0a7-487e-a72d-3f0dfc3facc2,,2026-07-13 14:15:40.080084+00
b324046a-3809-41f7-beb0-70ba059a9187,139fc295-35c5-4a88-9670-ffd105da0055,f43ebd6a-782d-4d54-84bf-0f9028e191ec,2026-07-11 09:50:09.894644+00,,lắp mới,,,,f59bf0bd-520b-4245-80db-dc71b7187bf1,,2026-07-13 14:15:40.080084+00
9b105ba0-ecd2-4b14-8ee3-72da5577b323,665d55bd-9bbf-4349-9cce-3430efaaf3f5,a1fb224f-b2f8-4d46-ac10-b0d7fad35151,2026-07-11 09:50:09.894644+00,,lắp mới,,,,141337b4-f2fa-4438-808f-0d10cfeedb85,,2026-07-13 14:15:40.080084+00
0a371fe0-33ff-4a1e-a315-18b57a4817bc,d14402da-c3ee-41b8-abb9-33851e4613dd,b5b79a80-dd8e-4453-bc35-680211a64680,2026-07-11 09:50:09.894644+00,,lắp mới,,,,581d9350-905f-46da-b45e-c2d8aba4d868,,2026-07-13 14:15:40.080084+00
3bf0c090-a251-4923-8552-92e84a553675,9f818dd1-3f7a-4054-8d51-4aa33d3c1f4b,2adbf6b5-b0af-449d-a582-ed31f55bd4f8,2026-07-11 09:50:09.894644+00,,lắp mới,,,,581d9350-905f-46da-b45e-c2d8aba4d868,,2026-07-13 14:15:40.080084+00
5dafa701-6b9e-4a30-9bb3-98dd9bc2fe7e,22a19be8-01d7-4243-b530-3b1b3ec79c1e,1c97bb57-d538-43fb-8704-6caa8bd1d8c2,2026-07-11 09:50:09.894644+00,,lắp mới,,,,65ac5e26-b0a7-487e-a72d-3f0dfc3facc2,,2026-07-13 14:15:40.080084+00
9b90f76d-953e-4804-8da1-349e23e3634a,a2db4853-6e45-420f-a906-e08020dc2f08,e53e878c-a364-4d02-9c42-75b4b6de36c2,2026-07-11 09:50:09.894644+00,,lắp mới,,,,8b408897-b25d-4ece-91ba-d97dfacec283,,2026-07-13 14:15:40.080084+00
dbdda131-2f55-476d-a692-bbbba6aef79c,ca635916-20b0-458f-8873-ce9f3964b315,62c02aec-8b62-40c9-8f91-09afb80c348c,2026-07-11 09:50:09.894644+00,,lắp mới,,,,141337b4-f2fa-4438-808f-0d10cfeedb85,,2026-07-13 14:15:40.080084+00
2265891b-ec80-427f-aa6c-5c8ec59e9e00,2a3c331e-8723-4035-9a30-1dc5c791d94a,03c6b5a6-0e5f-4be0-affe-152f47788b7d,2026-07-11 09:50:09.894644+00,,lắp mới,,,,141337b4-f2fa-4438-808f-0d10cfeedb85,,2026-07-13 14:15:40.080084+00
d9a14924-3fae-488b-a4e0-ebd59daf7118,7c5add05-e470-4ce9-90cb-22fa7dd0ab82,4e1a1763-cbcb-4c19-9a08-b084a168b4dc,2026-07-11 09:50:09.894644+00,,lắp mới,,,,141337b4-f2fa-4438-808f-0d10cfeedb85,,2026-07-13 14:15:40.080084+00
2260a703-eb2e-4fa8-94f0-d04d0086d479,61402d85-7f63-4c8d-ab43-33cab26882f4,bd182b3b-bbeb-4775-b41d-2ef0324b7d94,2026-07-11 09:50:09.894644+00,,lắp mới,,,,65ac5e26-b0a7-487e-a72d-3f0dfc3facc2,,2026-07-13 14:15:40.080084+00
48f68cd5-da4f-4ddb-9ef3-4df6cf20455b,ec0278fe-e694-4896-aaaa-8eddacbe88f5,a33f9934-1ab9-40a7-af5c-4de35ffc6397,2026-07-11 09:50:09.894644+00,,lắp mới,,,,581d9350-905f-46da-b45e-c2d8aba4d868,,2026-07-13 14:15:40.080084+00
599d4484-6f76-4fe0-90b7-aacd7f6d35b1,25318ab1-ce8f-4164-a1ad-a4440a5abaad,c828bfec-f248-4d9e-80eb-11b59739e625,2026-07-11 09:50:09.894644+00,,lắp mới,,,,8b408897-b25d-4ece-91ba-d97dfacec283,,2026-07-13 14:15:40.080084+00
efbba728-f135-4b2d-af25-4c97d7cf5d55,beecde87-d27d-4638-af57-4a2538bc7f2d,b54e3446-df59-4e20-8137-e223041971da,2026-07-11 09:50:09.894644+00,,lắp mới,,,,8b408897-b25d-4ece-91ba-d97dfacec283,,2026-07-13 14:15:40.080084+00
d81a3c69-f96f-4a1d-9cb5-6376957bc88c,6a702c62-2945-4178-8a44-fa37c3012c88,6e0d1218-a2fc-4735-be36-23c0b3310269,2026-07-11 09:50:09.894644+00,,lắp mới,,,,8b408897-b25d-4ece-91ba-d97dfacec283,,2026-07-13 14:15:40.080084+00
58a05684-6f09-4be2-8d06-5dedcb377e48,643f9967-631b-4639-95a8-096328ebfbc6,4e7b4e06-8f44-4bc0-bdac-4736adeea387,2026-07-11 09:50:09.894644+00,,lắp mới,,,,581d9350-905f-46da-b45e-c2d8aba4d868,,2026-07-13 14:15:40.080084+00
3078182d-d3cb-48fe-a545-8d59cfda116d,5c3df2ae-37f5-4db8-9bbb-14b341fff80a,0707acc8-a793-4e95-85bf-c80a201786af,2026-07-11 09:50:09.894644+00,,lắp mới,,,,f59bf0bd-520b-4245-80db-dc71b7187bf1,,2026-07-13 14:15:40.080084+00
c01a517f-4370-474e-a5cb-90e39bc67eda,7ded4782-576b-4a05-a86a-499a3b54094d,a3ebf102-0923-42b4-bb44-31c21553f94f,2026-07-11 09:50:09.894644+00,,lắp mới,,,,f59bf0bd-520b-4245-80db-dc71b7187bf1,,2026-07-13 14:15:40.080084+00
1ead2b69-30ee-45bb-b40f-309c9b578bac,c8326173-f8cf-4f60-9beb-1bfb9ef57b25,cbb6ca1c-aab3-4aa7-9d40-8c7798eb6325,2026-07-11 09:50:09.894644+00,,lắp mới,,,,f59bf0bd-520b-4245-80db-dc71b7187bf1,,2026-07-13 14:15:40.080084+00
0135044c-67aa-4847-a149-35bac1b13117,b83e2abb-5086-40da-90d6-7c4f2d57ed6d,3744eb10-95e8-4765-ad19-dd79ff5200cb,2026-07-11 09:50:09.894644+00,,lắp mới,,,,46e84da7-5a8b-4a79-aa46-2fb4bae1ff26,,2026-07-13 14:15:40.080084+00
ea98dabc-c811-488e-bfd0-63717d46676a,ca854121-81c1-4d14-a92a-abc5d6850f89,9ba5f247-4207-4378-99f2-bdb2ab04dfb7,2026-07-11 09:50:09.894644+00,,lắp mới,,,,f59bf0bd-520b-4245-80db-dc71b7187bf1,,2026-07-13 14:15:40.080084+00
7f1734dd-7cb8-4d12-be95-2ef141678846,d40afbd1-1fa6-4782-ae35-ac205d94f61e,173191da-b2c9-4b08-8de3-bbe2cdac5249,2026-07-11 09:50:09.894644+00,,lắp mới,,,,f59bf0bd-520b-4245-80db-dc71b7187bf1,,2026-07-13 14:15:40.080084+00
a0763074-413d-40b7-8421-e45a6dc7e009,a19b1e32-0780-4316-9a48-b23bec943fe6,8c4ae8d4-cc26-465f-9c45-7370a1daaa65,2026-07-11 09:50:09.894644+00,,lắp mới,,,,f59bf0bd-520b-4245-80db-dc71b7187bf1,,2026-07-13 14:15:40.080084+00
33557188-02cd-4ebd-ab27-ee2995493177,7a0cbcc5-8b57-47d3-be87-d4a13e3dcc9d,c9f2718b-4eac-4ba8-b81c-fac182625125,2026-07-11 09:50:09.894644+00,,lắp mới,,,,46e84da7-5a8b-4a79-aa46-2fb4bae1ff26,,2026-07-13 14:15:40.080084+00
eb840aec-170d-4074-872f-e40b1ce1bb1e,b5f01edb-0cf8-4fcd-9f17-c4581d53f01a,e045d5a5-47da-4cb1-8af9-ad2d350b5663,2026-07-11 09:50:09.894644+00,,lắp mới,,,,46e84da7-5a8b-4a79-aa46-2fb4bae1ff26,,2026-07-13 14:15:40.080084+00
9f09522a-92c8-4a9b-a0a3-1f3b32cae29c,97f0d526-cde1-4808-9ce5-4fc758ce159f,6a10593c-5697-464d-a6ff-74c0c21f2440,2026-07-11 09:50:09.894644+00,,lắp mới,,,,46e84da7-5a8b-4a79-aa46-2fb4bae1ff26,,2026-07-13 14:15:40.080084+00
a6761ec4-1070-4d8c-8058-dab7d2885953,bda4bf8a-31bc-4b5c-b2ee-44c0abe9c0e3,0806ef4f-eda1-4100-8b9e-974334e49113,2026-07-11 09:50:09.894644+00,,lắp mới,,,,46e84da7-5a8b-4a79-aa46-2fb4bae1ff26,,2026-07-13 14:15:40.080084+00
bf51fc84-84b2-4368-9c8c-17da02bb7111,ef4fe97d-31f3-4a4b-96fa-dbc32656a401,42c47744-95ad-4276-8bb7-0ce54b4321ca,2026-07-11 09:50:09.894644+00,,lắp mới,,,,f59bf0bd-520b-4245-80db-dc71b7187bf1,,2026-07-13 14:15:40.080084+00
6981b2dc-db39-4776-be95-391ee6890803,282e51c9-9e12-4d17-aede-3c49d560f3aa,babfcb32-567e-443c-88f2-55a705e03e42,2026-07-11 09:50:09.894644+00,,lắp mới,,,,46e84da7-5a8b-4a79-aa46-2fb4bae1ff26,,2026-07-13 14:15:40.080084+00
b3d3b9e0-1901-42eb-8720-54937bcbd702,6bb24095-2f4a-456c-996e-c9d58a81e581,3f6eefb9-ee48-4db1-b593-2d999b7dac34,2026-07-11 09:50:09.894644+00,,lắp mới,,,,8b408897-b25d-4ece-91ba-d97dfacec283,,2026-07-13 14:15:40.080084+00
759acb01-c8fe-4243-b5e8-c0143f029f0a,ca22f729-770a-4d9b-8975-67ec36bb597c,42d7d9d3-7b93-4d54-adc0-17c8bc745064,2026-07-11 09:50:09.894644+00,,lắp mới,,,,8b408897-b25d-4ece-91ba-d97dfacec283,,2026-07-13 14:15:40.080084+00
92dd034e-0f32-4f29-a49e-1ec706b34acb,d42cd8e8-3bc7-40ad-9f32-4fca9f206441,89b0eac0-d99f-42c2-9f4c-beaba2f23fab,2026-07-11 09:50:09.894644+00,,lắp mới,,,,8b408897-b25d-4ece-91ba-d97dfacec283,,2026-07-13 14:15:40.080084+00
d934371f-b8db-41ad-a318-061441a2c181,c7fa50a1-67f0-4d12-9cc8-9fbc57e53a9d,0952afa5-6fe9-4d02-9309-b809814aa4cd,2026-07-11 09:50:09.894644+00,,lắp mới,,,,8b408897-b25d-4ece-91ba-d97dfacec283,,2026-07-13 14:15:40.080084+00
82e1a85b-010f-4237-a1f7-3c36eef42033,c5ffdd2b-bfea-487f-a8ae-dcf4f7bb60f1,2ca21e2b-8c01-4613-964c-849a98d139df,2026-07-11 09:50:09.894644+00,,lắp mới,,,,8b408897-b25d-4ece-91ba-d97dfacec283,,2026-07-13 14:15:40.080084+00
29e7e8fb-0765-4da5-80d6-6ad335e8fb72,06a6e671-c6b2-4e4e-981c-8bf688bd4c20,2fa98bdf-ee90-46e9-9120-c79a3c3acedb,2026-07-11 09:50:09.894644+00,,lắp mới,,,,65ac5e26-b0a7-487e-a72d-3f0dfc3facc2,,2026-07-13 14:15:40.080084+00
d419dafc-ddd2-4c76-ad6c-fe223b97d945,98cf6fc7-aeeb-4c3b-aca2-531e22f19e87,ac30e189-8f27-4843-9b36-ba75f724ff77,2026-07-11 09:50:09.894644+00,,lắp mới,,,,f59bf0bd-520b-4245-80db-dc71b7187bf1,,2026-07-13 14:15:40.080084+00
adc5e7ce-ead2-4a98-90c9-7c409304a763,88da5ffa-da81-4629-8999-46804106f349,a589d35c-7c31-44fd-8268-844ca27e4025,2026-07-11 09:50:09.894644+00,,lắp mới,,,,8b408897-b25d-4ece-91ba-d97dfacec283,,2026-07-13 14:15:40.080084+00
c2f41387-e010-46ca-9d62-356717b16113,390892eb-506a-4ad0-81aa-d875f109f98d,7472ca13-963e-4866-9f59-695c58aa9e42,2026-07-11 09:50:09.894644+00,,lắp mới,,,,8b408897-b25d-4ece-91ba-d97dfacec283,,2026-07-13 14:15:40.080084+00
2d025060-7c18-44d6-8b81-fcfba386e81a,e533aa87-e7b5-45c1-a191-8d90751f39d0,159eb2b8-2f3f-48e0-ad03-4bb83736f7cc,2026-07-11 09:50:09.894644+00,,lắp mới,,,,8b408897-b25d-4ece-91ba-d97dfacec283,,2026-07-13 14:15:40.080084+00
0af2be70-0db0-4d98-ba04-4bc2404eb417,1219cbd9-4d44-4660-8ea8-52c7af6c5e78,717d63a6-0f61-45f3-8f59-49defc94cb5d,2026-07-11 09:50:09.894644+00,,lắp mới,,,,8b408897-b25d-4ece-91ba-d97dfacec283,,2026-07-13 14:15:40.080084+00
49068609-a729-4894-83d2-299573d5c5ff,3f9f492e-e5f8-42ec-bc50-91b48fe28d6d,120f069c-4e47-44b7-9680-748128403bea,2026-07-11 09:50:09.894644+00,,lắp mới,,,,e43c5d4b-3c3c-4486-89da-73e9ac747ab4,,2026-07-13 14:15:40.080084+00
841c8fd2-5caa-48cf-b1ff-42b10b8ef05e,ccd8dbf9-95c6-4a50-8f01-b8942ef2d6ed,c2fa52dc-2eb9-4340-af35-ff9fcd4616ad,2026-07-11 09:50:09.894644+00,,lắp mới,,,,8b408897-b25d-4ece-91ba-d97dfacec283,,2026-07-13 14:15:40.080084+00
68afd8aa-d6a4-4501-b86d-d53670b89e73,3b6f8122-a195-436d-9fca-31294173c007,8b3ec36b-5052-4bc0-a81a-4f56f3cb3675,2026-07-11 09:50:09.894644+00,,lắp mới,,,,8b408897-b25d-4ece-91ba-d97dfacec283,,2026-07-13 14:15:40.080084+00
be1c869e-4bae-44d1-83a4-313a2fa99faa,7ecd5dc0-c0e8-435c-99b6-cefced21c6ae,d1bb14e3-3a2a-4805-b55c-525f0e1d9fa8,2026-07-11 09:50:09.894644+00,,lắp mới,,,,8b408897-b25d-4ece-91ba-d97dfacec283,,2026-07-13 14:15:40.080084+00
0e09c4f1-2462-49fa-86c7-10bdd2af22a1,7159055f-6dd2-4990-9c3d-d3ec8ca78de9,9d996a61-883e-4cec-a058-d1b924f87b5e,2026-07-11 09:50:09.894644+00,,lắp mới,,,,8b408897-b25d-4ece-91ba-d97dfacec283,,2026-07-13 14:15:40.080084+00
3ad370f9-09c5-4b0f-bbdd-20ef2a452706,035ae298-6c2f-4a5e-800a-98229b8b9182,0fd5e0ae-9c73-4718-81cf-bb7bc62d6e58,2026-07-11 09:50:09.894644+00,,lắp mới,,,,8b408897-b25d-4ece-91ba-d97dfacec283,,2026-07-13 14:15:40.080084+00
de170c1e-fa34-436d-9c12-df8b10fc8169,cc77453c-2f9b-4267-a155-9dea6a2c9602,1a59fa3e-7076-48bc-b267-74c2292af424,2026-07-11 09:50:09.894644+00,,lắp mới,,,,8b408897-b25d-4ece-91ba-d97dfacec283,,2026-07-13 14:15:40.080084+00
321e0475-bc21-45a3-90cf-00350d3a66a2,941c35c4-2c5a-458d-ba63-bbe628ab39b7,51e13d06-7fa4-44a4-acd1-50bee8f77aea,2026-07-11 09:50:09.894644+00,,lắp mới,,,,f59bf0bd-520b-4245-80db-dc71b7187bf1,,2026-07-13 14:15:40.080084+00
4f431a39-886b-429c-bccc-3da6be089a32,c3ad054e-8253-4085-9251-6f8a82df4d80,19f9a5e9-d40b-41f3-9f4c-480c4fe47b2b,2026-07-11 09:50:09.894644+00,,lắp mới,,,,8b408897-b25d-4ece-91ba-d97dfacec283,,2026-07-13 14:15:40.080084+00
0273724a-cd0a-4e56-8fd1-aeb813fe5d3b,68c91c45-a03a-47cc-b151-5f59cd79089d,209e8ea0-1d29-45e4-a670-e8bb269ea7cf,2026-07-11 09:50:09.894644+00,,lắp mới,,,,581d9350-905f-46da-b45e-c2d8aba4d868,,2026-07-13 14:15:40.080084+00
82b99af4-10c9-4733-9b1e-3eba257e9233,3b11d8f6-4bff-483d-aa7c-50bf4c666bd4,66e200d3-5f85-4261-b9c6-7bbc2278a63f,2026-07-11 09:50:09.894644+00,,lắp mới,,,,46e84da7-5a8b-4a79-aa46-2fb4bae1ff26,,2026-07-13 14:15:40.080084+00
b512ae34-e123-45e7-9269-c7576b301f75,5e04c652-35dd-4ef5-a3a1-46402a13db1b,618b1a76-096e-44db-92ed-8b1267e445e2,2026-07-11 09:50:09.894644+00,,lắp mới,,,,f59bf0bd-520b-4245-80db-dc71b7187bf1,,2026-07-13 14:15:40.080084+00
3ef730fd-91a1-4aab-85b5-c5b16688790d,a0b9e708-1f38-47eb-b935-15aae78bac49,86823f86-f293-4249-8714-3d362ae75c63,2026-07-11 09:50:09.894644+00,,lắp mới,,,,8b408897-b25d-4ece-91ba-d97dfacec283,,2026-07-13 14:15:40.080084+00
d6d51582-6425-4621-91dd-bafd7bed5ad1,193db142-1f30-44bc-b52b-f4ea7d9ca1be,002b7589-738a-43c1-be4f-40b6485e2e73,2026-07-11 09:50:09.894644+00,,lắp mới,,,,8b408897-b25d-4ece-91ba-d97dfacec283,,2026-07-13 14:15:40.080084+00
607dc0cc-9d75-49ae-a5cf-16c1b356fe13,0ceb92f7-6c67-47e4-bea1-6940b38ff7fb,ce587676-dbd8-4fee-a443-9811234fbd48,2026-07-11 09:50:09.894644+00,,lắp mới,,,,46e84da7-5a8b-4a79-aa46-2fb4bae1ff26,,2026-07-13 14:15:40.080084+00
27102ebf-a89e-464a-befa-1b1c8fad36b8,a6e9967c-0861-4e59-b3ca-ec1dd3d6077c,e21274cd-cb48-40d2-b2a9-ab0631086d2f,2026-07-11 09:50:09.894644+00,,lắp mới,,,,8b408897-b25d-4ece-91ba-d97dfacec283,,2026-07-13 14:15:40.080084+00
2e8d07a0-80b9-4950-b00a-f185a29fe73b,c1a7aa20-06b6-4e2f-b1f9-c19cad3f7379,356d0e2c-3143-4c4c-91ce-b1d293dab716,2026-07-11 09:50:09.894644+00,,lắp mới,,,,8b408897-b25d-4ece-91ba-d97dfacec283,,2026-07-13 14:15:40.080084+00
19f3f65f-460b-4fbf-b031-3ff1f4e33629,9e0c3067-9eb6-49e1-909e-28ef0c94fa82,a1411e83-86f7-4c77-87a2-ac051f11514e,2026-07-11 09:50:09.894644+00,,lắp mới,,,,f59bf0bd-520b-4245-80db-dc71b7187bf1,,2026-07-13 14:15:40.080084+00
53dd7003-f8f7-4fd8-bd0a-1b0c2fc8de1d,6f9e6d6c-c595-459d-ac59-36722995f28a,00aed65a-f070-4f04-9a18-88fb3fa1dfe3,2026-07-11 09:50:09.894644+00,,lắp mới,,,,8b408897-b25d-4ece-91ba-d97dfacec283,,2026-07-13 14:15:40.080084+00
6c3e2336-a014-4ea4-ac6d-4f66ce1353a9,d1d817ff-604c-4c8f-9feb-b04e2a3efc47,a28808c3-3306-4763-8c63-1c2e49aa6eb0,2026-07-11 09:50:09.894644+00,,lắp mới,,,,8b408897-b25d-4ece-91ba-d97dfacec283,,2026-07-13 14:15:40.080084+00
2a9f697d-76a4-4d55-9af3-e69346a1341e,01ab2237-f7d8-4c12-a85e-9c0452ed6aaf,de48ff71-d576-4184-8cda-5e4df6b357f4,2026-07-11 09:50:09.894644+00,,lắp mới,,,,8b408897-b25d-4ece-91ba-d97dfacec283,,2026-07-13 14:15:40.080084+00
47f16efb-7a2c-4b96-9b80-55d2dfc74e93,9f089d60-b83e-402e-8753-9f7fad4fbd09,8005bd1d-b811-4ce4-b55f-d2d6905eae89,2026-07-11 09:50:09.894644+00,,lắp mới,,,,8b408897-b25d-4ece-91ba-d97dfacec283,,2026-07-13 14:15:40.080084+00
f15f4fa1-3cbd-4424-93f3-97299f3d698d,3b9f7e9b-dca0-4b71-a756-bdfc5ec2918a,816f70c3-6b12-4ce4-bf66-4ed827c13a08,2026-07-11 09:50:09.894644+00,,lắp mới,,,,8b408897-b25d-4ece-91ba-d97dfacec283,,2026-07-13 14:15:40.080084+00
0e4c7a42-8146-41d1-8777-b104f8e8feba,b7057667-f38c-4bde-9873-44fcaf68564c,bab55a9d-99b0-4acb-900a-caef09507484,2026-07-11 09:50:09.894644+00,,lắp mới,,,,8b408897-b25d-4ece-91ba-d97dfacec283,,2026-07-13 14:15:40.080084+00
252dc9d2-70c9-4a80-b034-d29b1aaa5324,c7b4276d-ab1c-43b3-a664-c9c004a9f324,b13265b2-834b-496f-8fa7-327aa56ed5fd,2026-07-11 09:50:09.894644+00,,lắp mới,,,,8b408897-b25d-4ece-91ba-d97dfacec283,,2026-07-13 14:15:40.080084+00
e043bed1-a6b8-4406-9279-e947773558ab,94626d25-44cf-4a7a-ac52-e2fa1686bc80,9da6bc91-efe5-488d-a402-f5a03a34a372,2026-07-11 09:50:09.894644+00,,lắp mới,,,,8b408897-b25d-4ece-91ba-d97dfacec283,,2026-07-13 14:15:40.080084+00
61e364f8-c8b2-4631-8982-db7876e73a7a,c364cc1f-6188-478d-a892-8c58b4c24199,00a9be93-5ab6-43cb-8c34-bede03ad80c8,2026-07-11 09:50:09.894644+00,,lắp mới,,,,8b408897-b25d-4ece-91ba-d97dfacec283,,2026-07-13 14:15:40.080084+00
675f3c4f-23e5-4862-84b8-d16a7d80a4e5,5b4797eb-95d0-471d-8bc9-15fb2887acf3,6706a54d-b332-4a28-811c-96cca86ad524,2026-07-11 09:50:09.894644+00,,lắp mới,,,,8b408897-b25d-4ece-91ba-d97dfacec283,,2026-07-13 14:15:40.080084+00
a9f0e6bf-0f7b-47b8-8de0-c55783d16b74,3f13a8d2-d9ac-417a-aab1-98f19c034f74,5c23c5c0-466a-4081-ab76-f8ca06ebd203,2026-07-11 09:50:09.894644+00,,lắp mới,,,,8b408897-b25d-4ece-91ba-d97dfacec283,,2026-07-13 14:15:40.080084+00
92f271f7-ee17-44f5-8fcd-01f921f7c07b,d976701a-0a8e-4efd-a39a-0ba89f99006c,36d7f02d-cee0-431e-bcff-b247795df36c,2026-07-11 09:50:09.894644+00,,lắp mới,,,,8b408897-b25d-4ece-91ba-d97dfacec283,,2026-07-13 14:15:40.080084+00
2c095da9-ebd5-4272-bbfc-deec9c563f6a,397bb505-e216-411e-ab5f-e6d57837c64d,1828692b-0e6c-409c-9399-197b161081d9,2026-07-11 09:50:09.894644+00,,lắp mới,,,,8b408897-b25d-4ece-91ba-d97dfacec283,,2026-07-13 14:15:40.080084+00
f3d26ced-6d81-4acd-9346-a40202e9cdaf,6fe953e8-e193-4aae-85fd-e2e58dc9a052,0b311268-c094-4a59-9561-1537f03ccba3,2026-07-11 09:50:09.894644+00,,lắp mới,,,,8b408897-b25d-4ece-91ba-d97dfacec283,,2026-07-13 14:15:40.080084+00
9ea0719c-7d24-4719-96ed-cf13bf34e5e5,2d654c9d-3ef0-4cec-9431-56598f86b5f2,08312da5-b207-4924-93c7-c16b27b7ea9f,2026-07-11 09:50:09.894644+00,,lắp mới,,,,8b408897-b25d-4ece-91ba-d97dfacec283,,2026-07-13 14:15:40.080084+00
de3cab70-3689-48fa-8860-80f91545db0c,d852b98b-1958-485b-b8e6-28d42cfdbb37,7efcfb6c-5998-495d-808c-c2e0e6e6f922,2026-07-11 09:50:09.894644+00,,lắp mới,,,,f59bf0bd-520b-4245-80db-dc71b7187bf1,,2026-07-13 14:15:40.080084+00
c4f1084f-e568-4708-b770-d72ee9fab314,c756ded9-b25e-44ee-ad39-d3dea414d18a,c5be6bf6-e7d0-40c3-8b67-1b73a029090a,2026-07-11 09:50:09.894644+00,,lắp mới,,,,8b408897-b25d-4ece-91ba-d97dfacec283,,2026-07-13 14:15:40.080084+00
d4d50156-4331-4ce0-87fe-81c6e8cccadf,247ca63a-b056-4cc6-a233-e549c126fd2f,f0053b0c-3a16-47c5-9f22-e18d29d8119d,2026-07-11 09:50:09.894644+00,,lắp mới,,,,8b408897-b25d-4ece-91ba-d97dfacec283,,2026-07-13 14:15:40.080084+00
c69b6cea-0303-46bb-ba7c-553cc8f14016,2b61b57c-8757-4a08-b687-1d672de67678,cad28685-3769-4e9e-8836-d719f0588153,2026-07-11 09:50:09.894644+00,,lắp mới,,,,8b408897-b25d-4ece-91ba-d97dfacec283,,2026-07-13 14:15:40.080084+00
afac1d74-2af7-4864-89b8-4897d8505cca,b1328738-e5b7-4a90-bf80-74a6ce8b4a7f,5a726bc5-884b-48f1-8187-38de6e19e639,2026-07-11 09:50:09.894644+00,,lắp mới,,,,8b408897-b25d-4ece-91ba-d97dfacec283,,2026-07-13 14:15:40.080084+00
c7d1b36a-7272-4d79-bb70-498000bc4669,3ad92d61-32b2-41b1-a7d7-65cdf5878127,64a39008-ecfb-482c-bd13-b471cbcf6c99,2026-07-11 09:50:09.894644+00,,lắp mới,,,,8b408897-b25d-4ece-91ba-d97dfacec283,,2026-07-13 14:15:40.080084+00
53f5331d-d588-49ce-b809-503501813f4e,6492f738-2ccd-4b80-bff8-3099bd62d678,12a1acdb-491b-403e-9a6d-cb8057d53b8b,2026-07-11 09:50:09.894644+00,,lắp mới,,,,8b408897-b25d-4ece-91ba-d97dfacec283,,2026-07-13 14:15:40.080084+00
6d3f7bc5-83f2-4f48-93cf-a7322c80aefd,88af15a7-3c9e-49b9-b03e-7177ed5c6928,0838a25c-1f82-44f8-b8d7-9d4cd53558cd,2026-07-11 09:50:09.894644+00,,lắp mới,,,,8b408897-b25d-4ece-91ba-d97dfacec283,,2026-07-13 14:15:40.080084+00
9687e63d-b897-438d-a500-dee0279f7761,be400f3f-be44-4773-92ca-a8353c3afaa2,3cbbf8f0-a286-4310-b2d0-a59ae5ce1315,2026-07-11 09:50:09.894644+00,,lắp mới,,,,8b408897-b25d-4ece-91ba-d97dfacec283,,2026-07-13 14:15:40.080084+00
d89079b1-1efb-4e2b-859f-3b4244620952,fe3009b6-f044-42ee-8225-5f54cf31b44c,6c68fd52-0a1a-4cd9-a9d0-68d6eff52e5a,2026-07-11 09:50:09.894644+00,,lắp mới,,,,f59bf0bd-520b-4245-80db-dc71b7187bf1,,2026-07-13 14:15:40.080084+00
41d81c7b-8d5d-4e6a-86f8-8679b22877e0,6fe0760c-20bc-44b2-ac91-730c65bcadb6,a1e5128d-525e-4398-a099-3cc87cb9c089,2026-07-11 09:50:09.894644+00,,lắp mới,,,,8b408897-b25d-4ece-91ba-d97dfacec283,,2026-07-13 14:15:40.080084+00
c65b41cd-95ef-4e31-87f2-c45b05ec9cc9,9ffa838f-d27e-4442-b8ba-d0d32a591875,1c0c54b1-d8dd-4bc1-8834-7ebcf012cfaf,2026-07-11 09:50:09.894644+00,,lắp mới,,,,8b408897-b25d-4ece-91ba-d97dfacec283,,2026-07-13 14:15:40.080084+00
381ec710-ad3c-45b7-a080-8011dd6dfdc7,d9a5bfbd-2e34-4306-a3a8-a6f528df5fba,26cde9c2-c968-491f-a927-165933e31ce1,2026-07-11 09:50:09.894644+00,,lắp mới,,,,8b408897-b25d-4ece-91ba-d97dfacec283,,2026-07-13 14:15:40.080084+00
9f6a9131-f251-47a1-8e51-f5c044fef03d,4ad7753e-8efe-4e8a-ba8c-82f621713146,4aa18001-06a8-4517-b482-02654b902455,2026-07-11 09:50:09.894644+00,,lắp mới,,,,8b408897-b25d-4ece-91ba-d97dfacec283,,2026-07-13 14:15:40.080084+00
7320a97b-6b6f-49ae-bdf4-e3e1366c15de,71889049-9c15-490f-9403-5dd6063ad083,ecb21811-ead7-4bac-9947-7d7413622138,2026-07-11 09:50:09.894644+00,,lắp mới,,,,8b408897-b25d-4ece-91ba-d97dfacec283,,2026-07-13 14:15:40.080084+00
cd59acb4-e75a-4c26-bcbd-6bac7c578b6b,7023221a-2d02-48a4-b982-24bd3ff38220,a8913ed5-0ddb-4eb1-b6fc-aa80f5535b4e,2026-07-11 09:50:09.894644+00,,lắp mới,,,,8b408897-b25d-4ece-91ba-d97dfacec283,,2026-07-13 14:15:40.080084+00
f9af62fb-67b3-4c73-a508-3e14bc757c5e,c85100ae-7726-408a-ac29-638df25205b1,8123fafb-e089-4aa3-b4f4-4030587cfca0,2026-07-11 09:50:09.894644+00,,lắp mới,,,,46e84da7-5a8b-4a79-aa46-2fb4bae1ff26,,2026-07-13 14:15:40.080084+00
ce5773b3-1110-4ef1-8b8f-36e093f2387a,f861a0de-27ba-497a-b368-497efc734b85,133b94c6-1546-44a2-86db-d9cff3b6a9f5,2026-07-11 09:50:09.894644+00,,lắp mới,,,,8b408897-b25d-4ece-91ba-d97dfacec283,,2026-07-13 14:15:40.080084+00
f386fa21-ea77-4fe1-9e52-4de559cc6eaa,4a4a1830-3fe9-42ea-8dd9-691a1c570d29,e0e88821-acc5-4978-a262-2a1216d9e58b,2026-07-11 09:50:09.894644+00,,lắp mới,,,,8b408897-b25d-4ece-91ba-d97dfacec283,,2026-07-13 14:15:40.080084+00
9a9215c1-7b19-448d-8a62-b84891df4f8f,a36340ad-24c3-4e41-bfd7-918ce30ce4b7,8eccf570-dc65-4f41-bb04-3fbd7b463ae4,2026-07-11 09:50:09.894644+00,,lắp mới,,,,8b408897-b25d-4ece-91ba-d97dfacec283,,2026-07-13 14:15:40.080084+00
9314ba40-5910-4a78-8dbc-fff136bbb5ab,0a2d94f8-f077-4efd-ab2d-7cf240948798,4803727e-dfd9-47ad-bfaa-ba6108c5902e,2026-07-11 09:50:09.894644+00,,lắp mới,,,,f59bf0bd-520b-4245-80db-dc71b7187bf1,,2026-07-13 14:15:40.080084+00
d1efd481-43f9-423c-9eb6-b53e9e0cb2ef,efb08174-2573-476b-8131-a8bc48be1db2,9261b2ab-e07c-4b89-8372-9e5580c55ddd,2026-07-11 09:50:09.894644+00,,lắp mới,,,,e43c5d4b-3c3c-4486-89da-73e9ac747ab4,,2026-07-13 14:15:40.080084+00
21b27303-a6be-4f00-be0b-4dd12efea43b,ef05e89d-bb1c-4756-acef-91400a1aabe8,e59f5a30-5253-424e-b446-b29e7cb8311a,2026-07-11 09:50:09.894644+00,,lắp mới,,,,8b408897-b25d-4ece-91ba-d97dfacec283,,2026-07-13 14:15:40.080084+00
3a78a538-9241-470c-afe1-5cc8bf1dcc39,ce56a4f3-a68d-404a-aa3c-bc095e8d581a,6975545c-11de-40c2-b5e8-ca65526edf68,2026-07-11 09:50:09.894644+00,,lắp mới,,,,8b408897-b25d-4ece-91ba-d97dfacec283,,2026-07-13 14:15:40.080084+00
95950bfd-8b2f-42bc-9b15-a8df6fb190ad,15dd32ba-032f-4984-a761-6a9d1b817d8c,e5e3e1d9-0c13-4812-bbaf-2a4b11948173,2026-07-11 09:50:09.894644+00,,lắp mới,,,,8b408897-b25d-4ece-91ba-d97dfacec283,,2026-07-13 14:15:40.080084+00
c6c221ed-fbf3-460d-9ec2-0967d1b94768,74c5a934-4b75-4222-87d4-e569afd54305,b8788c4f-d4ee-4842-b639-835c97e478dc,2026-07-11 09:50:09.894644+00,,lắp mới,,,,8b408897-b25d-4ece-91ba-d97dfacec283,,2026-07-13 14:15:40.080084+00
4f393f7a-6d43-4fc6-a96a-bc1b92f64434,d1961b7f-469d-40b8-ab90-4eea0dffb6a2,15d72013-ae22-49f7-9742-f77332caa6f5,2026-07-11 09:50:09.894644+00,,lắp mới,,,,f59bf0bd-520b-4245-80db-dc71b7187bf1,,2026-07-13 14:15:40.080084+00
4dff77bf-5a19-453b-994f-b2cba6c61d36,7f8e4d4d-5dde-4d59-a863-60c46fdb910e,323fd78e-4546-4494-855d-1d0ef8ef8bb0,2026-07-11 09:50:09.894644+00,,lắp mới,,,,e43c5d4b-3c3c-4486-89da-73e9ac747ab4,,2026-07-13 14:15:40.080084+00
1e961090-dd16-41c6-9d2f-412b67bb1287,90f9f3f8-a909-426d-8a3f-12099e9baba2,fee7f6bf-b32c-40fc-80c0-5d2a10fef0f0,2026-07-11 09:50:09.894644+00,,lắp mới,,,,e43c5d4b-3c3c-4486-89da-73e9ac747ab4,,2026-07-13 14:15:40.080084+00
1e51d144-29a2-4706-be66-c971fafe2340,d8ad1e15-850f-4ed5-9925-9090158d69f4,e2cbf2f4-88d1-44c4-b8cd-3a60e78ae577,2026-07-11 09:50:09.894644+00,,lắp mới,,,,8b408897-b25d-4ece-91ba-d97dfacec283,,2026-07-13 14:15:40.080084+00
19de9252-9082-4bfd-9352-25008af1d08a,278532ef-2951-46fb-8e09-4c46dd22fabe,ce24ab2d-8f47-40da-a60c-14197de1aaca,2026-07-11 09:50:09.894644+00,,lắp mới,,,,8b408897-b25d-4ece-91ba-d97dfacec283,,2026-07-13 14:15:40.080084+00
fde0eef2-a84d-4b38-bf63-6836296bf71d,a9c40b18-094b-4ada-a8ea-e2c9233f38d3,d89bf712-7b13-4d1e-8c5e-e95985a94560,2026-07-11 09:50:09.894644+00,,lắp mới,,,,f59bf0bd-520b-4245-80db-dc71b7187bf1,,2026-07-13 14:15:40.080084+00
991686e7-1a46-4261-a8ac-49e4a2a50b70,94bb38f8-50ea-4fba-b5be-8f842ab9f611,5523ddfb-3e97-4857-a7d1-6ce96c682dd0,2026-07-11 09:50:09.894644+00,,lắp mới,,,,f59bf0bd-520b-4245-80db-dc71b7187bf1,,2026-07-13 14:15:40.080084+00
4c0f9241-6b4e-494e-89be-5279e7453c89,1b4a3858-cb55-472d-ae82-f33b7aeb23bc,19b24b4d-3ff9-441d-a2a2-9fba989aa467,2026-07-11 09:50:09.894644+00,,lắp mới,,,,581d9350-905f-46da-b45e-c2d8aba4d868,,2026-07-13 14:15:40.080084+00
8a563391-c663-42ef-b352-d088d76c8eb8,ac4e50fe-1acc-4d32-aeed-3226cb61202c,7176bd59-ac20-46a7-9883-66671d5351ae,2026-07-11 09:50:09.894644+00,,lắp mới,,,,f59bf0bd-520b-4245-80db-dc71b7187bf1,,2026-07-13 14:15:40.080084+00
9e497a15-a63b-49b2-a02c-a3071be5f8e1,02090179-5bbb-4ee6-8738-2d10851f8ade,751a428a-a3fd-4974-9038-1dbab5677d5a,2026-07-11 09:50:09.894644+00,,lắp mới,,,,f59bf0bd-520b-4245-80db-dc71b7187bf1,,2026-07-13 14:15:40.080084+00
a5c56590-4ae3-4fb6-8fca-b1cfcc06c496,c0ba4a8a-1920-498f-9c64-b9572ef36458,f7058a32-3c99-4400-b532-01d1d5d5e053,2026-07-11 09:50:09.894644+00,,lắp mới,,,,f59bf0bd-520b-4245-80db-dc71b7187bf1,,2026-07-13 14:15:40.080084+00
37cc78fc-30cd-4018-88e3-e6fe959f9962,307923f5-bdd1-4dcd-9d8b-9834c8a9d98b,e194f782-6dd9-4b3f-836c-22c6baf29779,2026-07-11 09:50:09.894644+00,,lắp mới,,,,f59bf0bd-520b-4245-80db-dc71b7187bf1,,2026-07-13 14:15:40.080084+00
04dc180d-46ce-470f-bd3c-ca6cc1e20b90,5f48df1a-1188-4b9b-b63c-db2ff090345e,4039f2b0-3bf2-466a-91b7-2310bc5add8a,2026-07-11 09:50:09.894644+00,,lắp mới,,,,f59bf0bd-520b-4245-80db-dc71b7187bf1,,2026-07-13 14:15:40.080084+00
c71d5776-8bd5-4971-b28a-75a59459e82e,7a692a5d-32f6-43f9-ab0e-91ca68b7a964,6df6d73c-0bec-4888-9938-8a30d7930e35,2026-07-11 09:50:09.894644+00,,lắp mới,,,,8b408897-b25d-4ece-91ba-d97dfacec283,,2026-07-13 14:15:40.080084+00
61999b74-1d27-44f2-a309-d52d5732fb39,675b17d2-fdf1-428d-9358-0959591a6101,7ba8a743-6c9f-4f68-9a15-18368f318502,2026-07-11 09:50:09.894644+00,,lắp mới,,,,f59bf0bd-520b-4245-80db-dc71b7187bf1,,2026-07-13 14:15:40.080084+00
95c8d208-e3df-46f5-b5c8-049b4c540d87,f0a3427c-575c-4d88-9894-e7ee65d5e921,cd8d41a3-59cd-4e94-a0fe-5e4e93788a81,2026-07-11 09:50:09.894644+00,,lắp mới,,,,f59bf0bd-520b-4245-80db-dc71b7187bf1,,2026-07-13 14:15:40.080084+00
e2e6b06a-715b-4e07-9934-3b0d13fe7374,da73ccb2-519e-478c-97dd-2ab7b07ce8b5,f35aec85-de10-489f-bde1-eab1854e12c9,2026-07-11 09:50:09.894644+00,,lắp mới,,,,46e84da7-5a8b-4a79-aa46-2fb4bae1ff26,,2026-07-13 14:15:40.080084+00
c03083a5-d336-4fee-b4f4-90871477dad0,c6392b1d-5083-4c64-bf8a-c9f08cb462a2,ef64c3ca-8f9f-4356-9087-cc0d3649a613,2026-07-11 09:50:09.894644+00,,lắp mới,,,,f59bf0bd-520b-4245-80db-dc71b7187bf1,,2026-07-13 14:15:40.080084+00
81109f04-5cf2-469c-9c78-576ef9a524b6,46612257-8d47-40d4-8a86-289221f2e4c2,ba3b381a-b6d8-4cae-a830-44fe0a7dc606,2026-07-11 09:50:09.894644+00,,lắp mới,,,,8b408897-b25d-4ece-91ba-d97dfacec283,,2026-07-13 14:15:40.080084+00
101afb35-b225-493f-b368-d8c6027c69b3,21b441c3-83bd-45fc-82cd-f4adb53feb19,541ad069-7ccd-4c41-a3fd-22890f47d436,2026-07-11 09:50:09.894644+00,,lắp mới,,,,8b408897-b25d-4ece-91ba-d97dfacec283,,2026-07-13 14:15:40.080084+00
2485809f-1937-407b-a6b3-0126530bd2f0,4c880848-f6c2-4b20-8366-743f397ed00a,f87233bc-9a00-4493-89b6-12292520e6ca,2026-07-11 09:50:09.894644+00,,lắp mới,,,,8b408897-b25d-4ece-91ba-d97dfacec283,,2026-07-13 14:15:40.080084+00
0f906d03-499e-4a46-9088-a43594b51bfd,ce881ad6-74f6-4134-8af6-1c45c1f7702c,fb4560ce-9faa-4a89-83e1-8252716e76a0,2026-07-11 09:50:09.894644+00,,lắp mới,,,,8b408897-b25d-4ece-91ba-d97dfacec283,,2026-07-13 14:15:40.080084+00
1a3a8c71-582d-4436-ad2a-9f56b6915ea4,74d6e90c-9eec-457b-98ee-6659b4717f43,7437650f-6b48-4b3d-880a-22d7f69eb174,2026-07-11 09:50:09.894644+00,,lắp mới,,,,f59bf0bd-520b-4245-80db-dc71b7187bf1,,2026-07-13 14:15:40.080084+00
7f2f20c0-6748-43c6-8b8d-4010c6dbf7d0,7caa8254-e5aa-4acb-88a1-ac869840c13d,bd8f78fb-dc91-4538-826d-1fc7cdab56a4,2026-07-11 09:50:09.894644+00,,lắp mới,,,,46e84da7-5a8b-4a79-aa46-2fb4bae1ff26,,2026-07-13 14:15:40.080084+00
9ea3658f-43bc-4438-acf3-4f7c34f5b566,e5fcf447-6496-448f-af77-503c408cfc07,654124c9-3774-4f07-bdc9-07f94008d03e,2026-07-11 09:50:09.894644+00,,lắp mới,,,,f59bf0bd-520b-4245-80db-dc71b7187bf1,,2026-07-13 14:15:40.080084+00
f6171017-9b50-4f91-bbf1-8f1d027f7ec1,5c0ca7b4-117a-43e3-aa27-7b2bcd951bd2,b2f59425-458c-4078-aa1f-123779a935a9,2026-07-11 09:50:09.894644+00,,lắp mới,,,,46e84da7-5a8b-4a79-aa46-2fb4bae1ff26,,2026-07-13 14:15:40.080084+00
46911a81-819f-4f3e-9ffa-e0d2b1a32b4d,91bd10a6-3d31-45f0-809a-26bdda45dc67,b5500c9f-59ac-4f5b-a769-8b910cdec040,2026-07-11 09:50:09.894644+00,,lắp mới,,,,46e84da7-5a8b-4a79-aa46-2fb4bae1ff26,,2026-07-13 14:15:40.080084+00
dfe8c3a2-fa4e-4e69-8764-fb24b1a28579,bda5371a-bec1-4770-b59e-e766a87a617b,dfb30d6a-9874-443e-9001-b6dd562cc16e,2026-07-11 09:50:09.894644+00,,lắp mới,,,,65ac5e26-b0a7-487e-a72d-3f0dfc3facc2,,2026-07-13 14:15:40.080084+00
a92b0aac-4cf7-4df6-886b-53622ea6a3d6,60bac1b6-7838-4981-8d8b-584f4d82bada,00a1938a-7101-4fa6-acb3-495c544e26cd,2026-07-11 09:50:09.894644+00,,lắp mới,,,,65ac5e26-b0a7-487e-a72d-3f0dfc3facc2,,2026-07-13 14:15:40.080084+00
3d735818-c108-46a2-a1b7-c075c5df495d,412fd3e6-95ae-49cc-b877-8d6b735657db,98d35a9d-a8b7-4ae1-9aa0-93621d7e7eee,2026-07-11 09:50:09.894644+00,,lắp mới,,,,65ac5e26-b0a7-487e-a72d-3f0dfc3facc2,,2026-07-13 14:15:40.080084+00
5d28808f-4254-40a9-a2f7-f7efc4a146a2,f0b4229d-c6ea-446c-b396-f715d2d5d3c8,bb354b14-3835-4577-aaa2-edca6523b7da,2026-07-11 09:50:09.894644+00,,lắp mới,,,,65ac5e26-b0a7-487e-a72d-3f0dfc3facc2,,2026-07-13 14:15:40.080084+00
3d4b3279-106b-4dce-be78-4686a70f5496,22852be6-bc35-4a95-aabe-7da6b2565f6f,20ab8bd4-71b8-4567-a170-7ac7e9a9e6b9,2026-07-11 09:50:09.894644+00,,lắp mới,,,,f59bf0bd-520b-4245-80db-dc71b7187bf1,,2026-07-13 14:15:40.080084+00
43321a9f-b691-4cd1-8663-4d629126d563,91f4d654-7d3a-4c43-9ef1-8dd51e6e5986,24292dd5-267d-44a9-9d48-e6e01186d24e,2026-07-11 09:50:09.894644+00,,lắp mới,,,,f59bf0bd-520b-4245-80db-dc71b7187bf1,,2026-07-13 14:15:40.080084+00
dc484738-dc38-489b-a9d2-332afd5ed073,f0806898-039e-4381-b55c-5e478233cfe6,bc775d77-82db-44dd-8e96-908790cddc66,2026-07-11 09:50:09.894644+00,,lắp mới,,,,65ac5e26-b0a7-487e-a72d-3f0dfc3facc2,,2026-07-13 14:15:40.080084+00
40657a65-2bc7-4c08-993a-eea19ac40907,60212546-36ae-470e-9669-da40b64ad1f8,6fcd4be3-9f4d-431e-8b72-0bf4ba35c126,2026-07-11 09:50:09.894644+00,,lắp mới,,,,f59bf0bd-520b-4245-80db-dc71b7187bf1,,2026-07-13 14:15:40.080084+00
2dafd60b-bc76-491d-9f32-74cd53ef0475,0d909e15-3171-4eb8-a727-6440d6865f2a,5e9bf9ff-f72a-4a66-b2d3-06e2b6653a30,2026-07-11 09:50:09.894644+00,,lắp mới,,,,f59bf0bd-520b-4245-80db-dc71b7187bf1,,2026-07-13 14:15:40.080084+00
44d7bd3a-ac6c-4692-89e1-2fdfb1a45d84,1546c2bd-f7ab-4f0b-9f53-8aee3eed8aa3,e3913d36-f4b0-48f5-b9c6-3adb6575a25b,2026-07-11 09:50:09.894644+00,,lắp mới,,,,f59bf0bd-520b-4245-80db-dc71b7187bf1,,2026-07-13 14:15:40.080084+00
5715f491-f5fa-4216-81a4-96d9ceb0456e,1c9e7b07-0f14-492a-b715-469a7ea6f03d,1eda7753-342a-4492-ab1a-94f14b96df2a,2026-07-11 09:50:09.894644+00,,lắp mới,,,,f59bf0bd-520b-4245-80db-dc71b7187bf1,,2026-07-13 14:15:40.080084+00
70320ade-a10f-42d3-b32d-b0dcc7f24e25,61373653-169f-4252-8bc6-09097a4dd1c7,d4907c65-682c-4003-90d3-c1b605321570,2026-07-11 09:50:09.894644+00,,lắp mới,,,,581d9350-905f-46da-b45e-c2d8aba4d868,,2026-07-13 14:15:40.080084+00
cd8f2666-8014-498a-a069-9c46f7a14671,01c8049d-aeaa-4b1d-a956-e1e7d51af704,273589fb-511a-4239-b4c9-ec07df719952,2026-07-11 09:50:09.894644+00,,lắp mới,,,,f59bf0bd-520b-4245-80db-dc71b7187bf1,,2026-07-13 14:15:40.080084+00
0b54a5d6-b286-46ed-855d-483b78fcc931,3bf658ec-676e-433d-ab7f-33ff6fb82ae2,cd96d356-0a34-4783-a73a-a42a91ae2d9c,2026-07-11 09:50:09.894644+00,,lắp mới,,,,46e84da7-5a8b-4a79-aa46-2fb4bae1ff26,,2026-07-13 14:15:40.080084+00
de193319-16fd-478e-b9ce-5787f3b84363,4c52199a-2e0f-4a28-95b5-551faa1dda33,d53a649e-3ef0-4f5f-a6c6-f8db4571763d,2026-07-11 09:50:09.894644+00,,lắp mới,,,,f59bf0bd-520b-4245-80db-dc71b7187bf1,,2026-07-13 14:15:40.080084+00
9332e46b-004c-4e36-833e-5fcfcaa17045,1d1ee15a-7638-4700-a745-1954cb7cad64,ba3b0cca-ce38-4e94-b325-d13352cf1120,2026-07-11 09:50:09.894644+00,,lắp mới,,,,141337b4-f2fa-4438-808f-0d10cfeedb85,,2026-07-13 14:15:40.080084+00
462c54af-55cb-4354-8eac-4850fb7110db,e0218750-7c3e-43c4-9b3b-32ea17002003,ddbfe5bb-49f8-4f73-96df-dc63682f9846,2026-07-11 09:50:09.894644+00,,lắp mới,,,,46e84da7-5a8b-4a79-aa46-2fb4bae1ff26,,2026-07-13 14:15:40.080084+00
75907a5c-6939-41de-b9fd-298374099a09,9e45313f-0315-48f7-9f18-e1f28bfc37f5,f6a3b9b1-588a-40e0-be2a-049c2014ae4c,2026-07-11 09:50:09.894644+00,,lắp mới,,,,141337b4-f2fa-4438-808f-0d10cfeedb85,,2026-07-13 14:15:40.080084+00
6ef461c1-35d3-4afd-a02b-00365b7f537c,69fa0d87-0f33-4c10-a26a-6aa84b1068f3,f58604ac-4613-49b2-aadf-cfe5477dab85,2026-07-11 09:50:09.894644+00,,lắp mới,,,,141337b4-f2fa-4438-808f-0d10cfeedb85,,2026-07-13 14:15:40.080084+00
f189ce29-a631-4782-82ec-723f6a756043,4ecc0311-e31d-4ed1-bc50-b9a2575187c7,2efaa765-c68f-4a33-8a27-b5128e263eac,2026-07-11 09:50:09.894644+00,,lắp mới,,,,46e84da7-5a8b-4a79-aa46-2fb4bae1ff26,,2026-07-13 14:15:40.080084+00
a81d0366-a332-4164-bee8-75afbd70ec8a,7ddc04b4-b150-41e7-a658-be6decd35013,4c579d39-611a-45bf-ac43-4fec72b1e2cb,2026-07-11 09:50:09.894644+00,,lắp mới,,,,141337b4-f2fa-4438-808f-0d10cfeedb85,,2026-07-13 14:15:40.080084+00
d27198ae-7efb-4b8b-a339-48fd8ac6c88c,75fd442d-a61e-4732-a7f2-6adb6e6765d5,ff9524b4-0aad-4761-8dab-2d76a8208aee,2026-07-11 09:50:09.894644+00,,lắp mới,,,,46e84da7-5a8b-4a79-aa46-2fb4bae1ff26,,2026-07-13 14:15:40.080084+00
45adb8c8-6f68-4217-92e4-7f48c38ad804,32ca9e82-d045-4388-9da6-7e19d010ad7f,8ffabb9f-6572-4581-9988-6d9b7e86d211,2026-07-11 09:50:09.894644+00,,lắp mới,,,,141337b4-f2fa-4438-808f-0d10cfeedb85,,2026-07-13 14:15:40.080084+00
2fc01013-e699-4c53-b0c3-0a387ca7a098,0a85da44-a9b4-4ca3-a7b8-3949c3a3b164,ddee13c3-2df2-484d-ae19-69c60ee7e097,2026-07-11 09:50:09.894644+00,,lắp mới,,,,141337b4-f2fa-4438-808f-0d10cfeedb85,,2026-07-13 14:15:40.080084+00
029e8574-679c-4984-9225-0314325dc1e5,2fbc371c-c34c-4fcc-8b17-dd8880f76c3f,7b2e2603-a07a-4c4c-a2ce-e1e7f604f657,2026-07-11 09:50:09.894644+00,,lắp mới,,,,46e84da7-5a8b-4a79-aa46-2fb4bae1ff26,,2026-07-13 14:15:40.080084+00
f6d9c8a4-3147-4bc3-bfc3-65160ccacb97,66e46504-7874-44be-bbec-86458a72d11f,9ea89d6d-65b6-4a2b-a2ff-450da2f0f58c,2026-07-11 09:50:09.894644+00,,lắp mới,,,,46e84da7-5a8b-4a79-aa46-2fb4bae1ff26,,2026-07-13 14:15:40.080084+00
f49b6526-b3ce-4511-8962-34b511d15486,928ef651-e2b0-4c8a-8a2b-8333e89e2711,5d4499fc-668a-45dc-8d0f-80168d9dd671,2026-07-11 09:50:09.894644+00,,lắp mới,,,,46e84da7-5a8b-4a79-aa46-2fb4bae1ff26,,2026-07-13 14:15:40.080084+00
98120719-4f7d-44a9-957a-76e6185744a2,07cab725-3f0c-4e75-8fb6-873fecbad0cb,03a4f16f-d1c7-4de5-be04-6ee74eee6a2c,2026-07-11 09:50:09.894644+00,,lắp mới,,,,141337b4-f2fa-4438-808f-0d10cfeedb85,,2026-07-13 14:15:40.080084+00
f42a7664-38cd-4ba1-9a8a-608a55d5af7b,40bf7b4d-67a3-47cf-9b93-0f914b82a888,97c3cdd7-c8f7-4330-9e0f-55a34038f01f,2026-07-11 09:50:09.894644+00,,lắp mới,,,,141337b4-f2fa-4438-808f-0d10cfeedb85,,2026-07-13 14:15:40.080084+00
52e2a772-a7bc-4208-837e-c956ab89c29f,fc43d978-48f9-4666-9df3-0cfcd5be0470,177e9184-befa-4a86-9a33-e54ba30fcab6,2026-07-11 09:50:09.894644+00,,lắp mới,,,,141337b4-f2fa-4438-808f-0d10cfeedb85,,2026-07-13 14:15:40.080084+00
ff468052-7328-419a-92b4-9d8e99bb16dc,73265be3-62af-4f42-852f-6db75e6e8b77,d7f628a7-5c46-40f0-ba4e-6f24e50ebe10,2026-07-11 09:50:09.894644+00,,lắp mới,,,,e43c5d4b-3c3c-4486-89da-73e9ac747ab4,,2026-07-13 14:15:40.080084+00
63c38616-52ad-417c-8398-09949877734f,deaa94e9-aa7b-4454-b9e5-3c71ca3d143f,de7d281b-1c7f-4cdf-8931-79db6ec4f27d,2026-07-11 09:50:09.894644+00,,lắp mới,,,,141337b4-f2fa-4438-808f-0d10cfeedb85,,2026-07-13 14:15:40.080084+00
b0e5a69d-7ce7-4efc-890a-b8358c1a386b,f7564846-d211-4cbf-9b33-6046516d585b,e8576ff4-ead2-4f67-9ce3-3481452eb848,2026-07-11 09:50:09.894644+00,,lắp mới,,,,141337b4-f2fa-4438-808f-0d10cfeedb85,,2026-07-13 14:15:40.080084+00
53186ee0-9745-4076-b89d-86e5a12a0604,e84aef10-cff1-41fa-9424-667d73eb7588,d10fd3ab-9118-4e57-bf67-0475dca245e4,2026-07-11 09:50:09.894644+00,,lắp mới,,,,141337b4-f2fa-4438-808f-0d10cfeedb85,,2026-07-13 14:15:40.080084+00
b701c79f-8c28-4fb2-87ea-4e4619a03900,b7068995-2066-499f-a075-e92966e48624,a010d039-420a-4797-9b6f-85ee89137e7c,2026-07-11 09:50:09.894644+00,,lắp mới,,,,f59bf0bd-520b-4245-80db-dc71b7187bf1,,2026-07-13 14:15:40.080084+00
a9db59a7-5fb2-44d5-84d2-f829f224dde6,5977efd6-8664-477e-96b2-cf0f432644a5,dd29b325-8200-4e7e-af91-8685bad2a1da,2026-07-11 09:50:09.894644+00,,lắp mới,,,,46e84da7-5a8b-4a79-aa46-2fb4bae1ff26,,2026-07-13 14:15:40.080084+00
5b1f5917-6d25-4b01-8ddd-5a9d5385030e,fea0d33c-e446-4946-965c-271c155f0251,9b3e27b3-e3f9-487a-b514-f11a12f1feb3,2026-07-11 09:50:09.894644+00,,lắp mới,,,,f59bf0bd-520b-4245-80db-dc71b7187bf1,,2026-07-13 14:15:40.080084+00
22375bbf-1b49-4aa1-8f01-083cdc12e216,b3f147ce-fb5b-4554-a5bf-87907babd3bd,03db7374-71a9-4cf2-b314-8132f55a99b1,2026-07-11 09:50:09.894644+00,,lắp mới,,,,141337b4-f2fa-4438-808f-0d10cfeedb85,,2026-07-13 14:15:40.080084+00
39ce873d-3037-481b-9439-233474a9e0db,9b16f03c-2a91-482d-9b42-16b8939ee6b2,d444eb57-a0ee-4322-942c-a7506f108e4d,2026-07-11 09:50:09.894644+00,,lắp mới,,,,141337b4-f2fa-4438-808f-0d10cfeedb85,,2026-07-13 14:15:40.080084+00
d4f3d535-b8b1-44fb-8b53-8cd4b658a2e7,42f93b5d-a9de-41d2-8065-291714d86409,8f78e2c5-62d4-48fa-ba4e-47b79ec4295a,2026-07-11 09:50:09.894644+00,,lắp mới,,,,141337b4-f2fa-4438-808f-0d10cfeedb85,,2026-07-13 14:15:40.080084+00
34f425ba-4efd-4cfe-ac71-af83aeaced83,ed7dfa1e-1a8d-414b-bfa9-c62a2cda754d,42471278-4e6b-456a-9ab3-6bed4d8aa791,2026-07-11 09:50:09.894644+00,,lắp mới,,,,141337b4-f2fa-4438-808f-0d10cfeedb85,,2026-07-13 14:15:40.080084+00
ea83d1be-b68b-40eb-871f-f0a3b7a0f29c,ddd6b349-b8b0-4ec1-9ef6-fa4b7dbd96bf,27b710fc-9e7f-43be-bb8f-009be3820624,2026-07-11 09:50:09.894644+00,,lắp mới,,,,f59bf0bd-520b-4245-80db-dc71b7187bf1,,2026-07-13 14:15:40.080084+00
869cfcfe-816d-4aa3-8a6f-3ecc525b6fed,00b56a88-0027-404f-b80f-3f2a42f5e4e5,d3ef7a7d-b969-4675-9524-28090fda75ac,2026-07-11 09:50:09.894644+00,,lắp mới,,,,141337b4-f2fa-4438-808f-0d10cfeedb85,,2026-07-13 14:15:40.080084+00
0c8c4c9a-c9e3-4e49-bfc9-e3a1bdf12ca4,676d9926-0cb9-4428-8b22-07f4a4757b15,a2dc6bdc-1343-4a4b-ab9b-0e89122021d1,2026-07-11 09:50:09.894644+00,,lắp mới,,,,141337b4-f2fa-4438-808f-0d10cfeedb85,,2026-07-13 14:15:40.080084+00
37bf31e5-09b3-45db-bd71-dfc27e53ce85,8dc2ac0a-81e4-4282-a322-4f61bbd3da85,34362f11-8585-4090-86f6-39e2fe650ac7,2026-07-11 09:50:09.894644+00,,lắp mới,,,,141337b4-f2fa-4438-808f-0d10cfeedb85,,2026-07-13 14:15:40.080084+00
4a070343-d152-435c-ab28-24073b563e73,a6a0e523-77d6-4dd1-9117-e50d246c274b,387cebec-5e41-4c1e-9ce9-60f0792d139f,2026-07-11 09:50:09.894644+00,,lắp mới,,,,141337b4-f2fa-4438-808f-0d10cfeedb85,,2026-07-13 14:15:40.080084+00
ffeb137e-d4de-4caa-9d1b-05e8f98598dc,c288de6c-b67a-4193-b90b-312aabd5381d,5efa1ff5-84e4-4b72-bbb2-3811f5e79822,2026-07-11 09:50:09.894644+00,,lắp mới,,,,141337b4-f2fa-4438-808f-0d10cfeedb85,,2026-07-13 14:15:40.080084+00
5aeb3762-6155-43ef-beee-364f8e00a4c5,84794562-b9a6-4544-84c8-08c8d5a0678a,0d16621b-c61e-41d0-acf2-70f334aa51dd,2026-07-11 09:50:09.894644+00,,lắp mới,,,,46e84da7-5a8b-4a79-aa46-2fb4bae1ff26,,2026-07-13 14:15:40.080084+00
e731a66a-628c-4a80-a0b2-45bbcff503ac,26b3faed-bba0-40ae-a31a-081c3c5650a1,9b60e803-e2b6-4b2d-8cb0-13279b3ec5a6,2026-07-11 09:50:09.894644+00,,lắp mới,,,,46e84da7-5a8b-4a79-aa46-2fb4bae1ff26,,2026-07-13 14:15:40.080084+00
c2c7efe5-9f80-44fb-8b96-82e6617fc06d,897666a2-fe31-4239-acce-4b3c486048bf,9688a138-9638-4b2c-a7e6-f9db5bc904fc,2026-07-11 09:50:09.894644+00,,lắp mới,,,,46e84da7-5a8b-4a79-aa46-2fb4bae1ff26,,2026-07-13 14:15:40.080084+00
01f457f7-74d8-4b0a-a08f-1b7b56722a77,1be4043b-c7bc-487b-a4df-5390dcd846d1,1995dda1-22cc-4eb0-8af0-ea20713e694c,2026-07-11 09:50:09.894644+00,,lắp mới,,,,46e84da7-5a8b-4a79-aa46-2fb4bae1ff26,,2026-07-13 14:15:40.080084+00
996f5ba7-62ff-4e59-9bcf-089cae172b54,91422fbd-6274-481c-9e57-3beeab449cd8,5f72bea0-1a21-41c1-951f-7a2fd73a3db4,2026-07-11 09:50:09.894644+00,,lắp mới,,,,141337b4-f2fa-4438-808f-0d10cfeedb85,,2026-07-13 14:15:40.080084+00
a8f55163-b85b-4090-b75c-849c067c7741,dbfa99dc-02cf-4236-bec2-832e155b7281,f85e304e-b3e3-42e8-8d06-ab932d7c8fc9,2026-07-11 09:50:09.894644+00,,lắp mới,,,,65ac5e26-b0a7-487e-a72d-3f0dfc3facc2,,2026-07-13 14:15:40.080084+00
28a57ead-3401-4fe4-8bbf-6fd6b244d74a,141e4bf7-2c1f-4083-b48e-2d5c38b48986,0b576486-f706-4ac1-a724-d1b01cf4f402,2026-07-11 09:50:09.894644+00,,lắp mới,,,,141337b4-f2fa-4438-808f-0d10cfeedb85,,2026-07-13 14:15:40.080084+00
e56591a5-c8a3-43cd-b0c3-35d43d7ed500,ba69c74e-4b8f-41f7-8b7c-29c7982b84d6,92625dcf-00de-4b56-bbc6-4d0f2845e522,2026-07-11 09:50:09.894644+00,,lắp mới,,,,141337b4-f2fa-4438-808f-0d10cfeedb85,,2026-07-13 14:15:40.080084+00
4ef00b4b-47b3-47f8-925a-9dae608464e0,ff5c7ef5-b74f-4a28-9728-6ff0787cfc5f,c2398705-b124-4f86-82aa-17e4d9402bb8,2026-07-12 07:32:01.226977+00,,lắp mới,,,,581d9350-905f-46da-b45e-c2d8aba4d868,,2026-07-13 14:15:40.080084+00
7af65f32-5e52-499b-aad8-209dc2156462,9c8ad8bc-a369-4c4f-a204-fbb6333e509c,ec9b5194-3ed3-4d5c-a1be-bec5cde2b268,2026-07-11 09:50:09.894644+00,,lắp mới,,,,141337b4-f2fa-4438-808f-0d10cfeedb85,,2026-07-13 14:15:40.080084+00
a6807988-21fe-4b50-b6e2-d16d7314b57f,e5ef4776-0f05-4ace-9900-43ed31a98976,d458207e-afb0-49bc-bb5a-7d18d6a61eb1,2026-07-11 09:50:09.894644+00,,lắp mới,,,,141337b4-f2fa-4438-808f-0d10cfeedb85,,2026-07-13 14:15:40.080084+00
6dd7a0e1-5eac-4b78-87a4-dce01ea60132,6c4d5967-c226-42a5-9fa4-f8805c77d98a,b8b69cd8-74c3-4811-a4f5-bd5f72bc3627,2026-07-11 09:50:09.894644+00,,lắp mới,,,,141337b4-f2fa-4438-808f-0d10cfeedb85,,2026-07-13 14:15:40.080084+00
a159dd61-21c9-4dbc-bc4d-64ec589aea67,6a1922bd-a621-428a-b3c1-8c3f279dbba9,ac4525bc-dcc0-4acf-8abc-87c5e3e0cc03,2026-07-11 09:50:09.894644+00,,lắp mới,,,,46e84da7-5a8b-4a79-aa46-2fb4bae1ff26,,2026-07-13 14:15:40.080084+00
24bd33ef-ac84-4e72-a210-99ef4cb44de2,f88771f4-2bb6-47b4-a732-3819ad8e6902,5432ba4b-421c-4a47-8074-2c79f860940f,2026-07-11 09:50:09.894644+00,,lắp mới,,,,46e84da7-5a8b-4a79-aa46-2fb4bae1ff26,,2026-07-13 14:15:40.080084+00
8ba48c5a-ce1f-422c-8aa8-528b0f42a6bc,616def2e-8acb-4891-abef-7eb344e6d8c9,d58ca06d-58c9-4f74-b71b-8ca82b124e5a,2026-07-11 09:50:09.894644+00,,lắp mới,,,,46e84da7-5a8b-4a79-aa46-2fb4bae1ff26,,2026-07-13 14:15:40.080084+00
ed716f68-747d-4987-b465-d4d81446556d,f643eb33-6690-40cf-90ea-771de0525426,ed8a390b-e40b-458a-9aa9-d924c5bbe8fc,2026-07-11 09:50:09.894644+00,,lắp mới,,,,46e84da7-5a8b-4a79-aa46-2fb4bae1ff26,,2026-07-13 14:15:40.080084+00
5e673400-f278-4315-9cf6-3a8756e52067,a969b858-f422-42d0-9b1b-de7f51601d93,b07a9c64-9f0a-4e3c-867e-8aac6a3ab452,2026-07-11 09:50:09.894644+00,,lắp mới,,,,46e84da7-5a8b-4a79-aa46-2fb4bae1ff26,,2026-07-13 14:15:40.080084+00
fe837eb7-9848-4b00-b5e6-0702a8b9f801,f7c01a55-99af-41b5-aa52-c6a13352d8b7,4025f69d-a9c8-41ee-a200-6098ee77335a,2026-07-11 09:50:09.894644+00,,lắp mới,,,,141337b4-f2fa-4438-808f-0d10cfeedb85,,2026-07-13 14:15:40.080084+00
39759342-77a9-49bc-998a-3f48b565681b,1faa1e95-da05-48c4-be41-e46ee5dc30b6,a8209ee3-1122-429c-8e59-46df2ba5fb84,2026-07-11 09:50:09.894644+00,,lắp mới,,,,141337b4-f2fa-4438-808f-0d10cfeedb85,,2026-07-13 14:15:40.080084+00
acc0af42-7680-4798-806b-82e0558b9c60,875b81df-f1a4-42a3-96b4-5a306c9bf956,d9aa6be5-939e-42bc-8116-823cf0b0e647,2026-07-11 09:50:09.894644+00,,lắp mới,,,,46e84da7-5a8b-4a79-aa46-2fb4bae1ff26,,2026-07-13 14:15:40.080084+00
94fa0d1c-fb51-4449-8a84-1f1fc43739d9,02b39322-1490-4789-81bf-9fd106bcf33e,0b63ce25-8f17-423f-b59a-2a02e5cf6630,2026-07-11 09:50:09.894644+00,,lắp mới,,,,141337b4-f2fa-4438-808f-0d10cfeedb85,,2026-07-13 14:15:40.080084+00
7ebb3e46-1320-4683-b7ef-5eac2c60de02,3a77de69-289d-41f4-8150-89e0f4609598,96276e34-c728-46a3-8843-d7c8e650d1a3,2026-07-11 09:50:09.894644+00,,lắp mới,,,,141337b4-f2fa-4438-808f-0d10cfeedb85,,2026-07-13 14:15:40.080084+00
e0b75355-07ae-486d-8e81-67fbe23c7a35,d71c0cdd-24a6-4c54-8483-53861f7f1efb,b0c09e44-58ae-4aa3-8679-1f1294fd2aee,2026-07-11 09:50:09.894644+00,,lắp mới,,,,141337b4-f2fa-4438-808f-0d10cfeedb85,,2026-07-13 14:15:40.080084+00
fd02979d-ea6a-4e6d-bed9-748ee543358a,3aa5bf0f-6a13-479e-812c-eb374abf3d8b,8000ff57-f2b1-4721-a2ab-1b6d608283d7,2026-07-11 09:50:09.894644+00,,lắp mới,,,,141337b4-f2fa-4438-808f-0d10cfeedb85,,2026-07-13 14:15:40.080084+00
dab923aa-b080-4bf7-b466-93ca243f4a53,c2fbfca3-2854-4a97-8be8-2948c42469b8,d0669518-9041-4dd8-86f4-7e26bfa1f552,2026-07-11 09:50:09.894644+00,,lắp mới,,,,141337b4-f2fa-4438-808f-0d10cfeedb85,,2026-07-13 14:15:40.080084+00
a46b7b55-bc67-4d71-ab5e-aea28357b4aa,3f4ebc73-0fc8-416e-ba57-0840100ae8f0,4adf69a1-a897-4b2e-acd6-0c1214b8abdb,2026-07-11 09:50:09.894644+00,,lắp mới,,,,46e84da7-5a8b-4a79-aa46-2fb4bae1ff26,,2026-07-13 14:15:40.080084+00
f44d9811-879a-4020-bb25-5d3874f992bc,bb4e4ae6-1b53-411e-9b52-59e9a934665e,07409290-5adc-494b-83b3-4aac887154f2,2026-07-11 09:50:09.894644+00,,lắp mới,,,,65ac5e26-b0a7-487e-a72d-3f0dfc3facc2,,2026-07-13 14:15:40.080084+00
09210ec3-7d3d-4fc3-bf26-f5496aee54e3,7adc7593-4786-4119-b7bb-6b262765b58a,aadb2cf1-d3af-4ee4-9db3-09cff1f3eebc,2026-07-11 09:50:09.894644+00,,lắp mới,,,,46e84da7-5a8b-4a79-aa46-2fb4bae1ff26,,2026-07-13 14:15:40.080084+00
28a7e4d8-73b7-4ac3-9d59-7564df590abe,45918674-090a-4c07-9d22-06397c749ea9,3af8d2f1-7b1d-4ce7-9d1b-03adc09d2f65,2026-07-11 09:50:09.894644+00,,lắp mới,,,,46e84da7-5a8b-4a79-aa46-2fb4bae1ff26,,2026-07-13 14:15:40.080084+00
0f80ea9b-d296-4a39-8367-e8ddbd490f06,42430705-50be-4317-8fcc-521fb6464617,78a0bae7-1f34-4105-b90e-8dfd17389b14,2026-07-11 09:50:09.894644+00,,lắp mới,,,,46e84da7-5a8b-4a79-aa46-2fb4bae1ff26,,2026-07-13 14:15:40.080084+00
6f89a793-6b33-4247-9443-2582d13fc5ad,0381047c-f4a1-4290-ab5f-7375e2e32052,b9db110a-99cc-419d-a496-03cdb0ee8761,2026-07-11 09:50:09.894644+00,,lắp mới,,,,65ac5e26-b0a7-487e-a72d-3f0dfc3facc2,,2026-07-13 14:15:40.080084+00
46689a26-2559-4635-8bed-c9bfb9184036,25e268ef-5c8e-402a-9521-05a3e38388e4,a6eed06e-ebda-454c-b9a5-82a79e091133,2026-07-11 09:50:09.894644+00,,lắp mới,,,,46e84da7-5a8b-4a79-aa46-2fb4bae1ff26,,2026-07-13 14:15:40.080084+00
fad8cdfd-2b85-4dba-85a1-77b29ef0db99,56e281d1-30e1-45fe-b36c-913f7f37a6ba,5acf22cb-f788-4f6e-8a62-684f74c54fc9,2026-07-11 09:50:09.894644+00,,lắp mới,,,,e43c5d4b-3c3c-4486-89da-73e9ac747ab4,,2026-07-13 14:15:40.080084+00
259d4691-37d5-4192-9fac-905fb6643d6c,255323bc-5bc2-482e-942b-463dfe829a2d,d76ac4e5-8e82-4919-8923-c8d16aa86109,2026-07-11 09:50:09.894644+00,,lắp mới,,,,e43c5d4b-3c3c-4486-89da-73e9ac747ab4,,2026-07-13 14:15:40.080084+00
29438b45-8280-406b-9e3e-d214793e1257,5671ec28-2c6e-45e9-a905-f36d314307aa,967b7a52-e79b-4e8a-8dd8-fbd85c27f65b,2026-07-12 07:32:02.004114+00,,lắp mới,,,,581d9350-905f-46da-b45e-c2d8aba4d868,,2026-07-13 14:15:40.080084+00
c0d5028b-4e08-4ce7-a8c2-c6315bae437b,a548fc69-f0db-49b0-9e0e-8e1da8e45674,15d32675-7e09-47ae-8e75-d5eda2f0e856,2026-07-12 07:32:02.227096+00,,lắp mới,,,,581d9350-905f-46da-b45e-c2d8aba4d868,,2026-07-13 14:15:40.080084+00
6a9fca16-a5b6-455d-a5b7-d7c31124936c,efc18dd6-747c-450e-8f75-f62613c55fc9,ccaeeaf2-b75c-4b3c-9382-962420ea1cc7,2026-07-11 09:50:09.894644+00,,lắp mới,,,,46e84da7-5a8b-4a79-aa46-2fb4bae1ff26,,2026-07-13 14:15:40.080084+00
deb1c732-2c3b-4ab8-90a8-314e9d3b50e9,98dcfbed-8598-4f8c-94f3-ec6c1b5273cc,61b551fc-88d7-4701-b46e-b9751d02e1a0,2026-07-11 09:50:09.894644+00,,lắp mới,,,,46e84da7-5a8b-4a79-aa46-2fb4bae1ff26,,2026-07-13 14:15:40.080084+00
121ce603-2129-47da-aede-178507abe82e,9c3ae167-8bcd-4183-811b-0f603e11bb77,c1dad33e-bd03-4e8c-b7bd-de08f602a99c,2026-07-11 09:50:09.894644+00,,lắp mới,,,,46e84da7-5a8b-4a79-aa46-2fb4bae1ff26,,2026-07-13 14:15:40.080084+00
39f16c70-8dbb-4798-aa57-9a3837c33507,4b17b73a-809a-4c3a-8d40-e1e143f51fa7,8e6a78fa-ffa7-4c0b-9bae-c1329d9f5289,2026-07-12 07:32:02.440773+00,,lắp mới,,,,581d9350-905f-46da-b45e-c2d8aba4d868,,2026-07-13 14:15:40.080084+00
0d15ae53-8fdb-4912-8341-ee525638493c,076b8859-a822-45a9-ae1c-8f55c48fedfe,eba89979-43b4-4787-b329-5132592be866,2026-07-11 09:50:09.894644+00,,lắp mới,,,,46e84da7-5a8b-4a79-aa46-2fb4bae1ff26,,2026-07-13 14:15:40.080084+00
9a52b3ff-f829-47fc-98e0-585c2fe1bb7e,ea3ba88c-4c13-4718-bb71-8f7b03e86694,737d697e-d3c1-4f64-b692-e66425193f1a,2026-07-11 09:50:09.894644+00,,lắp mới,,,,8b408897-b25d-4ece-91ba-d97dfacec283,,2026-07-13 14:15:40.080084+00
74859062-d2b2-467f-9ae5-7c38218ea7d3,7581c274-c5e3-4954-9acc-97759be27a16,87b033a1-ac3b-4e0c-b087-5b34fdf945a3,2026-07-11 09:50:09.894644+00,,lắp mới,,,,8b408897-b25d-4ece-91ba-d97dfacec283,,2026-07-13 14:15:40.080084+00
21e2ae5a-285c-40c2-a655-75f83b92ea06,66293acc-6604-4805-83e9-c63061e170e7,d0b48a76-916d-4518-9910-6653311edec4,2026-07-11 09:50:09.894644+00,,lắp mới,,,,8b408897-b25d-4ece-91ba-d97dfacec283,,2026-07-13 14:15:40.080084+00
ca912090-3941-43ae-9533-bc4c94439ced,1650006a-7206-4a51-b917-64a07cdd4a87,c68bc0ab-ae17-4247-b240-1ea34db9f1e9,2026-07-11 09:50:09.894644+00,,lắp mới,,,,8b408897-b25d-4ece-91ba-d97dfacec283,,2026-07-13 14:15:40.080084+00
d0d69e30-4759-4b1d-9863-7fc996817181,d9b53239-c287-45e1-aa01-802165de1461,72c8d427-3cde-423b-80aa-36574f1f177e,2026-07-11 09:50:09.894644+00,,lắp mới,,,,46e84da7-5a8b-4a79-aa46-2fb4bae1ff26,,2026-07-13 14:15:40.080084+00
99e2fe15-28cc-4127-a2d6-054ecf8a9a37,f9ce453d-0b20-40d2-b902-4639f3ba7fda,16495880-3b60-4e2e-b2b9-137cd85c0418,2026-07-11 09:50:09.894644+00,,lắp mới,,,,46e84da7-5a8b-4a79-aa46-2fb4bae1ff26,,2026-07-13 14:15:40.080084+00
d7ebb844-aa74-415d-ae32-b65615a4084e,7f4436a5-8622-4485-8490-b84c28c23db9,0c6b5d61-6121-4f5f-82d7-032f3905bb66,2026-07-11 09:50:09.894644+00,,lắp mới,,,,46e84da7-5a8b-4a79-aa46-2fb4bae1ff26,,2026-07-13 14:15:40.080084+00
9e53b4ea-1c81-4b58-bd03-f9a3ea0b0303,197daa31-364b-4c8b-9abd-32a42a191bfd,3c0a264a-f0bf-4ce4-b910-b7436b0292b9,2026-07-11 09:50:09.894644+00,,lắp mới,,,,46e84da7-5a8b-4a79-aa46-2fb4bae1ff26,,2026-07-13 14:15:40.080084+00
44662ae7-e883-4df9-89e7-394b18e173f8,19a60f84-5bee-4c04-a410-8f3ebf709cdf,9f4c9a44-cff2-4134-9e13-84c4ca159af7,2026-07-11 09:50:09.894644+00,,lắp mới,,,,46e84da7-5a8b-4a79-aa46-2fb4bae1ff26,,2026-07-13 14:15:40.080084+00
d98dba25-8215-47bb-93b6-521afe4c6a04,1db3b7de-d4c7-4e16-871a-8641db022a8b,5cdde878-b34c-422f-bdba-5fac3b2c5f08,2026-07-11 09:50:09.894644+00,,lắp mới,,,,46e84da7-5a8b-4a79-aa46-2fb4bae1ff26,,2026-07-13 14:15:40.080084+00
58d467d5-adc8-480b-afdb-14f7e99c4217,72002468-4390-447d-85cf-91e141545852,a941b048-aa04-4935-88af-d101dc9f305c,2026-07-11 09:50:09.894644+00,,lắp mới,,,,581d9350-905f-46da-b45e-c2d8aba4d868,,2026-07-13 14:15:40.080084+00
abd81ac1-adab-41f5-9990-d409fbb1a27a,221c94fd-2255-4577-896c-d99a32be60c9,d86f24d5-859c-4a60-9084-373957c1494d,2026-07-11 09:50:09.894644+00,,lắp mới,,,,f59bf0bd-520b-4245-80db-dc71b7187bf1,,2026-07-13 14:15:40.080084+00
71491b8c-ef5e-4fdc-9853-c167d97d6441,d514dd01-5039-4186-93f1-49b9c85d7481,f3384d5f-6be3-47dd-afee-2f898d4577f3,2026-07-11 09:50:09.894644+00,,lắp mới,,,,f59bf0bd-520b-4245-80db-dc71b7187bf1,,2026-07-13 14:15:40.080084+00
f94c48e2-251b-4c1f-92a3-27fa29bd1dfe,9522ab08-ffb5-48d0-8620-5dcbb1ef6e39,702a4f5f-67b8-44e2-b71c-297dca7d8259,2026-07-11 09:50:09.894644+00,,lắp mới,,,,581d9350-905f-46da-b45e-c2d8aba4d868,,2026-07-13 14:15:40.080084+00
c4d688c3-9544-4039-862d-45f81adbbb5d,72aa1e77-e3e6-4b74-8e17-dd05e75987e6,1fe6f52e-6795-440e-a53d-4ccee879670e,2026-07-11 09:50:09.894644+00,,lắp mới,,,,8b408897-b25d-4ece-91ba-d97dfacec283,,2026-07-13 14:15:40.080084+00
b07295b9-aa11-484c-97b5-1018d51a1aa5,e1f7360e-dcfb-49af-87ca-5cbbd843e14e,650010f7-d414-47aa-baf1-bbdad865300c,2026-07-11 09:50:09.894644+00,,lắp mới,,,,8b408897-b25d-4ece-91ba-d97dfacec283,,2026-07-13 14:15:40.080084+00
830f53a6-9840-4509-a201-3118547c7496,48d120d6-3746-4514-b1df-fffe47b6a234,2dda890a-aef5-40f5-bd40-e5b23297d565,2026-07-11 09:50:09.894644+00,,lắp mới,,,,8b408897-b25d-4ece-91ba-d97dfacec283,,2026-07-13 14:15:40.080084+00
62f8023c-76e4-4216-986d-ff84f4b3495c,1906dfec-04e8-44b8-a839-3fe4cdb24a0d,3b708b69-cebc-44f5-a6e1-833106fd3ae2,2026-07-11 09:50:09.894644+00,,lắp mới,,,,8b408897-b25d-4ece-91ba-d97dfacec283,,2026-07-13 14:15:40.080084+00
a5952f9e-8478-4527-999d-f90ad67f6d8a,d8f6041c-ca1a-4632-bffb-819da24735f0,c4a829f4-5308-4239-850f-d143ad7f1bca,2026-07-11 09:50:09.894644+00,,lắp mới,,,,8b408897-b25d-4ece-91ba-d97dfacec283,,2026-07-13 14:15:40.080084+00
3b5be358-ea34-4d52-b0c9-1d578c300e00,e6c37cf8-6677-4e17-9596-6ed7782622f6,2fce5c3c-c70e-4fe1-bfd0-657ecf4b37c4,2026-07-11 09:50:09.894644+00,,lắp mới,,,,581d9350-905f-46da-b45e-c2d8aba4d868,,2026-07-13 14:15:40.080084+00
6669a76b-7300-45c2-8ec0-5e0d87c01228,c40c8319-7c8c-4600-83c1-ab1c4b65dc24,ce53e2e0-4efe-48f9-b72c-0a65ad7328b0,2026-07-11 09:50:09.894644+00,,lắp mới,,,,8b408897-b25d-4ece-91ba-d97dfacec283,,2026-07-13 14:15:40.080084+00
5fb344d4-241b-45c7-8107-1a5cba0d5d38,97f3ce09-9985-475e-8a3a-3df524e261c3,df216426-639e-4757-8567-37c1542d6daa,2026-07-11 09:50:09.894644+00,,lắp mới,,,,8b408897-b25d-4ece-91ba-d97dfacec283,,2026-07-13 14:15:40.080084+00
0ac3291a-9517-4b67-a55c-4ed493100443,1f466f08-8457-4bcc-8482-db08f925ab92,2d025afb-a258-44a9-b3dd-112f0a6c0e5e,2026-07-11 09:50:09.894644+00,,lắp mới,,,,8b408897-b25d-4ece-91ba-d97dfacec283,,2026-07-13 14:15:40.080084+00
3a76d112-6f3f-4761-b122-c7a0370a3c46,a12408c1-884e-4fed-b0f8-1f8d19594cbf,09bf9c75-3870-4f2e-9f22-da90def7f43b,2026-07-11 09:50:09.894644+00,,lắp mới,,,,8b408897-b25d-4ece-91ba-d97dfacec283,,2026-07-13 14:15:40.080084+00
412379b4-e7ed-4658-839e-b8886127a439,ee7795c9-5e89-49a8-9dce-54dd61617856,da59f724-46f3-4970-a9fa-4f042c9bc40d,2026-07-11 09:50:09.894644+00,,lắp mới,,,,8b408897-b25d-4ece-91ba-d97dfacec283,,2026-07-13 14:15:40.080084+00
af605bb6-b624-4644-9933-4ee68d656861,4d88f5aa-effd-436f-bf01-6e04bad41f21,05d070da-1b38-4126-855a-86b95fa0bf85,2026-07-11 09:50:09.894644+00,,lắp mới,,,,8b408897-b25d-4ece-91ba-d97dfacec283,,2026-07-13 14:15:40.080084+00
94d1b2dc-3256-4612-be1d-9470bd824952,56b12d90-501d-44ae-829a-36a3ee3f088a,e357409b-bfde-4043-8403-087ca9755d3e,2026-07-11 09:50:09.894644+00,,lắp mới,,,,8b408897-b25d-4ece-91ba-d97dfacec283,,2026-07-13 14:15:40.080084+00
8781169b-d93f-4c85-891f-ca10406845f5,b5179890-74ad-4cea-a6c5-01f6a07aabcf,632f9911-7c02-4d6e-9449-cf567b08cf38,2026-07-11 09:50:09.894644+00,,lắp mới,,,,8b408897-b25d-4ece-91ba-d97dfacec283,,2026-07-13 14:15:40.080084+00
0a272363-6987-498c-bc82-541a700e4772,da53813c-395b-410a-b0b8-21c3dfeb758d,e2e39fca-2629-425c-8765-48b4673d8462,2026-07-11 09:50:09.894644+00,,lắp mới,,,,8b408897-b25d-4ece-91ba-d97dfacec283,,2026-07-13 14:15:40.080084+00
01f33ae7-80bd-4d74-a251-1697b886f8de,3bce1352-d2ce-4f77-a0a9-c25ac0c1b188,6cef27f2-4362-4615-8ff0-5d648f55caa3,2026-07-11 09:50:09.894644+00,,lắp mới,,,,8b408897-b25d-4ece-91ba-d97dfacec283,,2026-07-13 14:15:40.080084+00
9c0e8fc9-6578-48a0-84e2-cf07161c073f,f1f7b378-5fed-4849-bfd5-41f28ca8c5b5,9965dab0-c548-432d-8e45-0ec1aee9a268,2026-07-11 09:50:09.894644+00,,lắp mới,,,,8b408897-b25d-4ece-91ba-d97dfacec283,,2026-07-13 14:15:40.080084+00
ad63a878-09f8-455e-901a-0100171a4cdb,0d5caf39-2024-4e82-b8f7-4359280e0140,b149602d-b725-497b-b9c5-dd4ff6f8a76e,2026-07-11 09:50:09.894644+00,,lắp mới,,,,8b408897-b25d-4ece-91ba-d97dfacec283,,2026-07-13 14:15:40.080084+00
8cb8602a-7842-4794-add4-c2c76dd93bf6,0e2527a7-9991-4fcc-a551-abdfa00c24d5,4243f871-7241-4bd3-b981-d7d8268aa3d1,2026-07-11 09:50:09.894644+00,,lắp mới,,,,8b408897-b25d-4ece-91ba-d97dfacec283,,2026-07-13 14:15:40.080084+00
94a3fb57-4c04-4291-804b-1d8a4e1e7587,0f25b72a-a0b7-40a4-9c23-6dfefe920cff,79b19410-1a4c-443c-88fb-9c2a07877ef3,2026-07-11 09:50:09.894644+00,,lắp mới,,,,8b408897-b25d-4ece-91ba-d97dfacec283,,2026-07-13 14:15:40.080084+00
ae065d9a-d20b-4c4d-ac88-66a20bff67a6,5e9b6de1-1b37-4915-aaed-904ab4b73fb0,08d29cc5-d58c-4bd8-9ca3-602ffdd932df,2026-07-11 09:50:09.894644+00,,lắp mới,,,,8b408897-b25d-4ece-91ba-d97dfacec283,,2026-07-13 14:15:40.080084+00
291001b9-9e6d-4395-863d-31994d3b2d40,b4fe05e6-2a91-44c8-b920-c04f4a3ffd05,3ab1f9c0-d222-40b9-a000-3144166df682,2026-07-11 09:50:09.894644+00,,lắp mới,,,,141337b4-f2fa-4438-808f-0d10cfeedb85,,2026-07-13 14:15:40.080084+00
4745ed29-095f-46f8-bd66-3f337359f6a3,c1e304a4-9415-4d28-b0d0-774fb681c2a4,c2d27132-4ac4-4e9b-bb0c-971cc36f468e,2026-07-11 09:50:09.894644+00,,lắp mới,,,,141337b4-f2fa-4438-808f-0d10cfeedb85,,2026-07-13 14:15:40.080084+00
dad54905-cc38-4a32-b165-6d5cc0410a33,100cf7c4-80a2-4110-be59-a38b35a35888,1f5da9bc-24e0-4204-b3f0-a081d12d513e,2026-07-11 09:50:09.894644+00,,lắp mới,,,,141337b4-f2fa-4438-808f-0d10cfeedb85,,2026-07-13 14:15:40.080084+00
7fe90e5d-151f-43ef-84c4-071cd26a9011,b94e7c3f-9531-47a4-b88e-1eb53598809b,9340548c-adfd-467c-acfa-8e528c9cdfb2,2026-07-11 09:50:09.894644+00,,lắp mới,,,,141337b4-f2fa-4438-808f-0d10cfeedb85,,2026-07-13 14:15:40.080084+00
d37f9820-087a-4d9b-91e2-41a6f93337b5,3f9a81f1-28e1-45da-bf37-5402b369ac96,945026f0-1776-49b7-a0fc-c5b58217a15c,2026-07-11 09:50:09.894644+00,,lắp mới,,,,141337b4-f2fa-4438-808f-0d10cfeedb85,,2026-07-13 14:15:40.080084+00
f270afa1-20dd-4408-b7e9-16ef160f4a59,71cfa398-5a49-4bf5-b452-7145762433fb,285a3365-1744-4ae9-859f-55ab4c014350,2026-07-11 09:50:09.894644+00,,lắp mới,,,,581d9350-905f-46da-b45e-c2d8aba4d868,,2026-07-13 14:15:40.080084+00
6e2b6440-f001-4193-9944-106fe23382a6,f5a3e003-2e8b-4931-aab0-f23ae6ef532a,90aeb1df-8b84-4724-9451-529494129ef1,2026-07-11 09:50:09.894644+00,,lắp mới,,,,141337b4-f2fa-4438-808f-0d10cfeedb85,,2026-07-13 14:15:40.080084+00
fb38a43a-8e88-48c8-8faf-52ab6c9be20c,375bc7df-073a-439f-80ac-1626aae04560,cd857d57-c776-4758-9fd4-fe3c7bfb8535,2026-07-11 09:50:09.894644+00,,lắp mới,,,,141337b4-f2fa-4438-808f-0d10cfeedb85,,2026-07-13 14:15:40.080084+00
5846d8b9-c8be-4abc-b34c-0c1891a02449,27b4afeb-3c82-4bd0-ab71-289a990b7902,3b974113-cc53-4373-976b-876b521003f3,2026-07-11 09:50:09.894644+00,,lắp mới,,,,141337b4-f2fa-4438-808f-0d10cfeedb85,,2026-07-13 14:15:40.080084+00
1695a61e-02f7-4d8e-9c54-5a4056f8df36,0aab0e81-c10f-4283-9bc9-0bda74f3a922,b972fab8-94a1-4006-a000-89287f66d0e0,2026-07-11 09:50:09.894644+00,,lắp mới,,,,141337b4-f2fa-4438-808f-0d10cfeedb85,,2026-07-13 14:15:40.080084+00
31ae89b6-af05-4023-8e11-9036ad5e1863,acca320e-6a97-4e61-9e0b-3a0f57334022,725c0614-8603-4d89-b3d7-608ff6ffb380,2026-07-11 09:50:09.894644+00,,lắp mới,,,,141337b4-f2fa-4438-808f-0d10cfeedb85,,2026-07-13 14:15:40.080084+00
9dd173fb-8b24-44f5-96ce-9e6dbc5bf12b,02ae9530-838f-4366-a974-9bf534cefc8a,4fde4fb1-a542-455c-b691-ba4d450d08ca,2026-07-11 09:50:09.894644+00,,lắp mới,,,,141337b4-f2fa-4438-808f-0d10cfeedb85,,2026-07-13 14:15:40.080084+00
2ef534f3-1423-4a4b-a3e8-e82a5af0abf9,e710f844-8a4e-40af-b378-6c205ec39bfc,3f2c0ad3-6b2b-467c-ab8a-9856ad4989ab,2026-07-11 09:50:09.894644+00,,lắp mới,,,,141337b4-f2fa-4438-808f-0d10cfeedb85,,2026-07-13 14:15:40.080084+00
4c2ba358-2b05-4a97-9247-a76c6fcbe023,10eed0df-a672-4b2c-953f-a42ada258786,fc69c0a2-3f36-4640-ba73-bb592706e8c3,2026-07-11 09:50:09.894644+00,,lắp mới,,,,141337b4-f2fa-4438-808f-0d10cfeedb85,,2026-07-13 14:15:40.080084+00
25aa583c-eab0-4cec-aea1-42c3c1c0e544,c1bbd32f-b809-456f-a0d7-4f6fb0b7177b,fde56146-e9c2-4e23-bf06-63359740874a,2026-07-11 09:50:09.894644+00,,lắp mới,,,,141337b4-f2fa-4438-808f-0d10cfeedb85,,2026-07-13 14:15:40.080084+00
5a7c2474-b196-4e26-8316-b79cebd815ac,24f4bbf7-b864-4d0e-80a2-d4756c430172,bcf06d0f-614c-4d6a-94e4-0833470c60cb,2026-07-11 09:50:09.894644+00,,lắp mới,,,,8b408897-b25d-4ece-91ba-d97dfacec283,,2026-07-13 14:15:40.080084+00
c0edbbc1-60ae-4a3f-8bfc-1a7bbea8273e,97c2fe28-c205-445d-9bb1-52d69058e78b,bfd2217b-8b41-4c54-93b1-9997617de013,2026-07-11 09:50:09.894644+00,,lắp mới,,,,141337b4-f2fa-4438-808f-0d10cfeedb85,,2026-07-13 14:15:40.080084+00
9033861e-d395-4c1f-9385-296288702ee8,3dd641e8-736e-41a7-ac1d-7cd917713e93,5e3212b4-66e0-43c9-a9b9-c6aad1aba47d,2026-07-11 09:50:09.894644+00,,lắp mới,,,,141337b4-f2fa-4438-808f-0d10cfeedb85,,2026-07-13 14:15:40.080084+00
d37108d2-1105-46a8-ae28-f1e9082bf5b0,5f485470-4cac-46c2-a01e-7bd4ec83953e,fad810f5-7cc8-467f-bf77-0c0da9df8797,2026-07-11 09:50:09.894644+00,,lắp mới,,,,141337b4-f2fa-4438-808f-0d10cfeedb85,,2026-07-13 14:15:40.080084+00
c290d749-b078-4a5c-9167-9c000cfcd5a1,8d1fa58a-67b5-4eae-a613-1c7773ed8663,8536e202-2bda-4ef0-afd2-04961a487411,2026-07-11 09:50:09.894644+00,,lắp mới,,,,141337b4-f2fa-4438-808f-0d10cfeedb85,,2026-07-13 14:15:40.080084+00
23575ee2-61d7-44d1-b0e3-b4ebfc9e1a03,156bde95-c50d-44d7-a6a5-c07d615fef51,ccc2bf03-5343-4696-a4af-54bf2d6ef83b,2026-07-11 09:50:09.894644+00,,lắp mới,,,,141337b4-f2fa-4438-808f-0d10cfeedb85,,2026-07-13 14:15:40.080084+00
2bc3cc32-2d16-41a0-b34e-d834e4ac4dcc,878ec4a7-4572-4b04-833c-87f0342fd265,f812a0a9-0e6f-4d75-ac93-9b20b04c95ce,2026-07-11 09:50:09.894644+00,,lắp mới,,,,e43c5d4b-3c3c-4486-89da-73e9ac747ab4,,2026-07-13 14:15:40.080084+00
8f3e54ce-09e8-456f-818d-0b7d0f1f80ef,c8105208-df2f-439c-99f0-318ba85788cf,c5a93ccc-04f6-4c89-907f-91fcf8e79a21,2026-07-11 09:50:09.894644+00,,lắp mới,,,,8b408897-b25d-4ece-91ba-d97dfacec283,,2026-07-13 14:15:40.080084+00
9ad6e45c-b453-496d-b7bf-7e32a71121d2,9b8f7370-f010-4362-a844-52064bdf3ce3,c12f98a3-7991-4282-9f6e-635b024ecda2,2026-07-11 09:50:09.894644+00,,lắp mới,,,,8b408897-b25d-4ece-91ba-d97dfacec283,,2026-07-13 14:15:40.080084+00
3f4afadf-40db-4a06-8179-bb9584a82bb1,fce4b363-65a4-413e-b6ee-91edecbcd502,859f744a-a091-4e79-b1e7-f1cb5fb6c46d,2026-07-11 09:50:09.894644+00,,lắp mới,,,,8b408897-b25d-4ece-91ba-d97dfacec283,,2026-07-13 14:15:40.080084+00
f9d44bcd-df31-44c4-9f76-0dc6d550c02f,edce4133-a516-4477-a95b-80d87ddddc09,b8477caf-9614-4fb3-bd8c-42b9289d40e5,2026-07-11 09:50:09.894644+00,,lắp mới,,,,8b408897-b25d-4ece-91ba-d97dfacec283,,2026-07-13 14:15:40.080084+00
8d41e0a0-5d11-4b46-b7ee-6b86544ad4ee,51c3caaa-2c8d-472b-8e67-d7f8c0e2dcee,b03343a3-d6c1-45f2-bfe5-94e040090c47,2026-07-11 09:50:09.894644+00,,lắp mới,,,,8b408897-b25d-4ece-91ba-d97dfacec283,,2026-07-13 14:15:40.080084+00
d23604f4-1ca6-4bd6-b299-7cf0d8a6a885,567c79f0-2fb3-4af7-bd85-1c2764f719ef,6626a9b8-39fb-4496-9bc5-0c008f881672,2026-07-11 09:50:09.894644+00,,lắp mới,,,,8b408897-b25d-4ece-91ba-d97dfacec283,,2026-07-13 14:15:40.080084+00
5f69ff99-0e0b-448d-8b03-011e9c0634a2,3b18e510-5282-4cbb-a631-8f840759081f,6f60a30a-fadc-4106-8cbe-62bf3ff94f6a,2026-07-11 09:50:09.894644+00,,lắp mới,,,,8b408897-b25d-4ece-91ba-d97dfacec283,,2026-07-13 14:15:40.080084+00
fc3345ae-429a-4414-81e6-4597c7d53749,2bf11bbd-c5fc-4867-a099-7a453666469c,37f712b9-9ccb-4bc9-8bd2-5a2b286a2e80,2026-07-11 09:50:09.894644+00,,lắp mới,,,,8b408897-b25d-4ece-91ba-d97dfacec283,,2026-07-13 14:15:40.080084+00
efa338c6-2751-4c0d-a9a9-8b8177b6000b,3002ac52-5fc1-48a7-a310-51f4869fdc19,f9160d3f-07ee-4b83-ac73-52a76be78757,2026-07-11 09:50:09.894644+00,,lắp mới,,,,f59bf0bd-520b-4245-80db-dc71b7187bf1,,2026-07-13 14:15:40.080084+00
8b3e37f0-a4b1-480f-aa44-6891ae5772d0,fa12a01c-4f93-400b-be42-ecb83aee7f93,f5b34036-faf6-4a37-b1d2-85b71c570ca0,2026-07-11 09:50:09.894644+00,,lắp mới,,,,f59bf0bd-520b-4245-80db-dc71b7187bf1,,2026-07-13 14:15:40.080084+00
2083fe59-1097-41ee-8892-68dcc2d3e859,bf09dec2-18cf-448e-8a76-25d32dd7eca3,af9aa41c-a428-45df-8bd3-18680fd3a311,2026-07-11 09:50:09.894644+00,,lắp mới,,,,f59bf0bd-520b-4245-80db-dc71b7187bf1,,2026-07-13 14:15:40.080084+00
dcbf115b-e007-40bf-93ba-e7982e67b147,bac2fbe9-ddf8-4a70-af33-f51a1d3910bb,42b2709a-defa-4ebe-b1fc-fba5b3b45b29,2026-07-11 09:50:09.894644+00,,lắp mới,,,,f59bf0bd-520b-4245-80db-dc71b7187bf1,,2026-07-13 14:15:40.080084+00
d0a9889a-3b06-46f3-b3d0-70a1076deb82,f301562c-65e5-4284-b8cb-1b2d2639a044,9729331b-3024-41db-bb40-bed9a5a21831,2026-07-11 09:50:09.894644+00,,lắp mới,,,,f59bf0bd-520b-4245-80db-dc71b7187bf1,,2026-07-13 14:15:40.080084+00
d1870fc3-876b-418e-b72f-7b516ff56051,9e69f014-96ae-41d6-820c-dbce649e92db,5dbe0431-53a3-4032-a469-ea6a37ff3db5,2026-07-11 09:50:09.894644+00,,lắp mới,,,,e43c5d4b-3c3c-4486-89da-73e9ac747ab4,,2026-07-13 14:15:40.080084+00
b24fda7a-cef2-424d-9631-fa133ccdf57f,7f8b4670-4fea-4f68-b00f-8cbc523f2302,928d7339-4364-4197-9644-7010f4f39fd5,2026-07-11 09:50:09.894644+00,,lắp mới,,,,f59bf0bd-520b-4245-80db-dc71b7187bf1,,2026-07-13 14:15:40.080084+00
53d06c64-a478-4fae-a448-9ed16b76678f,75cb26d1-184c-4039-8b39-37cd262a8fd8,fe659d0a-d25d-485c-b7bd-373cda101eed,2026-07-11 09:50:09.894644+00,,lắp mới,,,,f59bf0bd-520b-4245-80db-dc71b7187bf1,,2026-07-13 14:15:40.080084+00
c3de72cf-e6d6-4302-b535-3862d8715597,bccf3ad7-f9a9-43f7-9561-b6293f38d0c9,01395236-eb2c-40b9-8f31-1fdaeabc1b6b,2026-07-11 09:50:09.894644+00,,lắp mới,,,,581d9350-905f-46da-b45e-c2d8aba4d868,,2026-07-13 14:15:40.080084+00
2125387e-5ea1-47dd-acc9-ae3201550575,0829f5f1-3dd3-4b1d-a5d6-01930f31cfad,e4b09472-ece8-42b5-bbf1-8be25846e6d8,2026-07-11 09:50:09.894644+00,,lắp mới,,,,f59bf0bd-520b-4245-80db-dc71b7187bf1,,2026-07-13 14:15:40.080084+00
2917be73-b7d4-4277-bebf-224f181902b9,9937d46e-af6c-4106-9008-ac672c36a527,ed164f26-97e3-4e84-8665-9209412cec5f,2026-07-11 09:50:09.894644+00,,lắp mới,,,,f59bf0bd-520b-4245-80db-dc71b7187bf1,,2026-07-13 14:15:40.080084+00
2eec1d38-2756-4aa3-b7d1-2de6de391b3b,ef8d6620-4d3c-467a-abc1-6bacf94e8de1,ea843dc1-eb9d-44f8-b39f-648e65d676c3,2026-07-11 09:50:09.894644+00,,lắp mới,,,,581d9350-905f-46da-b45e-c2d8aba4d868,,2026-07-13 14:15:40.080084+00
8fe25473-cb0f-47ba-a460-7a8d51676a3c,c6f4ce25-ed2a-46ae-8c2a-0ceee809cacf,c3aa4a39-710d-442b-be7a-6e672f7290da,2026-07-11 09:50:09.894644+00,,lắp mới,,,,581d9350-905f-46da-b45e-c2d8aba4d868,,2026-07-13 14:15:40.080084+00
abcc3c5f-395e-4865-8957-3129c4170db5,5301b1f3-fcf6-4bf3-bdc4-9a0a785178d8,e53eb0fb-04e3-4c07-bbcf-d39a60c96200,2026-07-11 09:50:09.894644+00,,lắp mới,,,,581d9350-905f-46da-b45e-c2d8aba4d868,,2026-07-13 14:15:40.080084+00
453535c1-6834-4087-ac58-ba67619c2fa9,7b5b9c71-b41a-4869-9c20-8fc25e9afa4b,41b13cef-355e-4b0a-8891-fc4ec3b1447e,2026-07-11 09:50:09.894644+00,,lắp mới,,,,581d9350-905f-46da-b45e-c2d8aba4d868,,2026-07-13 14:15:40.080084+00
645b424a-0fe8-447f-8d04-9a54e995f711,f9badd9d-b28f-4b4c-b102-7dfad52caa77,cc058133-c8da-49a3-92e4-d132fc910abe,2026-07-11 09:50:09.894644+00,,lắp mới,,,,581d9350-905f-46da-b45e-c2d8aba4d868,,2026-07-13 14:15:40.080084+00
dee204ac-a4f9-4477-b4f9-93e89e304692,de5316bd-9d3c-45fb-90c7-a5d08f4f6ad1,9b914e48-6f59-4ac7-9780-936c8f5a64c4,2026-07-11 09:50:09.894644+00,,lắp mới,,,,f59bf0bd-520b-4245-80db-dc71b7187bf1,,2026-07-13 14:15:40.080084+00
f945966b-cbd6-4962-918b-4131e181f096,ec14832c-e0fa-437f-890c-8845620607e7,627d66c5-5ede-4983-8eba-9dcbd7691a5c,2026-07-11 09:50:09.894644+00,,lắp mới,,,,f59bf0bd-520b-4245-80db-dc71b7187bf1,,2026-07-13 14:15:40.080084+00
c15484fc-9bc9-442f-bd63-8f6120679fbf,a72b87b9-752f-4db4-813c-6e05f6ac0e9f,9a94e18f-c8eb-4fcc-abdb-d7dc00a79e16,2026-07-11 09:50:09.894644+00,,lắp mới,,,,581d9350-905f-46da-b45e-c2d8aba4d868,,2026-07-13 14:15:40.080084+00
512f702e-7968-4a24-999d-fda7d7ed5b21,8018ffb4-c815-4f7b-9031-aa5c6554d3f6,174e9e99-a10d-4ca0-a6cc-c7fd2520e6d7,2026-07-11 09:50:09.894644+00,,lắp mới,,,,581d9350-905f-46da-b45e-c2d8aba4d868,,2026-07-13 14:15:40.080084+00
b99b64f3-0ae9-407a-a742-b931dc300428,c760aaaa-3e5a-4c05-9b7d-014d2ce21cc5,77949dbb-86ed-40cd-9254-1cbe32fdefe0,2026-07-11 09:50:09.894644+00,,lắp mới,,,,e43c5d4b-3c3c-4486-89da-73e9ac747ab4,,2026-07-13 14:15:40.080084+00
71ee5fb5-773f-43d8-800e-95678d28e1f0,dc913ae2-526f-4c5d-ba74-3c9b004fe58f,c86958e4-dd87-4e6c-a258-c3a0f3882194,2026-07-11 09:50:09.894644+00,,lắp mới,,,,581d9350-905f-46da-b45e-c2d8aba4d868,,2026-07-13 14:15:40.080084+00
f8c94fb0-35f3-4dfb-bf35-c07b9bf3d1e7,608476b9-60a3-4b98-8616-8666f353bf88,f0e6b89b-7279-4ed1-9dc9-beb49778626f,2026-07-11 09:50:09.894644+00,,lắp mới,,,,e43c5d4b-3c3c-4486-89da-73e9ac747ab4,,2026-07-13 14:15:40.080084+00
6a3fcac4-cc1a-4d6f-957a-de4f3439d025,29523d51-5eac-4b40-b8a4-be3bc2dc8b51,493c5d52-ea26-4f4a-bd3b-0e2b3a065aaa,2026-07-11 09:50:09.894644+00,,lắp mới,,,,65ac5e26-b0a7-487e-a72d-3f0dfc3facc2,,2026-07-13 14:15:40.080084+00
aeb69639-44ca-41e0-a727-d5c62042a823,144cae50-3a95-47be-aa92-597ba2d0d5c7,ca7fead6-b1be-4966-aaa6-31e042da978e,2026-07-11 09:50:09.894644+00,,lắp mới,,,,f59bf0bd-520b-4245-80db-dc71b7187bf1,,2026-07-13 14:15:40.080084+00
aa6d6d2b-d76a-450c-a14e-556d48bc5522,124ceef3-e2e8-436e-8dcf-c13f89b61a11,8f3c5fd3-db42-48f0-a5f1-09e4427dddcb,2026-07-11 09:50:09.894644+00,,lắp mới,,,,f59bf0bd-520b-4245-80db-dc71b7187bf1,,2026-07-13 14:15:40.080084+00
51f5a2e4-d91e-4a85-a53d-578f963f80b2,88098fa3-44ca-4468-ac9d-d3ddd9ffc518,bac0468f-ad54-4673-8383-8c8539244d5b,2026-07-11 09:50:09.894644+00,,lắp mới,,,,581d9350-905f-46da-b45e-c2d8aba4d868,,2026-07-13 14:15:40.080084+00
d32a5435-17d9-413c-b6f2-250e33588a84,4ef5b4a8-5d84-4f5c-99b6-e369eca188ca,644f7968-51a0-4e5a-82a9-a10123c0e4f4,2026-07-11 09:50:09.894644+00,,lắp mới,,,,65ac5e26-b0a7-487e-a72d-3f0dfc3facc2,,2026-07-13 14:15:40.080084+00
83fda757-c144-428c-bfc5-33f45c750b68,152db0f1-1b98-4cfc-b73f-79ec8efcfc58,08844c61-f7a8-4ab9-b22d-1c30a25b30a4,2026-07-11 09:50:09.894644+00,,lắp mới,,,,65ac5e26-b0a7-487e-a72d-3f0dfc3facc2,,2026-07-13 14:15:40.080084+00
e67a9ef6-c1f3-493a-b039-191f3ba06014,6885e9c7-0093-4d59-bcc5-cf0a53786ae8,611c1016-a663-490b-81ac-d5c23c45a826,2026-07-11 09:50:09.894644+00,,lắp mới,,,,f59bf0bd-520b-4245-80db-dc71b7187bf1,,2026-07-13 14:15:40.080084+00
87573104-7d01-44cf-94de-14cbce157bdc,fe0d831b-8de3-4350-8483-401e10a85980,02be9cab-f89d-488c-87cd-e77271fabf94,2026-07-11 09:50:09.894644+00,,lắp mới,,,,f59bf0bd-520b-4245-80db-dc71b7187bf1,,2026-07-13 14:15:40.080084+00
9f62fd43-ec20-4358-904d-04cec7ca6f57,c124e8dc-6b6f-4436-a55e-b2531c7e00fd,de76e3dc-6cf8-4410-802b-2ca6613e4d97,2026-07-11 09:50:09.894644+00,,lắp mới,,,,f59bf0bd-520b-4245-80db-dc71b7187bf1,,2026-07-13 14:15:40.080084+00
91903bd6-1d6e-4cee-b6e3-af2d318ea432,b4ed5d85-5402-4b32-a3df-5503d0604a7d,16c92118-4032-431f-ac12-11c1003cafce,2026-07-11 09:50:09.894644+00,,lắp mới,,,,f59bf0bd-520b-4245-80db-dc71b7187bf1,,2026-07-13 14:15:40.080084+00
b545cde2-1310-43e4-b472-ec03af6521f0,4bde6999-908a-4f19-b582-3ff5e20908c0,78546fd0-e135-4e01-9c6e-3b06e365f48f,2026-07-11 09:50:09.894644+00,,lắp mới,,,,f59bf0bd-520b-4245-80db-dc71b7187bf1,,2026-07-13 14:15:40.080084+00
184dd7d0-bd13-4e88-8632-65b99f3508cc,1bb173ff-c4c8-4878-85f6-9455fb17cc8d,d75f6c13-5b97-4b72-acfa-a4fff37ebb55,2026-07-11 09:50:09.894644+00,,lắp mới,,,,f59bf0bd-520b-4245-80db-dc71b7187bf1,,2026-07-13 14:15:40.080084+00
29d6b694-fde2-42e2-bfd5-e893c6541e2b,4d55ca63-b634-410e-aeaa-a1f202612c2a,3ae61d20-df96-4436-93c9-fd58f773a916,2026-07-11 09:50:09.894644+00,,lắp mới,,,,f59bf0bd-520b-4245-80db-dc71b7187bf1,,2026-07-13 14:15:40.080084+00
69c98442-7559-4769-a4b4-9efff9983385,128689d9-dcdc-4c58-8ed8-fa5895808f44,77b1fa7e-b3a9-44b2-8d50-9aba478b2a4d,2026-07-11 09:50:09.894644+00,,lắp mới,,,,46e84da7-5a8b-4a79-aa46-2fb4bae1ff26,,2026-07-13 14:15:40.080084+00
5d2edc2a-1e5f-4e57-8cb1-51dea05c532a,d00f84c5-07c8-4b9d-8c08-6fa897531e17,e7ddf0da-ec3a-4cdb-9506-887fc03925bd,2026-07-11 09:50:09.894644+00,,lắp mới,,,,46e84da7-5a8b-4a79-aa46-2fb4bae1ff26,,2026-07-13 14:15:40.080084+00
a5e4254a-a59e-4f35-9d5d-a9d6d616231e,b5418e8f-96dc-4849-bc83-dd163dbd3592,c776b48f-5af8-4821-b137-92f6f650c6d7,2026-07-11 09:50:09.894644+00,,lắp mới,,,,46e84da7-5a8b-4a79-aa46-2fb4bae1ff26,,2026-07-13 14:15:40.080084+00
c1a1131e-2975-4e18-8ece-c8d7cb44bace,e53858c8-c9f3-4e1b-a4ac-b58adcca0b3b,b3dbbd88-e2ff-413f-ba1f-ef24d4f5a6d2,2026-07-11 09:50:09.894644+00,,lắp mới,,,,46e84da7-5a8b-4a79-aa46-2fb4bae1ff26,,2026-07-13 14:15:40.080084+00
7e1b86c5-631b-4c05-9a21-73f5b30c6f09,158f9f45-5735-4d9e-a438-1dbe15ea3c5a,3224e225-2b80-4578-b1b2-954639e745f0,2026-07-11 09:50:09.894644+00,,lắp mới,,,,46e84da7-5a8b-4a79-aa46-2fb4bae1ff26,,2026-07-13 14:15:40.080084+00
8b85c80d-4ac6-4f2a-b395-b054b8222ba5,b51d9461-98be-48ac-a3c2-8c97b7e73fc6,a5579100-1466-446e-b00a-3211348480a1,2026-07-11 09:50:09.894644+00,,lắp mới,,,,581d9350-905f-46da-b45e-c2d8aba4d868,,2026-07-13 14:15:40.080084+00
1d884d86-afa9-4e11-98d4-d8e819049765,e38e38be-178a-4254-bad8-72905f61911e,67a63b9f-0156-471b-a382-65fa94b628a0,2026-07-11 09:50:09.894644+00,,lắp mới,,,,581d9350-905f-46da-b45e-c2d8aba4d868,,2026-07-13 14:15:40.080084+00
9b05fcc2-57b8-46a0-af16-c04e81901ef9,365658ed-d5a7-4475-9ca0-f9d7ff08b38b,7be02bb6-b6a5-417c-8641-a6f61d34b657,2026-07-11 09:50:09.894644+00,,lắp mới,,,,581d9350-905f-46da-b45e-c2d8aba4d868,,2026-07-13 14:15:40.080084+00
a41c1df2-768d-4cc4-8010-f5907061d613,14b5c20b-65da-428e-bc60-583fea4f78e4,5cbee390-3299-400f-b211-dd29bda509c8,2026-07-11 09:50:09.894644+00,,lắp mới,,,,e43c5d4b-3c3c-4486-89da-73e9ac747ab4,,2026-07-13 14:15:40.080084+00
3de0889d-0081-406d-9f2e-2c3846bd433c,246fbb87-8907-4c23-a1d1-2ea0e4e52e8b,ebede61b-c073-4c93-97bf-b14bf90231ad,2026-07-11 09:50:09.894644+00,,lắp mới,,,,e43c5d4b-3c3c-4486-89da-73e9ac747ab4,,2026-07-13 14:15:40.080084+00
5d1173ac-00fd-4669-a569-e3c9177bdf6c,83628b73-2a16-4edf-99ef-b43a0a7bdad3,c6446da7-014b-4413-bf1e-c1f402a25b50,2026-07-11 09:50:09.894644+00,,lắp mới,,,,e43c5d4b-3c3c-4486-89da-73e9ac747ab4,,2026-07-13 14:15:40.080084+00
fc8a1e3c-fe64-4f9d-9bf2-c8bc866f4d5d,3d41c87c-65e2-486c-a989-b646224c666e,0b3a9735-e0ec-4c8a-8e4a-b6f33694a270,2026-07-11 09:50:09.894644+00,,lắp mới,,,,e43c5d4b-3c3c-4486-89da-73e9ac747ab4,,2026-07-13 14:15:40.080084+00
83ff51dc-00ca-4918-9784-b7f5005e731a,ef36e917-02ed-4067-9bec-91985af1e9e2,745a1d3f-11f1-48be-9723-534566caa5c0,2026-07-11 09:50:09.894644+00,,lắp mới,,,,e43c5d4b-3c3c-4486-89da-73e9ac747ab4,,2026-07-13 14:15:40.080084+00
da05637e-80b4-417c-ab18-4e94da9e4363,a56f41f9-8144-419a-a475-8ef6e6f1cf64,582f0910-3810-467a-baab-f0c9bd5f6e65,2026-07-11 09:50:09.894644+00,,lắp mới,,,,65ac5e26-b0a7-487e-a72d-3f0dfc3facc2,,2026-07-13 14:15:40.080084+00
0607cc7d-fd19-4d5b-8d7d-99e8afb3e427,f2ee5a92-e5a6-49f1-8c6d-fd79abc2d5c8,e6049565-1c16-4860-8fe6-e7fad4e62885,2026-07-11 09:50:09.894644+00,,lắp mới,,,,f59bf0bd-520b-4245-80db-dc71b7187bf1,,2026-07-13 14:15:40.080084+00
db364b17-2e7a-4ee0-9484-6ec8d62b2169,fdd56a36-04f3-4ce9-890c-5aebf8fa5c79,4228e3d3-2daa-44d0-bcb1-4b1ff5377c80,2026-07-11 09:50:09.894644+00,,lắp mới,,,,e43c5d4b-3c3c-4486-89da-73e9ac747ab4,,2026-07-13 14:15:40.080084+00
f9e384d0-ba47-4bf1-ad27-acdf5e7cf4d5,307d8a38-b5e1-4700-8ce6-ef508b4db6c6,c1e299f7-89f5-40ac-a0b7-e4c7f9c41a0f,2026-07-11 09:50:09.894644+00,,lắp mới,,,,f59bf0bd-520b-4245-80db-dc71b7187bf1,,2026-07-13 14:15:40.080084+00
919df19c-a40e-4e62-9fd7-5cac5d6bb5b9,0dfa8e8e-6780-4fc5-ad07-884c1b64d050,5f653b6e-aa7e-4ea4-969a-71d2e7cd5dfe,2026-07-11 09:50:09.894644+00,,lắp mới,,,,e43c5d4b-3c3c-4486-89da-73e9ac747ab4,,2026-07-13 14:15:40.080084+00
62752d06-23e2-4925-968f-1e5799e509c6,f1ca1958-ea6f-4ccd-9d52-a0b51aff9c94,d8f99343-e4ed-4301-9d7d-3e23260f42ce,2026-07-11 09:50:09.894644+00,,lắp mới,,,,e43c5d4b-3c3c-4486-89da-73e9ac747ab4,,2026-07-13 14:15:40.080084+00
cbcbbcca-6f94-4b2d-bd50-9ff5cd12a846,6d928d7d-787f-436c-ac59-465e5fae5d57,61014244-4bab-4a06-8a45-dd062a1a3c09,2026-07-11 09:50:09.894644+00,,lắp mới,,,,e43c5d4b-3c3c-4486-89da-73e9ac747ab4,,2026-07-13 14:15:40.080084+00
aaed1733-b72a-45e6-94ec-290fccc9f4f8,f7505158-e298-4917-824d-f194c91c62e1,05716f22-3fb0-4466-a625-a6f49b8de791,2026-07-11 09:50:09.894644+00,,lắp mới,,,,f59bf0bd-520b-4245-80db-dc71b7187bf1,,2026-07-13 14:15:40.080084+00
b3187194-730e-4a54-9b62-95e5904930ab,27e45670-4fae-4d59-93ed-ea232b8788c4,0306db81-2733-49e1-a0f6-79f0faebecf2,2026-07-11 09:50:09.894644+00,,lắp mới,,,,e43c5d4b-3c3c-4486-89da-73e9ac747ab4,,2026-07-13 14:15:40.080084+00
f99e9735-0613-4563-848f-7449764d8e9a,0c3e3e5f-2d85-499b-ad28-d7a2e604f55f,652a96a2-7cf9-48d4-8e67-df8dd565263d,2026-07-11 09:50:09.894644+00,,lắp mới,,,,e43c5d4b-3c3c-4486-89da-73e9ac747ab4,,2026-07-13 14:15:40.080084+00
f80c3953-f67d-47c5-8cb0-3490b27f6fc3,c0b8cdd8-f573-48ce-aca3-c3c606e9f83a,ca5e13dc-15a0-4220-b9d7-e8fa3b161579,2026-07-11 09:50:09.894644+00,,lắp mới,,,,581d9350-905f-46da-b45e-c2d8aba4d868,,2026-07-13 14:15:40.080084+00
db36a02a-cdf3-4bfe-86c6-b7245556fa94,555b5373-8079-4026-9e01-dcc6d68fa75f,1d498044-eb9e-4e79-8aff-6aefb2d2c93b,2026-07-11 09:50:09.894644+00,,lắp mới,,,,e43c5d4b-3c3c-4486-89da-73e9ac747ab4,,2026-07-13 14:15:40.080084+00
95dd471c-d00d-45a4-aa10-215324d393e2,17cb019c-8460-4d9c-a41f-d87d5e935f76,5a390239-f321-498f-a4cd-79087dc2de8b,2026-07-11 09:50:09.894644+00,,lắp mới,,,,e43c5d4b-3c3c-4486-89da-73e9ac747ab4,,2026-07-13 14:15:40.080084+00
f6664d4f-4886-4dc8-88e5-62dd27948d42,b5cf1232-aae1-4b4a-a173-b3ceaf487f47,ebf0e9c4-a166-4a44-a09c-b6eee1b8e352,2026-07-11 09:50:09.894644+00,,lắp mới,,,,e43c5d4b-3c3c-4486-89da-73e9ac747ab4,,2026-07-13 14:15:40.080084+00
776d271e-b2d9-48f5-9a5e-59f3fe7cb142,4328f836-9275-420c-9aa9-911d1dd865a0,29c38e40-aed9-4921-be4d-b8622c577343,2026-07-11 09:50:09.894644+00,,lắp mới,,,,e43c5d4b-3c3c-4486-89da-73e9ac747ab4,,2026-07-13 14:15:40.080084+00
12a0c92a-ee7c-4f92-aab4-127811539d10,e2b316d8-f29a-4d67-82cf-0930de248927,f6b0ad79-34bc-4920-9f66-7d92dd4d516f,2026-07-11 09:50:09.894644+00,,lắp mới,,,,e43c5d4b-3c3c-4486-89da-73e9ac747ab4,,2026-07-13 14:15:40.080084+00
f5a354ca-fd7a-42cd-bea1-f8eab79af195,1ae47fdf-eb21-48b3-b63b-a04a16a7ce86,9c2a1fe9-7876-42a4-956b-329aff383045,2026-07-11 09:50:09.894644+00,,lắp mới,,,,e43c5d4b-3c3c-4486-89da-73e9ac747ab4,,2026-07-13 14:15:40.080084+00
0558ffb7-6ca1-457c-96a1-7ac383dfe00b,cb39f521-e62f-4fac-973a-5328ce038dd6,48912d58-c498-4e92-b69f-bb75df554987,2026-07-11 09:50:09.894644+00,,lắp mới,,,,e43c5d4b-3c3c-4486-89da-73e9ac747ab4,,2026-07-13 14:15:40.080084+00
581ed9d2-a8f7-461e-bc93-b565fc0f12af,20cebda2-0d59-44d7-81f0-76cb3aed04ca,c281867e-4e71-4f4f-ad8f-05680d3041ee,2026-07-11 09:50:09.894644+00,,lắp mới,,,,e43c5d4b-3c3c-4486-89da-73e9ac747ab4,,2026-07-13 14:15:40.080084+00
9fa4528a-d655-407e-8d74-d356bba66375,7013132a-d6b4-4d60-b6f3-3c8f2920b4ac,73e5f1b7-8192-4b0b-9635-b067ec23253c,2026-07-11 09:50:09.894644+00,,lắp mới,,,,e43c5d4b-3c3c-4486-89da-73e9ac747ab4,,2026-07-13 14:15:40.080084+00
3318c895-e5e9-423e-930b-f5f042d6ac98,f9014fb2-8e0e-4d95-b81f-afc9f2e3623b,2731cad7-37e8-4696-a32f-9dfff3569041,2026-07-11 09:50:09.894644+00,,lắp mới,,,,e43c5d4b-3c3c-4486-89da-73e9ac747ab4,,2026-07-13 14:15:40.080084+00
7072c618-525f-44cb-b218-79f5602caff4,ae042530-a580-40af-8ef5-9707a9fe8d65,c44620ac-7970-473b-b7c0-a47bdc762ecc,2026-07-11 09:50:09.894644+00,,lắp mới,,,,e43c5d4b-3c3c-4486-89da-73e9ac747ab4,,2026-07-13 14:15:40.080084+00
14587cb5-4fbf-4ad3-92e5-5dd0527c0a4c,0f83fc26-4962-45b5-a467-a7700d8c7ad4,460d4cad-5dad-4f29-9b34-05b6ab42c4c0,2026-07-11 09:50:09.894644+00,,lắp mới,,,,e43c5d4b-3c3c-4486-89da-73e9ac747ab4,,2026-07-13 14:15:40.080084+00
015565bc-934b-4a4b-aec8-85e024bd3016,ca25e03e-5443-44fb-9a4b-fecc12748c27,3e4848b2-e539-410b-a8a9-9692c851e417,2026-07-11 09:50:09.894644+00,,lắp mới,,,,e43c5d4b-3c3c-4486-89da-73e9ac747ab4,,2026-07-13 14:15:40.080084+00
6a8c9e21-5aaa-4c8e-8d46-9485ccc80da2,2a39d034-33e1-460e-8cfd-175ef115742b,e8843c5c-4ec2-4fbd-818e-5cab9895e13e,2026-07-11 09:50:09.894644+00,,lắp mới,,,,46e84da7-5a8b-4a79-aa46-2fb4bae1ff26,,2026-07-13 14:15:40.080084+00
0c0b70a6-9d4b-4631-b998-6d622c54d767,a4cb8364-9d0d-4cca-a014-d6584f151845,326a9b6b-ef86-47ff-9761-b21a3fc5c64a,2026-07-11 09:50:09.894644+00,,lắp mới,,,,e43c5d4b-3c3c-4486-89da-73e9ac747ab4,,2026-07-13 14:15:40.080084+00
ccf63693-d625-48b8-bd81-c8a1131295ac,34cbc38d-e3c0-4ecf-ad2c-92ad917b9ccb,468e27fc-ba0d-4ac2-9d41-729a34256745,2026-07-11 09:50:09.894644+00,,lắp mới,,,,e43c5d4b-3c3c-4486-89da-73e9ac747ab4,,2026-07-13 14:15:40.080084+00
30e7436a-9e80-4647-adca-e72c081946ce,fda3c527-8be5-454e-a81a-ef270717bef1,d6590871-0980-42b7-b559-c130dff85b4b,2026-07-11 09:50:09.894644+00,,lắp mới,,,,e43c5d4b-3c3c-4486-89da-73e9ac747ab4,,2026-07-13 14:15:40.080084+00
753c1fad-46e1-412b-9cc7-1eec734c7cb5,812a1e7c-d3c3-44b1-873f-4c463ec49982,4864a3fc-f476-4325-9acc-4507e9ce5b0d,2026-07-11 09:50:09.894644+00,,lắp mới,,,,e43c5d4b-3c3c-4486-89da-73e9ac747ab4,,2026-07-13 14:15:40.080084+00
085b041e-257e-4f08-8b2d-975ed263221f,eee6ed3c-f20b-4d57-8fa4-d90f30b888e2,76534b22-49d5-42ba-aa43-fe7d224a0f7e,2026-07-11 09:50:09.894644+00,,lắp mới,,,,e43c5d4b-3c3c-4486-89da-73e9ac747ab4,,2026-07-13 14:15:40.080084+00
c586bdab-3fb3-49e0-8383-7d2774020fb5,db940260-1191-4298-b7b1-d3d8ebad7349,97cf2fe3-8f07-472d-a291-cc1d732c72b1,2026-07-11 09:50:09.894644+00,,lắp mới,,,,e43c5d4b-3c3c-4486-89da-73e9ac747ab4,,2026-07-13 14:15:40.080084+00
38517719-1154-4d05-9b2a-02bb36e7f4fa,c712245c-3382-4097-ac9d-ca7007b134ed,bf9a9c17-c910-4045-a9f7-12cb4383add7,2026-07-11 09:50:09.894644+00,,lắp mới,,,,e43c5d4b-3c3c-4486-89da-73e9ac747ab4,,2026-07-13 14:15:40.080084+00
06d37339-9e39-4506-b576-0873cb455d7e,ff308635-9697-4937-9472-c35ce0405bad,05ba231d-299c-4ba3-9510-8be06aefb460,2026-07-11 09:50:09.894644+00,,lắp mới,,,,f59bf0bd-520b-4245-80db-dc71b7187bf1,,2026-07-13 14:15:40.080084+00
edb7092c-4f78-499f-b1ab-9ebfabcde429,27b8d2e7-7bd9-4e27-b724-42ddd4c6bf8d,8d90136c-8c70-4789-9e1d-fef63ac2f9b9,2026-07-11 09:50:09.894644+00,,lắp mới,,,,f59bf0bd-520b-4245-80db-dc71b7187bf1,,2026-07-13 14:15:40.080084+00
6e968f7c-f85e-4fb2-9321-41aa0cc1d09e,fdf151a6-05af-4073-94f0-0e385c3f05c9,16a55215-42f4-4222-b12e-4c114ecbb1d8,2026-07-11 09:50:09.894644+00,,lắp mới,,,,e43c5d4b-3c3c-4486-89da-73e9ac747ab4,,2026-07-13 14:15:40.080084+00
aebc24b4-22bd-4311-9f4a-afcd687c5721,563b8a1d-dcf2-4b48-8ff5-7b83e9173238,d86d6875-17fe-45c6-a3a7-34ba235b37c3,2026-07-11 09:50:09.894644+00,,lắp mới,,,,e43c5d4b-3c3c-4486-89da-73e9ac747ab4,,2026-07-13 14:15:40.080084+00
dabefe36-6518-4f3c-8433-720780252508,86afc8ea-4662-4ba4-9fd2-1f6731aed8bc,08c54f08-527f-4fa8-990d-4b8a35d8e594,2026-07-11 09:50:09.894644+00,,lắp mới,,,,f59bf0bd-520b-4245-80db-dc71b7187bf1,,2026-07-13 14:15:40.080084+00
cb810b6f-eea2-49e1-9c71-da91951fbe35,7df4533c-5667-4258-9549-cb1010829dfe,ab826a6e-ee8a-4e28-889f-55091e7ca5ad,2026-07-11 09:50:09.894644+00,,lắp mới,,,,e43c5d4b-3c3c-4486-89da-73e9ac747ab4,,2026-07-13 14:15:40.080084+00
9500afb4-423d-4668-877a-48fc6d085d2f,e6b4c32b-f73e-4787-8f35-92e46c50429c,2b86a872-7151-462c-934a-fbcfe4270849,2026-07-11 09:50:09.894644+00,,lắp mới,,,,f59bf0bd-520b-4245-80db-dc71b7187bf1,,2026-07-13 14:15:40.080084+00
a0b37698-f3d8-4cd5-aa0a-59e6ce9adfdf,abd5a062-855c-49c1-b820-86be75d2f991,db96db41-b7e5-4fca-a0fe-d765a2089437,2026-07-11 09:50:09.894644+00,,lắp mới,,,,e43c5d4b-3c3c-4486-89da-73e9ac747ab4,,2026-07-13 14:15:40.080084+00
15620541-bcae-4418-af76-cbd70c6f4879,a5080451-152d-4580-9a02-7122ed5bcbb8,dfb88108-3fda-4bc3-b3f8-443f7e3af800,2026-07-11 09:50:09.894644+00,,lắp mới,,,,e43c5d4b-3c3c-4486-89da-73e9ac747ab4,,2026-07-13 14:15:40.080084+00
d8f3f4de-e865-4f37-8b60-3b6738ca6538,650cd9cb-327d-401d-82ac-d863b9030cc3,0ae0c87d-72c8-4f73-9824-b5f5d3fffa4a,2026-07-11 09:50:09.894644+00,,lắp mới,,,,e43c5d4b-3c3c-4486-89da-73e9ac747ab4,,2026-07-13 14:15:40.080084+00
e6b3f5c9-3ffd-4e01-96f1-81bdb38b0bea,b40f0f63-3816-459c-85cc-556b6730b684,ec48d3ce-f9d8-4772-86b4-a1a76caaec83,2026-07-11 09:50:09.894644+00,,lắp mới,,,,e43c5d4b-3c3c-4486-89da-73e9ac747ab4,,2026-07-13 14:15:40.080084+00
d456e1fd-23f4-4fe1-9b83-9db0b6b58bd6,e49d444a-1448-487e-a70d-27f949b8bdb4,a81e77f1-5fd5-4f68-806e-c00b771e8037,2026-07-11 09:50:09.894644+00,,lắp mới,,,,46e84da7-5a8b-4a79-aa46-2fb4bae1ff26,,2026-07-13 14:15:40.080084+00
3f2f147f-b0b5-441f-afdc-484c26b8463b,24dda52d-3baa-4ff4-9524-533cefb57e1a,c2ea2398-49c2-4407-a41f-6c8ad10aa05a,2026-07-11 09:50:09.894644+00,,lắp mới,,,,e43c5d4b-3c3c-4486-89da-73e9ac747ab4,,2026-07-13 14:15:40.080084+00
4ece1686-70ba-4fbf-a294-0b530d4496ad,b669619e-5ca2-4aad-aefe-dfb5825c8b6e,fb1a6fce-dc88-4a55-996a-abf816080c9c,2026-07-11 09:50:09.894644+00,,lắp mới,,,,f59bf0bd-520b-4245-80db-dc71b7187bf1,,2026-07-13 14:15:40.080084+00
9798124a-d356-407b-acd6-72221a4af1d1,eb573195-f47f-4646-936f-7d95bffee4f2,0081d5ed-e637-4540-8f39-c54324f05b96,2026-07-11 09:50:09.894644+00,,lắp mới,,,,f59bf0bd-520b-4245-80db-dc71b7187bf1,,2026-07-13 14:15:40.080084+00
f96a70e0-8eba-4712-bf61-ab3daa16f7ce,6e7cb06d-dafd-44bd-a5c4-04dd9eab9479,50ee8c27-07ea-499e-853c-e9af334cfdfa,2026-07-11 09:50:09.894644+00,,lắp mới,,,,e43c5d4b-3c3c-4486-89da-73e9ac747ab4,,2026-07-13 14:15:40.080084+00
64386438-eb71-4990-a630-2e48fca19685,175a4b07-e88d-4a8b-9d96-4154a65e73a9,41044649-f6b6-469a-a1d0-02c08532b6ae,2026-07-11 09:50:09.894644+00,,lắp mới,,,,e43c5d4b-3c3c-4486-89da-73e9ac747ab4,,2026-07-13 14:15:40.080084+00
65771d0a-1303-4a0f-8a17-7953c7209721,32b24e6a-4bc9-4128-89f0-c67e1bd8693f,3df858d8-9c99-43f8-aff9-6ff83b1754e8,2026-07-11 09:50:09.894644+00,,lắp mới,,,,f59bf0bd-520b-4245-80db-dc71b7187bf1,,2026-07-13 14:15:40.080084+00
3775846f-4706-4978-91f0-bca55bca7211,955f9e91-26b9-4dbc-aa5a-b9dff8ac14ea,780b9768-a012-4027-b1e3-a4bfe581af55,2026-07-11 09:50:09.894644+00,,lắp mới,,,,e43c5d4b-3c3c-4486-89da-73e9ac747ab4,,2026-07-13 14:15:40.080084+00
75755891-035a-4f22-9a90-a9bc0cf34257,f724df68-d620-4185-986a-334433f1a3d7,0c8d7800-509d-4d5d-a92f-e0832804bc72,2026-07-11 09:50:09.894644+00,,lắp mới,,,,e43c5d4b-3c3c-4486-89da-73e9ac747ab4,,2026-07-13 14:15:40.080084+00
4019c40f-7f81-4927-a733-ec3978969b67,d728a4bc-cfb0-4cdf-b391-631a42152c40,c7c6e911-4945-4db4-bb99-6b8b1b0d3bb3,2026-07-11 09:50:09.894644+00,,lắp mới,,,,e43c5d4b-3c3c-4486-89da-73e9ac747ab4,,2026-07-13 14:15:40.080084+00
07643f98-bc92-449a-89ee-312b30aaa871,8b49aea3-7239-44da-82cc-ef2b4410da3e,01bc9eaa-6cf3-4ac3-8cfc-9e396db970ad,2026-07-11 09:50:09.894644+00,,lắp mới,,,,f59bf0bd-520b-4245-80db-dc71b7187bf1,,2026-07-13 14:15:40.080084+00
5e1700ba-db37-4639-93c8-d493b3893fff,a525dd17-e123-448b-8180-5decfe38df69,5fd3b5c4-b2a3-49c8-a288-620f0fad0d21,2026-07-11 09:50:09.894644+00,,lắp mới,,,,e43c5d4b-3c3c-4486-89da-73e9ac747ab4,,2026-07-13 14:15:40.080084+00
a1f811b9-a3f1-4365-b431-ac56bd58c7dd,f08ca3a9-4686-4aec-a965-360b217ded48,f3cbfed7-f17e-46c5-847b-6d35ca7664ba,2026-07-11 09:50:09.894644+00,,lắp mới,,,,e43c5d4b-3c3c-4486-89da-73e9ac747ab4,,2026-07-13 14:15:40.080084+00
78e808f3-78dc-4b33-9ddb-f128f31cbf81,535cdb34-2fe9-4853-9cf9-4915c4d90c64,7bd4ece4-2d9e-4b79-ae3c-a4d25c1fa1fd,2026-07-12 07:32:02.660724+00,,lắp mới,,,,581d9350-905f-46da-b45e-c2d8aba4d868,,2026-07-13 14:15:40.080084+00
70c9d252-c32b-4021-80ed-a611b24c834a,9fcef4b7-9823-46b2-8825-b3be72bb77cf,2ceaad9d-2798-4f3c-8060-160b5ab9d5d2,2026-07-11 09:50:09.894644+00,,lắp mới,,,,e43c5d4b-3c3c-4486-89da-73e9ac747ab4,,2026-07-13 14:15:40.080084+00
a59714ac-6c49-4dcc-9389-ffdf17dab7e4,99d5dd9b-526e-49bb-80c6-3c8fd9ef54de,b5219f5f-0cea-43d6-a51c-abe63c32cccc,2026-07-11 09:50:09.894644+00,,lắp mới,,,,e43c5d4b-3c3c-4486-89da-73e9ac747ab4,,2026-07-13 14:15:40.080084+00
22905012-cb1d-4ec1-828f-e68830e9cfee,7932bfa1-b13a-4643-9165-2e66e96ab4c5,cb3b40cb-fa81-4dc4-b420-183761e0c530,2026-07-12 07:32:02.865314+00,,lắp mới,,,,581d9350-905f-46da-b45e-c2d8aba4d868,,2026-07-13 14:15:40.080084+00
d88c41dd-dead-4d47-8bc5-a03041040a4d,b164e23f-8834-4db8-99f7-85bdb3633a07,4a54e57c-fd71-47b0-be14-931957d55aaf,2026-07-11 09:50:09.894644+00,,lắp mới,,,,e43c5d4b-3c3c-4486-89da-73e9ac747ab4,,2026-07-13 14:15:40.080084+00
75ed34cf-3dd6-412e-af42-1832e8488fa4,ee58b39b-6b0e-4a8f-94fd-fa28af1a8daa,a9d023c4-0e00-4435-8000-fd9e7cac3050,2026-07-11 09:50:09.894644+00,,lắp mới,,,,e43c5d4b-3c3c-4486-89da-73e9ac747ab4,,2026-07-13 14:15:40.080084+00
ef8590db-910a-4254-9d23-74f459ce70b6,aa6ab70e-f6d1-44ef-b7c9-2a94d02d9da0,16bed946-8dbe-433c-93de-43adb40c16cc,2026-07-11 09:50:09.894644+00,,lắp mới,,,,e43c5d4b-3c3c-4486-89da-73e9ac747ab4,,2026-07-13 14:15:40.080084+00
d283e91a-d73f-4869-98f6-f70cda17cd74,7673a84d-800b-4441-a75d-1e9bbf3307e9,c264d9a9-0aaa-423a-892b-2ae5a0660f4e,2026-07-11 09:50:09.894644+00,,lắp mới,,,,e43c5d4b-3c3c-4486-89da-73e9ac747ab4,,2026-07-13 14:15:40.080084+00
2634ee98-a3c4-4e7b-8988-a458f36f47cb,e3e4486f-f363-4ad0-8ae3-0ecf72f45ebf,f6b90913-4e1e-4fd4-90de-0a1b533a1d98,2026-07-11 09:50:09.894644+00,,lắp mới,,,,e43c5d4b-3c3c-4486-89da-73e9ac747ab4,,2026-07-13 14:15:40.080084+00
94c416f0-6fe1-4249-ab0b-3cee78a74520,ba73ca4f-7cc2-4388-aa4a-b876fafd27d7,a224920f-7bfb-4aa7-ae00-fcd3e58106d6,2026-07-11 09:50:09.894644+00,,lắp mới,,,,e43c5d4b-3c3c-4486-89da-73e9ac747ab4,,2026-07-13 14:15:40.080084+00
29814428-f944-44ea-9023-164bba30e50b,e96d4260-7309-49f7-a24f-3dac55ad8d3c,ce49f1ed-ac39-4395-8a0a-591f05f4abf2,2026-07-11 09:50:09.894644+00,,lắp mới,,,,e43c5d4b-3c3c-4486-89da-73e9ac747ab4,,2026-07-13 14:15:40.080084+00
4cd23c0d-17ae-4693-b17a-4f92a30ea1df,67e5725b-f8f3-4678-ab60-609519fadea4,dc3cdce6-235f-40db-88ca-5b811575ec2c,2026-07-11 09:50:09.894644+00,,lắp mới,,,,e43c5d4b-3c3c-4486-89da-73e9ac747ab4,,2026-07-13 14:15:40.080084+00
90d75952-a1ee-422f-b128-963d125474d7,143a2b6a-e2d3-4e84-bbf5-c42bca0bfe31,f3906bce-58e1-46b5-96c4-64bfc4d6c197,2026-07-11 09:50:09.894644+00,,lắp mới,,,,e43c5d4b-3c3c-4486-89da-73e9ac747ab4,,2026-07-13 14:15:40.080084+00
3ceb222f-aab7-4485-acc1-76cb00f8f06f,4be8ead7-c2cb-4196-87c3-9c4e8431bef6,c66b8583-9f9a-4865-81a8-49c93a5b9b58,2026-07-11 09:50:09.894644+00,,lắp mới,,,,e43c5d4b-3c3c-4486-89da-73e9ac747ab4,,2026-07-13 14:15:40.080084+00
4373824c-bf58-4b93-9dd4-4763d38d4f6f,2e1be138-87b5-46d6-98c0-1d740631b42f,ac15add6-c322-4d41-8af7-c575d5f5286c,2026-07-11 09:50:09.894644+00,,lắp mới,,,,e43c5d4b-3c3c-4486-89da-73e9ac747ab4,,2026-07-13 14:15:40.080084+00
ae56beaa-a6a3-4692-9018-8c382d6b2909,fc59cd2b-9b69-48fc-aa08-3812500af223,9119568c-da9f-40ba-b7a1-c5dc07e908b2,2026-07-11 09:50:09.894644+00,,lắp mới,,,,e43c5d4b-3c3c-4486-89da-73e9ac747ab4,,2026-07-13 14:15:40.080084+00
81303ad7-81b6-4a39-abdd-64d9b486fc4a,bf7be35f-b232-4071-b723-a9e5a427fe1c,14010bb2-df23-48e2-b9ec-1bfaa423bbfd,2026-07-11 09:50:09.894644+00,,lắp mới,,,,e43c5d4b-3c3c-4486-89da-73e9ac747ab4,,2026-07-13 14:15:40.080084+00
db5f1bb0-01a9-476a-b0df-5e60e13ee506,bc3161f2-8b34-40e8-a21f-d67541d7018a,426cde7a-e640-4ab4-9f9a-697e6428f33e,2026-07-11 09:50:09.894644+00,,lắp mới,,,,e43c5d4b-3c3c-4486-89da-73e9ac747ab4,,2026-07-13 14:15:40.080084+00
5510d8e2-d549-4568-bc33-29976605932f,816e3f4d-5527-4aca-8b0e-4b02fd925df5,117402a7-5b4d-485e-bbbe-3d236f4cfb9c,2026-07-11 09:50:09.894644+00,,lắp mới,,,,e43c5d4b-3c3c-4486-89da-73e9ac747ab4,,2026-07-13 14:15:40.080084+00
6d887244-2e48-40ab-943c-4ac4c8774213,caef6fb2-5071-4f23-a4fe-6e8d2582a820,7c818972-fd6e-4731-adcb-df26f8615fc9,2026-07-11 09:50:09.894644+00,,lắp mới,,,,e43c5d4b-3c3c-4486-89da-73e9ac747ab4,,2026-07-13 14:15:40.080084+00
1766aef4-00fe-418e-a9d7-eb8b10451787,f3dd0ca6-83af-421a-82f8-c440c8e0767b,a43b16f7-98cb-46b3-a372-fc846d5f5480,2026-07-11 09:50:09.894644+00,,lắp mới,,,,65ac5e26-b0a7-487e-a72d-3f0dfc3facc2,,2026-07-13 14:15:40.080084+00
eaa9b472-2b55-4d76-be35-55bdb42f4d20,16a6e063-cda3-459e-9e96-440eb47520d1,d6a19d83-43d7-43a8-acaa-b062c92fd741,2026-07-11 09:50:09.894644+00,,lắp mới,,,,f59bf0bd-520b-4245-80db-dc71b7187bf1,,2026-07-13 14:15:40.080084+00
62b7cff7-6024-4fc1-8eb8-74a9a6780445,c71399ca-d8f4-40d7-af7e-e716f90861f2,27d8dc95-1cd2-453a-a732-e45950e2dc90,2026-07-11 09:50:09.894644+00,,lắp mới,,,,65ac5e26-b0a7-487e-a72d-3f0dfc3facc2,,2026-07-13 14:15:40.080084+00
85e77661-095d-4582-8d3a-53e04e68fc5b,7903b2d7-9289-4d85-bd01-ce0ae2f34f64,c903c5a2-467c-4b0f-862c-99accc9bbc2b,2026-07-11 09:50:09.894644+00,,lắp mới,,,,65ac5e26-b0a7-487e-a72d-3f0dfc3facc2,,2026-07-13 14:15:40.080084+00
868b8586-e96d-4cfa-812a-91643a0b421a,c5f671f5-9fad-48ac-babb-c2b99258cf77,e979351b-ecee-4f41-9572-d2d5a302c108,2026-07-11 09:50:09.894644+00,,lắp mới,,,,65ac5e26-b0a7-487e-a72d-3f0dfc3facc2,,2026-07-13 14:15:40.080084+00
228db0c0-aecf-447f-98c6-a02ed746760e,793f6116-76c8-48e7-bc43-cabb97b6db2f,3c26ccaf-09bf-4850-86f5-98f0354fbca0,2026-07-11 09:50:09.894644+00,,lắp mới,,,,65ac5e26-b0a7-487e-a72d-3f0dfc3facc2,,2026-07-13 14:15:40.080084+00
6dfda276-7b2a-46e4-9389-2f2c0aefb2cd,80a6caf4-8cd3-47fb-92f1-a5783f67014d,43d9e02e-0b8e-4bfa-b372-6f255afe0495,2026-07-11 09:50:09.894644+00,,lắp mới,,,,65ac5e26-b0a7-487e-a72d-3f0dfc3facc2,,2026-07-13 14:15:40.080084+00
ecfe1342-4eca-488f-9dfd-e9d7e6884c74,90e8adca-64d2-474f-8630-254ae099550c,94411feb-4f05-4e12-bafa-49f852482fe4,2026-07-11 09:50:09.894644+00,,lắp mới,,,,65ac5e26-b0a7-487e-a72d-3f0dfc3facc2,,2026-07-13 14:15:40.080084+00
39b6b5a6-11bc-487a-997e-43987314e5c4,8a55b31c-dec4-4cc4-a0c9-f9835c814049,efc9642f-4353-4763-828d-d5004a2ba159,2026-07-11 09:50:09.894644+00,,lắp mới,,,,65ac5e26-b0a7-487e-a72d-3f0dfc3facc2,,2026-07-13 14:15:40.080084+00
7e387144-b3a5-49c1-a26b-0c7bf0c93b3b,85c61627-5d81-4552-beaf-e21484edd9bd,cb81c8cf-e693-4266-936a-8b54d674736c,2026-07-11 09:50:09.894644+00,,lắp mới,,,,65ac5e26-b0a7-487e-a72d-3f0dfc3facc2,,2026-07-13 14:15:40.080084+00
da0551be-b93e-4653-b0d8-258f658c3635,b6b1f499-5cae-4eed-b317-1163b89d6913,5b9d4f8c-bb00-4d68-ae3a-6e04dfa1d596,2026-07-11 09:50:09.894644+00,,lắp mới,,,,65ac5e26-b0a7-487e-a72d-3f0dfc3facc2,,2026-07-13 14:15:40.080084+00
a351369a-1bbb-47e6-b888-97656dd776c9,dc7518e3-5bd4-486b-833e-444dfc54a9d2,6cfbcc92-f64b-402b-8635-7364da68a01e,2026-07-11 09:50:09.894644+00,,lắp mới,,,,65ac5e26-b0a7-487e-a72d-3f0dfc3facc2,,2026-07-13 14:15:40.080084+00
944a0b0e-8272-4257-81ab-d51e8a59ac05,279e0fbd-6855-425f-8a5a-d15a82908f41,64af52cf-3703-4a0c-b7a0-6fdb3c8f0b4e,2026-07-11 09:50:09.894644+00,,lắp mới,,,,e43c5d4b-3c3c-4486-89da-73e9ac747ab4,,2026-07-13 14:15:40.080084+00
d139d5cf-1fbc-44cc-872e-ac298bc13c94,3547b26c-f5ce-4f63-a7cd-5f21ce8100ee,28f93b31-5296-4000-910d-07f84f1a3ead,2026-07-11 09:50:09.894644+00,,lắp mới,,,,65ac5e26-b0a7-487e-a72d-3f0dfc3facc2,,2026-07-13 14:15:40.080084+00
deadda6b-6fa2-4c4a-9e20-69ad5715fa52,ca22c960-6e5f-4bc2-8296-f130cf15de0e,0edb0e73-72da-4e41-b85a-d3fd1603399c,2026-07-11 09:50:09.894644+00,,lắp mới,,,,f59bf0bd-520b-4245-80db-dc71b7187bf1,,2026-07-13 14:15:40.080084+00
747c825c-6c47-4764-a6b0-7f2549b8e29c,3bc36743-d7b9-4dbd-9444-c04f87b0ec6c,b75d55e7-f565-4293-866d-c347b1c9da72,2026-07-11 09:50:09.894644+00,,lắp mới,,,,65ac5e26-b0a7-487e-a72d-3f0dfc3facc2,,2026-07-13 14:15:40.080084+00
adde4228-cc6c-4a18-a506-742b2334d9c0,2bb7c23a-631b-400c-9217-1739bdca0c99,22e02e0e-8c00-4d96-9289-8535d64e9c6b,2026-07-11 09:50:09.894644+00,,lắp mới,,,,65ac5e26-b0a7-487e-a72d-3f0dfc3facc2,,2026-07-13 14:15:40.080084+00
e103a3bd-dc2e-4a8b-9f28-105b21cf9945,773cc7b9-929d-45d0-a2b2-910a777dc11b,8d1996ee-34c3-4ce3-80fc-476a54ebd425,2026-07-11 09:50:09.894644+00,,lắp mới,,,,65ac5e26-b0a7-487e-a72d-3f0dfc3facc2,,2026-07-13 14:15:40.080084+00
08cb7811-4f65-43e9-b535-dcd98e060169,2d4132b8-9938-4f7a-8f0b-f188f279f987,f3271b48-df6e-4156-967d-bd702627b0c0,2026-07-11 09:50:09.894644+00,,lắp mới,,,,65ac5e26-b0a7-487e-a72d-3f0dfc3facc2,,2026-07-13 14:15:40.080084+00
2a70a762-a68d-4778-b0ac-99bc4ba9d8cc,3e94ffc6-1d1d-4de5-8ce3-3f224acc3109,33e2933a-b18c-47c5-98c2-629fa07256d1,2026-07-11 09:50:09.894644+00,,lắp mới,,,,f59bf0bd-520b-4245-80db-dc71b7187bf1,,2026-07-13 14:15:40.080084+00
a7b171be-ad77-48ab-b65e-a231e1b0c27c,c2004e07-ca76-4f61-bcc4-7c1ad95c00fb,fd422ccf-ebf4-41f4-8635-c4f2f97c29f2,2026-07-11 09:50:09.894644+00,,lắp mới,,,,f59bf0bd-520b-4245-80db-dc71b7187bf1,,2026-07-13 14:15:40.080084+00
710104ce-2a0f-4624-b041-b83c0dc81044,885b3d26-a3bd-4d31-9486-965b64a800cb,04b5cfc1-1296-4e81-8b5e-1d96e1132076,2026-07-11 09:50:09.894644+00,,lắp mới,,,,f59bf0bd-520b-4245-80db-dc71b7187bf1,,2026-07-13 14:15:40.080084+00
2cea556c-523c-46e7-91ad-8d03f9ab5cee,2cdf323a-8dd7-4ded-be5c-a59837ad74fd,e19eb455-33cf-419f-a3b4-ebb9cc858dbd,2026-07-11 09:50:09.894644+00,,lắp mới,,,,65ac5e26-b0a7-487e-a72d-3f0dfc3facc2,,2026-07-13 14:15:40.080084+00
20cac9b3-af37-48b1-b8a0-cc501b800e10,cf385c0d-987e-459e-87a2-0081cafafe41,aec2a281-d35b-4ef9-80d4-c72b3df14079,2026-07-11 09:50:09.894644+00,,lắp mới,,,,65ac5e26-b0a7-487e-a72d-3f0dfc3facc2,,2026-07-13 14:15:40.080084+00
792918ed-4a6c-4eb8-95b4-4d561df59a35,56c7140c-b417-4fb2-80db-70f725cd6c97,58b58d96-26e0-4222-9a65-7d26d59f5773,2026-07-11 09:50:09.894644+00,,lắp mới,,,,65ac5e26-b0a7-487e-a72d-3f0dfc3facc2,,2026-07-13 14:15:40.080084+00
103f48d3-4f40-4569-b8fa-829e04259688,aee2df96-b533-41aa-9e8d-9d6940bc29de,07299784-e7e2-4444-8351-72216da9e467,2026-07-11 09:50:09.894644+00,,lắp mới,,,,f59bf0bd-520b-4245-80db-dc71b7187bf1,,2026-07-13 14:15:40.080084+00
61832b4b-7060-4586-b198-236cae198f3f,f035436e-1316-47f6-a327-eb420496b4a3,85f64a10-0919-4fe5-a130-2db19a4105d7,2026-07-11 09:50:09.894644+00,,lắp mới,,,,65ac5e26-b0a7-487e-a72d-3f0dfc3facc2,,2026-07-13 14:15:40.080084+00
8256c22c-e146-438f-beab-5fb9e9ec25f7,4f59c6d9-8688-40ce-8505-6334116b6fe8,80d2bf97-61c1-4c3b-b5d7-24919deb478d,2026-07-11 09:50:09.894644+00,,lắp mới,,,,581d9350-905f-46da-b45e-c2d8aba4d868,,2026-07-13 14:15:40.080084+00
f5d0b955-657f-40b1-8194-51af55560e0b,01f39b9d-cd42-4071-afee-bf876051f712,d95ef535-4d6a-4851-9326-b9ad3afbdb57,2026-07-11 09:50:09.894644+00,,lắp mới,,,,581d9350-905f-46da-b45e-c2d8aba4d868,,2026-07-13 14:15:40.080084+00
586f594b-151b-4493-a349-87f38da28717,fd28181e-7ba3-4f51-96ac-1bd39ea44fb8,31943336-cd94-401b-87dc-4c37efc8de4d,2026-07-11 09:50:09.894644+00,,lắp mới,,,,581d9350-905f-46da-b45e-c2d8aba4d868,,2026-07-13 14:15:40.080084+00
c6abc07a-4df2-4abc-a673-bf1fbb646259,4840b92e-947b-4341-b74b-5d547fca23b4,e98b400e-0e50-42bc-a263-2a4524cd2f3c,2026-07-11 09:50:09.894644+00,,lắp mới,,,,581d9350-905f-46da-b45e-c2d8aba4d868,,2026-07-13 14:15:40.080084+00
9b81be57-8a73-40fb-b48b-93d96d5368ed,eecd4de1-e8ca-4142-8369-538d53dfd4cc,530b0031-607b-4761-b384-49d2e420c387,2026-07-11 09:50:09.894644+00,,lắp mới,,,,581d9350-905f-46da-b45e-c2d8aba4d868,,2026-07-13 14:15:40.080084+00
bf3633f7-aac8-45b3-97a3-5c840fac3461,5c9f0082-2c66-4ef0-87b8-247d33db206f,b13f86f0-eb0f-45f4-b557-8d52e46f4957,2026-07-11 09:50:09.894644+00,,lắp mới,,,,65ac5e26-b0a7-487e-a72d-3f0dfc3facc2,,2026-07-13 14:15:40.080084+00
e677854c-acc4-40c1-b021-13363b6178b4,c1b002a7-30e5-45fb-9ca8-86715f61bc76,04b6cae0-b39f-4b6d-81ea-f89f17775ff7,2026-07-11 09:50:09.894644+00,,lắp mới,,,,65ac5e26-b0a7-487e-a72d-3f0dfc3facc2,,2026-07-13 14:15:40.080084+00
04ac51c2-f758-42bb-8e89-39073ae43f0f,306bde79-1b1f-47a4-b570-dc544dee9533,98bf7aad-b6e9-485a-be90-684faa9ffc37,2026-07-11 09:50:09.894644+00,,lắp mới,,,,65ac5e26-b0a7-487e-a72d-3f0dfc3facc2,,2026-07-13 14:15:40.080084+00
018b7d4c-d2ae-457f-99cf-f14db3a29865,fc619348-cd67-4d82-9d09-9c502b9225e0,d431e2d4-1aed-4270-8323-ab4d4004008f,2026-07-11 09:50:09.894644+00,,lắp mới,,,,65ac5e26-b0a7-487e-a72d-3f0dfc3facc2,,2026-07-13 14:15:40.080084+00
f02c96c5-93fe-49ac-b3c6-e187ac180100,8f9ee9db-2c9a-401e-be67-30621786e4b7,a5a42369-fa18-4347-a29f-d80f673480e7,2026-07-11 09:50:09.894644+00,,lắp mới,,,,65ac5e26-b0a7-487e-a72d-3f0dfc3facc2,,2026-07-13 14:15:40.080084+00
b5334432-486d-49ac-bd17-de31fe2c250b,d57d6963-976b-411b-97f8-72c84d3730bc,b27f9a1b-fbc2-4523-8e44-9f66853100f6,2026-07-11 09:50:09.894644+00,,lắp mới,,,,f59bf0bd-520b-4245-80db-dc71b7187bf1,,2026-07-13 14:15:40.080084+00
df6b98a1-96ab-4ea6-bc65-a8a54f3557ba,a44a1de6-ebd9-4c7e-9426-fb08758d0b53,09e6534f-d19e-41a9-82d7-d09db1407f46,2026-07-11 09:50:09.894644+00,,lắp mới,,,,f59bf0bd-520b-4245-80db-dc71b7187bf1,,2026-07-13 14:15:40.080084+00
d308619a-6698-46b0-accb-4931854d1b51,d33fdfbc-39ab-4d66-8412-82af8bd70bd1,0da8c12c-e64f-4b8b-8a0b-2fb5cb13dd9c,2026-07-11 09:50:09.894644+00,,lắp mới,,,,46e84da7-5a8b-4a79-aa46-2fb4bae1ff26,,2026-07-13 14:15:40.080084+00
738bb085-da12-4140-9fb3-d895879cd1d5,16c5ca6b-8a33-4fb3-8c34-f2980e92224d,d7f9dfb9-4f0a-4cb8-b8a7-d16d200f4712,2026-07-11 09:50:09.894644+00,,lắp mới,,,,46e84da7-5a8b-4a79-aa46-2fb4bae1ff26,,2026-07-13 14:15:40.080084+00
3655d179-e296-40c7-a700-639c7c4e8ad3,38dd831c-aeb6-4d91-a6f6-7590f09a00c6,0aa7a544-273f-4942-a6d2-b3444f1b608d,2026-07-11 09:50:09.894644+00,,lắp mới,,,,46e84da7-5a8b-4a79-aa46-2fb4bae1ff26,,2026-07-13 14:15:40.080084+00
76545620-f5bb-484e-8cbf-eca918954ddf,133c030e-e399-4864-ad02-4dd8a5cc467d,bb68c5b5-0bea-4953-a1a9-f7c53926b82f,2026-07-11 09:50:09.894644+00,,lắp mới,,,,46e84da7-5a8b-4a79-aa46-2fb4bae1ff26,,2026-07-13 14:15:40.080084+00
bed27fca-5657-4cfe-a172-17ef6e22c35b,7dbfcb50-2720-458f-aadc-dcb0cbc39aa3,5dc0c18f-292b-4bf6-9a48-ed7606276877,2026-07-11 09:50:09.894644+00,,lắp mới,,,,46e84da7-5a8b-4a79-aa46-2fb4bae1ff26,,2026-07-13 14:15:40.080084+00
384f8290-d208-4163-b182-240ff54236fb,e118e2df-40f4-414b-bea6-dea17645f84d,9d448ba0-76ed-4483-a7ff-7f45f9ee67aa,2026-07-11 09:50:09.894644+00,,lắp mới,,,,46e84da7-5a8b-4a79-aa46-2fb4bae1ff26,,2026-07-13 14:15:40.080084+00
16c734d9-f4da-4059-93e0-dce63bb6f89c,0980c819-22b4-4aef-955a-a3c7a352161b,d914f929-ca0d-4b01-a7c9-8569e26593df,2026-07-11 09:50:09.894644+00,,lắp mới,,,,46e84da7-5a8b-4a79-aa46-2fb4bae1ff26,,2026-07-13 14:15:40.080084+00
ab2d7c98-b393-4e7b-baf4-91a064941237,ff2b8e00-5c11-4c61-ae56-bce10bd36286,5b0eef01-f28a-4200-861f-287c6547f44b,2026-07-11 09:50:09.894644+00,,lắp mới,,,,46e84da7-5a8b-4a79-aa46-2fb4bae1ff26,,2026-07-13 14:15:40.080084+00
c2de4c8d-db36-43aa-8a2a-5ce04e480d63,b6639116-1e86-4bda-8d1f-64bb31fc524d,30437767-c462-4768-b1e4-c4a89c2db411,2026-07-11 09:50:09.894644+00,,lắp mới,,,,46e84da7-5a8b-4a79-aa46-2fb4bae1ff26,,2026-07-13 14:15:40.080084+00
9197edf6-cd9a-4891-af11-b9c7238fdee0,283ed4a2-6a09-412d-84aa-312a38194986,d7b7c484-d22e-427e-83cb-364b33848559,2026-07-11 09:50:09.894644+00,,lắp mới,,,,46e84da7-5a8b-4a79-aa46-2fb4bae1ff26,,2026-07-13 14:15:40.080084+00
30f2f661-81be-4d2b-b7f5-354274b8118b,c9f06b8d-d7f5-4fb0-bd3c-8e86c9da1d71,44b585f2-4ff2-4883-bd71-ca193779961b,2026-07-11 09:50:09.894644+00,,lắp mới,,,,46e84da7-5a8b-4a79-aa46-2fb4bae1ff26,,2026-07-13 14:15:40.080084+00
2605c41c-5023-4b8c-b212-18914275421f,feae807e-0e8e-4f75-acea-cebb7f83adb2,0c2a947f-15c4-47e7-b351-78d8690e90e1,2026-07-11 09:50:09.894644+00,,lắp mới,,,,46e84da7-5a8b-4a79-aa46-2fb4bae1ff26,,2026-07-13 14:15:40.080084+00
ba17b840-2e00-412f-a668-8ed300916a17,ea6bb08e-8419-4411-8635-eb10a710cdf8,426323b9-860c-4b8b-a13e-5092674ccbeb,2026-07-11 09:50:09.894644+00,,lắp mới,,,,46e84da7-5a8b-4a79-aa46-2fb4bae1ff26,,2026-07-13 14:15:40.080084+00
d17b5eef-42f6-4831-9171-f9cda85ef475,47795b72-a8b9-419e-87d8-81d6f11b8160,80fbebfb-38c2-46ff-8375-1c9f40d4c5e9,2026-07-11 09:50:09.894644+00,,lắp mới,,,,46e84da7-5a8b-4a79-aa46-2fb4bae1ff26,,2026-07-13 14:15:40.080084+00
98efded9-12a7-4709-acb5-2fbff811b6b9,2824c870-e6ce-4853-b055-9d463fe1a481,2d64509f-1878-46f8-a01d-7b34bba27af3,2026-07-11 09:50:09.894644+00,,lắp mới,,,,46e84da7-5a8b-4a79-aa46-2fb4bae1ff26,,2026-07-13 14:15:40.080084+00
60405d98-09aa-4f06-ac43-78c05f1d3282,41761e6b-177b-46a2-9afb-3e968ea6a783,1c0c4d71-ac09-4c90-a29b-0cafc9c0b8ae,2026-07-11 09:50:09.894644+00,,lắp mới,,,,46e84da7-5a8b-4a79-aa46-2fb4bae1ff26,,2026-07-13 14:15:40.080084+00
6870e4b9-61ae-442f-a1ef-324598d60486,7a8f3206-0ddf-48ba-90ee-f8030da61bd6,203c1732-c6f3-4258-b389-18b65a01b9f2,2026-07-11 09:50:09.894644+00,,lắp mới,,,,46e84da7-5a8b-4a79-aa46-2fb4bae1ff26,,2026-07-13 14:15:40.080084+00
8ba75a05-1566-4e69-8921-2e754e7e32c5,a2a36391-25d6-4f36-93e8-94b8d5d51719,e3ae4467-1eac-482b-8566-2169da04afbe,2026-07-11 09:50:09.894644+00,,lắp mới,,,,46e84da7-5a8b-4a79-aa46-2fb4bae1ff26,,2026-07-13 14:15:40.080084+00
ac3ad242-6cfc-4623-8c09-1dce8b66e37e,c252eda7-94c7-4851-8eea-9056359cd57a,33d63036-3303-4162-8087-8a5fa64818a8,2026-07-11 09:50:09.894644+00,,lắp mới,,,,46e84da7-5a8b-4a79-aa46-2fb4bae1ff26,,2026-07-13 14:15:40.080084+00
12f8fee4-27c3-40f4-9f18-53c6dddcff20,c0a8d266-ffb6-46a6-af2a-16d83874455d,30302ada-253c-4a0d-bbc5-3c0565ebd66b,2026-07-11 09:50:09.894644+00,,lắp mới,,,,f59bf0bd-520b-4245-80db-dc71b7187bf1,,2026-07-13 14:15:40.080084+00
2bd7dd46-6f16-4251-8538-ad3ba1f1ff1e,cb6b2679-1786-46a8-8261-e57b3f73302b,d844a62b-c68a-4e8c-ba28-2637045bf697,2026-07-11 09:50:09.894644+00,,lắp mới,,,,f59bf0bd-520b-4245-80db-dc71b7187bf1,,2026-07-13 14:15:40.080084+00
8d4278b6-ccbb-4743-8be9-f206553efe40,6d118229-4bde-4a9b-9678-05c9fde917be,afbeee3d-a470-4333-bcd1-7cb16c994642,2026-07-11 09:50:09.894644+00,,lắp mới,,,,f59bf0bd-520b-4245-80db-dc71b7187bf1,,2026-07-13 14:15:40.080084+00
6c53ed44-74e3-41ca-a44b-a8c56741744e,4b0dfaef-20fa-4b27-9da7-51ba0635c785,f6af1d84-5bce-40d8-9bfc-7cd5267bc4a9,2026-07-11 09:50:09.894644+00,,lắp mới,,,,f59bf0bd-520b-4245-80db-dc71b7187bf1,,2026-07-13 14:15:40.080084+00
ef98292d-bb8f-4fb6-9b51-af3aba1e3fce,250ecd27-c739-4bd6-a5c3-0ed1e4a2617c,044dea87-339f-43b5-9b2e-23ffca10c48b,2026-07-11 09:50:09.894644+00,,lắp mới,,,,f59bf0bd-520b-4245-80db-dc71b7187bf1,,2026-07-13 14:15:40.080084+00
1f46f9ff-0858-4c43-95ea-7bfe9fe691f1,44ffc022-6a28-48bc-ada4-8e3e106b7225,42318abc-afbf-4a17-9fc2-e1d8c3ca44a1,2026-07-11 09:50:09.894644+00,,lắp mới,,,,f59bf0bd-520b-4245-80db-dc71b7187bf1,,2026-07-13 14:15:40.080084+00
b7ea67df-d436-4f02-b00c-1e2a2aca2411,bc12a508-f4a1-426a-8488-2ce6e0cee09a,b10eb626-a2ab-47a9-a1ac-2106d39be86e,2026-07-11 09:50:09.894644+00,,lắp mới,,,,f59bf0bd-520b-4245-80db-dc71b7187bf1,,2026-07-13 14:15:40.080084+00
1e6b604c-daa5-46ee-993b-1be1f569ac47,c43103cf-b86a-473a-98f8-edc188e09e26,83f5d0ed-672b-45a3-99cb-1dade6df02dc,2026-07-11 09:50:09.894644+00,,lắp mới,,,,f59bf0bd-520b-4245-80db-dc71b7187bf1,,2026-07-13 14:15:40.080084+00
24e5e711-e6b5-4742-b246-2df9d32bf60c,12f1c36f-90d7-46ac-9e62-77d6598bb001,bfe91584-c1b6-46b9-83bd-872b134979ed,2026-07-11 09:50:09.894644+00,,lắp mới,,,,f59bf0bd-520b-4245-80db-dc71b7187bf1,,2026-07-13 14:15:40.080084+00
72aa1290-7052-4a68-9f2f-130387bf53e6,b318abc8-93e1-482e-ad24-5979e76a7be5,af6b49e9-8a23-408c-92a5-17e08d7eb9f3,2026-07-11 09:50:09.894644+00,,lắp mới,,,,f59bf0bd-520b-4245-80db-dc71b7187bf1,,2026-07-13 14:15:40.080084+00
fa4cd315-f5eb-49c1-b3e3-0083665cc20b,e5817c7e-38fb-4097-9226-845fd6293d68,169ac7e4-937b-4f7a-9e36-e9daadf49e7e,2026-07-11 09:50:09.894644+00,,lắp mới,,,,f59bf0bd-520b-4245-80db-dc71b7187bf1,,2026-07-13 14:15:40.080084+00
81a94d86-dc5c-4d65-a05b-6a3c9a0951f7,b52b732d-3631-48c8-ad6c-62c3ea47557a,256a26cc-108e-463a-8f42-9f41273872ab,2026-07-11 09:50:09.894644+00,,lắp mới,,,,46e84da7-5a8b-4a79-aa46-2fb4bae1ff26,,2026-07-13 14:15:40.080084+00
30d48101-bd53-4f4f-be04-891e24dde225,52c475c7-421a-4510-9b93-014e11b67347,5696e1b6-78c1-47de-86bd-f22fa0601c42,2026-07-11 09:50:09.894644+00,,lắp mới,,,,f59bf0bd-520b-4245-80db-dc71b7187bf1,,2026-07-13 14:15:40.080084+00
7f8b4a7f-6539-478e-b8d5-a3882d00d48f,a74db3c4-296a-48ed-8890-91994b127abb,7803d454-e34a-438a-ae1f-bbad0880380b,2026-07-11 09:50:09.894644+00,,lắp mới,,,,f59bf0bd-520b-4245-80db-dc71b7187bf1,,2026-07-13 14:15:40.080084+00
ff23c79e-ebef-4733-ad85-91e1ffa5555b,306dc1ec-9083-40e7-be80-fb0ffae39b10,25e2509e-7331-4a80-85c2-a87f51050c17,2026-07-11 09:50:09.894644+00,,lắp mới,,,,f59bf0bd-520b-4245-80db-dc71b7187bf1,,2026-07-13 14:15:40.080084+00
b19a5179-9369-49e3-8bf7-8f7b0856c48a,e76c32f1-a8d4-4b43-a08b-3fa5394819e6,ca7715b7-3949-431f-aaa1-cee0ce50d987,2026-07-11 09:50:09.894644+00,,lắp mới,,,,f59bf0bd-520b-4245-80db-dc71b7187bf1,,2026-07-13 14:15:40.080084+00
eedf9dc7-1789-4b16-abf9-39ec436f0592,1924523c-5318-4de9-988d-f767dd8387da,1636e627-5b47-4e23-a30c-2ce405e10345,2026-07-11 09:50:09.894644+00,,lắp mới,,,,f59bf0bd-520b-4245-80db-dc71b7187bf1,,2026-07-13 14:15:40.080084+00
1d1b420a-c14b-43e6-97e9-04d0c8a99f9d,cebb9b1e-0b60-4ec0-affa-590feb8c3229,8111cc60-460b-4c50-b769-cdb2b48876b3,2026-07-11 09:50:09.894644+00,,lắp mới,,,,f59bf0bd-520b-4245-80db-dc71b7187bf1,,2026-07-13 14:15:40.080084+00
83a936aa-661a-45e3-822d-200b3fd7db68,060e4484-4a4c-4a82-93b2-319f0ba442ab,ca6cd15e-efbd-4903-8d8b-7274b2506627,2026-07-11 09:50:09.894644+00,,lắp mới,,,,46e84da7-5a8b-4a79-aa46-2fb4bae1ff26,,2026-07-13 14:15:40.080084+00
6178529a-a3af-4874-a4d5-8624fa74f4e7,39654c87-2386-4d01-ab21-95ef9225e9d6,f5b5927e-fa65-43f5-907a-0419a6ef0842,2026-07-11 09:50:09.894644+00,,lắp mới,,,,46e84da7-5a8b-4a79-aa46-2fb4bae1ff26,,2026-07-13 14:15:40.080084+00
c763b225-72d9-4170-ac2c-4a16e1a83da7,490d5de4-4534-42d8-bace-f13be8f13d46,8428e496-59b3-4ad9-8181-7c4faf2cba3a,2026-07-11 09:50:09.894644+00,,lắp mới,,,,46e84da7-5a8b-4a79-aa46-2fb4bae1ff26,,2026-07-13 14:15:40.080084+00
0f675a03-0ea2-4d9b-8147-7417bc020724,7f5545bd-8b57-4a33-9206-8503ae05c511,5227bfb3-c079-40a0-b6a6-9b396fbb944b,2026-07-11 09:50:09.894644+00,,lắp mới,,,,46e84da7-5a8b-4a79-aa46-2fb4bae1ff26,,2026-07-13 14:15:40.080084+00
5a5db7d5-ced4-4dbb-a614-f562273e710c,bc9cde08-4408-4184-8266-bfc6f45facb4,de625f01-2181-434d-9b44-d9add344c450,2026-07-11 09:50:09.894644+00,,lắp mới,,,,46e84da7-5a8b-4a79-aa46-2fb4bae1ff26,,2026-07-13 14:15:40.080084+00
d45702db-bcd9-46ed-9924-8ab7e3322c27,fc467e83-2f1e-4036-a195-f50190ef0c5a,fa3b498f-f32d-4a95-8adc-47e2a78ef249,2026-07-11 09:50:09.894644+00,,lắp mới,,,,46e84da7-5a8b-4a79-aa46-2fb4bae1ff26,,2026-07-13 14:15:40.080084+00
2cc117a9-48f3-40b6-9a1c-d76f60c42c97,ad1d13c6-4e39-452e-a714-6d5b1764cc06,bbf3a96f-fae0-4779-b4aa-783791b74512,2026-07-11 09:50:09.894644+00,,lắp mới,,,,581d9350-905f-46da-b45e-c2d8aba4d868,,2026-07-13 14:15:40.080084+00
d6fe62a4-8d72-45f8-9702-5b7b8f176eda,118994ea-0a85-43dc-83dd-fc2642cdcd94,cf06b19a-720e-418b-be3f-712440807d76,2026-07-11 09:50:09.894644+00,,lắp mới,,,,581d9350-905f-46da-b45e-c2d8aba4d868,,2026-07-13 14:15:40.080084+00
bd9c91c6-88e4-4097-94d2-0d7948b786cc,a9109750-d8b7-423e-99cf-441dca12918f,f1a8030b-3d74-484b-9123-a56a665392d2,2026-07-11 09:50:09.894644+00,,lắp mới,,,,581d9350-905f-46da-b45e-c2d8aba4d868,,2026-07-13 14:15:40.080084+00
6dea7177-382f-41c6-8dec-43f15588a639,dce71d8d-605d-4566-be69-1c1d41ff913c,17950c72-952d-4d97-9289-055ffc4ed701,2026-07-11 09:50:09.894644+00,,lắp mới,,,,46e84da7-5a8b-4a79-aa46-2fb4bae1ff26,,2026-07-13 14:15:40.080084+00
d32f3c8b-4a83-497e-8bae-f5a04570b857,7c80e4bb-ae3b-4ce2-845c-ad2195c90c76,9fff1574-23aa-486a-8323-987c630a3529,2026-07-11 09:50:09.894644+00,,lắp mới,,,,581d9350-905f-46da-b45e-c2d8aba4d868,,2026-07-13 14:15:40.080084+00
260b2c0b-bbcc-499d-a088-9e43bcf9f926,d8bffa15-8ab9-45f4-b29d-25a6af75be7b,626e1f42-37ea-4331-9024-72752e581905,2026-07-11 09:50:09.894644+00,,lắp mới,,,,581d9350-905f-46da-b45e-c2d8aba4d868,,2026-07-13 14:15:40.080084+00
56daea3c-06e5-4774-bf52-9f87c9dbd17a,0addbd7c-43b7-4dac-9ef8-7f18215f3e50,57f49c06-2475-4761-9e2b-95a6af0274ab,2026-07-11 09:50:09.894644+00,,lắp mới,,,,581d9350-905f-46da-b45e-c2d8aba4d868,,2026-07-13 14:15:40.080084+00
5c61e961-d967-4fbf-91b8-ab65f64221e6,e90587db-1733-4b3e-a267-6231959e2b98,efc5ad30-d851-43e1-b2b6-5a11b011250d,2026-07-11 09:50:09.894644+00,,lắp mới,,,,581d9350-905f-46da-b45e-c2d8aba4d868,,2026-07-13 14:15:40.080084+00
84167ba3-6403-4c1d-99b5-f62a29005e75,17284717-16cc-4ce8-9675-9b3e7ab2a53e,285f84c9-879e-405c-9c95-719fa30dac32,2026-07-11 09:50:09.894644+00,,lắp mới,,,,581d9350-905f-46da-b45e-c2d8aba4d868,,2026-07-13 14:15:40.080084+00
6d84957c-124d-416b-8ed2-ead6016952d3,31a5eb79-cea3-414c-bcdc-5241549451d8,e5391d13-973b-4ca2-923a-cafb8886feee,2026-07-11 09:50:09.894644+00,,lắp mới,,,,581d9350-905f-46da-b45e-c2d8aba4d868,,2026-07-13 14:15:40.080084+00
7d078f16-df71-4753-a3c7-2fe2f926ada6,53afc8a8-e606-47b3-97b9-72cea323701a,6656e3fc-ae93-41a6-aeca-98c5e5094e18,2026-07-11 09:50:09.894644+00,,lắp mới,,,,46e84da7-5a8b-4a79-aa46-2fb4bae1ff26,,2026-07-13 14:15:40.080084+00
d5bc7659-54b5-4235-a246-43c7da3bcbc4,903b9aa2-3baa-42fd-8e54-6ad64b1cb4b9,8891559a-ef75-4376-8d78-821c77cff7ef,2026-07-11 09:50:09.894644+00,,lắp mới,,,,581d9350-905f-46da-b45e-c2d8aba4d868,,2026-07-13 14:15:40.080084+00
2d840aea-2515-4b7f-94de-b1146a8ac97f,20c9db55-6fe2-4850-a34f-3a1a97e01bbc,23c6b612-070b-486d-b124-1ef68d86dc05,2026-07-11 09:50:09.894644+00,,lắp mới,,,,581d9350-905f-46da-b45e-c2d8aba4d868,,2026-07-13 14:15:40.080084+00
5a96a8e1-f0d7-4836-8b30-35c27b8328ec,b7fcf30c-b19a-4e8a-bf1d-4399f66999ea,408a914b-fc52-433f-8781-262a69bc5f26,2026-07-11 09:50:09.894644+00,,lắp mới,,,,46e84da7-5a8b-4a79-aa46-2fb4bae1ff26,,2026-07-13 14:15:40.080084+00
a99b7608-04b9-47b1-8856-31724b240fb7,751d1f13-a1ce-41ea-a128-4018f9f7cabf,c471f1b0-c7a2-496f-841a-3c4926dae710,2026-07-11 09:50:09.894644+00,,lắp mới,,,,46e84da7-5a8b-4a79-aa46-2fb4bae1ff26,,2026-07-13 14:15:40.080084+00
81315934-5c41-4386-bc6a-4347cabf8638,f3fc59b8-0ad6-46dc-9a6d-856592e3b010,3bcf80b9-8e4f-4a1b-9383-1be19d17207f,2026-07-11 09:50:09.894644+00,,lắp mới,,,,46e84da7-5a8b-4a79-aa46-2fb4bae1ff26,,2026-07-13 14:15:40.080084+00
03f4b6d6-6af2-48a0-99f7-c2e0e564ff3d,9b5316fe-2b04-40fd-98b7-41db94070fec,762480b6-0b84-47f9-b2a4-9dcbb507997b,2026-07-11 09:50:09.894644+00,,lắp mới,,,,46e84da7-5a8b-4a79-aa46-2fb4bae1ff26,,2026-07-13 14:15:40.080084+00
30cca7ff-1e30-4348-8ee5-e581028047e2,3c9d8ea0-c8a5-4ff6-90ad-b4ae6cac2b04,eca527ef-5a0c-4966-b2eb-14e8a5ca83a6,2026-07-11 09:50:09.894644+00,,lắp mới,,,,581d9350-905f-46da-b45e-c2d8aba4d868,,2026-07-13 14:15:40.080084+00
6296b430-4a41-45f5-90f6-9b6981db261d,970daafb-cf75-44e2-829c-f512106dcee0,9344dd57-808a-45b1-afcf-3b8fe9d457c4,2026-07-11 09:50:09.894644+00,,lắp mới,,,,581d9350-905f-46da-b45e-c2d8aba4d868,,2026-07-13 14:15:40.080084+00
78640ab9-98b2-4217-bbd3-e6c9daa661f6,6f550ad3-415a-4610-b07c-48c036c7f675,5839506f-02a6-4857-8623-9a2cbd5f2825,2026-07-11 09:50:09.894644+00,,lắp mới,,,,581d9350-905f-46da-b45e-c2d8aba4d868,,2026-07-13 14:15:40.080084+00
bd063793-66ff-4c27-9cc0-6bd492eacbdb,b381e721-28ed-443d-9a3f-267aeebb32e7,2210731d-5ab0-40c1-8c91-61f9d2d0be2c,2026-07-11 09:50:09.894644+00,,lắp mới,,,,e43c5d4b-3c3c-4486-89da-73e9ac747ab4,,2026-07-13 14:15:40.080084+00
cbfae3cb-fed6-49ff-9a89-063b578a6e0b,1b6639e8-b17c-408a-b6b3-9435b3e372bd,92e7432a-2d9f-4440-838a-160e2a7c1d8b,2026-07-11 09:50:09.894644+00,,lắp mới,,,,e43c5d4b-3c3c-4486-89da-73e9ac747ab4,,2026-07-13 14:15:40.080084+00
fa60e837-5d3e-43ea-8218-b6105eb49375,13ae0029-272f-4ac3-bff4-42db3e2ca33e,342386f1-6bf1-41c3-b737-9d636e9a32e2,2026-07-11 09:50:09.894644+00,,lắp mới,,,,e43c5d4b-3c3c-4486-89da-73e9ac747ab4,,2026-07-13 14:15:40.080084+00
eeae56c3-9d5a-4673-8209-726e3085627c,8e33d4d9-4284-47fb-86b4-c3e69c41d1c4,487d8f3f-c81c-4654-b8d4-7b8a54e6c23d,2026-07-11 09:50:09.894644+00,,lắp mới,,,,e43c5d4b-3c3c-4486-89da-73e9ac747ab4,,2026-07-13 14:15:40.080084+00
5e7cf687-f451-48a6-bf8e-c36c15eb82be,48b942b1-82fc-4908-8b4f-8ba60b272c3e,0642f81d-df4b-4408-9f5c-5952a7d4cbcd,2026-07-11 09:50:09.894644+00,,lắp mới,,,,e43c5d4b-3c3c-4486-89da-73e9ac747ab4,,2026-07-13 14:15:40.080084+00
c8a7735b-fe68-46a2-bf7a-35f9316e4ffd,0a50f466-3058-48c2-a4e6-a9723f9b47fd,c9a91403-4b96-48d1-9e84-aa6a9844f038,2026-07-11 09:50:09.894644+00,,lắp mới,,,,e43c5d4b-3c3c-4486-89da-73e9ac747ab4,,2026-07-13 14:15:40.080084+00
a6c5a08a-0b7b-4726-8053-6b6d39820b07,4ebc03c6-d026-46af-b0ec-e5d19d27a5ed,b713a65b-6460-4744-bf97-750c3cbb9f0b,2026-07-11 09:50:09.894644+00,,lắp mới,,,,e43c5d4b-3c3c-4486-89da-73e9ac747ab4,,2026-07-13 14:15:40.080084+00
b4b4de95-3c1a-4a13-84bd-3bc77247553d,db2fd7ec-5585-4913-868b-dfb42a384486,8a86b8b1-82eb-4354-8b02-4b030c6878d6,2026-07-11 09:50:09.894644+00,,lắp mới,,,,e43c5d4b-3c3c-4486-89da-73e9ac747ab4,,2026-07-13 14:15:40.080084+00
e1335a95-322a-42c1-a146-0d606c4692c3,e6cdcf01-1515-425a-8192-69f2be3331d0,eebafab3-fae6-464e-81c7-09529aa2ff9f,2026-07-11 09:50:09.894644+00,,lắp mới,,,,65ac5e26-b0a7-487e-a72d-3f0dfc3facc2,,2026-07-13 14:15:40.080084+00
79a24d92-b1fc-4434-a9cc-1d51237358af,feb23abe-4b10-4d17-b599-ee880ca82040,2d2b7b48-1c3b-40f4-8ee2-563a5a02e452,2026-07-11 09:50:09.894644+00,,lắp mới,,,,65ac5e26-b0a7-487e-a72d-3f0dfc3facc2,,2026-07-13 14:15:40.080084+00
2f813bed-2950-4e7b-9e7f-bcd4bd51dd10,edcdcf7f-a48b-486e-8fc9-7f0c2f43f841,3387501d-c57f-4901-9b85-5ff0515b138f,2026-07-11 09:50:09.894644+00,,lắp mới,,,,65ac5e26-b0a7-487e-a72d-3f0dfc3facc2,,2026-07-13 14:15:40.080084+00
3afeb3e0-2897-4181-b03e-a3b252a93564,bb1183bb-28ae-481c-bc6a-831e4fe64144,913afaa8-0342-4359-938e-4b6e87b401f0,2026-07-11 09:50:09.894644+00,,lắp mới,,,,65ac5e26-b0a7-487e-a72d-3f0dfc3facc2,,2026-07-13 14:15:40.080084+00
865ce187-a0da-4074-b4b3-f5c2bea5cb24,e532da4e-cea5-4140-90ac-5a314b6018dd,bc770441-c06a-4e52-bf5a-41d0e2a21629,2026-07-11 09:50:09.894644+00,,lắp mới,,,,e43c5d4b-3c3c-4486-89da-73e9ac747ab4,,2026-07-13 14:15:40.080084+00
a263723f-ed54-45af-8dd5-6811b2c23eb8,d37db451-71f0-4531-bb59-4c8f4261c703,df1530f1-2cd6-49ae-a470-6716c6cbf87f,2026-07-11 09:50:09.894644+00,,lắp mới,,,,65ac5e26-b0a7-487e-a72d-3f0dfc3facc2,,2026-07-13 14:15:40.080084+00
54cd9be5-797f-476c-9e0b-dbb1cf2d99a8,ceda6eaf-14bb-40bd-b980-ae86660d5caa,fd83b57e-a550-4c69-a95e-bc157d38ebbc,2026-07-11 09:50:09.894644+00,,lắp mới,,,,e43c5d4b-3c3c-4486-89da-73e9ac747ab4,,2026-07-13 14:15:40.080084+00
21605232-cfc8-488c-964a-c7317d9bfa12,dafa7c0b-8101-4a4e-82da-55c02bb2286d,2edbcf70-2308-4c26-b70a-9aa4ab2d88c4,2026-07-11 09:50:09.894644+00,,lắp mới,,,,e43c5d4b-3c3c-4486-89da-73e9ac747ab4,,2026-07-13 14:15:40.080084+00
ab821753-6160-40d4-96d6-e86ad2e80be0,cd120bdb-b45d-44a7-a826-fdd4c6625977,d5d496ac-3480-425f-bddd-ca0f9124af25,2026-07-11 09:50:09.894644+00,,lắp mới,,,,e43c5d4b-3c3c-4486-89da-73e9ac747ab4,,2026-07-13 14:15:40.080084+00
b31e118b-78c7-412c-8bac-cf58587047a5,92b83ae8-0107-4a52-90fb-2c10676c3e7d,960d9d70-07d1-4674-931d-6c9202e5f486,2026-07-11 09:50:09.894644+00,,lắp mới,,,,e43c5d4b-3c3c-4486-89da-73e9ac747ab4,,2026-07-13 14:15:40.080084+00
04e247f1-d106-43e3-879c-1080df8cc4f7,b59996e3-a0ab-4054-95fd-ec8b51932fd5,39b2fdf5-156e-440a-9d0d-d7b58c44d993,2026-07-11 09:50:09.894644+00,,lắp mới,,,,e43c5d4b-3c3c-4486-89da-73e9ac747ab4,,2026-07-13 14:15:40.080084+00
ceab3b76-b968-4412-811b-9ab2f5b08b68,0e607bca-2a18-4af8-8807-d527707389b2,690343fe-6422-420d-b41f-0c40615297a1,2026-07-11 09:50:09.894644+00,,lắp mới,,,,65ac5e26-b0a7-487e-a72d-3f0dfc3facc2,,2026-07-13 14:15:40.080084+00
8e5d5496-dcff-4cff-a34a-1d29cf4756ea,309bf122-d0cd-4aee-8716-86cdfec12e2a,800b86f9-4c52-4cd3-b845-43ad521d2538,2026-07-11 09:50:09.894644+00,,lắp mới,,,,e43c5d4b-3c3c-4486-89da-73e9ac747ab4,,2026-07-13 14:15:40.080084+00
d73b6bb3-76f9-426f-8777-ac2c812163a7,4d6eb5aa-30bd-476c-ad32-e84f7e788238,3a508722-f359-40ac-8c95-3c7ca16826b0,2026-07-11 09:50:09.894644+00,,lắp mới,,,,e43c5d4b-3c3c-4486-89da-73e9ac747ab4,,2026-07-13 14:15:40.080084+00
fbdcf1de-4e42-4181-894d-c093b8d247f5,54cfe0dd-40f0-490d-ad96-b8e77f678a3b,330828f8-d17b-4450-aa48-3a3c5601efa3,2026-07-11 09:50:09.894644+00,,lắp mới,,,,e43c5d4b-3c3c-4486-89da-73e9ac747ab4,,2026-07-13 14:15:40.080084+00
9e80bb46-e585-4591-8098-4f3c0ccb0f39,c60c3a26-5550-4ab3-a1c6-e2ec9344a496,ccb27ab7-3c15-4721-8b47-99499a3dd5e5,2026-07-11 09:50:09.894644+00,,lắp mới,,,,e43c5d4b-3c3c-4486-89da-73e9ac747ab4,,2026-07-13 14:15:40.080084+00
b2f73865-cf8a-4b16-8e7f-567d2ba1dfbc,e69b284e-9024-46a3-9259-4e77f2d5ade5,1673b141-aa93-495a-81a2-eac6fa0adb5d,2026-07-11 09:50:09.894644+00,,lắp mới,,,,65ac5e26-b0a7-487e-a72d-3f0dfc3facc2,,2026-07-13 14:15:40.080084+00
ffd9c808-3245-44ee-ad0b-f105e5c25b55,d0d672a8-be96-404d-9dab-418beb98c5f2,72b85e48-8148-478d-b2aa-5852c6f9e69f,2026-07-11 09:50:09.894644+00,,lắp mới,,,,e43c5d4b-3c3c-4486-89da-73e9ac747ab4,,2026-07-13 14:15:40.080084+00
78bc89d7-9e1d-4dbe-ba69-0b4922fef4f2,4d73cdda-39e1-41f7-b67f-d73c3a3f065b,7c41c20f-1e0d-473b-948e-724273a7c52b,2026-07-11 09:50:09.894644+00,,lắp mới,,,,65ac5e26-b0a7-487e-a72d-3f0dfc3facc2,,2026-07-13 14:15:40.080084+00
772dd856-da10-4e3f-8371-4833c7e6f17b,7a9d6e34-4914-40a2-9012-d04cfad5edbe,a389db70-d4ef-4ba8-a04e-dd7f4bcf19e2,2026-07-11 09:50:09.894644+00,,lắp mới,,,,65ac5e26-b0a7-487e-a72d-3f0dfc3facc2,,2026-07-13 14:15:40.080084+00
3e4c9ed4-d49e-472b-905b-9c42dd9b3dd8,259bb6d3-b802-43c9-8a94-7517adae18a2,738b116a-ad27-45ef-8408-1a99f8945478,2026-07-11 09:50:09.894644+00,,lắp mới,,,,65ac5e26-b0a7-487e-a72d-3f0dfc3facc2,,2026-07-13 14:15:40.080084+00
ecf8ca8a-0df0-439d-962f-3171b154eb8e,f5095849-61eb-41d1-bdc1-2fa852d73527,1f7cf7d7-f7be-4907-af12-3751d68426ff,2026-07-11 09:50:09.894644+00,,lắp mới,,,,65ac5e26-b0a7-487e-a72d-3f0dfc3facc2,,2026-07-13 14:15:40.080084+00
0c9bbb03-75d8-4252-ba8a-997901b19b9d,9464bbfd-08cb-49b5-b436-ebba4891916c,19c0c3b3-c16a-4179-9ba8-5df895b8ad21,2026-07-11 09:50:09.894644+00,,lắp mới,,,,46e84da7-5a8b-4a79-aa46-2fb4bae1ff26,,2026-07-13 14:15:40.080084+00
64994c54-8e8d-47ae-b91f-1d10906e61b3,12d257f4-b07f-43fd-8ee1-315c925a2799,74be87a3-1096-4c0b-a932-d52df65d2aa5,2026-07-11 09:50:09.894644+00,,lắp mới,,,,65ac5e26-b0a7-487e-a72d-3f0dfc3facc2,,2026-07-13 14:15:40.080084+00
7cd01693-453d-476c-a75a-a8a03aacc6d4,3e144711-33a0-486f-8cf8-b6cef8e2c0bb,3c7f7714-60ec-4336-a7cb-b9dc8d466b39,2026-07-11 09:50:09.894644+00,,lắp mới,,,,65ac5e26-b0a7-487e-a72d-3f0dfc3facc2,,2026-07-13 14:15:40.080084+00
c0321dcc-5e65-4155-832e-3e85b41e4b19,83b92714-1ebb-4937-aead-ebd2f403d253,e0c3efdd-3a45-4718-9534-44a14ebeeb85,2026-07-11 09:50:09.894644+00,,lắp mới,,,,65ac5e26-b0a7-487e-a72d-3f0dfc3facc2,,2026-07-13 14:15:40.080084+00
ec5ca112-0c94-45b6-9d45-63f46f5b1027,76f76425-e56c-4864-8bd0-0d8ee12acda8,83bbc378-62b8-4e2f-a18e-806078844217,2026-07-11 09:50:09.894644+00,,lắp mới,,,,65ac5e26-b0a7-487e-a72d-3f0dfc3facc2,,2026-07-13 14:15:40.080084+00
b32d7805-761a-49b1-9b9f-4effa081e6cf,9d23f86a-74e5-4b00-9268-cebe14723cae,4d6a68d5-aacc-4056-aaad-5d60bcb58bd0,2026-07-11 09:50:09.894644+00,,lắp mới,,,,46e84da7-5a8b-4a79-aa46-2fb4bae1ff26,,2026-07-13 14:15:40.080084+00
b681eda4-fdc8-4f9a-b92e-9470bb54c4c1,21caf321-d675-43ad-ae1a-def01cb68e3e,404b8ac9-0153-4bd7-bbbe-9fca31b1887a,2026-07-11 09:50:09.894644+00,,lắp mới,,,,e43c5d4b-3c3c-4486-89da-73e9ac747ab4,,2026-07-13 14:15:40.080084+00
0fc74112-393b-4745-94e2-fe95877aedd4,14790a26-0237-4d3b-a17e-1508b2449aa1,25831284-e4f5-458e-968a-02b4c4279952,2026-07-11 09:50:09.894644+00,,lắp mới,,,,65ac5e26-b0a7-487e-a72d-3f0dfc3facc2,,2026-07-13 14:15:40.080084+00
7f6fbf4a-585c-40f2-ba35-6e4bc8b6a574,6d1fcfc8-ebe7-4686-8857-9d61d0394ec4,9af619a0-58b1-4878-a8fd-bbee95ea51c2,2026-07-11 09:50:09.894644+00,,lắp mới,,,,65ac5e26-b0a7-487e-a72d-3f0dfc3facc2,,2026-07-13 14:15:40.080084+00
96b2027e-fcd4-456e-96d6-ca58bb729794,16fb397b-ecea-47c6-b7fe-b3f76ed33552,5ea3a058-c4b9-4286-9f28-1b0e6c7daaa8,2026-07-11 09:50:09.894644+00,,lắp mới,,,,65ac5e26-b0a7-487e-a72d-3f0dfc3facc2,,2026-07-13 14:15:40.080084+00
5d8c65cc-7663-49a8-bd71-eed8691177c1,7b3ad891-3da3-4d09-bcf6-118523bc0500,2e1ef8d8-ba23-466c-a3bd-e92da591a6e1,2026-07-11 09:50:09.894644+00,,lắp mới,,,,65ac5e26-b0a7-487e-a72d-3f0dfc3facc2,,2026-07-13 14:15:40.080084+00
a6301a99-f917-4e70-9472-a49a3d22cdab,d9cd216d-8598-4344-a6bb-0ba134e98ba8,07914b8c-016d-41fb-be7f-809932094c2c,2026-07-11 09:50:09.894644+00,,lắp mới,,,,65ac5e26-b0a7-487e-a72d-3f0dfc3facc2,,2026-07-13 14:15:40.080084+00
22641b6d-fc76-41c4-9201-1131598d4c9b,ed469352-9658-4dec-80df-b18d183de5b4,99dc40f9-fa43-4e45-841d-95d88c426996,2026-07-11 09:50:09.894644+00,,lắp mới,,,,65ac5e26-b0a7-487e-a72d-3f0dfc3facc2,,2026-07-13 14:15:40.080084+00
c536095f-dba1-4565-8a60-08bcda17e6b6,ac95f760-3b89-4c8d-bbf8-a8e7d6401afe,1ddf92e0-22ef-4d5b-8a59-463dac7337b9,2026-07-11 09:50:09.894644+00,,lắp mới,,,,65ac5e26-b0a7-487e-a72d-3f0dfc3facc2,,2026-07-13 14:15:40.080084+00
e236268e-4b26-465d-87e5-fb96c004814e,27b14ae4-a4fc-4e37-a5cd-99e2f8dbcd5d,a634d83c-ff28-4e8f-aea3-9a256eea7166,2026-07-11 09:50:09.894644+00,,lắp mới,,,,65ac5e26-b0a7-487e-a72d-3f0dfc3facc2,,2026-07-13 14:15:40.080084+00
4c6bbb32-076b-4bb7-9629-a981454c4d49,70a8023f-f3ae-4051-bfde-27519395264c,89a79023-4373-48d2-a160-989cae3d9480,2026-07-11 09:50:09.894644+00,,lắp mới,,,,65ac5e26-b0a7-487e-a72d-3f0dfc3facc2,,2026-07-13 14:15:40.080084+00
5e49e599-4bbb-4e5f-b6eb-97dd7bacd2ab,5a9bc3e3-e401-40c8-8571-2e9f7d94eaf7,59c003e5-b77b-4b3a-98e8-824f978b7586,2026-07-11 09:50:09.894644+00,,lắp mới,,,,65ac5e26-b0a7-487e-a72d-3f0dfc3facc2,,2026-07-13 14:15:40.080084+00
26354c0e-c248-43ec-9291-d26d329a6b62,d13d3459-36f5-418e-a613-218be44f01a4,b2f8e126-1ed4-4ea9-bb54-bc350e5e9e20,2026-07-11 09:50:09.894644+00,,lắp mới,,,,65ac5e26-b0a7-487e-a72d-3f0dfc3facc2,,2026-07-13 14:15:40.080084+00
151e4a12-7b28-4f0b-aa51-4d18c678d332,18c109a6-fb20-44c3-bed7-cf2bf6884bb8,99c31a47-33fb-4cf3-a864-7e009d2c549b,2026-07-11 09:50:09.894644+00,,lắp mới,,,,65ac5e26-b0a7-487e-a72d-3f0dfc3facc2,,2026-07-13 14:15:40.080084+00
133ff8e4-d2c9-41c5-bcda-87ee706f93c9,99506c58-90df-4d12-95da-3c04d2f75b07,3e9e32aa-4bbc-48ab-b222-42e3c17b8b3e,2026-07-11 09:50:09.894644+00,,lắp mới,,,,65ac5e26-b0a7-487e-a72d-3f0dfc3facc2,,2026-07-13 14:15:40.080084+00
ba711038-8ef8-41f9-9dda-28e2d6af1ea3,5fae93ab-2d8b-4faa-be88-e3c51eb1e8e2,aea213c8-5143-4d1b-a0cb-1f80f3b2228b,2026-07-11 09:50:09.894644+00,,lắp mới,,,,e43c5d4b-3c3c-4486-89da-73e9ac747ab4,,2026-07-13 14:15:40.080084+00
4c581832-9b3a-4844-9011-1bd58278b0f6,d14cd9c0-3c93-4c77-814c-5b27654507c1,7b14b539-1cd5-47aa-bf10-3e0ce8cf53a2,2026-07-11 09:50:09.894644+00,,lắp mới,,,,e43c5d4b-3c3c-4486-89da-73e9ac747ab4,,2026-07-13 14:15:40.080084+00
fe3dd8ab-f16a-4f8a-80f1-57acca67747b,4f42084d-9367-43bb-8b60-a7545bf46f6a,09ba002e-a4b8-447f-aa9e-4b6dfb180afb,2026-07-11 09:50:09.894644+00,,lắp mới,,,,65ac5e26-b0a7-487e-a72d-3f0dfc3facc2,,2026-07-13 14:15:40.080084+00
f63d47cf-58de-4b48-bbbc-2ed101a276ba,3049cd42-b45c-4c95-9073-2c18c3567371,633ec830-166e-434a-b90e-e5ece6dabee9,2026-07-11 09:50:09.894644+00,,lắp mới,,,,581d9350-905f-46da-b45e-c2d8aba4d868,,2026-07-13 14:15:40.080084+00
729eb621-cc5d-42cb-bf4e-2058850e7796,e5a96d63-04f0-4f1c-9c55-8b99891c41fc,630f890d-5d79-4d94-8920-b32b35a9a5db,2026-07-11 09:50:09.894644+00,,lắp mới,,,,e43c5d4b-3c3c-4486-89da-73e9ac747ab4,,2026-07-13 14:15:40.080084+00
2c4d1021-5ea3-48e0-9ae7-50fd42f0f4dd,d8dd72e0-c288-4230-937c-0e76f9b8a528,30351d7a-29ac-49ce-a61c-c3280e41433b,2026-07-11 09:50:09.894644+00,,lắp mới,,,,e43c5d4b-3c3c-4486-89da-73e9ac747ab4,,2026-07-13 14:15:40.080084+00
e2910545-c3ff-4495-b31a-4af859fb1d4b,d46c4139-20c6-41c7-b1b2-84c4d5767e01,e8edb1de-b46f-4ca3-ad45-78a159006f1c,2026-07-11 09:50:09.894644+00,,lắp mới,,,,e43c5d4b-3c3c-4486-89da-73e9ac747ab4,,2026-07-13 14:15:40.080084+00
77d8f244-8a37-40b2-a9cc-8e7654231aaa,5291bc75-4a99-4621-adc1-80d997123db9,2928743a-b77f-47b5-8cad-9c4fb40636cb,2026-07-11 09:50:09.894644+00,,lắp mới,,,,65ac5e26-b0a7-487e-a72d-3f0dfc3facc2,,2026-07-13 14:15:40.080084+00
d5293bc1-953e-410d-97b3-be0bbacf3cfe,03df2574-4839-4f74-ae49-6651293ef05f,0e9e6296-d26f-4b9b-a79a-1f4f18f06964,2026-07-11 09:50:09.894644+00,,lắp mới,,,,65ac5e26-b0a7-487e-a72d-3f0dfc3facc2,,2026-07-13 14:15:40.080084+00
3a099a72-7e49-4626-9ec4-ec220a0df660,1b4e5dca-df2d-4455-bbfd-47c54c977306,6e754365-08cf-4deb-93e2-98d13d74a155,2026-07-11 09:50:09.894644+00,,lắp mới,,,,65ac5e26-b0a7-487e-a72d-3f0dfc3facc2,,2026-07-13 14:15:40.080084+00
1e67e90a-494c-4066-b96e-5f8d788ee4ac,a7ddab47-c461-4c46-a9d8-9eac22c4faa8,00a6fd08-b425-4746-9a1d-1b614c856d65,2026-07-11 09:50:09.894644+00,,lắp mới,,,,65ac5e26-b0a7-487e-a72d-3f0dfc3facc2,,2026-07-13 14:15:40.080084+00
38b88e82-40bb-44c4-9bf2-c318ca2479fb,6768fb7f-2a7c-4a30-a32e-bbe05885070b,cc555ae4-7eab-496c-92b1-636ff454f3b2,2026-07-11 09:50:09.894644+00,,lắp mới,,,,65ac5e26-b0a7-487e-a72d-3f0dfc3facc2,,2026-07-13 14:15:40.080084+00
25579ce8-fef3-4f8b-8c46-41aa14f04b06,42c1e02d-f722-468a-b02c-d0c51e028c2f,9ed98dca-f125-4de7-a1b0-3cebc0db291c,2026-07-11 09:50:09.894644+00,,lắp mới,,,,65ac5e26-b0a7-487e-a72d-3f0dfc3facc2,,2026-07-13 14:15:40.080084+00
51ee7f8d-c083-4f3f-87da-b70ecf18dcc8,f7b7377a-0939-40f8-9d8c-1395f7ae6999,e48c1352-846a-4bfd-932a-1140e93fe7d8,2026-07-11 09:50:09.894644+00,,lắp mới,,,,65ac5e26-b0a7-487e-a72d-3f0dfc3facc2,,2026-07-13 14:15:40.080084+00
888011b9-a830-4e56-9c5b-6aeb7aec0598,c8fe614e-621a-490e-a358-c85d0fbc0283,0e285115-cbbd-439a-8bf0-f6fdfa46d139,2026-07-11 09:50:09.894644+00,,lắp mới,,,,65ac5e26-b0a7-487e-a72d-3f0dfc3facc2,,2026-07-13 14:15:40.080084+00
45e719a6-eccc-4ad4-808a-ccb62e18e8b6,7991ea1e-9c20-45fd-a3f0-3171e9b0554b,1f5a33f2-9e5e-4877-beac-84af73547d58,2026-07-11 09:50:09.894644+00,,lắp mới,,,,65ac5e26-b0a7-487e-a72d-3f0dfc3facc2,,2026-07-13 14:15:40.080084+00
7a45cd06-5afd-40e8-a40d-a8140344e101,c78c5822-d7fa-451f-aa0a-7e40be67013a,199aed99-4028-4ec5-b5e0-ea6e57315b28,2026-07-11 09:50:09.894644+00,,lắp mới,,,,65ac5e26-b0a7-487e-a72d-3f0dfc3facc2,,2026-07-13 14:15:40.080084+00
9150c8a2-6e41-4a2f-a83c-5b104cea02e7,4ba90dac-859c-452b-ba61-ae3854deb94d,d5f7d076-059b-4ab9-8f3d-801b0d93ae77,2026-07-11 09:50:09.894644+00,,lắp mới,,,,65ac5e26-b0a7-487e-a72d-3f0dfc3facc2,,2026-07-13 14:15:40.080084+00
c4176eca-b84d-444e-b5a5-fe563e9b67bb,70e5a418-e9a6-4c85-bc6d-c32fd448b962,4757e2fe-6e08-4ea7-a502-0d3fa8c3171b,2026-07-11 09:50:09.894644+00,,lắp mới,,,,65ac5e26-b0a7-487e-a72d-3f0dfc3facc2,,2026-07-13 14:15:40.080084+00
5511775a-640b-46e0-9673-080dcaa18cb8,13c17150-2952-4275-a342-e39279e09a80,886f72d8-1233-4901-9d27-b80f16a2b090,2026-07-11 09:50:09.894644+00,,lắp mới,,,,65ac5e26-b0a7-487e-a72d-3f0dfc3facc2,,2026-07-13 14:15:40.080084+00
e0753a80-d902-4e31-84d7-28469ea88805,f4f1a2cc-7b05-412e-b043-f929db414da8,a8cb030e-96b3-4ab8-a0c0-5a202e6d0e78,2026-07-11 09:50:09.894644+00,,lắp mới,,,,e43c5d4b-3c3c-4486-89da-73e9ac747ab4,,2026-07-13 14:15:40.080084+00
d24b0043-a6dd-459e-8402-c31727afb939,3fea8a22-5f32-4e7e-b6fb-f9f0208833f4,05477861-a74d-4e37-9d77-369ef11c9575,2026-07-11 09:50:09.894644+00,,lắp mới,,,,f59bf0bd-520b-4245-80db-dc71b7187bf1,,2026-07-13 14:15:40.080084+00
bd24ac46-77a6-4a68-afcb-995782104794,e1ca607d-b7d2-4a6e-876c-1db1d91d9527,2587eda9-c48c-47b1-aaa5-bf6ac750a9fb,2026-07-11 09:50:09.894644+00,,lắp mới,,,,f59bf0bd-520b-4245-80db-dc71b7187bf1,,2026-07-13 14:15:40.080084+00
74757cd4-51cd-4399-9b81-b535894be533,5bdd3f12-8d15-42f6-915c-0d9421248a06,0098f7b0-3fd6-4fdd-a256-6e9f31388cfe,2026-07-11 09:50:09.894644+00,,lắp mới,,,,f59bf0bd-520b-4245-80db-dc71b7187bf1,,2026-07-13 14:15:40.080084+00
341848e9-290e-466a-98a1-68982e058fee,7cec438b-2c5e-4395-8c02-60ab8b839dd7,d05f90b0-718a-49bf-99bf-fd9daa3cc630,2026-07-11 09:50:09.894644+00,,lắp mới,,,,f59bf0bd-520b-4245-80db-dc71b7187bf1,,2026-07-13 14:15:40.080084+00
9faade91-9fbf-400e-85c5-d5830de98503,b7f1bf18-c499-4ba8-8d02-a58f3a351176,f4e9dc45-1a51-4e8d-8101-62e25b8d00f0,2026-07-11 09:50:09.894644+00,,lắp mới,,,,f59bf0bd-520b-4245-80db-dc71b7187bf1,,2026-07-13 14:15:40.080084+00
e8b5f95e-d5fc-4dc8-a001-ea4b494c639c,0755185f-7a67-4fce-b7cb-75cfd4b55c4f,417c50a6-0991-42eb-bfab-1dd19bf62864,2026-07-11 09:50:09.894644+00,2026-07-14 08:10:54.535564+00,tháo,,,,65ac5e26-b0a7-487e-a72d-3f0dfc3facc2,,2026-07-13 14:15:40.080084+00
eac32a1a-221d-413b-8074-9afe2996865f,e136bb17-c970-4062-bcff-a1f4d04dc0c5,a6aea377-901a-4df8-9c89-0719e5a65c40,2026-07-12 07:32:01.536591+00,2026-07-14 08:10:54.827678+00,điều chuyển,,,,581d9350-905f-46da-b45e-c2d8aba4d868,,2026-07-13 14:15:40.080084+00
bfe58527-1698-42b3-bdbd-043eb9a70652,6fceffb8-1211-4c4d-927f-f4a38093d599,9ad20d0c-49af-472d-b242-ced93c9838a2,2026-07-11 09:50:09.894644+00,2026-07-14 08:47:56.749305+00,thay do hỏng,,,,65ac5e26-b0a7-487e-a72d-3f0dfc3facc2,,2026-07-13 14:15:40.080084+00
b4faa885-50d4-4163-a995-f4fd0add19aa,0755185f-7a67-4fce-b7cb-75cfd4b55c4f,a6aea377-901a-4df8-9c89-0719e5a65c40,2026-07-14 08:10:54.827678+00,2026-07-14 08:48:47.231048+00,tháo,,201c530d-d2f1-4683-a888-5e42b77a95c6,,581d9350-905f-46da-b45e-c2d8aba4d868,201c530d-d2f1-4683-a888-5e42b77a95c6,2026-07-14 08:10:54.827678+00
88c6c60a-bdc0-49a6-8e4e-9f296b0a708e,6fceffb8-1211-4c4d-927f-f4a38093d599,417c50a6-0991-42eb-bfab-1dd19bf62864,2026-07-14 08:47:56.749305+00,2026-07-14 08:52:54.732226+00,điều chuyển,,201c530d-d2f1-4683-a888-5e42b77a95c6,,65ac5e26-b0a7-487e-a72d-3f0dfc3facc2,201c530d-d2f1-4683-a888-5e42b77a95c6,2026-07-14 08:47:56.749305+00
383cb3e1-c747-4244-94c7-6deaa6292040,0755185f-7a67-4fce-b7cb-75cfd4b55c4f,417c50a6-0991-42eb-bfab-1dd19bf62864,2026-07-14 08:52:54.732226+00,2026-07-14 09:00:26.309803+00,điều chuyển,,201c530d-d2f1-4683-a888-5e42b77a95c6,,65ac5e26-b0a7-487e-a72d-3f0dfc3facc2,201c530d-d2f1-4683-a888-5e42b77a95c6,2026-07-14 08:52:54.732226+00
705a1028-ae52-455e-ac29-470488ae3b3c,6fceffb8-1211-4c4d-927f-f4a38093d599,417c50a6-0991-42eb-bfab-1dd19bf62864,2026-07-14 09:00:26.309803+00,2026-07-14 09:00:51.584829+00,điều chuyển,,201c530d-d2f1-4683-a888-5e42b77a95c6,,65ac5e26-b0a7-487e-a72d-3f0dfc3facc2,201c530d-d2f1-4683-a888-5e42b77a95c6,2026-07-14 09:00:26.309803+00
b1f71b98-4390-4f91-9c31-b084a5c01dd4,0755185f-7a67-4fce-b7cb-75cfd4b55c4f,417c50a6-0991-42eb-bfab-1dd19bf62864,2026-07-14 09:00:51.584829+00,2026-07-14 09:01:17.508482+00,điều chuyển,,201c530d-d2f1-4683-a888-5e42b77a95c6,,65ac5e26-b0a7-487e-a72d-3f0dfc3facc2,201c530d-d2f1-4683-a888-5e42b77a95c6,2026-07-14 09:00:51.584829+00
5cf95219-5019-4087-8915-1ffcffbc4803,6fceffb8-1211-4c4d-927f-f4a38093d599,417c50a6-0991-42eb-bfab-1dd19bf62864,2026-07-14 09:01:17.508482+00,2026-07-14 09:05:00.927692+00,điều chuyển,,201c530d-d2f1-4683-a888-5e42b77a95c6,,65ac5e26-b0a7-487e-a72d-3f0dfc3facc2,201c530d-d2f1-4683-a888-5e42b77a95c6,2026-07-14 09:01:17.508482+00
f0744266-fa51-4289-b352-c61568e02bb2,0755185f-7a67-4fce-b7cb-75cfd4b55c4f,417c50a6-0991-42eb-bfab-1dd19bf62864,2026-07-14 09:05:00.927692+00,2026-07-14 09:06:26.421289+00,điều chuyển,,201c530d-d2f1-4683-a888-5e42b77a95c6,,65ac5e26-b0a7-487e-a72d-3f0dfc3facc2,201c530d-d2f1-4683-a888-5e42b77a95c6,2026-07-14 09:05:00.927692+00
89f0fa66-8414-4863-81df-d104b8cd5e37,6fceffb8-1211-4c4d-927f-f4a38093d599,417c50a6-0991-42eb-bfab-1dd19bf62864,2026-07-14 09:06:26.421289+00,,điều chuyển,,201c530d-d2f1-4683-a888-5e42b77a95c6,,65ac5e26-b0a7-487e-a72d-3f0dfc3facc2,201c530d-d2f1-4683-a888-5e42b77a95c6,2026-07-14 09:06:26.421289+00
e205cebe-5a8f-4213-967d-450e7445cb49,e136bb17-c970-4062-bcff-a1f4d04dc0c5,a6aea377-901a-4df8-9c89-0719e5a65c40,2026-07-14 09:11:31.985135+00,,lắp mới,,201c530d-d2f1-4683-a888-5e42b77a95c6,,65ac5e26-b0a7-487e-a72d-3f0dfc3facc2,201c530d-d2f1-4683-a888-5e42b77a95c6,2026-07-14 09:11:31.985135+00
eb85e9e4-efe9-4698-8f53-a47c7aeb26a5,bb1f34e4-d042-4896-9692-f6bed4524d60,0014b460-6a19-40bb-ac02-1706d6052a2f,2026-07-11 09:50:09.894644+00,2026-07-17 08:22:57.729721+00,thay do hỏng,,,,46e84da7-5a8b-4a79-aa46-2fb4bae1ff26,,2026-07-13 14:15:40.080084+00
40851f4c-79cc-4fc4-af61-52d41cc54d31,bb1f34e4-d042-4896-9692-f6bed4524d60,9ad20d0c-49af-472d-b242-ced93c9838a2,2026-07-17 08:22:57.729721+00,2026-07-17 08:23:35.14695+00,thay do hỏng,,7b178d3c-127b-4bdd-a77c-a3013cdf365b,Test verify thay the RPC,46e84da7-5a8b-4a79-aa46-2fb4bae1ff26,7b178d3c-127b-4bdd-a77c-a3013cdf365b,2026-07-17 08:22:57.729721+00
f70a0c47-0bee-458b-be3f-d37037740aa0,bb1f34e4-d042-4896-9692-f6bed4524d60,0014b460-6a19-40bb-ac02-1706d6052a2f,2026-07-17 08:23:35.14695+00,,thay do hỏng,,7b178d3c-127b-4bdd-a77c-a3013cdf365b,Rollback test,46e84da7-5a8b-4a79-aa46-2fb4bae1ff26,7b178d3c-127b-4bdd-a77c-a3013cdf365b,2026-07-17 08:23:35.14695+00
bf5d8746-7783-4c8c-8fe0-f30e85c47a28,4ce05fc3-4001-4783-a6dd-fd31deacb926,df8bf62b-70ba-467b-9018-6b9220ca3125,2026-07-15 06:55:08.029219+00,2026-07-17 08:52:59.276519+00,lắp mới,,201c530d-d2f1-4683-a888-5e42b77a95c6,,581d9350-905f-46da-b45e-c2d8aba4d868,201c530d-d2f1-4683-a888-5e42b77a95c6,2026-07-15 06:55:08.029219+00
c10d76ae-09a7-473d-b5a2-935c427a604b,a3498f83-8eec-45bf-ba61-e6869d423cd7,df8bf62b-70ba-467b-9018-6b9220ca3125,2026-07-17 08:52:59.276519+00,2026-07-17 08:58:15.260556+00,lắp mới,,7b178d3c-127b-4bdd-a77c-a3013cdf365b,"",581d9350-905f-46da-b45e-c2d8aba4d868,7b178d3c-127b-4bdd-a77c-a3013cdf365b,2026-07-17 08:52:59.276519+00
9c01f407-973a-48d7-9d10-b16ae1a4a179,4ce05fc3-4001-4783-a6dd-fd31deacb926,df8bf62b-70ba-467b-9018-6b9220ca3125,2026-07-17 08:58:15.260556+00,2026-07-17 09:00:37.989551+00,lắp mới,,7b178d3c-127b-4bdd-a77c-a3013cdf365b,"",581d9350-905f-46da-b45e-c2d8aba4d868,7b178d3c-127b-4bdd-a77c-a3013cdf365b,2026-07-17 08:58:15.260556+00
3d0c1554-8cca-4b2b-9f8e-679067fbd649,a3498f83-8eec-45bf-ba61-e6869d423cd7,df8bf62b-70ba-467b-9018-6b9220ca3125,2026-07-17 09:00:37.989551+00,2026-07-17 09:03:30.66955+00,lắp mới,,7b178d3c-127b-4bdd-a77c-a3013cdf365b,"",581d9350-905f-46da-b45e-c2d8aba4d868,7b178d3c-127b-4bdd-a77c-a3013cdf365b,2026-07-17 09:00:37.989551+00
a5756aa3-a9e0-4495-9bb0-4f58b140b192,4ce05fc3-4001-4783-a6dd-fd31deacb926,df8bf62b-70ba-467b-9018-6b9220ca3125,2026-07-17 09:03:30.66955+00,,lắp mới,,7b178d3c-127b-4bdd-a77c-a3013cdf365b,"",581d9350-905f-46da-b45e-c2d8aba4d868,7b178d3c-127b-4bdd-a77c-a3013cdf365b,2026-07-17 09:03:30.66955+00
f701775e-6c3b-41d8-8721-6cb0c027722c,a3498f83-8eec-45bf-ba61-e6869d423cd7,df8bf62b-70ba-467b-9018-6b9220ca3125,2026-07-17 09:17:15.21048+00,,lắp mới,,7b178d3c-127b-4bdd-a77c-a3013cdf365b,"",581d9350-905f-46da-b45e-c2d8aba4d868,7b178d3c-127b-4bdd-a77c-a3013cdf365b,2026-07-17 09:17:15.21048+00
20d8d4dc-0fd6-4c50-94f8-8883b95ae329,9eb82319-89e7-49fe-adbc-8b2c581e45ed,07299784-e7e2-4444-8351-72216da9e467,2026-07-23 04:22:12.05895+00,,lắp mới,,7b178d3c-127b-4bdd-a77c-a3013cdf365b,"",c3231147-e403-4afa-838f-04026ffa8f7d,7b178d3c-127b-4bdd-a77c-a3013cdf365b,2026-07-23 04:22:12.05895+00
