id,he_thong_id,don_vi,tram,he_thong_folder,gp_so,gp_ngay,gp_han,gp_cu,ten_he_thong_theo_gp,nam_sx_gp,he_thong_csdl,trang_thai_doi_chieu,kieu_thiet_bi,so_san_xuat,noi_san_xuat,muc_dich,pham_vi,ma_dia_chi,dia_diem,thoi_gian,thanh_phan_theo_gp,created_at,updated_at,attrs,luu_tru
f75dc398-117f-4225-8664-edeaed3a0ccd,2ff61646-a8e8-40ac-a328-9671e72ea0d5,CLA,Đài KSKL Chu Lai,,622/GP-CHK,2025-02-07,2027-02-12,3541/GP-CHK,Máy thu phát VHF thoại không - địa,"2016, 2024, 1998",,,"Máy phát: SU4200, TA-7650; Máy thu: EU4200C, RA-7203; Máy thu phát: IC-A200","Máy chính: 105877 (SU4200), 105825 (EU4200C). Máy dự phòng: 105878, 105880 (SU4200), 105822, 105823 (EU4200C); 20938 (TA-7650), 21050 (RA-7203); 14248 (IC-A200)","Séc, Na Uy, Nhật Bản",Điều hành bay (TWR Chu Lai),Bán kính R = 60 km,Không,"Đài KSKL Chu Lai - Cảng HK Chu Lai; tọa độ WGS-84: 15°24′37,6″B - 108°42′22,6″Đ",24/24h,"Tên: Máy thu phát VHF thoại không - địa || Model: Máy phát: SU4200, TA-7650; Máy thu: EU4200C, RA-7203; Máy thu phát: IC-A200 || Serial: Máy chính: 105877 (SU4200), 105825 (EU4200C). Máy dự phòng: 105878, 105880 (SU4200), 105822, 105823 (EU4200C); 20938 (TA-7650), 21050 (RA-7203); 14248 (IC-A200) || SX: Séc, Na Uy, Nhật Bản. Năm sản xuất: 2016, 2024, 1998 || Tính năng: Liên lạc thoại không - địa, thiết bị có cấu hình chính - dự phòng; điều chế AM, tần số làm việc 118,25 MHz, công suất phát: 50W (SU4200, TA- 7650), 7W (IC-A200); phân cực đứng; phương thức phát 6K80A3E (SU4200, TA- 7650), 6K00A3E (IC-A200), độ nhạy máy thu 1µV (EU4200C, RA-7203), 2µV (IC- A200); ăng ten cao 12 mét || Kênh/thành phần: Tên thiết bị: Máy thu phát VHF thoại không - địa; Mục đích sử dụng: Điều hành bay (TWR Chu Lai)",2026-07-14 14:32:36.368632+00,2026-07-14 14:32:36.368632+00,{},f
601b188a-92db-4c3b-b8d2-f6023ff72b38,688f3252-355d-48f5-93c2-813d7a9ce198,CLA,Đài KSKL Chu Lai,,624/GP-CHK,2025-02-07,2027-02-12,3542/GP-CHK,Máy thu phát VHF thoại không - địa,"2016, 2024, 1998",,,"Máy phát: SU4200, TA-7650; Máy thu: EU4200C, RA-7203; Máy thu phát: IC-A200","Máy chính: 105879 (SU4200), 105824 (EU4200C). Máy dự phòng: 105878, 105880 (SU4200), 105822, 105823 (EU4200C); 20938 (TA-7650), 21050 (RA-7203); 14248 (IC-A200)","Séc, Na Uy, Nhật Bản","Liên lạc trên tần số khẩn nguy 121,5 MHz (TWR Chu Lai)",Bán kính R = 60 km,Không,"Đài KSKL Chu Lai - Cảng HK Chu Lai; tọa độ WGS-84: 15°24′37,6″B - 108°42′22,6″Đ",24/24h,"Tên: Máy thu phát VHF thoại không - địa || Model: Máy phát: SU4200, TA-7650; Máy thu: EU4200C, RA-7203; Máy thu phát: IC-A200 || Serial: Máy chính: 105879 (SU4200), 105824 (EU4200C). Máy dự phòng: 105878, 105880 (SU4200), 105822, 105823 (EU4200C); 20938 (TA-7650), 21050 (RA-7203); 14248 (IC-A200) || SX: Séc, Na Uy, Nhật Bản. Năm sản xuất: 2016, 2024, 1998 || Tính năng: Liên lạc thoại không - địa; thiết bị có cấu hình chính - dự phòng; điều chế AM, tần số làm việc 121,5 MHz; công suất phát 50W (SU4200, TA- 7650), 7W (IC-A200); phân cực đứng; phương thức phát 6K80A3E (SU4200, TA- 7650), 6K00A3E (IC-A200); độ nhạy máy thu 1µV (EU4200C, RA-7203), 2µV (IC- A200); ăng ten cao 12 mét || Kênh/thành phần: Tên thiết bị: Máy thu phát VHF thoại không - địa; Mục đích sử dụng: Liên lạc trên tần số khẩn nguy 121,5 MHz (TWR Chu Lai)",2026-07-14 14:32:36.368632+00,2026-07-14 14:32:36.368632+00,{},f
8727fbce-1a0b-4893-8421-805cb4d7f000,cc8602d3-1b8b-47c2-8423-f6102cdf80ae,CLA,Đài KSKL Chu Lai,,6812/GP-CHK,2025-12-31,2028-01-10,5087/GP-CHK,Máy thu phát VHF thoại không - địa,"2013, 2016, 2022",,,"Máy phát: Park Air T6T, S5200VT; Máy thu: Park Air T6R, EU4200C","Máy chính: 6U11312 (T6T), 6U16868 (T6R); Máy dự phòng: 6U11314 (T6T), 6U16875 (T6R); 100439 (S5200VT), 100159 (EU4200C)","Anh, Séc",Điều hành bay (Phân khu 4 - ACC HAN),Tầm phủ 460 km,Không,"Đài KSKL Chu Lai, xã Núi Thành, TP. Đà Nẵng; tọa độ WGS-84: 108°42′22,60″Đ - 15°24′37,61″B",24/24h,"Tên: Máy thu phát VHF thoại không – địa || Model: Máy phát: Park Air T6T, S5200VT; Máy thu: Park Air T6R, EU4200C || Serial: Máy chính: 6U11312 (T6T), 6U16868 (T6R); Máy dự phòng: 6U11314 (T6T), 6U16875 (T6R); 100439 (S5200VT), 100159 (EU4200C) || SX: Anh (T6T/T6R), Séc (S5200VT/EU4200C). Năm sản xuất: 2013 (T6T/T6R), 2016 (EU4200C), 2022 (S5200VT) || Tính năng: Liên lạc thoại không - địa; thiết bị có cấu hình chính - dự phòng; điều chế AM; tần số làm việc 123,3 MHz (sử dụng offset -5kHz); công suất phát 50W; phân cực đứng; phương thức phát 6K80A3E; độ nhạy máy thu 2µV; ăng ten cao 20 mét || Kênh/thành phần: Tên thiết bị: Máy thu phát VHF thoại không – địa",2026-07-14 14:32:36.368632+00,2026-07-14 14:32:36.368632+00,{},f
d6f9a842-a70c-4baf-9b74-6a1255bac116,f1857ffb-e969-465d-b690-c958b1950afc,CLA,Đài KSKL Chu Lai,,4548/GP-CHK,2024-09-06,2026-09-12,7180/GP-CHK,Máy thu phát VHF thoại không - địa,2013,,,Máy phát: Park Air T6T; Máy thu: Park Air T6R,"Máy chính: 6U11305 (T6T), 6U16861 (T6R). Máy dự phòng: 6U11310 (T6T), 6U16867 (T6R)",Anh,Điều hành bay (dự phòng Phân khu 4 - ACC HAN),Bán kính R = 463 km,Không,"Đài KSKL Chu Lai, huyện Núi Thành, tỉnh Quảng Nam; tọa độ WGS-84: 15°24′37,61″B - 108°42′22,60″Đ",24/24h,"Tên: Máy thu phát VHF thoại không - địa || Model: Máy phát: Park Air T6T; Máy thu: Park Air T6R || Serial: Máy chính: 6U11305 (T6T); 6U16861 (T6R). Máy dự phòng: 6U11310 (T6T); 6U16867 (T6R) || SX: Anh. Năm sản xuất: 2013 || Tính năng: Liên lạc thoại không - địa; thiết bị có cấu hình chính - dự phòng; điều chế AM; tần số làm việc 124,55 MHz; công suất phát tối đa 50W; phân cực đứng; phương thức phát 6K80A3E; độ nhạy máy thu 2µV; ăng ten cao 20 mét || Kênh/thành phần: Tên thiết bị: Máy thu phát VHF thoại không - địa",2026-07-14 14:32:36.368632+00,2026-07-14 14:32:36.368632+00,{},f
b38b0bff-fa6a-4ed5-a6da-931161b8bcb6,4a7558f6-cf8d-44ef-8273-f1a431844b28,CLA,Đài KSKL Chu Lai,,4215/GP-CHK,2025-09-18,2027-10-11,,Máy thu phát VHF thoại không - địa,2017,,,Máy phát: Park Air T6T; Máy thu: Park Air T6R,"Máy chính: 173711 (T6T), 173702 (T6R); Máy dự phòng: 173710 (T6T), 173703 (T6R)",Anh,"Liên lạc trên tần số khẩn nguy 121,5 MHz (Phân khu 4 - ACC HAN)",Bán kính R = 463 km,Không,"Đài KSKL Chu Lai, Cảng HK Chu Lai; tọa độ WGS-84: 15°24′37,61″B - 108°42′22,60″Đ",24/24h,"Tên: Máy thu phát VHF thoại không – địa || Model: Máy phát: Park Air T6T; Máy thu: Park Air T6R || Serial: Máy chính: 173711 (T6T); 173702 (T6R); Máy dự phòng: 173710 (T6T); 173703 (T6R) || SX: Anh. Năm sản xuất: 2017 || Tính năng: Liên lạc thoại không - địa; thiết bị có cấu hình chính - dự phòng; điều chế AM; tần số làm việc 121,5 MHz; công suất phát 50W; phân cực đứng; phương thức phát 6K80A3E; độ nhạy máy thu 1µV; ăng ten cao 20 mét || Kênh/thành phần: Tên thiết bị: Máy thu phát VHF thoại không – địa",2026-07-14 14:32:36.368632+00,2026-07-14 14:32:36.368632+00,{},f
c325fdf3-d5f3-4bde-bf92-023d73fab44d,c55cf610-3503-410f-8d34-8b270ffd64b5,BDKT,Cảng HKQT Đà Nẵng,,1061/GP-CHK,2025-02-27,2027-03-01,,"Hệ thống thu thập, xử lý số liệu khí tượng cơ bản (GTS)",2007,,,"Máy tính thông tin điền đồ, máy vẽ",Không áp dụng,Việt Nam,"Tạo các bản đồ, giản đồ thời tiết phục vụ công tác dự báo, cảnh báo thời tiết sân bay",Khu vực Cảng HKQT Đà Nẵng,Không áp dụng,"Cảng HKQT Đà Nẵng, Tp. Đà Nẵng",24/24h,"Tên: Hệ thống thu thập, xử lý số liệu khí tượng cơ bản (GTS) || Model: Máy tính thông điền đồ, máy vẽ || Serial: Không áp dụng || SX: Việt Nam; Năm sản xuất: 2007 || Tính năng: Hệ thống máy tính tự động thu thập, xử lý số liệu khí tượng cơ bản GTS; phần mềm xử lý, điền các bản đồ, giản đồ thời tiết || Cảm biến/thành phần: c) Availability of routine maintenance records on all sensors; d) Regular physical inspection of all sensors and maintaining; 3.4.3 Alarming system for sensor failures Technical supervision",2026-07-14 14:32:36.368632+00,2026-07-14 14:32:36.368632+00,{},f
843ab383-6eaa-46ab-b1f4-b6bd9f6b7e0f,fc891ab6-c9f2-4508-81bd-1db46eb70aaf,CLA,Đài KSKL Chu Lai,,602/GP-CHK,2025-02-07,2027-02-12,3540/GP-CHK,Ghi âm,"2024, 2014",,,Atis Uher VoiceCollect MD-x và Attech AR-16-A Standard,Máy chính: 049002-401228; Máy dự phòng: 033,"Đức, Việt Nam",Ghi âm liên lạc thoại không - địa (A/G) và địa - địa (G/G),Đài KSKL Chu Lai - Cảng HK Chu Lai,Không,Đài KSKL Chu Lai - Cảng HK Chu Lai,24/24h,"Tên: Ghi âm || Model: Atis Uher VoiceCollect MD-x và Attech AR-16-A Standard || Serial: Máy chính: 049002-401228; Máy dự phòng: 033 || SX: Đức (Atis Uher), Việt Nam (Attech); Năm sản xuất: 2024, 2014 || Tính năng: - Thiết bị ghi âm Atis Uher VoiceCollect MD-x có 32 kênh ghi; lưu trữ trực tiếp trên 02 ổ cứng: dung lượng 02x2TB (RAID-1); lưu trữ bên ngoài thông qua ổ RDX 1TB. - Thiết bị ghi âm Attech AR-16-A Standard có 32 kênh ghi; lưu trữ trực tiếp trên 02 ổ cứng: dung lượng 02x500GB (RAID-1); lưu trữ bên ngoài thông qua ổ DVD-RAM (dung lượng 01x4,7GB). (Chi tiết các kênh ghi như trong phụ lục kèm theo) || phụ lục kèm theo): 9. Địa điểm đặt thiết bị: Đài KSKL Chu Lai - Cảng HK Chu Lai || Phụ lục: Danh mục các kênh ghi âm tại Đài KSKL Chu Lai; (Kèm theo Giấy phép số: 602 /GP-CHK ngày 07 tháng 02 năm 2025); Stt Nội dung kênh ghi Ghi chú; 1 RX 118,25 Máy thu R&S tần số 118,25 MHz Main; 2 RX 118,25 Máy thu R&S tần số 118,25 MHz Standby; 3 RX 121,5 Máy thu R&S tần số 121,5 MHz Main; 4 RX 121,5 Máy thu R&S tần số 121,5 MHz Standby; 5 VHF TWR#1 VHF dự phòng cho 118,25 MHz và 121,5 MHz; 6 VHF TWR#2 VHF dự phòng cho 118,25 MHz và 121,5 MHz; 7 CWP1 Ghi âm vị trí CWP1; 8 CWP2 Ghi âm vị trí CWP2; 9 Hotline APP DAN - CLA1 Liên lạc APP DAN với TWR CLA; 10 Hotline APP DAN - CLA2 Liên lạc APP DAN với TWR CLA; 11 Hotline CTL DAN - CLA1 Liên lạc CTL DAN với TWR CLA; 12 Hotline CTL DAN - CLA2 Liên lạc CTL DAN với TWR CLA; 13 Bộ đàm TM271 Liên lạc TWR CLA - Cảng HK Chu Lai (Tần số 146,7125 MHz); 0235.2243966; 0235.3535517; 15 Điện thoại VNPT, đặt tại phòng thủ tục bay; 0235.3535955; 16 Điện thoại VNPT, đặt tại phòng thủ tục bay; 0235.3535556; 17 Điện thoại VNPT, đặt tại phòng trực kỹ thuật; 0235.3535553; 18 Điện thoại VNPT, đặt tại phòng trực an ninh; 0235.3535555; 19 Điện thoại VNPT, đặt tại phòng đài trưởng; 5333; 21 PBX, QLBMT, máy đặt tại TWR CLA; 5335; 22 PBX, QLBMT, máy đặt tại phòng trực kỹ thuật; 8914; 23 PBX, QLBMB, máy đặt tại phòng trực kỹ thuật",2026-07-14 14:32:36.368632+00,2026-07-14 14:32:36.368632+00,{},f
354a0bfa-64ba-4f97-945f-ee919c2651c5,4fbd5536-e530-4f9b-97d3-d194186c33de,CLA,Đài KSKL Chu Lai,,608/GP-CHK,2026-01-30,2028-02-01,2144,Hệ thống quan trắc thời tiết tự động IMS,2015,,,IMS,TX000843; 1M31X63,Slovakia,Quan trắc và báo cáo thời tiết sân bay phục vụ hoạt động bay,Khu vực Cảng hàng không Chu Lai,Không áp dụng,"Cảng hàng không Chu Lai, TP. Đà Nẵng",24/24h,"Tên: Hệ thống quan trắc thời tiết tự động IMS. - || Model: IMS || Serial: TX000843; 1M31X63 || SX: Slovakia. Năm sản xuất: 2015 || Tính năng: Trong phụ lục kèm theo || phụ lục kèm theo: 9. Địa điểm đặt thiết bị: Cảng hàng không Chu Lai, TP. Đà Nẵng || PHỤ LỤC: (Kèm theo Giấy phép số 608 /GP-CHK ngày 30/01/2026); Thiết bị ngoài trời: Các thiết bị đo lắp đặt tại các trạm dọc đường CHC, bao gồm:; - Vị trí đầu CHC 32:; + 01 bộ cảm biến đo hướng và tốc độ gió; + 01 bộ cảm biến đo tầm nhìn và hiện tượng thời tiết; + 01 cảm biến ánh sáng nền; + 01 cảm biến đo nhiệt độ; + 01 cảm biến đo độ ẩm; + 01 cảm biến đo khí áp; + 01 cảm biến đo lượng mưa; + 01 cảm biến đo giông; - Vị trí trần mây CHC 32:; + 01 cảm biến đo độ cao chân mây đặt tại khu vực tiếp cận đầu CHC; - Vị trí đầu CHC 14:; + 01 bộ cảm biến đo hướng và tốc độ gió; + 01 bộ cảm biến đo tầm nhìn và hiện tượng thời tiết; + 01 cảm biến ánh sáng nền; - Vị trí trần mây CHC 14:; + 01 cảm biến đo độ cao chân mây đặt tại khu vực tiếp cận đầu CHC; b) Thiết bị trong nhà:; - Vị trí xử lý dữ liệu trung tâm: 02 máy tính xử lý số liệu (máy chủ, đặt tại Đài; KSKL Chu Lai), lưu trữ số liệu khí tượng, kết nối AMHS (VVCAYMYW); - 02 đầu cuối tại vị trí khai thác của nhân viên quan trắc tại Đài KSKL Chu Lai; - 01 đầu cuối hiển thị số liệu khí tượng tại cabin Đài KSKL Chu Lai; - 01 đầu cuối hiển thị số liệu khí tượng từ xa đặt tại Phòng Dự báo - Trung tâm Khí; - 01 thiết bị giao tiếp với hệ thống đèn đường băng; văn METAR, MET REPORT và truyền về các thiết bị đầu cuối. Quan trắc viên có thể",2026-07-14 14:32:36.368632+00,2026-07-14 14:32:36.368632+00,{},f
5e4c41d6-f910-45cb-b42f-0269137bfa42,1048831c-985f-452d-a1ea-8e832d6eb690,CLA,Đài KSKL Chu Lai,,4853/GP-CHK,2024-09-23,2026-10-01,,"Thiết bị đo đạc quan trắc thông dụng (đo nhiệt độ, độ ẩm, đo gió hiển thị số và khí áp hiển thị số)","2022, 2023",,,Thiết bị thủ công,Gió WindObserver (GILL): 2302004; Khí áp PTB 330: V0821322; Nhiệt kế WQG-11: 50 và 57,"Anh, Phần Lan, Trung Quốc",Làm dự phòng đo các yếu tố khí tượng và cung cấp số liệu phục vụ hoạt động bay,Khu vực Cảng hàng không Chu Lai,Không áp dụng,"Cảng hàng không Chu Lai, tỉnh Quảng Nam",24/24h,"Tên: Thiết bị đo đạc quan trắc thông dụng (đo nhiệt độ, độ ẩm, đo gió hiển thị số và khí áp hiển thị số) || Model: Thiết bị bị thủ công || Serial: Gió WindObserver (GILL): 2302004; Khí áp PTB 330: V0821322; Nhiệt kế thủy tinh chất lỏng WQG-11: 50 và 57 || SX: Anh, Phần Lan, Trung Quốc. Năm sản xuất: 2022, 2023 || Tính năng: Khí áp PTB 330 (phạm vi đo 500 ÷ 1100 hPa, sai số ±0,1 hPa); Gió WindObserver (GILL) (phạm vi đo tốc độ gió 0 ÷ 90 m/s, sai số ±2%; phạm vi đo hướng gió 0° ÷ 360°, sai số ±2°); Nhiệt kế thủy tinh chất lỏng WQG-11 (phạm vi đo (-25 ÷ 50)°C, sai số ± 0,3°C). [PB] || Cảm biến/thành phần: 1. Tên thiết bị: Thiết bị đo đạc quan trắc thông dụng (đo nhiệt độ, độ ẩm, đo gió hiển thị số; Chu Lai (thiết bị dự Thiết bị đo nhiệt độ, độ; 3.1 Location/siting of sensors/ equipment appropriate; complying with ICAO SARPs / Thiết bị đo được; 3.2 Serviceability of AWOS Sensors/ Tình trạng hoạt - Article 336 ANS; động của thiết bị đo - 14.1, 14.2 MOS-MET Vol; liệu hệ thống/ thiết bị đo; sensors and central data processing system / Nhật ký; d) Regular physical inspection of all sensors and; 3.4.3 Calibration of measuring sensors / Hiệu chuẩn thiết bị 14.2.5 MOS-MET Vol; liệu hướng dẫn về hiệu chuẩn thiết bị đo tại đơn vị; c) Availability of periodic sensor calibration Records; sensor failures Technical supervision position / Khả - DOC 8896 – Manual on MET; năng theo dõi hoạt động liên tục của các thiết bị đo practices; (cảm biến đo)/ chức năng cảnh báo lỗi dữ liệu của hệ - Standards for AWOS (TCCS 01; 3.5.1 Availability of lightning protection on all sensors / Hệ N/A",2026-07-14 14:32:36.368632+00,2026-07-14 14:32:36.368632+00,{},f
0b4aeac3-f0c4-4e51-8545-e7f3bc48d8be,77e611b4-bebe-4d1b-8223-a1536015a91a,BDKT-QNH,Trạm ra đa Quy Nhơn,,6824/GP-CHK,2024-12-13,2027-01-18,,Máy thu phát VHF thoại không - địa,2013,,,Máy phát: Park Air T6T; Máy thu: Park Air T6R,Máy chính: 6U11301 (T6T); 6U16872 (T6R); Máy dự phòng: 173709 (T6T); 6U16864 (T6R),Anh,Điều hành bay (Dự phòng Phân khu 1 - ACC HCM),Bán kính R = 463 km,Không,"Trạm ra đa Quy Nhơn, núi Vũng Chua",24/24h,"Tên: Máy thu phát VHF thoại không - địa || Model: Máy phát: Park Air T6T; Máy thu: Park Air T6R || Serial: Máy chính: 6U11301 (T6T); 6U16872 (T6R); Máy dự phòng: 173709 (T6T); 6U16864 (T6R) || SX: Anh. Năm sản xuất: 2013 || Tính năng: Liên lạc thoại không - địa; thiết bị có cấu hình chính - dự phòng; tần số làm việc 125,375 MHz; công suất phát 50W; phân cực đứng; phương thức phát 6K80A3E; độ nhạy máy thu SINAD = 12dB (với mức tín hiệu -107dBm (1V), độ sâu điều chế 30%); điều chế AM; ăng ten cao 10 mét || Kênh/thành phần: Tên thiết bị: Máy thu phát VHF thoại không - địa",2026-07-14 14:32:36.368632+00,2026-07-14 14:32:36.368632+00,{},f
5bedcf13-bdac-412f-a7aa-695a0604917d,1048831c-985f-452d-a1ea-8e832d6eb690,CLA,Đài KSKL Chu Lai,,971/GP-CHK,2026-02-27,2028-03-01,,"Thiết bị đo đạc quan trắc thông dụng (đo nhiệt độ, độ ẩm, đo gió hiển thị số và khí áp hiển thị số)",2023,,,"Thiết bị điện tử đo nhiệt độ, độ ẩm và khí áp hiển thị số 1.1006.54.080",09230017,Đức,Làm dự phòng đo các yếu tố khí tượng và cung cấp số liệu phục vụ hoạt động bay,Khu vực Cảng hàng không Chu Lai,Không áp dụng,"Cảng hàng không Chu Lai, xã Núi Thành, TP. Đà Nẵng",24/24h,"Tên: Thiết bị đo đạc quan trắc thông dụng (đo nhiệt độ, độ ẩm, đo gió hiển thị số và khí áp hiển thị số) || Model: Thiết bị điện tử đo nhiệt độ, độ ẩm và khí áp hiển thị số 1.1006.54.080 || Serial: 09230017 || SX: Đức Năm sản xuất: 2023 || Tính năng: Đo nhiệt độ (Phạm vi đo -40÷850C, độ chính xác ±0.10C, độ phân giải 0.10C); Đo độ ẩm (Phạm vi đo 0% ÷100%RH, độ chính xác ±1.5%RH, độ phân giải 0.1% RH); Đo khí áp (Phạm vi đo 300 ÷ 1200 hPa, độ chính xác ±0.25 hPa trong giải 800 ÷ 1100 hPa và ±0.5 hPa trong giải 600 ÷ 800 hPa, độ phân giải 0.1 hPa). [PB] || Cảm biến/thành phần: 1. Tên thiết bị: Thiết bị đo đạc quan trắc thông dụng (đo nhiệt độ, độ ẩm, đo gió hiển thị số; Serviceability of AWOS Sensors/ Tình trạng hoạt; động của thiết bị đo; liệu hệ thống/ thiết bị đo dự phòng; sensors and central data processing system / Nhật ký; d) Regular physical inspection of all sensors and Hậu kiểm; 3.4.3 Calibration of measuring sensors / Hiệu chuẩn thiết bị; liệu hướng dẫn về hiệu chuẩn thiết bị đo tại đơn vị; c) Availability of periodic sensor calibration Records; Hậu kiểm; sensor failures Technical supervision position / Khả practices; năng theo dõi hoạt động liên tục của các thiết bị đo - DOC 9837 – Manual on; (cảm biến đo)/ chức năng cảnh báo lỗi dữ liệu của hệ - Standards for AWOS (TCCS; 3.5.1 Availability of lightning protection on all sensors / Hệ N/A",2026-07-14 14:32:36.368632+00,2026-07-14 14:32:36.368632+00,{},f
2c46591b-d671-4c59-8b46-9651404e6dd1,1b3bf7aa-db38-4e39-8990-37542b798b5f,CLA,Đài KSKL Chu Lai,,5852/GP-CHK,2025-11-27,2027-12-20,,Hệ thống chuyển mạch thoại (VCCS),2016,,,R&S VCS-4G,6424049796870,Rumania,Phục vụ điều hành bay,Tại Đài KSKL Chu Lai - Cảng hàng không Chu Lai,Không áp dụng,Đài KSKL Chu Lai - Cảng hàng không Chu Lai,24/24h,"Tên: Hệ thống chuyển mạch thoại (VCCS). - || Model: R&S VCS-4G || Serial: 6424049796870 || SX: Rumania. Năm sản xuất: 2016 || Tính năng: Hệ thống có chức năng điều khiển chuyển mạch các kênh thoại radio và telephone, gồm có: 01 server lưu trữ cấu hình và giám sát hệ thống; 04 bảng điều khiển cho 04 vị trí khai thác (mỗi vị trí khai thác có 02 đường ghi âm riêng biệt cho radio và telephone); 01 workstation cho vị trí quản lý giám sát hệ thống; 02 khối giao tiếp thoại radio 4 dây E&M; 01 khối giao tiếp thoại telephone; 02 switch chuyển mạch hoạt động theo cấu hình chính/dự phòng || Kênh/thành phần: Tính năng kỹ thuật chính: Hệ thống có chức năng điều khiển chuyển mạch các kênh",2026-07-14 14:32:36.368632+00,2026-07-14 14:32:36.368632+00,{},f
5b871a04-f527-43c5-bf65-49078df42c11,1b4a53cd-3661-4222-9fa9-7bedea9738c0,CLA,Đài KSKL Chu Lai,,4892/GP-CHK,2024-09-24,2026-10-01,,Trạm thu dữ liệu giám sát phụ thuộc tự động - quảng bá (ADS-B),2022,,,Máy thu ADS-B AX 680,"Receiver/Site Monitor: 00913/2138429, 00915/2138430","Thales, Đức","Hỗ trợ điều hành bay TWR Chu Lai; tăng cường dự phòng tầm phủ ra đa giám sát cho CTL/APP Đà Nẵng, ACC Hà Nội, ACC Hồ Chí Minh","Tầm phủ 463 km (tùy theo mực bay, trong điều kiện tầm nhìn thẳng)","SIC 197, SIC 198","Đài KSKL Chu Lai, Cảng HK Chu Lai; tọa độ WGS-84: 15°24′37,96″B - 108°42′22,67″Đ",24/24h,"Tên: Trạm thu dữ liệu giám sát phụ thuộc tự động - quảng bá (ADS-B) || Model: Máy thu ADS-B AX 680 || Serial: (Reciever/Site Monitor): 00913/2138429, 00915/2138430 || SX: Hãng Thales, Đức. Năm sản xuất: 2022 || Tính năng: Tại phụ lục kèm theo || Mã/SIC: SIC 197, SIC 198 || phụ lục kèm theo: 9. Địa điểm đặt thiết bị: Đài KSKL Chu Lai, Cảng HK Chu Lai; Tọa độ WGS-84: 15024’37,96” -108042’22,67” Đ || Phụ lục: (Kèm theo Giấy phép số: 4892 /GP-CHK ngày 24 tháng 09 năm 2024); ➢ Hệ thống máy thu ADS-B tại Đài KSKL Chu Lai gồm 02 máy thu hoạt động; độc lập trên tần số 1090 MHz. Hệ thống có khả năng giám sát tối thiểu 400; máy bay trong tầm phủ; tốc độ xử lý bản tối thiểu 1.500 bản tin/giây; ➢ Thiết bị giám sát, điều khiển tại chỗ LCMS được và thiết bị đầu cuối hiển thị; dữ liệu giám sát ADS-B được đặt tại đài KSKL Chu Lai; ➢ Thiết bị điều khiển, giám sát từ xa bằng hệ thống RCMS được đặt tại Phòng; thống này kết nối với hệ thống tích hợp và xử lý dữ liệu ADS-B tại ATCC Hà; Nội, AACC Hồ Chí Minh); + Hệ thống tích hợp và xử lý dữ liệu ADS-B của ATTECH./",2026-07-14 14:32:36.368632+00,2026-07-14 14:32:36.368632+00,{},f
9aba0ee3-5a85-486c-b6b9-e0541bad9d64,e2f73bec-33d4-43be-b628-2a40bdf01221,CRA,APP/TWR Cam Ranh,,619/GP-CHK,2025-02-07,2027-02-12,2204/GP-CHK,Máy thu phát VHF thoại không - địa,"2010, 2024",,,Máy thu phát: XU4200; máy phát: TA-7650; máy thu: RA-7203,"Máy chính: 100107 (XU4200); máy dự phòng: 100231, 104268, 104270 (XU4200); 20939 (TA-7650), 21051 (RA-7203)","Đức, Na Uy",Điều hành bay (TWR Cam Ranh),Bán kính R = 15 km,Không,"APP/TWR Cam Ranh, Cảng HKQT Cam Ranh; tọa độ WGS-84: 12°00′13,98″B - 109°12′52,80″Đ",24/24h,"Tên: Máy thu phát VHF thoại không - địa || Model: Máy thu phát: XU4200, máy phát: TA-7650, máy thu: RA-7203 || Serial: Máy chính: 100107 (XU4200); máy dự phòng: 100231, 104268, 104270 (XU4200); 20939 (TA-7650), 21051 (RA-7203) || SX: Đức, Na Uy. Năm sản xuất: 2010, 2024 || Tính năng: Liên lạc thoại không - địa; thiết bị có cấu hình chính - dự phòng; điều chế AM; tần số làm việc 118,2 MHz; công suất 50W; phân cực đứng; phương thức phát 6K80A3E; độ nhạy máy thu 1µV; ăng ten cao 10 mét || Kênh/thành phần: Tên thiết bị: Máy thu phát VHF thoại không - địa; Mục đích sử dụng: Điều hành bay (TWR Cam Ranh); Địa điểm đặt thiết bị: APP/TWR Cam Ranh, Cảng HKQT Cam Ranh",2026-07-14 14:32:36.368632+00,2026-07-14 14:32:36.368632+00,{},f
d342b76b-b1ae-44a8-bb66-7ee0ce9d466e,6cba7a87-8f90-4d07-8bea-2f196ccfa6b6,CRA,APP/TWR Cam Ranh,,5415/GP-CHK,2025-11-07,2027-11-15,4547/GP-CHK,Máy thu phát VHF thoại không - địa,"2019, 2010",,,"Máy phát: Park Air T6T; máy thu: Park Air T6R; máy thu phát: Park Air T6TR, XU-4200",Máy chính: 274264 (T6T); 274157 (T6R); Máy dự phòng: 274265 (T6T); 173704 (T6R); 274268 (T6TR); 104268 (XU4200),"Anh, Đức",Điều hành bay (APP Cam Ranh),Tầm phủ 74 km,Không,"APP/TWR Cam Ranh, Cảng HKQT Cam Ranh; tọa độ WGS-84: 12°00′13,98″B - 109°12′52,80″Đ",24/24h,"Tên: Máy thu phát VHF thoại không – địa || Model: Máy phát: Park Air T6T; máy thu: Park Air T6R; máy thu phát: Park Air - T6TR, XU-4200 || Serial: Máy chính: 274264 (T6T); 274157 (T6R); Máy dự phòng: 274265 (T6T); 173704 (T6R); 274268, (T6TR); 104268 (XU4200) || SX: Anh, Đức. Năm sản xuất: 2019, 2010 || Tính năng: Liên lạc thoại không - địa; thiết bị có cấu hình chính và dự phòng; điều chế AM; tần số làm việc 127,9 MHz; công suất phát tối đa 50W; phân cực đứng; độ nhạy máy thu 1µV; phương thức phát 6K80A3E; ăng ten cao 8 mét || Kênh/thành phần: Tên thiết bị: Máy thu phát VHF thoại không – địa; Mục đích sử dụng: Điều hành bay (APP Cam Ranh); Địa điểm đặt thiết bị: APP/TWR Cam Ranh, Cảng HKQT Cam Ranh",2026-07-14 14:32:36.368632+00,2026-07-14 14:32:36.368632+00,{},f
f398c4fb-0d0d-4328-a1e3-2ddf42d09540,0ce7ee20-8254-4462-a388-b0a989109c17,CRA,APP/TWR Cam Ranh,,625/GP-CHK,2025-02-07,2027-02-12,2205/GP-CHK,Máy thu phát VHF thoại không - địa,"2019, 2010, 2024",,,"Máy phát: Park Air T6T, Jotron TA-7650; máy thu: Park Air T6R, Jotron RA-7203; máy thu phát: Park Air T6TR; R&S XU4200","Máy chính: 274266 (T6T); 274159 (T6R). Máy dự phòng: 274267 (T6T), 274156 (T6R), 20939 (TA-7650), 21051 (RA-7203), 274268 (T6TR); 104270, 104268 (XU4200)","Anh, Đức, Na Uy",Điều hành bay (APP/TWR Cam Ranh - Dự phòng),Bán kính R = 74 km,Không,"APP/TWR Cam Ranh, Cảng HKQT Cam Ranh; tọa độ WGS-84: 12°00′13,98″B - 109°12′52,80″Đ",24/24h,"Tên: Máy thu phát VHF thoại không - địa || Model: Máy phát: Park Air T6T, Jotron TA-7650; máy thu: Park Air T6R, Jotron RA-7203; máy thu phát: Park Air T6TR; R&S XU4200 || Serial: Máy chính: 274266 (T6T); 274159 (T6R). Máy dự phòng: 274267 (T6T), 274156 (T6R), 20939 (TA-7650), 21051 (RA-7203), 274268 (T6TR); 104270, 104268 (XU4200) || SX: Anh, Đức, Na Uy. Năm sản xuất: 2019, 2010, 2024 || Tính năng: Liên lạc thoại không - địa; thiết bị có cấu hình chính - dự phòng; điều chế AM; tần số làm việc 124,35 MHz; công suất 50W; phân cực đứng; phương thức phát 6K80A3E; độ nhạy máy thu 1µV; ăng ten cao 15 mét || Kênh/thành phần: Tên thiết bị: Máy thu phát VHF thoại không - địa; Mục đích sử dụng: Điều hành bay (APP/TWR Cam Ranh - Dự phòng); Địa điểm đặt thiết bị: APP/TWR Cam Ranh, Cảng HKQT Cam Ranh",2026-07-14 14:32:36.368632+00,2026-07-14 14:32:36.368632+00,{},f
bf7d6064-1294-427a-ab93-0ef256ddd5f2,12ae8cb7-c2ed-40fd-ad8f-ba6fdea2131b,CRA,APP/TWR Cam Ranh,,623/GP-CHK,2025-02-07,2027-02-12,745/GP-CHK,Máy thu phát VHF thoại không - địa,"2008, 2019, 2024",,,"Máy thu phát R&S XU4200, Park Air T6TR; Máy phát: Jotron TA-7650; máy thu Jotron RA-7203","Máy chính: 104269 (XU4200). Máy dự phòng: 100100, 104268, 104270 (XU4200); 274268 (T6TR); 19712, 20939 (TA-7650), 19739, 21051 (RA-7203)","Anh, Đức, Na Uy","Liên lạc trên tần số khẩn nguy 121,5 MHz (APP/TWR/GCU Cam Ranh)",Bán kính R = 74 km,Không,"APP/TWR Cam Ranh, Cảng HKQT Cam Ranh; tọa độ WGS-84: 12°00′13,98″B - 109°12′52,80″Đ",24/24h,"Tên: Máy thu phát VHF thoại không - địa || Model: Máy thu phát R&S XU4200, Park Air T6TR; Máy phát: Jotron TA-7650, máy thu Jotron RA-7203 || Serial: Máy chính: 104269 (XU4200). Máy dự phòng: 100100, 104268, 104270 (XU4200); 274268 (T6TR); 19712, 20939 (TA-7650), 19739, 21051 (RA-7203) || SX: Anh, Đức, Na Uy. Năm sản xuất: 2008, 2019, 2024 || Tính năng: Liên lạc thoại không - địa; thiết bị có cấu hình chính - dự phòng; điều chế AM; tần số làm việc 121,5 MHz; công suất 50W; phân cực đứng; phương thức phát 6K80A3E; độ nhạy máy thu 1µV; ăng ten cao 15 mét || Kênh/thành phần: Tên thiết bị: Máy thu phát VHF thoại không - địa; Mục đích sử dụng: Liên lạc trên tần số khẩn nguy 121,5 MHz (APP/TWR/GCU; Địa điểm đặt thiết bị: APP/TWR Cam Ranh, Cảng HKQT Cam Ranh",2026-07-14 14:32:36.368632+00,2026-07-14 14:32:36.368632+00,{},f
3d884cba-f867-471c-96bf-390dbc5e95c0,0f5f4e80-ae06-4210-ac84-b9a5a5909825,CRA,APP/TWR Cam Ranh,,2834/GP-CHK,2025-07-14,2027-07-30,,Hệ thống chuyển mạch thoại (VCCS),2020,,,Frequentis VCS3020X,VCS 3020X Rel 8.0,Áo,Phục vụ điều hành bay,"Trung tâm Kiểm soát Tiếp cận, Tại sân Cam Ranh - Cảng HKQT Cam Ranh",Không,"Trung tâm Kiểm soát Tiếp cận, Tại sân Cam Ranh - Cảng HKQT Cam Ranh",24/24h,"Tên: Hệ thống chuyển mạch thoại (VCCS) || Model: Frequentis VCS3020X || Serial: VCS 3020X Rel 8.0 || SX: Áo. Năm sản xuất: 2020 || Tính năng: Hệ thống chuyển mạch thoại bao gồm: 02 phần lõi chuyển mạch hoạt động song song. 01 server và 01 máy tính giám sát, bảo trì. 15 giao tiếp vô tuyến và giao tiếp thoại. 13 đầu cuối khai thác tại các vị trí sau: 02 bản khai thác: EC chính, PLC chính cho APP; 02 bản khai thác: EC dự phòng, PLC dự phòng cho APP; 01 bàn khai thác cho Kíp trưởng APP; 02 bàn khai thác: EC, PLC cho TWR; 02 bàn khai thác: EC, PLC cho GCU; 01 bản khai thác cho Kíp trưởng TWR; 02 bản khai thác (EC, PLC): dự phòng; 01 bàn khai thác cho trực kỹ thuật (tại phòng thiết bị)",2026-07-14 14:32:36.368632+00,2026-07-14 14:32:36.368632+00,{},f
871f4122-3fd7-44ca-ba61-37fba963fe82,84d8fc04-de52-4ea1-b9fb-21d080b27ae5,CRA,APP/TWR Cam Ranh,,2835/GP-CHK,2025-07-14,2027-07-18,4025/GP-CHK,Thiết bị ghi âm,2019,,,AR-32-A/Attech,Máy chính: 002; Máy dự phòng: 003,Việt Nam,Ghi âm liên lạc thoại không - địa (A/G) và địa - địa (G/G),"Trung tâm Kiểm soát tiếp cận, tại sân Cam Ranh - Cảng HKQT Cam Ranh",Không,"Trung tâm Kiểm soát tiếp cận, tại sân Cam Ranh - Cảng HKQT Cam Ranh",24/24h,"Tên: Thiết bị ghi âm || Model: AR-32-A/Attech || Serial: Máy chính: 002; Máy dự phòng: 003 || SX: Việt Nam. Năm sản xuất: 2019 || Tính năng: Thiết bị ghi âm AR-32-A/Attech có 48 kênh ghi; lưu trữ trên 02 ổ đĩa cứng (dung lượng 02x1TB); lưu trữ bên ngoài thông qua 01 ổ DVD-RAM (dung lượng 4.7GB). (Chi tiết các kênh ghi như trong phụ lục kèm theo) || phụ lục kèm theo): 9. Địa điểm đặt thiết bị: Trung tâm Kiểm soát tiếp cận, tại sân Cam Ranh - Cảng HKQT || Phụ lục: Danh mục các kênh ghi âm tại APP/TWR Cam Ranh; (Kèm theo Giấy phép số: 2835 /GP-CHK ngày 14 tháng 07 năm 2025); Stt Nội dung kênh ghi Ghi chú; 1 CWP EC TWR - Radio Ghi âm radio vị trí CWP EC TWR; 2 CWP EC TWR - Phone Ghi âm thoại vị trí CWP EC TWR; 3 CWP PLC TWR - Radio Ghi âm radio vị trí CWP PLC TWR; 4 CWP PLC TWR - Phone Ghi âm thoại vị trí CWP PLC TWR; 5 CWP QS PLC TWR Ghi âm radio và thoại vị trí CWP PLC QS TWR; 6 GCU EC TWR Ghi âm radio và thoại vị trí CWP EC GCU TWR; 7 GCU PLC TWR Ghi âm radio và thoại vị trí CWP PLC GCU TWR; 8 CWP SUP TWR Ghi âm radio và thoại vị trí CWP SUP TWR; 9 CWP EC 01 APP - Radio Ghi âm radio vị trí CWP EC 01 APP; 10 CWP EC 01 APP - Phone Ghi âm thoại vị trí CWP EC 01 APP; 11 CWP PLC 01 APP - Radio Ghi âm radio vị trí CWP PLC 01 APP; 12 CWP PLC 01 APP - Phone Ghi âm thoại vị trí CWP PLC 01 APP; 13 CWP EC 02 APP - Radio Ghi âm radio vị trí CWP EC 02 APP; 14 CWP EC 02 APP - Phone Ghi âm thoại vị trí CWP EC 02 APP; 15 CWP PLC 02 APP - Radio Ghi âm radio vị trí CWP PLC 02 APP; 16 CWP PLC 02 APP - Phone Ghi âm thoại vị trí CWP PLC 02 APP; 17 CWP SUP APP Ghi âm radio và thoại vị trí CWP SUP APP; 18 CWP SUP TECH Ghi âm radio và thoại vị trí CWP SUP TECH; 19 VHF A/G 118.2 MHz-Main Máy thu tần số 118.2 MHz Main; 20 VHF A/G 118.2 MHz-Standby Máy thu tần số 118.2 MHz Standby; 21 VHF A/G 124.35 MHz-Main Máy thu tần số 124.35 MHz Main; 22 VHF A/G 124.35 MHz- Standby Máy thu tần số 124.35 MHz Standby; 23 VHF A/G 121.5 MHz-Main Máy thu tần số 121.5 MHz Main;",2026-07-14 14:32:36.368632+00,2026-07-14 14:32:36.368632+00,{},f
efee5221-0201-4f0e-bc48-fced966050e8,6796d9c4-efc7-400f-84f4-ac0e804526d8,CRA,APP/TWR Cam Ranh,,4026/GP-CHK,2024-08-09,2026-08-15,7467/GP-CHK,Ghi âm và ghi hình,2018,,,Attech - VVR - V1,Máy chính: 001; máy dự phòng: 002,Việt Nam,Phục vụ điều hành bay,"Trung tâm Kiểm soát Tiếp cận, tại sân Cam Ranh - Cảng HKQT Cam Ranh",Không,"Trung tâm Kiểm soát Tiếp cận, tại sân Cam Ranh - Cảng HKQT Cam Ranh",24/24h,"Tên: Ghi âm và ghi hình || Model: Attech - VVR - V1 || Serial: Máy chính: 001; máy dự phòng: 002 || SX: Việt Nam. Năm sản xuất: 2018 || Tính năng: Tính năng ghi âm: Thiết bị gồm 02 máy, hoạt động song song; mỗi máy gồm 16 kênh ghi thoại; lưu trữ trên 02 ổ đĩa cứng (dung lượng mỗi ổ 4TB). Tính năng ghi hình: Thiết bị gồm 02 máy (cấu hình đơn); số kênh ghi: 8 kênh (mỗi máy 4 kênh); lưu trữ trên 02 ổ đĩa cứng (dung lượng mỗi ổ 4TB) (Chi tiết các kênh ghi như trong Phụ lục kèm theo) || Phụ lục kèm theo): 9. Địa điểm đặt thiết bị: Trung tâm Kiểm soát Tiếp cận, tại sân Cam Ranh - Cảng HKQT || Phụ lục: Danh mục các kênh ghi âm, ghi hình tại APP/TWR Cam Ranh; (Kèm theo Giấy phép số: 4026 /GP-CHK ngày 09 tháng 08 năm 2024); Stt Nội dung kênh ghi Ghi chú; I. Kênh ghi dữ liệu; II. Kênh ghi thoại; 1 Hotline TWR - ACC Hotline TWR Cam Ranh - ACC HCM; 2 Hotline APP - ACC1 Hotline APP Cam Ranh - ACC HCM/ Sector 1; 3 Hotline APP - ACC2 Hotline APP Cam Ranh - ACC HCM/ Sector 2; 4 Hotline APP - ACC5 Hotline APP Cam Ranh - ACC HCM/ Sector 5; 5 VHF 127.90MHz Rx Máy thu VHF 127.90 MHz Main; 6 VHF 127.90MHz Rx Máy thu VHF 127.90 MHz Standby; 7 VHF T6TR Máy thu phát VHF T6TR tại APP; 8 3989913 Điện thoại VNPT, đặt tại Đội TWR Cam Ranh; 9 3989935 Điện thoại VNPT, đặt tại Đội An ninh; 10 3989975 Điện thoại VNPT, đặt tại APP Cam Ranh; 11 Tel_6726 PBX QLBMN, dùng cho khí tượng; 12 Tel_6728 PBX QLBMN, đặt tại Đội kỹ thuật; 13 Tel_6828 PBX QLBMN, đặt tại APP Cam Ranh; 14 210 Điện thoại nội bộ Cảng HKQT Cam Ranh (Đội An ninh); 15 212 Điện thoại nội bộ Cảng HKQT Cam Ranh (Đội Kỹ thuật)",2026-07-14 14:32:36.368632+00,2026-07-14 14:32:36.368632+00,{},f
2db54885-8ee1-4577-9a08-a579b348ecfa,5ae20f2b-30dc-409c-95db-68b98b79c94e,CRA,APP/TWR Cam Ranh,,992/GP-CHK,2026-02-27,2028-03-10,4340/GP-CHK,Hệ thống quan trắc thời tiết tự động OPTIMET,2011,,,OPTIMET,BJQ8B2S; CJQ8B2S,Úc (MTECH SYSTEM),Quan trắc và báo cáo thời tiết sân bay phục vụ hoạt động bay,Khu vực Cảng HKQT Cam Ranh,Không áp dụng,"Cảng HKQT Cam Ranh, tỉnh Khánh Hòa",24/24h,"Tên: Hệ thống quan trắc thời tiết tự động OPTIMET || Model: OPTIMET || Serial: BJQ8B2S; CJQ8B2S || SX: Hãng MTECH SYSTEM, Úc. Năm sản xuất: 2011 || Tính năng: Trong Phụ lục kèm theo || Phụ lục kèm theo: 9. Địa điểm đặt thiết bị: Cảng HKQT Cam Ranh, tỉnh Khánh Hòa. MET.AWS.00001 || PHỤ LỤC: Tính năng kỹ thuật Hệ thống quan trắc thời tiết tự động OPTIMET; tại Cảng HKQT Cam Ranh; (Kèm theo Giấy phép số 992 /GP-CHK ngày 27/02/2026); Thiết bị ngoài trời: Hệ thống truyền dẫn kết nối với các thiết bị đo đặt tại các vị trí dọc; - Vị trí đầu CHC 20R:; + 01 bộ cảm biến đo hướng và tốc độ bề mặt 4.3820.00.300; + 01 bộ cảm biến đo tầm nhìn 6498-V; - Vị trí giữa:; + 01 bộ cảm biến đo hướng và tốc độ gió bề mặt 4.3820.00.300; + 01 bộ cảm biến đo nhiệt độ, độ ẩm HMP155D; + 01 bộ cảm biến đo khí áp PTB 330; + 01 cảm biến đo mưa 915-RG; + 01 bộ cảm biến đo hiện tượng thời tiết 6000-PWS; + 01 cảm biến đo dông 6500-AC; - Vị trí đầu CHC 02L:; + 01 bộ cảm biến đo hướng và tốc độ bề mặt 4.3820.00.200; + 01 bộ cảm biến đo tầm nhìn 6498-V đầu CHC 02L; + 01 cảm biến đo độ sáng nền; - 01 bộ cảm biến đo độ cao trần mây 8339-G+ cách đầu CHC 02L 672; - 01 bộ cảm biến đo độ cao trần mây 8339-G+ cách đầu CHC 20R 372; b) Thiết bị trong nhà:; - 02 máy tính chủ xử lý số liệu quan trắc, lưu trữ số liệu khí tượng và kết nối; AMHS (VVCRYMYW) tại Phòng thiết bị Trung tâm Kiểm soát Tiếp cận-Tại sân Cam; - 02 máy tính tạo điện văn METAR, thống kê số liệu cho bộ phận khí tượng đặt; - 04 máy tính hiển thị số liệu: 02 máy đặt tại APP Cam Ranh; 01 máy đặt tại; TWR Cam Ranh; 01 máy đặt tại GCU Cam Ranh; - 01 màn hình hiển thị số liệu khí tượng đặt tại Phòng AOC - Cảng HKQT Cam; Dữ liệu cảm biến đo tầm nhìn 6498-V tại đầu 02L tự động tích hợp vào các bản; quan trắc sân bay, hiển thị trên các giao diện khai",2026-07-14 14:32:36.368632+00,2026-07-14 14:32:36.368632+00,{},f
84fe9ad9-56fa-4c49-acd5-65a222e14f88,a13f3116-f74d-4435-b248-5b458d9fead4,CRA,APP/TWR Cam Ranh,,733/GP-CHK,2026-02-06,2028-02-15,,Hệ thống quan trắc thời tiết tự động AVIMET,2025,,,AVIMET,9S7KB94; 7PKXW84,Phần Lan,Quan trắc và báo cáo thời tiết sân bay phục vụ hoạt động bay,Khu vực Cảng hàng không quốc tế Cam Ranh,Không áp dụng,"Cảng HKQT Cam Ranh, Phường Bắc Cam Ranh, Tỉnh Khánh Hòa",24/24h,"Tên: Hệ thống quan trắc thời tiết tự động AVIMET || Model: AVIMET || Serial: 9S7KB94; 7PKXW84 || SX: Phần Lan. Năm sản xuất: 2025 || Tính năng: Trong phụ lục kèm theo || phụ lục kèm theo: 9. Địa điểm đặt thiết bị: Cảng HKQT Cam Ranh, Phường Bắc Cam Ranh, Tỉnh Khánh Hòa || PHỤ LỤC: Tính năng kỹ thuật Hệ thống quan trắc thời tiết tự động AVIMET; (Kèm theo Giấy phép số 733 /GP-CHK ngày 06 /02/2026); Thiết bị ngoài trời: Hệ thống truyền dẫn kết nối với các thiết bị đo đặt tại các vị trí dọc; - Vị trí trần mây 02:; + 01 thiết bị đo độ cao chân mây CL31; - Vị trí đầu CHC 02:; + 01 thiết bị đo tầm nhìn và hiện tượng thời tiết FD70; + 01 cảm biến ánh sáng nền LM21; + 01 thiết bị đo hướng và tốc độ gió WMT703; + 01 Datalogger QML201; - Vị trí giữa:; + 01 thiết bị đo hướng và tốc độ gió WMT703; + 01 thiết bị đo áp suất không khi PTB330; + 01 thiết bị đo nhiệt độ và độ ẩm HMP 155; + 01 thiết bị đo lượng mưa RG13; + 01 thiết bị đo dông sét TSS928; + 01 Datalogger QML201; - Vị trí đầu CHC 20:; + 01 thiết bị đo tầm nhìn và hiện tượng thời tiết FD70; + 01 cảm biến ánh sáng nền LM21; + 01 thiết bị đo hướng và tốc độ gió WMT703; + 01 Datalogger QML201; - Vị trí trần mây 20:; + 01 thiết bị đo độ cao chân mây CL31; b) Thiết bị trong nhà:; - Trạm xử lý dữ liệu trung tâm gồm 02 máy tính (đặt tại Trung tâm KS TC-TS Cam Ranh),; lưu trữ số liệu khí tượng, kết nối AMHS (VVCRYMYW), D-ATIS; -03 máy tính hiển thị số liệu khí tượng đặt tại TWR tại Trung tâm KS TC-TS Cam Ranh; -02 máy tính hiển thị số liệu khí tượng đặt tại APP tại Trung tâm KS TC-TS Cam Ranh; -01 máy tính tại vị trí trực kĩ thuật đặt tại Trung tâm KS TC-TS Cam Ranh; -01 máy tính đặt tại phòng MET Trung tâm KS TC-TS Cam Ranh; -01 thiết bị giao tiếp với hệ thống đèn đường băng; -01 thiết bị đồng hồ thời gian chuẩn;",2026-07-14 14:32:36.368632+00,2026-07-14 14:32:36.368632+00,{},f
f56c1d1c-dd40-4ea6-be9c-c6c426787030,d7005685-24f9-45d4-bcce-f24d9962cf97,CRA,APP/TWR Cam Ranh,,4852/GP-CHK,2024-09-23,2026-10-01,,Thiết bị đo đạc quan trắc thông dụng (đo gió hiển thị số và khí áp hiển thị số),"2022, 2023",,,Thiết bị thủ công,Gió WindObserver (GILL): 2302007; Khí áp PTB 330: V0821325,"Anh, Phần Lan",Làm dự phòng đo các yếu tố khí tượng và cung cấp số liệu phục vụ hoạt động bay,Khu vực Cảng hàng không quốc tế Cam Ranh,Không áp dụng,"Cảng hàng không quốc tế Cam Ranh, tỉnh Khánh Hòa",24/24h,"Tên: Thiết bị đo đạc quan trắc thông dụng (đo gió hiển thị số và khí áp hiển thị số) || Model: Thiết bị bị thủ công || Serial: Gió WindObserver (GILL): 2302007; Khí áp PTB 330: V0821325 || SX: Anh, Phần Lan. Năm sản xuất: 2022, 2023 || Tính năng: Khí áp PTB 330 (phạm vi đo 500 ÷ 1100 hPa, sai số ±0,1 hPa); Gió WindObserver (GILL) (phạm vi đo tốc độ gió 0 ÷ 90 m/s, sai số ±2%; phạm vi đo hướng gió 0° ÷ 360°, sai số ±2°) || Cảm biến/thành phần: 1. Tên thiết bị: Thiết bị đo đạc quan trắc thông dụng (đo gió hiển thị số và khí áp hiển thị; quốc tế Cam Ranh Thiết bị đo gió hiển thị số; 3.1 Location/siting of sensors/ equipment appropriate; complying with ICAO SARPs / Thiết bị đo được; 3.2 Serviceability of AWOS Sensors/ Tình trạng hoạt - Article 336 ANS; động của thiết bị đo - 14.1, 14.2 MOS-MET Vol; liệu hệ thống/ thiết bị đo; sensors and central data processing system / Nhật ký; d) Regular physical inspection of all sensors and; 3.4.3 Calibration of measuring sensors / Hiệu chuẩn thiết bị 14.2.5 MOS-MET Vol; liệu hướng dẫn về hiệu chuẩn thiết bị đo tại đơn vị; c) Availability of periodic sensor calibration Records; sensor failures Technical supervision position / Khả - DOC 8896 – Manual on MET; năng theo dõi hoạt động liên tục của các thiết bị đo practices; (cảm biến đo)/ chức năng cảnh báo lỗi dữ liệu của hệ - Standards for AWOS (TCCS 01; 3.5.1 Availability of lightning protection on all sensors / Hệ N/A",2026-07-14 14:32:36.368632+00,2026-07-14 14:32:36.368632+00,{},f
a26cb309-b107-4779-b36d-a267d4e285f8,d7005685-24f9-45d4-bcce-f24d9962cf97,CRA,APP/TWR Cam Ranh,,974/GP-CHK,2026-02-27,2028-03-01,,Thiết bị đo đạc quan trắc thông dụng (đo gió hiển thị số và khí áp hiển thị số),2023,,,"Thiết bị điện tử đo nhiệt độ, độ ẩm và khí áp hiển thị số 1.1006.54.080",09230014,Đức,Làm dự phòng đo các yếu tố khí tượng và cung cấp số liệu phục vụ hoạt động bay,Khu vực Cảng hàng không quốc tế Cam Ranh,Không áp dụng,"Cảng hàng không quốc tế Cam Ranh, phường Bắc Cam Ranh, tỉnh Khánh Hòa",24/24h,"Tên: Thiết bị đo đạc quan trắc thông dụng (đo gió hiển thị số và khí áp hiển thị số) || Model: Thiết bị điện tử đo nhiệt độ, độ ẩm và khí áp hiển thị số 1.1006.54.080 || Serial: 09230014 || SX: Đức Năm sản xuất: 2023 || Tính năng: Đo nhiệt độ (Phạm vi đo -40÷850C, độ chính xác ±0.10C, độ phân giải 0.10C); Đo độ ẩm (Phạm vi đo 0% ÷100%RH, độ chính xác ±1.5%RH, độ phân giải 0.1% RH); Đo khí áp (Phạm vi đo 300 ÷ 1200 hPa, độ chính xác ±0.25 hPa trong giải 800 ÷ 1100 hPa và ±0.5 hPa trong giải 600 ÷ 800 hPa, độ phân giải 0.1 hPa). [PB] || Cảm biến/thành phần: 1. Tên thiết bị: Thiết bị đo đạc quan trắc thông dụng (đo gió hiển thị số và khí áp hiển thị; quốc tế Cam Ranh Thiết bị đo gió hiển thị số; Serviceability of AWOS Sensors/ Tình trạng hoạt; động của thiết bị đo; liệu hệ thống/ thiết bị đo dự phòng; sensors and central data processing system / Nhật ký; d) Regular physical inspection of all sensors and Hậu kiểm; 3.4.3 Calibration of measuring sensors / Hiệu chuẩn thiết bị; liệu hướng dẫn về hiệu chuẩn thiết bị đo tại đơn vị; c) Availability of periodic sensor calibration Records; Hậu kiểm; sensor failures Technical supervision position / Khả; năng theo dõi hoạt động liên tục của các thiết bị đo - DOC 9837 – Manual on; (cảm biến đo)/ chức năng cảnh báo lỗi dữ liệu của hệ; 3.5.1 Availability of lightning protection on all sensors / Hệ N/A",2026-07-14 14:32:36.368632+00,2026-07-14 14:32:36.368632+00,{},f
5a8754e3-22eb-49d0-9a1d-8628eaf126bb,7abf263b-d89e-463f-9199-b1d07eb60ed6,BDKT-QNH,Trạm ra đa Quy Nhơn,,6823/GP-CHK,2024-12-13,2027-01-15,,Máy thu phát VHF thoại không - địa,2020,,,Máy phát: TA-7650; Máy thu: RA-7203,Máy chính: 11320 (TA-7650); 12404 (RA-7203); Máy dự phòng: 11319 (TA-7650); 12403 (RA-7203),Na Uy,Điều hành bay (Phân khu 2 - ACC HCM),Bán kính R = 450 km,Không,"Trạm ra đa Quy Nhơn, núi Vũng Chua",24/24h,"Tên: Máy thu phát VHF thoại không - địa || Model: Máy phát: TA-7650; Máy thu: RA-7203 || Serial: Máy chính: 11320 (TA-7650); 12404 (RA-7203); Máy dự phòng: 11319 (TA-7650); 12403 (RA-7203) || SX: Na Uy. Năm sản xuất: 2020 || Tính năng: Liên lạc thoại không - địa; thiết bị có cấu hình chính - dự phòng; điều chế AM; tần số làm việc 120,1 MHz (tần số sử dụng offset -5kHz); công suất phát 50 W; phân cực đứng; phương thức phát: 6K80A3E; độ nhạy máy thu 1V; ăng ten cao 15 mét || Kênh/thành phần: Tên thiết bị: Máy thu phát VHF thoại không - địa",2026-07-14 14:32:36.368632+00,2026-07-14 14:32:36.368632+00,{},f
4baa3a74-b880-40ba-85cf-cd99a2e99407,bb5b5939-4377-41f0-bd28-b143c61eac15,CRA,APP/TWR Cam Ranh,,3781/GP-CHK,2024-07-29,2026-08-14,,Hệ thống xử lý dữ liệu ra đa (RDP),2010,,,"Hệ thống xử lý dữ liệu ra đa, ADS-B",Tại Phụ lục 1 kèm theo,Italia,Phục vụ điều hành bay (APP/TWR Cam Ranh),Khu vực trách nhiệm APP/TWR Cam Ranh,Không,Trung tâm Kiểm soát tiếp cận - tại sân Cam Ranh,24/24h,"Tên: Hệ thống xử lý dữ liệu ra đa (RDP) || Model: Hệ thống xử lý dữ liệu ra đa, ADS-B || Serial: Tại Phụ lục 1 kèm theo || SX: Italia; Năm sản xuất: 2010 || Tính năng: Tại Phụ lục 2 kèm theo || Phụ lục 1 kèm theo: 6. Nơi sản xuất: Italia; Năm sản xuất: 2010 || Phụ lục 2 kèm theo: 9. Địa điểm đặt thiết bị: Trung tâm Kiểm soát tiếp cận - tại sân Cam Ranh || Phụ lục 1: Số sản xuất, cấu hình thiết bị xử lý chính; (Kèm theo Giấy phép số: 3781 /GP-CHK ngày 29 tháng 07 năm 2024); Stt Thiết bị Vị trí Chủng loại Serial Năm sử dụng; RF3 HP-DL380p G8 CZ24070HV8 2015; RF4 HP-DL380p G8 CZ24070HTZ 2015; SF1 HP-DL380p G8 CZ24070HVC 2015; SF2 HP-DL380p G8 CZ24070HV3 2015; Máy chủ; MS1 HP-DL380p G8 CZ24070HVB 2015; MS2 HP-DL380p G8 CZ24070HVJ 2015; RP1 HP-Pro.DL380 G6 CZ2042GRCV 2012; RP2 HP-Pro.DL380 G6 CZ2042GRCX 2012; RPB HP MAS2012 3,5-In 2S6941C042 2015; 2 Share devices; Dự phòng Driver Bay Chassis 2S6131C170 2020; D05 Z400 CZC04782YQ 2012; D06 Z400 CZC04782Y9 2012; D29 Z400 CZC04782YG 2012; D30 Z400 CZC04782YL 2012; D38 Z400 CZC04782YC 2012; 3 Máy trạm D07 Z400 CZC04782YR 2012; D08 Z400 CZC04782Y7 2012; D37 Z400 CZC04782YB 2012; D36 Z400 CZC04782YD 2012; CMS Z400 CZC04782YP 2012; Dự phòng Z400 CZC04782Y3 2012 || Phụ lục 2: (Kèm theo Giấy phép số: 3781 /GP-CHK ngày 29 tháng 07 năm 2024); - Chức năng cảnh báo an toàn STCA, MSAW và APW; - Chức năng hiển thị thông và dữ liệu tại vị trí điều hành CWP; KSVKL); - Chức năng giám sát tại vị trí kỹ thuật./",2026-07-14 14:32:36.368632+00,2026-07-14 14:32:36.368632+00,{},f
7d47d549-efe7-495b-b622-5c43e8fb4646,2bc88761-ea6c-4d35-828a-28a98e701956,CRA,APP/TWR Cam Ranh,,606/GP-CHK,2026-01-30,2028-02-01,6685/GP-CHK,Hệ thống thông báo tin tức bán tự động tại khu vực sân bay (D-ATIS),"2022, 2016",,,Máy phát Jotron TA-7650; Máy thu: EU4200C,Máy chính: 18175; Máy dự phòng: 18172; Máy thu: 105801,"USA, Séc","Phát thanh bằng lời và phát dữ liệu về điều kiện thời tiết, phương thức tiếp cận, cất cánh và tình trạng đường cất, hạ cánh tại Cảng",Khu vực Cảng hàng không quốc tế Cam Ranh,Không áp dụng,"Trung tâm Kiểm soát tiếp cận – Tại sân Cam Ranh; tọa độ WGS-84: 109°12′52″E, 12°00′14″N",24/24h,"Tên: Hệ thống thông báo tức bán tự động tại khu vực sân bay (D-ATIS) || Model: Máy phát Jotron TA-7650; Máy thu: EU4200C || Serial: Máy chính: 18175 và Máy dự phòng: 18172; Máy thu: 105801 || SX: USA, Séc. Năm sản xuất: 2022; 2016. - Tính năng kỹ thuật chính: - Hệ thống thông báo tức tự động tại khu vực sân bay (D-ATIS) gồm 02 máy phát, 01 máy thu và 02 || Tính năng: Không áp dụng || Mã/SIC: Trung tâm Kiểm soát tiếp cận – Tại sân Cam Ranh. Tọa độ WGS- 84: 109°12'52""E, 12°00’14” || Phụ lục: Tính năng kỹ thuật hệ thống thông báo tức tự động tại khu vực sân bay (D-ATIS); (Ban hành kèm theo GPKT số 606/GP-CHK ngày 30/01/2026); MET/CNS INSPECTION CHECKLIST/REPORT",2026-07-14 14:32:36.368632+00,2026-07-14 14:32:36.368632+00,{},f
ea024f84-345e-44be-8d6a-5a567b342a4c,bc31dd94-29dd-488d-b4f4-a1238f70c857,BDKT,Đài KSKL Đà Nẵng,,5853/GP-CHK,2025-11-27,2027-12-19,,Máy thu phát VHF thoại không - địa,"2016, 2009",,,"Máy phát: TA-7625, SU4200; Máy thu: RA-7203, EU4200C","Máy chính: 00791 (TA-7625), 00817 (RA-7203); Máy dự phòng: 00836 (TA-7625), 00814 (RA-7203); 1058xx (SU4200/EU4200C)","Séc, Na Uy",Điều hành bay (TWR DAN),Tầm phủ 15 km,Không,Đài KSKL Đà Nẵng - Cảng HKQT Đà Nẵng; tọa độ WGS-84: 16°02′46″B - 108°12′10″Đ,24/24h,"Tên: Máy thu phát VHF thoại không – địa || Model: Máy phát: TA-7625, SU4200; Máy thu: RA-7203, EU4200C || Serial: Máy chính: 00791 (TA-7625), 00817 (RA-7203); Máy dự phòng: 00836 (TA-7625), 00814 (RA-7203); 105855, 105858 (SU4200), 105802, 105805 (EU4200C) || SX: Séc (SU4200/EU4200C), Na Uy (TA-7625, RA-7203); Năm sản xuất: 2016 (SU4200/EU4200C), 2009 (TA-7625, RA-7203) || Tính năng: Liên lạc thoại không - địa; thiết bị có cấu hình chính - dự phòng; điều chế AM; tần số làm việc 118,35 MHz; công suất phát 25W (TA-7625), 50W (SU4200); phân cực đứng; phương thức phát 6K80A3E; độ nhạy máy thu 1µV; ăng ten cao 8 mét || Kênh/thành phần: Tên thiết bị: Máy thu phát VHF thoại không – địa; Mục đích sử dụng: Điều hành bay (TWR DAN)",2026-07-14 14:32:36.368632+00,2026-07-14 14:32:36.368632+00,{},f
5db9001e-07cd-493b-a2dd-3ad57a96bbf8,f15adfa7-b2c7-4747-b0bd-9cfa10394ac4,BDKT,Đài KSKL Đà Nẵng,,2831/GP-CHK,2025-07-14,2027-07-18,1878/GP-CHK,Máy thu phát VHF thoại không - địa,2016,,,"Máy phát: SU4200, S5200VT; Máy thu: EU4200C, S5200VR","Máy chính: 100437 (S5200VT), 100739 (S5200VR); Máy dự phòng: 105855, 105858 (SU4200), 105802, 105805 (EU4200C)",Séc,Điều hành bay (TWR Đà Nẵng - Dự phòng),Bán kính R = 15 km,Không,Đài KSKL Đà Nẵng - Cảng HKQT Đà Nẵng; tọa độ WGS-84: 16°02′46″B - 108°12′10″Đ,24/24h,"Tên: Máy thu phát VHF thoại không – địa || Model: Máy phát: SU4200, S5200VT; Máy thu: EU4200C, S5200VR || Serial: Máy chính: 100437 (S5200VT), 100739 (S5200VR); Máy dự phòng: 105855, 105858 (SU4200), 105802, 105805 (EU4200C); 100793 (S5200VT), 101076 (S5200VR) || SX: Séc Năm sản xuất: 2016 || Tính năng: Liên lạc thoại không - địa; thiết bị có cấu hình chính - dự phòng; điều chế AM; tần số làm việc 118,05 MHz; công suất phát tối đa 50W; phân cực đứng; phương thức phát 6K80A3E; độ nhạy máy thu 1µV; ăng ten cao 10 mét || Kênh/thành phần: Tên thiết bị: Máy thu phát VHF thoại không – địa; Mục đích sử dụng: Điều hành bay (TWR Đà Nẵng - Dự phòng)",2026-07-14 14:32:36.368632+00,2026-07-14 14:32:36.368632+00,{},f
33750536-6e76-4cd0-aafc-97205d661f56,8a8e370a-fd38-4a5b-97a3-13b54178e74c,BDKT,Trạm Ra đa - Thông tin Sơn Trà,,3810/GP-CHK,2025-08-28,2027-09-06,,Máy thu phát VHF thoại không - địa,"2016, 2009",,,"Máy phát: TA-7650, SU4200; Máy thu: RA-7203, EU4200C","Máy chính: 01162 (TA-7650), 00884 (RA-7203); Máy dự phòng: 00901, 6134, 11324, 11321 (TA-7650) và các máy thu/phát dự phòng","Séc, Na Uy",Điều hành bay (CTL DAN),Bán kính R = 300 km,Không,Trạm Ra đa - Thông tin Sơn Trà 1/2; tọa độ WGS-84: 16°08′00″B - 108°14′41″Đ (và trạm liên quan),24/24h,"Tên: Máy thu phát VHF thoại không – địa || Model: Máy phát: TA-7650, SU4200; Máy thu: RA-7203, EU4200C || Serial: Máy chính: 01162 (TA-7650), 00884 (RA-7203); Máy dự phòng: 00901, 6134, 11324, 11321 (TA-7650); 01194, 01200, 12405, 12407 (RA-7203); 105865, 105861, 105860, 105859 (SU4200); 105815, 105810, 105807, 105806 (EU4200C) || SX: Séc (SU4200/EU4200C), Na Uy (TA-7650, RA-7203). Năm sản xuất: 2016 (SU4200/EU4200C), 2009 (TA-7650, RA-7203) || Tính năng: Liên lạc thoại không - địa; thiết bị có cấu hình chính - dự phòng; điều chế AM; tần số làm việc 125,3 MHz; công suất phát 50W; phân cực đứng; phương thức phát 6K80A3E; độ nhạy máy thu 1µV; ăng ten cao 5 mét (Trạm Ra đa - Thông Sơn Trà 1, Quy Nhơn), 10 mét (Trạm Ra đa - Thông Sơn Trà 2), ăng ten cao 28 mét (Đài KSKL Đà Nẵng) || Kênh/thành phần: Tên thiết bị: Máy thu phát VHF thoại không – địa",2026-07-14 14:32:36.368632+00,2026-07-14 14:32:36.368632+00,{},f
e0484d05-22cd-4763-9056-d07718c896af,64e6ccdc-ae7d-4e06-80e4-c0f6a7a70346,BDKT,Đài KSKL Đà Nẵng,,5854/GP-CHK,2025-11-27,2027-12-19,,Máy thu phát VHF thoại không - địa,"2016, 2010",,,"Máy phát: SU4200, TA-7650; Máy thu: EU4200C, RA-7203","Máy chính: 105870 (SU4200); 105817 (EU4200C); Máy dự phòng: 105866, 105856, 105857, 105860…","Séc, Na Uy",Điều hành bay (APP DAN),Tầm phủ 60 km,Không,Đài KSKL Đà Nẵng - Cảng HKQT Đà Nẵng; tọa độ WGS-84: 16°02′46″B - 108°12′10″Đ (và trạm Sơn Trà liên quan),24/24h,"Tên: Máy thu phát VHF thoại không – địa || Model: Máy phát: SU4200, TA-7650; Máy thu: EU4200C, RA-7203. - || Serial: Máy chính: 105870 (SU4200); 105817 (EU4200C); Máy dự phòng: 105866, 105856, 105857, 105860, 105859 (SU4200); 6134 (TA-7650); 105812, 105803, 105804 , 105807, 105806 (EU4200C); 01200 (RA-7203) || SX: Séc (SU4200/EU4200C); Na Uy (TA-7650/RA-7203). Năm sản xuất: 2016 (SU4200/EU4200C); 2010 (TA-7650/RA-7203) || Tính năng: Liên lạc thoại không - địa; thiết bị có cấu hình chính - dự phòng; điều chế AM; tần số làm việc 120,45 MHz; công suất phát 50W; phân cực đứng; phương thức phát 6K80A3E; độ nhạy máy thu 1µV; ăng ten cao 28 mét (Đài KSKL Đà Nẵng); ăng ten cao 15 mét (Trạm Ra đa - Thông Sơn Trà 2) || Kênh/thành phần: Tên thiết bị: Máy thu phát VHF thoại không – địa; Mục đích sử dụng: Điều hành bay (APP DAN)",2026-07-14 14:32:36.368632+00,2026-07-14 14:32:36.368632+00,{},f
b588959c-c31e-40a4-9453-af4df420ca6d,537ab6d4-f60f-4495-b4a0-9b3d3a3caf51,BDKT,Trạm Ra đa - Thông tin Sơn Trà,,5858/GP-CHK,2025-11-27,2027-12-19,,Máy thu phát VHF thoại không - địa,"2016, 2010",,,"Máy phát: SU4200, TA-7650; Máy thu: EU4200C, RA-7203","Máy chính: 105871 (SU4200), 105816 (EU4200C); Máy dự phòng: 105872, 105859, 105860…","Séc, Na Uy",Điều hành bay (CTL/APP DAN),Tầm phủ 300 km,Không,Trạm Ra đa - Thông tin Sơn Trà 2; tọa độ WGS-84: 16°07′51.12″B - 108°15′31.62″Đ,24/24h,"Tên: Máy thu phát VHF thoại không – địa || Model: Máy phát: SU4200, TA-7650; Máy thu: EU4200C, RA-7203. - || Serial: Máy chính: 105871 (SU4200), 105816 (EU4200C); Máy dự phòng: 105872, 105859, 105860 (SU4200); 105813, 105806, 105807 (EU4200C); 01159, 01158, 6134 (TA-7650), 01199, 01192, 01200 (RA-7203) || SX: Séc (SU4200/EU4200C), Na Uy (TA-7650/RA-7203). Năm sản xuất: 2016 (SU4200/EU4200C), 2010 (TA-7650/RA-7203) || Tính năng: Liên lạc thoại không - địa; thiết bị có cấu hình chính - dự phòng; điều chế AM; tần số làm việc 125,45 MHz (tần số dự phòng); công suất phát 50W; phân cực đứng; phương thức phát 6K80A3E; độ nhạy máy thu 1µV; ăng ten cao 5 mét (Trạm ra đa - Thông Sơn Trà 1), ăng ten cao 10 mét (Trạm Ra đa - Thông Sơn Trà 2), 28 mét (Đài KSKL Đà Nẵng) || Kênh/thành phần: Tên thiết bị: Máy thu phát VHF thoại không – địa; Mục đích sử dụng: Điều hành bay (CTL/APP DAN)",2026-07-14 14:32:36.368632+00,2026-07-14 14:32:36.368632+00,{},f
3d57d8b2-bd45-4bf1-b39d-8353d38e5140,b0668377-a642-432b-bf11-d54e738b91ed,BDKT,Trạm Ra đa - Thông tin Sơn Trà / Đài KSKL Đà Nẵng,,5855/GP-CHK,2025-11-27,2027-12-19,,Máy thu phát VHF thoại không - địa,"2016, 2009",,,"Máy phát: Jotron TA-7625, TA-7650, SU4200; Máy thu: Jotron RA-7203, EU4200C","Máy chính: 00837 (TA-7625), 00816 (RA-7203); Máy dự phòng: 00790 (TA-7625), 6134 (TA-7650)…","Séc, Na Uy","Liên lạc trên tần số khẩn nguy 121,5 MHz (CTL/APP/TWR/GCU DAN)",Tầm phủ 300 km,Không,Trạm Ra đa - Thông tin Sơn Trà 2 và Đài KSKL Đà Nẵng,24/24h,"Tên: Máy thu phát VHF thoại không – địa || Model: Máy phát: Jotron TA-7625, TA-7650, SU4200; Máy thu: Jotron RA-7203, EU4200C || Serial: Máy chính: 00837 (TA-7625), 00816 (RA-7203). Máy dự phòng: 00790 (TA-7625), 6134 (TA-7650); 00818, 01200 (RA-7203); 105869, 105867, 105855, 105858, 105860, 105859, 105862 (SU4200); 105814, 105811, 105802, 105805, 105807, 105806, 105836 (EU4200C) || SX: Séc (SU4200/EU4200C) và Na Uy (TA-7625, TA-7650, RA-7203). Năm sản xuất: 2016 (SU4200/EU4200C) và 2009 (TA-7625, RA-7203); 2010 (TA-7650, RA-7203) || Tính năng: Liên lạc thoại không - địa; thiết bị có cấu hình chính - dự phòng; điều chế AM; tần số làm việc 121,5 MHz; công suất phát 25W (TA-7625), 50W (SU4200, TA-7650); phân cực đứng; phương thức phát 6K80A3E; độ nhạy máy thu 1µV; ăng ten cao 32 mét (Đài KSKL Đà Nẵng), ăng ten cao 6 mét (Trạm Ra đa - Thông Sơn Trà 2) || Kênh/thành phần: Tên thiết bị: Máy thu phát VHF thoại không – địa; Mục đích sử dụng: Liên lạc trên tần số khẩn nguy 121,5 MHz (CTL/APP/TWR/GCU",2026-07-14 14:32:36.368632+00,2026-07-14 14:32:36.368632+00,{},f
b247cfa3-c4f4-40c5-9148-9e76a3ca8333,bbce7c36-88e7-4b62-a983-f9fabe61eb04,BDKT,Đài KSKL Đà Nẵng,,5856/GP-CHK,2025-11-27,2027-12-19,,Máy thu phát VHF thoại không - địa,2016,,,Máy phát: SU4200; Máy thu: EU4200C,"Máy chính: 106629 (SU4200); 106539 (EU4200C); Máy dự phòng: 106626, 106627, 105862, 105858…",Séc,Kiểm soát tàu bay lăn (GCU DAN),Tầm phủ 20 km,Không,Đài KSKL Đà Nẵng - Cảng HKQT Đà Nẵng; tọa độ WGS-84: 16°02′46″B - 108°12′10″Đ,24/24h,"Tên: Máy thu phát VHF thoại không – địa || Model: Máy phát: SU4200; Máy thu: EU4200C. - || Serial: Máy chính: 106629 (SU4200); 106539 (EU4200C); Máy dự phòng: 106626, 106627, 105862, 105858 (SU4200); 106541, 106538, 105836, 105805 (EU4200C) || SX: Séc. Năm sản xuất: 2016 || Tính năng: Liên lạc thoại không - địa; thiết bị có cấu hình chính - dự phòng; tần số làm việc 121,6 MHz; điều chế AM; công suất phát 50W; phương thức phát 6K80A3E; độ nhạy máy thu 1µV; ăng ten cao 10 mét || Kênh/thành phần: Tên thiết bị: Máy thu phát VHF thoại không – địa; Mục đích sử dụng: Kiểm soát tàu bay lăn (GCU DAN)",2026-07-14 14:32:36.368632+00,2026-07-14 14:32:36.368632+00,{},f
4872d77d-f73e-4243-b751-3280c519790c,987abb41-d80b-48cb-bf7b-a97bf0971ac6,BDKT,Đài KSKL Đà Nẵng,,5857/GP-CHK,2025-11-27,2027-12-19,,Máy thu phát VHF thoại không - địa,2016,,,Máy phát: SU4200; Máy thu: EU4200C,"Máy chính: 106628 (SU4200); 106540 (EU4200C); Máy dự phòng: 106626, 106627, 105862, 105858…",Séc,Kiểm soát tàu bay lăn (GCU DAN),Tầm phủ 20 km,Không,Đài KSKL Đà Nẵng - Cảng HKQT Đà Nẵng; tọa độ WGS-84: 16°02′46″B - 108°12′10″Đ,24/24h,"Tên: Máy thu phát VHF thoại không – địa || Model: Máy phát: SU4200; Máy thu: EU4200C. - || Serial: Máy chính: 106628 (SU4200); 106540 (EU4200C); Máy dự phòng: 106626, 106627, 105862, 105858 (SU4200); 106541, 106538, 105836, 105805 (EU4200C) || SX: Séc. Năm sản xuất: 2016 || Tính năng: Liên lạc thoại không - địa; thiết bị có cấu hình chính - dự phòng; tần số làm việc 121,9 MHz; điều chế AM; công suất phát 50W; phương thức phát 6K80A3E; độ nhạy máy thu 1µV; ăng ten cao 10 mét || Kênh/thành phần: Tên thiết bị: Máy thu phát VHF thoại không – địa; Mục đích sử dụng: Kiểm soát tàu bay lăn (GCU DAN)",2026-07-14 14:32:36.368632+00,2026-07-14 14:32:36.368632+00,{},f
808e0c9e-5bf8-4e71-a621-4489e4b0ef2f,8b240798-7f64-41e7-a779-47ad6a0a45d6,BDKT,Xe tìm kiếm cứu nạn - Công ty QLB miền Trung,,627/GP-CHK,2025-02-07,2027-03-30,,Máy thu phát VHF thoại không - địa,1994,,,Máy thu phát ICOM IC-A200,02737/03338,Nhật Bản,Liên lạc phục vụ công tác tìm kiếm cứu nạn,Bán kính R = 60 km,Không,Lắp đặt trên xe tìm kiếm cứu nạn - Công ty Quản lý bay miền Trung,24/24h,"Tên: Máy thu phát VHF thoại không - địa || Model: Máy thu phát ICOM IC-A200 || Serial: 02737/03338 || SX: Nhật Bản. Năm sản xuất: 1994 || Tính năng: Liên lạc thoại không - địa; thiết bị có cấu hình chính - dự phòng; điều chế AM; tần số làm việc 121,5 MHz; công suất phát 7W; phân cực đứng; phương thức phát 6K00A3E || Kênh/thành phần: Tên thiết bị: Máy thu phát VHF thoại không - địa",2026-07-14 14:32:36.368632+00,2026-07-14 14:32:36.368632+00,{},f
7211ca90-1b82-4199-8610-81b958af9a0f,360d66e6-53bf-43dc-93ad-ee1cfb942ed4,BDKT,APP/TWR Đà Nẵng,,615/GP-CHK,2025-04-01,2027-04-06,2038/GP-CHK,Hệ thống chuyển mạch thoại (VCCS),2020,,,Frequentis VCS3020X,VCS 3020X Rel 8.0,Áo,Phục vụ điều hành bay,"Trung tâm Kiểm soát tiếp cận - tại sân Đà Nẵng, Cảng HKQT Đà Nẵng",Không,"Trung tâm Kiểm soát tiếp cận - tại sân Đà Nẵng, Cảng HKQT Đà Nẵng",24/24h,Tên: Hệ thống chuyển mạch thoại (VCCS) || Model: Frequentis VCS3020X || Serial: VCS 3020X Rel 8.0 || SX: Cộng hòa Áo. Năm sản xuất: 2020 || Tính năng: Hệ thống chuyển mạch thoại gồm 02 phần lõi chuyển mạch hoạt động song song; 14 đầu cuối khai thác; 01 server và 01 máy tính giám sát và bảo trì; 26 giao tiếp vô tuyến được nối với các thiết bị VHF và 27 giao tiếp thoại được nối với các đường hotline và tổng đài,2026-07-14 14:32:36.368632+00,2026-07-14 14:32:36.368632+00,{},f
dd2a8275-c420-4318-bca1-04dcb4f13f2a,bb6ca168-63d0-4054-bbff-94fecc06d7bd,BDKT,APP/TWR DAN,,4730/GP-CHK,2025-10-10,2027-10-15,7466/GP-CHK,Ghi âm,2017,,,Atis Advantage PL4600,4K80PL11301701 / 4K80PL11301702,Mỹ,Ghi âm liên lạc thoại không - địa (A/G) và điểm nối điểm (G/G),"Cơ sở kiểm soát tiếp cận tại sân, sân bay Đà Nẵng (APP/TWR DAN)",Không,APP/TWR DAN,24/24h,"Tên: Ghi âm || Model: Atis Advantage PL4600 || Serial: 4K80PL11301701/ 4K80PL11301702 || SX: Mỹ. Năm sản xuất: 2017 || Tính năng: Thiết bị ghi âm Atis Advantage PL4600 có cấu hình hoạt động song song, số lượng kênh ghi: 128 kênh; ổ cứng lưu trữ trực tiếp: 2 2TB/ máy (RAID-1); ổ RDX lưu trữ ngoài: 2x2TB/ máy. (Chi tiết các kênh ghi như trong phụ lục kèm theo) || phụ lục kèm theo): 9. Địa điểm đặt thiết bị: APP/TWR DAN || Phụ lục: Danh mục các kênh ghi âm tại APP/TWR Đà Nẵng; (Kèm theo Giấy phép số: 4730 /GP-CHK ngày 10 tháng 10 năm 2025); Stt Nội dung kênh ghi Ghi chú; 1. CWP CTL EC VCS CWP KSVKL CTL chính (APP/CTL Đà Nẵng); 2. CWP CTL PC VCS CWP KSVKL CTL Hiệp đồng (APP/CTL Đà Nẵng); 3. CWP FDO VCS CWP KSVKL FDO (APP/CTL Đà Nẵng); 4. CWP APP EC VCS CWP KSVKL APP chính (APP/CTL Đà Nẵng); 5. CWP APP PC VCS CWP KSVKL APP Hiệp đồng (APP/CTL Đà Nẵng); 6. CWP CTL SUP 1 VCS CWP CTL/APP SUP (APP/CTL Đà Nẵng); 7. CWP CTL SUP 2 VCS CWP CTL/APP SUP (APP/CTL Đà Nẵng); 8. CWP TWR EC VCS CWP KSVKLTWR Chính (TWR/GCU Đà Nẵng); 9. CWP TWR PC VCS CWP KSVKL TWR Hiệp đồng (TWR/GCU Đà Nẵng); 10. CWP GCU EC VCS CWP KSVKL GCU Chính (TWR/GCU Đà Nẵng); 11. CWP GCU PC VCS CWP KSVKL GCU Hiệp đồng (TWR/GCU Đà Nẵng); 12. CWP TWR SUP 1 VCS CWP TWR SUP (TWR/GCU Đà Nẵng); 13. CWP TWR SUP 2 VCS CWP TWR SUP (TWR/GCU Đà Nẵng); 14. 125,3MHz STR2 VHF tần số 125,3MHz, đặt tại Sơn Trà 2, máy Main; 15. 125,3MHz STR2 VHF tần số 125.,MHz, đặt tại Sơn Trà 2, máy Standby; 16. 125,3MHz QNH VHF tần số 125,3MHz, đặt tại Quy Nhơn, máy Main; 17. 125,3MHz QNH VHF tần số 125,3MHz, đặt tại Quy Nhơn, máy Standby; 18. 125,3MHz STR1 VHF tần số 125,3MHz, đặt tại Sơn Trà 1, máy Main; 19. 125,3MHz STR1 VHF tần số 125,3MHz, đặt tại Sơn Trà 1, máy Standby; 20. 125,45MHz STR2 VHF tần số 125,45MHz, đặt tại Sơn Trà 2, máy Main; 21. 125,45MHz STR2 VHF tần số 125,45MHz, đặt tại Sơn Trà 2, máy Standby; 22. 125,45MHz STR1 VHF tần số 125,45MHz, đặt tại Sơn Trà 1, máy",2026-07-14 14:32:36.368632+00,2026-07-14 14:32:36.368632+00,{},f
f3523d63-d9df-47a0-a7f7-1b778bf80ad6,75979ae0-c2f6-40c3-aa1a-935b6f8c3b9b,BDKT,APP/TWR Đà Nẵng,,1510/GP-CHK,2025-05-14,2027-05-20,2954/GP-CHK,Hệ thống xử lý dữ liệu ra đa (RDP),2015,,,"Hệ thống xử lý dữ liệu ra đa, ADS-B Aircon",Tại Phụ lục 1 kèm theo,Tây Ban Nha,Phục vụ điều hành bay (CTL/APP/TWR Đà Nẵng),"Trung tâm kiểm soát Tiếp cận, tại sân Đà Nẵng",Không,"Trung tâm kiểm soát Tiếp cận, tại sân Đà Nẵng, phường Hòa Thuận Tây, quận Hải Châu, Tp. Đà Nẵng",24/24h,"Tên: Hệ thống xử lý dữ liệu ra đa (RDP) || Model: Hệ thống xử lý dữ liệu ra đa, ADS-B Aircon || Serial: Tại Phụ lục 1 kèm theo || SX: Tây Ban Nha; Năm sản xuất: 2015 || Tính năng: Tại Phụ lục 2 kèm theo || Mã/SIC: 11101000 (SIC) || Phụ lục 1 kèm theo: 6. Nơi sản xuất: Tây Ban Nha; Năm sản xuất: 2015 || Phụ lục 2 kèm theo: 8. Mã số, địa chỉ kỹ thuật: 11101000 (SIC); 9. Địa điểm đặt thiết bị: Trung tâm kiểm soát Tiếp cận, tại sân Đà Nẵng, phường Hòa || Phụ lục 1: Số sản xuất, cấu hình thiết bị xử lý chính; (Kèm theo Giấy phép số: 1510 /GP-CHK ngày 14 tháng 05 năm 2025); Số Serial; Stt Thiết bị Cấu hình thiết bị; HP DL380p G8 Server, 2 Six-Core; SDP & SNETP Intel Xeon E5-2640 Processor; (Surveillance 2.50GHz, 16GB DDR3 Memory, 2; CZ244100J7; 1 Data Processing 2 146GB 6G SAS RAID-1, 1 DVD-; CZ244100J6; Processing) Adapter, 2 750W Power Supply,; HP DL380p G8 Server, 2 Six-Core; Intel Xeon E5-2640 Processor; 2.50GHz, 16GB DDR3 Memory, 2; RDCU 146GB 6G SAS RAID-1, 1 DVD-; (Radar Data RW, 2 Integrated Dual Port Gigabit CZ244100J3; Compressor Adapter, 2 PCIe 4Pt Gigabit CZ244100J5; Unit) Adapter; 2x 4-Port Serial X.25; Controller PCI card, 2 750W; Power Supply, Red Hat Linux 64-bit; HP DL380p G8 Server, 2 Six-Core; Intel Xeon E5-2640 Processor; DRF 2.50GHz, 16GB DDR3 Memory, 8; CZ244100J4; 3 (Data Recording 2 146GB 6G SAS RAID-1, 1 DVD-; CZ244100J2; Adapter, 2 750W Power Supply,; HP Z420 Workstation, 1x Quad-Core; Processor, 8GB DDR3 Memory, 2; 500GB SATA HDD RAID-1,; APW NVIDIA Quadro K600 1GB PCIe; 4 (Area Proximity 1 Graphics Card, 1 Integrated Gigabit CZC3492S66; Số Serial; Stt Thiết bị Cấu hình thiết bị; HP Z420 Workstation, 1x Quad-Core; Processor, 8GB DDR3 Memory, 2; 500GB SATA HDD RAID-1,; NVIDIA Quadro K600 1GB PCIe; 5 1 Graphics Card, 1 Integrated Gigabit CZC4401VKY; HP Z420 Workstation, 1x Quad-Core; Processor, 8GB DDR3 Memory, 2; 500GB SATA HDD RAID-1,; NVIDIA Quadro K600 1GB PCIe; 6 1 Graphics Card, 1 Integrated Gigabit CZC4401V || Phụ lục 2: (Kèm theo Giấy phép số: 1510 /GP-CHK ngày 14 tháng 05 năm 2025); Xử lý mục tiêu của từng sensor (Mono Sensor Tracking), xử lý hợp nhất (Multi; Sensor Tracking - MST) các dữ liệu giám sát từ các nguồn giám sát (Ra đa PSR,; SSR, ra đa mode S, ADS-B…) và phân phối đến các đầu cuối sử dụng; 1.4 Chức năng cảnh báo an toàn (Safety Nets - SNET):; hiện các tình huống nguy hiểm và cảnh báo trước cho KSVKL (Có cảnh báo bằng; + STCA - (Short Term Conflict Alert): Cảnh báo xung đột ngắn hạn giữa các mục; + MSAW - (Minimum Safe Altitude Warning): Cảnh báo độ cao an toàn tối thiểu; - Các vị trí khai thác hệ thống:; + Tại CTL: 03 vị trí làm việc, 01 vị trí APW (Area Proximity Warning - Cảnh báo; + Tại APP/TWR: 04 vị trí làm việc; + Vị trí quản lý kỹ thuật: 01 vị trí làm việc, 01 vị trí giám sát kỹ thuật; - Khu vực xử lý tối đa của SDP: 2048NM 2048NM; - Tâm của hệ thống: 160310N-1081154E; - Khả năng xử lý, hiển thị các kênh ra đa sơ cấp, thứ cấp, thời tiết: Thông; - Số mục tiêu tổng hợp tối đa có thể hiển thị: 2500",2026-07-14 14:32:36.368632+00,2026-07-14 14:32:36.368632+00,{},f
014957bb-6fda-47ab-a070-45601341db87,a0625061-0c6d-4e0b-b438-d696787ad746,BDKT,Cảng HKQT Đà Nẵng,,2141/GP-CHK,2024-05-03,2026-05-03,6139/GP-CHK,Hệ thống quan trắc thời tiết tự động OPTIMET,2011,,,OPTIMET,GL9W82S; HL9W82S,Úc (MTECH SYSTEM),Quan trắc và báo cáo thời tiết sân bay phục vụ hoạt động bay,Khu vực Cảng hàng không quốc tế Đà Nẵng,Không áp dụng,"Khu vực Cảng Hàng không quốc tế Đà Nẵng, TP Đà Nẵng",24/24h,"Tên: Hệ thống quan trắc thời tiết tự động OPTIMET || Model: OPTIMET || Serial: GL9W82S; HL9W82S || SX: Hãng MTECH SYSTEM, Úc. Năm sản xuất: 2011 || Tính năng: Trong Phụ lục kèm theo || Phụ lục kèm theo: 9. Địa điểm đặt thiết bị: Khu vực Cảng Hàng không quốc tế Đà Nẵng, TP Đà Nẵng; 10. Thời gian hoạt động (theo Giấy phép mới): 24/24h từ ngày 03/5/2024 || PHỤ LỤC: Tính năng kỹ thuật Hệ thống quan trắc thời tiết tự động OPTIMET; (Kèm theo Giấy phép số 2141/GP-CHK ngày 03/5/2024); Thiết bị ngoài trời: Hệ thống truyền dẫn kết nối với các thiết bị đo đặt tại các vị trí; + 01 bộ cảm biến đo hướng và tốc độ bề mặt 911-UWS; + 01 bộ cảm biến đo tầm nhìn FS11; + 01 bộ cảm biến đo hướng và tốc độ gió bề mặt 4.3820.00.300; + 01 bộ cảm biến đo nhiệt độ, độ ẩm HMP155D; + 01 bộ cảm biến đo khí áp PTB 330; + 01 cảm biến đo mưa 915-RG; + 01 bộ cảm biến đo giông 4500-LSS; + 01 bộ cảm biến đo tầm nhìn 7000-300; + 01 bộ cảm biến đo hiện tượng thời tiết 6498-P; + 01 bộ cảm biến đo ánh sáng nền 5000-301; + 01 bộ cảm biến đo hướng và tốc độ bề mặt 911-UWS; + 01 bộ cảm biến đo tầm nhìn 5000-200 EMOR; - 01 bộ cảm biến đo độ cao chân mây CL31 cách đầu CHC 35 1336; - 01 bộ cảm biến đo độ cao chân mây 8339-G+ cách đầu CHC 17 430; b) Thiết bị trong nhà:; - 02 máy tính Trung tâm xử lý số liệu quan trắc, lưu trữ số liệu khí tượng và kết nối; AMHS (VVDNYMYW) đặt tại Phòng thiết bị server - Đội Kỹ thuật Khí tượng; - 01 máy tính dùng để lưu trữ và theo dõi số liệu khí tượng từ các cảm biến gửi về (RAW; tượng: bao gồm chức năng tạo điện văn METAR và thống kê số liệu; 01 tại phòng AOCC, 07; tại Đài KSKL Đà Nẵng); - 01 thiết bị giao tiếp với hệ thống đèn đường băng; điện văn MET REPORT, METAR và truyền về các thiết bị đầu cuối. Hệ thống cho phép quan",2026-07-14 14:32:36.368632+00,2026-07-14 14:32:36.368632+00,{},f
8977a330-4f32-41ea-afad-c54c461be4e3,04c0eae7-fa31-4855-95cb-156499e9a279,BDKT,Cảng HKQT Đà Nẵng,,4851/GP-CHK,2024-09-23,2026-10-01,,"Thiết bị đo đạc quan trắc thông dụng (đo nhiệt độ, độ ẩm, đo gió hiển thị số và khí áp hiển thị số)","2022, 2023",,,Thiết bị thủ công,Gió WindObserver (GILL): 2302006; Khí áp PTB 330: V0821321; Nhiệt kế WQG-11: 59,"Anh, Phần Lan, Trung Quốc",Làm dự phòng đo các yếu tố khí tượng và cung cấp số liệu phục vụ hoạt động bay,Khu vực Cảng hàng không quốc tế Đà Nẵng,Không áp dụng,"Cảng hàng không quốc tế Đà Nẵng, Tp. Đà Nẵng",24/24h,"Tên: Thiết bị đo đạc quan trắc thông dụng (đo nhiệt độ, độ ẩm, đo gió hiển thị số và khí áp hiển thị số) || Model: Thiết bị bị thủ công || Serial: Gió WindObserver (GILL): 2302006; Khí áp PTB 330: V0821321; Nhiệt kế thủy tinh chất lỏng WQG-11: 59 và 5 || SX: Anh, Phần Lan, Trung Quốc. Năm sản xuất: 2022, 2023 || Tính năng: Khí áp PTB 330 (phạm vi đo 500 ÷ 1100 hPa, sai số ±0,1 hPa); Gió WindObserver (GILL) (phạm vi đo tốc độ gió 0 ÷ 90 m/s, sai số ±2%; phạm vi đo hướng gió 0° ÷ 360°, sai số ±2°); Nhiệt kế thủy tinh chất lỏng WQG-11 (phạm vi đo (-25 ÷ 50)°C, sai số ± 0,3°C). [PB] || Cảm biến/thành phần: 1. Tên thiết bị: Thiết bị đo đạc quan trắc thông dụng (đo nhiệt độ, độ ẩm, đo gió hiển thị số; quốc tế Đà Nẵng Thiết bị đo nhiệt độ, độ; 3.1 Location/siting of sensors/ equipment appropriate; complying with ICAO SARPs / Thiết bị đo được Article 336 ANS Regulations; 3.2 Serviceability of AWOS Sensors/ Tình trạng hoạt - Article 336 ANS; động của thiết bị đo - 14.1, 14.2 MOS-MET Vol; liệu hệ thống/ thiết bị đo dự phòng; sensors and central data processing system / Nhật ký; d) Regular physical inspection of all sensors and; 3.4.3 Calibration of measuring sensors / Hiệu chuẩn thiết bị 14.2.5 MOS-MET Vol; liệu hướng dẫn về hiệu chuẩn thiết bị đo tại đơn vị; c) Availability of periodic sensor calibration Records; sensor failures Technical supervision position / Khả - DOC 8896 – Manual on MET; năng theo dõi hoạt động liên tục của các thiết bị đo practices; (cảm biến đo)/ chức năng cảnh báo lỗi dữ liệu của hệ - Standards for AWOS (TCCS 01; 3.5.1 Availability of lightning protection on all sensors / Hệ N/A",2026-07-14 14:32:36.368632+00,2026-07-14 14:32:36.368632+00,{},f
d8f0e4b2-9e3f-434d-a1f4-2a635b2fe44c,873a9c5c-16e9-4955-aa06-b2ac255110cf,BDKT-QNH,Trạm ra đa Quy Nhơn,,4733/GP-CHK,2025-10-10,2027-10-16,,Máy thu phát VHF thoại không - địa,2016,,,Máy phát: R&S SU4200; Máy thu: EU4200C,"Máy chính: 105889 (SU4200), 105834 (EU4200C); Máy dự phòng: 105890 (SU4200); 105835 (EU4200C)",Séc,Điều hành bay (Phân khu 6 - ACC HCM),Tầm phủ 463 km,Không,"Trạm ra đa Quy Nhơn, núi Vũng Chua",24/24h,"Tên: Máy thu phát VHF thoại không – địa || Model: Máy phát: R&S SU4200; Máy thu Jotron: EU4200C || Serial: Máy chính: 105889 (SU4200), 105834 (EU4200C); Máy dự phòng: 105890 (SU4200); 105835 (EU4200C) || SX: Séc. Năm sản xuất: 2016 || Tính năng: Liên lạc thoại không - địa; thiết bị có cấu hình chính - dự phòng; tần số làm việc 128,775 MHz (sử dụng offset -5 kHz, tần số phụ); công suất phát 50W; phân cực đứng; phương thức phát 6K80A3E; độ nhạy máy thu 1µV; điều chế AM; ăng ten cao 10 mét || Kênh/thành phần: Tên thiết bị: Máy thu phát VHF thoại không – địa",2026-07-14 14:32:36.368632+00,2026-07-14 14:32:36.368632+00,{},f
37967573-a310-40e6-bdbc-177915f1abce,fc69e4ff-4f6c-4b87-bddc-57d948cc91a5,BDKT-QNH,Trạm ra đa Quy Nhơn,,6301/GP-CHK,2025-12-12,2027-12-19,,Máy thu phát VHF thoại không - địa,2025,,,Máy phát: T6-TV; máy thu: T6-RV,Máy chính: 407041 (T6TV); 407012 (T6RV); Máy dự phòng: 407047 (T6TV); 407015 (T6RV),Anh,"Liên lạc trên tần số khẩn nguy 121,5 MHz (Phân khu 1, 5 ACC HCM)",Tầm phủ 463 km,Không,Trạm Ra đa Thông Quy Nhơn,24/24h,"Tên: Máy thu phát VHF thoại không – địa || Model: Máy phát: T6-TV; máy thu: T6-RV || Serial: Máy chính: 407041 (T6TV); 407012 (T6RV); Máy dự phòng: 407047 (T6TV); 407015 (T6RV) || SX: Anh; Năm sản xuất: 2025 || Tính năng: Liên lạc thoại không - địa; thiết bị có cấu hình máy chính và máy dự phòng; phân cực đứng; điều chế AM; tần số làm việc 121,5 MHz; phương thức phát 6K80A3E; công suất phát 50W; độ nhạy máy thu 1µV; ăng ten cao 12 mét || Kênh/thành phần: Tên thiết bị: Máy thu phát VHF thoại không – địa",2026-07-14 14:32:36.368632+00,2026-07-14 14:32:36.368632+00,{},f
f29bc9f1-2bff-4794-a467-9edcc2ba9334,b2c5fd88-d84e-4563-8a10-448a336072ca,BDKT,Cảng HKQT Đà Nẵng,,4449/GP-CHK,2025-09-29,2027-09-27,3247/GP-CHK,Hệ thống radar thời tiết Doppler METEOR 60DX10-S tích hợp với hệ thống cảnh báo gió đứt LLWAS,2018,,,Ra đa thời tiết Doppler phân cực kép; LLWAS-3 6 cảm biến gió,1711217,Đức,"Phát hiện vùng mây nguy hiểm CB/TCU, mưa dông, gió đứt hỗ trợ dự báo/cảnh báo thời tiết",Ra đa thời tiết bán kính R=100km; LLWAS khu vực cất/hạ cánh,Không áp dụng,"Cảng HKQT Đà Nẵng, phường Hòa Cường, TP. Đà Nẵng",24/24h,"Tên: Hệ thống radar thời tiết Doppler METEOR 60DX10-S tích hợp với hệ thống cảnh báo gió đứt LLWAS || Model: Ra đa thời tiết Doppler phân cực kép; LLWAS-3 6 cảm biến gió || Serial: 1711217 || SX: Đức. Năm sản xuất: 2018 || Tính năng: Trong phụ lục kèm theo || Mã/SIC: MET.RAD.00001 || phụ lục kèm theo: 8. Mã số, địa chỉ kỹ thuật: MET.RAD.00001; 9. Địa điểm đặt thiết bị: Cảng HKQT Đà Nẵng, phường Hòa Cường, TP. Đà Nẵng || PHỤ LỤC: TÍNH NĂNG KỸ THUẬT HỆ THỐNG RADAR THỜI TIẾT DOPPLER; METEOR 60DX10-S TÍCH HỢP VỚI HỆ THỐNG CẢNH BÁO GIÓ ĐỨT TẦNG; THẤP (LLWAS) TẠI CẢNG HÀNG KHÔNG QUỐC TẾ ĐÀ NẴNG; (Kèm theo Giấy phép số 4449 /GP-CHK ngày 29 / 9 /2025); Hệ thống ra đa thời tiết Doppler METEOR 600X10-S có cấu hình đơn (server; với hoạt động hàng không dân dụng. Hệ thống LLWAS gồm 06 cảm biến gió siêu; âm thu thập dữ liệu; thuật toán NCAR-3 tích hợp với hệ thống ra đa thời tiết xử lý; - Đối với các thiết bị của radar thời tiết:; + Server radar thời tiết cấu hình đôi; + 02 đầu cuối có chức năng điều khiển radar; + 01 đầu cuối hiển thị sản phẩm radar thời tiết; + Thiết bị thu phát được kết nối với trạm làm việc radar thông qua cáp quang, có; - Đối với các thiết bị của LLWAS:; + 06 trạm sensor gió (cảm biến gió siêu âm) đặt dọc hai bên đường cất hạ cánh; + Dữ liệu tích hợp và xử lý tại server radar thời tiết; + 03 đầu cuối hiển thị cảnh báo LLWAS",2026-07-14 14:32:36.368632+00,2026-07-14 14:32:36.368632+00,{},f
7dc699cb-11a6-47d4-9dfa-b04d3cabc1af,04c0eae7-fa31-4855-95cb-156499e9a279,BDKT,Lưu động - sân bay Đà Nẵng,,2698/GP-CHK,2025-07-07,2027-07-13,,Thiết bị đo đạc quan trắc thông dụng,1997,,,Khí áp điện tử PA21,S01402,Phần Lan,Làm dự phòng đo các yếu tố khí tượng và cung cấp số liệu phục vụ hoạt động bay,Việt Nam,MET.KAP.00001,Lưu động,24/24h,"Tên: Thiết bị đo đạc quan trắc thông dụng || Model: Khí áp điện tử PA21 || Serial: S01402 || SX: Phần Lan. Năm sản xuất: 1997 || Tính năng: Phạm vi đo 500 ÷ 1100 hPa; giá trị vạch chia 0,1 hPa || Mã/SIC: MET.KAP.00001 || PHỤ LỤC: (Kèm theo Giấy phép số 2698 /GP-CHK ngày07 07/7/2025)",2026-07-14 14:32:36.368632+00,2026-07-14 14:32:36.368632+00,{},f
a88ea73d-c972-4860-b9d1-98bb9215c48c,727fa6bc-f62a-4414-bc9c-4c0c0c2b42ff,BDKT,AMHS - các đầu cuối TCT,,4217/GP-CHK,2025-09-18,2027-09-22,,Hệ thống xử lý điện văn dịch vụ không lưu (AMHS),2014,,,Chuyển điện văn tự động,Chi tiết tại Phụ lục I kèm theo,Việt Nam,"Chuyển đổi và khai thác hệ thống, thiết bị đầu cuối AMHS phục vụ điều hành bay",Hệ thống và các thiết bị đầu cuối AMHS của Tổng công ty; các đầu cuối cơ sở,Không áp dụng,"Hệ thống chính/dự phòng tại Trung tâm Kiểm soát đường dài, tiếp cận Hồ Chí Minh; các đầu cuối theo phụ lục",24/24h,"Tên: Hệ thống xử lý điện văn dịch vụ không lưu (AMHS) || Model: Chuyển điện văn tự động || Serial: Chi tiết tại Phụ lục kèm theo || SX: Việt Nam. Năm sản xuất: 2014 || Tính năng: Chi tiết tại Phụ lục II kèm theo || Phụ lục kèm theo: 6. Nơi sản xuất: Việt Nam. Năm sản xuất: 2014 || Phụ lục II kèm theo: 9. Địa điểm đặt thiết bị: Hệ thống chính và dự phòng đặt tại Trung tâm; Kiểm soát đường dài, tiếp cận Hồ Chí Minh; các đầu cuối kết nối với || Phụ lục: SỐ SẢN XUẤT, CẤU HÌNH THIẾT BỊ THUỘC HỆ THỐNG AMHS; (Kèm theo Giấy phép số: 4217 /GP-CHK ngày 18 tháng 09 năm 2025); Stt Thiết bị Cấu hình thiết bị Serial; IBM X3650 M4; - 02 Intel Xeon 4C E5-2695 V2 2.4GHz, O/Bay HS; 2.5 in SAS/SATA, Rackmount; - Card RAID hỗ trợ đầy đủ các loại RAID; - 128GB PC3L-10600 CL9 ECC DDR3 1333MHz LP; Máy chủ; RDIMM; MTS 06ZNKHK3; 1 02 - 03xIBM 600GB 2.5in SFF 10K 6Gbps HS SAS; (Hệ thống 06ZNHK0; - 02 550W High Efficiency Platinum AC Power; Supply; - DVD SATA R/W Multi-Burner; IBM X3650 M4; - 02 Intel Xeon 4C E5-2670 2.5GHz, O/Bay HS 2.5; in SAS/SATA, Rackmount; - Card RAID hỗ trợ đầy đủ các loại RAID; - 8GB PC3L-10600 CL9 ECC DDR3 1333MHz LP; Máy chủ RDIMM; Gateway - 03xIBM 600GB 2.5in SFF 10K 6Gbps HS SAS 06ZNHL4; (Hệ thống 06ZNHH9; chính) - 02 550W High Efficiency Platinum AC Power; Supply; - DVD SATA R/W Multi-Burner; IBM X3650 M4; - 02 Intel Xeon 4C E5-2670 V2 2.5GHz, O/Bay HS; 2.5 in SAS/SATA, Rackmount; - Card RAID hỗ trợ đầy đủ các loại RAID; - 21GB PC3L-10600 CL9 ECC DDR3 1333MHz LP; RDIMM; Máy chủ 06ZNHL1; - 03xIBM 600GB 2.5in SFF 10K 6Gbps HS SAS; SAN 06ZNHL5; - 02 550W High Efficiency Platinum AC Power; Supply; - DVD SATA R/W Multi-Burner; Stt Thiết bị Cấu hình thiết bị Serial; IBM X3650 M4; - 02 Intel Xeon 4C E5-2609 2.4GHz, O/Bay HS 2.5; in SAS/SATA, Rackmount; - Card RAID hỗ trợ đầy đủ các loại RAID; - 16GB PC3L-10600 CL9 ECC DDR3 1333MHz LP; Máy chủ RDIMM; dự phòng - 03xIBM 600GB 2.5in SFF 10K 6Gbps HS SAS; 4 01 HDD. 06ZNHK9; chính) || Phụ lục II: (Kèm theo Giấy phép số: 4217 /GP-CHK ngày 18 tháng 09 năm 2025); - Chuyển tiếp, lưu trữ điện văn AMHS; gồm máy chủ chính, phụ và máy chủ dự; phòng, chuyển đổi tự động; kết nối AMHS theo giao thức TCP/IP qua mạng; LANs, WANs; hỗ trợ kết nối mạng AFTN qua gateway AFTN/AMHS; - Có khả năng hỗ trợ các loại địa chỉ AMHS theo tiêu chuẩn ICAO (XF và; CAAS); - Đảm bảo việc kết nối với các hệ thống AMHS khác (các hệ hống lân cận bao; - Có thể cập nhật bảng phân kênh điện văn từ thông AMC (ATS Management; - Có khả năng kết nối với các hệ thống liên quan AFTN, ATM, AIS… theo các || Phụ lục III: DANH SÁCH CÁC VỊ TRÍ ĐẦU CUỐI KHAI THÁC; (Kèm theo Giấy phép số: 4217 /GP-CHK ngày 18 tháng 09 năm 2025); Danh sách các vị trí đầu cuối Đơn vị quản; Stt Địa chỉ Ghi chú; 1 ARO CAM RANH TT TBTTHK VVCRZPZX; 2 AIS ĐÀ NẴNG TT TBTTHK VVDNYOYX; 3 ARO ĐÀ NẴNG TT TBTTHK VVDNZPZX; 4 AIS NỘI BÀI TT TBTTHK VVNBYOYX; 5 ARO NỘI BÀI TT TBTTHK VVNBZPZX; 6 AIS TÂN SƠN NHẤT TT TBTTHK VVTSYOYX; 7 ARO TÂN SƠN NHẤT TT TBTTHK VVTSZPZX; 8 PHÒNG NOTAM QUỐC TẾ TT TBTTHK VVVVYNYX; 9 AIS CAM RANH TT TBTTHK VVCRYOYX; 10 AIS CHU LAI TT TBTTHK VVCAYOYX; 11 AIS PLEIKU TT TBTTHK VVPKYOYX; 12 AIS TUY HOÀ TT TBTTHK VVTHYOYX; 13 AIS BUÔN MA THUỘT TT TBTTHK VVBMYOYX; 14 AIS CÀ MAU TT TBTTHK VVCMYOYX; 15 AIS CÔN SƠN TT TBTTHK VVCSYOYX; 16 AIS CẦN THƠ TT TBTTHK VVCTYOYX; 17 AIS LIÊN KHƯƠNG TT TBTTHK VVDLYOYX; 18 AIS PHÚ QUỐC TT TBTTHK VVPQYOYX; 19 AIS RẠCH GIÁ TT TBTTHK VVRGYOYX; 20 AIS CÁT BI TT TBTTHK VVCIYOYX; 21 AIS ĐIỆN BIÊN TT TBTTHK VVDBYOYX; 22 AIS ĐỒNG HỚI TT TBTTHK VVDHYOYX; 23 AIS THỌ XUÂN TT TBTTHK VVTXYOYX; 24 AIS VÂN ĐỒN TT TBTTHK VVVDYOYX; 25 AIS VINH TT TBTTHK VVVHYOYX; 26 KHÔNG YFYC; TT QLLKL VVVVYCYX; 27 TT CẢNH BÁO THỜI TIẾT TT QLLKL VVVVYMYX; 28 QUẢN LÝ LUỒNG KHÔNG LƯU TT QLLKL VVVVZDZX; THÔNG BÁO HIỆP ĐỒNG BAY (VỊ TRÍ XỬ LÝ; TT QLLKL VVVVZGZX; THÔNG BÁO HiỆP ĐỒNG BAY (VỊ TRÍ XỬ LÝ; TT QLLKL VVVVZQZX; 31 TRUNG TÂM DỮ LIỆU OPMET TT QLLKL VVVVYMYC; 32 ARO CÁT BI TT TBTTHK VVCIZPZX; 33 TWR CÁT BI QLBMB VVCIZTZX; 34 ARO ĐIÊN BIÊN TT TBTTHK VVDBZPZX; 35 TWR ĐIÊN BIÊN QLBMB VVDBZTZX; 36 ARO ĐỒNG HỚ",2026-07-14 14:32:36.368632+00,2026-07-14 14:32:36.368632+00,{},f
e8594925-7cb0-4df6-8b0e-bed36f2fabab,9d0e2675-7192-4350-8a7f-cbef379ebf6b,BDKT,AIS - theo phụ lục,,2270/GP-CHK,2024-09-24,2026-09-24,5528/GP-CHK,Hệ thống thông báo tin tức hàng không (AIS) tự động,2008,,,Mạng máy tính kèm phần mềm thông báo tin tức hàng không,11 máy chủ HP Proliant DL380-G5; 02 máy chủ HP Proliant DL380p-Gen8 (chi tiết phụ lục),Đức (COMSOFT GmbH),Cung cấp dịch vụ AIS và cơ sở dữ liệu AIS; quản lý điện văn kế hoạch bay,Trong nước và quốc tế,Không áp dụng,Chi tiết tại Phụ lục 3 kèm theo,24/24h,"Tên: thiết bị: Hệ thống thông báo tức hàng không (AIS) tự động || Model: Mạng máy tính kèm phần mềm thông báo tức hàng không || Serial: - 11 máy chủ HP Proliant DL380-G5 (chính, dự phòng); - 02 máy chủ HP Proliant DL380p-Gen8 (chính, dự phòng); - 39 máy trạm/đầu cuối || SX: Công ty COMSOFT GmbH, Đức; Năm sản xuất: 2008 || Tính năng: Chi tiết tại Phụ lục 2 kèm theo || Phụ lục 1 kèm theo): 4. Kiểu thiết bị: Mạng máy tính kèm phần mềm thông báo tức hàng; - 11 máy chủ HP Proliant DL380-G5 (chính, dự phòng); - 02 máy chủ HP Proliant DL380p-Gen8 (chính, dự phòng); - 39 máy trạm/đầu cuối; 6. Nơi sản xuất: Công ty COMSOFT GmbH, Đức; Năm sản xuất: 2008 || Phụ lục 2 kèm theo: 9. Địa điểm/tọa độ đặt thiết bị: Chi tiết tại || Phụ lục 1: CHỨC NĂNG KHAI THÁC CÁC VỊ TRÍ ĐẦU CUỐI HỆ THỐNG; (Kèm theo Giấy phép số: 2270/GP-CHK ngày 24 tháng 9 năm 2024; (VVVVZQZX); Vị trí; Vị trí Trực ban trưởng - Trung tâm Quản lý luồng không lưu; (VVVVZGZX); STT Chức năng Ghi chú; Xem cơ sở dữ liệu NOTAM (View NOTAM -; Khởi tạo dự thảo NOTAM (Generate; Proposal/Project NOTAM); Dự phòng cho thiết bị; 4 đầu cuối liên quan tương; Dự phòng cho thiết bị; 5 đầu cuối liên quan tương; Dự phòng cho thiết bị; 6 đầu cuối liên quan tương; Cập nhật dữ liệu tìm kiếm cứu nạn (Maintain; Vị trí Khí tượng - Trung tâm cảnh báo thời tiết - Trung tâm Khí; Vị trí tượng hàng không; (VVVVYMYX); STT Chức năng Ghi chú; Xem cơ sở dữ liệu NOTAM (View NOTAM -; Dự phòng cho thiết bị; Khởi tạo điện văn OPMET (Generate; 2 đầu cuối liên quan tương; OPMET); Cập nhật cơ sở dữ liệu MET (Maintain MET -; Dự phòng cho thiết bị; 4 đầu cuối liên quan tương; Cập nhật dữ liệu khí tượng cơ bản (Maintain; Vị trí Trung tâm Thông báo tức hàng không; (VVVVYOYM); STT Chức năng Ghi chú; Xem cơ sở dữ liệu NOTAM (View NOTAM -; Cập nhật dữ liệu tĩnh (Maintain Static (AIXM; (Maintain Basic Flight Plan Data); Phòng NOTAM quốc tế; Vị trí Trung tâm Thông báo tức hàng không; (VVVVYNYX); STT Chức năng Ghi chú; 1 Khởi tạo NOTAM (Generate NOTAM); Xem cơ sở dữ liệu NOTAM (View NOTAM -; Cập nhật cơ sở dữ liệu NOTAM (Maintain; NOTAM-Database); Chấp thuận dự thảo NOTAM (Accept; Proposal/Project NOTAM) || Phụ lục 2: TÍNH NĂNG KỸ THUẬT CHÍNH THIẾT BỊ MÁY CHỦ AIS; (Kèm theo Giấy phép số: 2270/GP-CHK ngày 24 tháng 9 năm 2024; Stt Thiết bị máy chủ Phần mềm Chức năng Ghi chú; Máy chủ AIS Gia Lâm cấu AIS Server Chức năng xử lý, lưu Nhận điện; hình dự phòng nóng 1+1. AFTN Front- trữ các điện văn kế văn NOTAM; 2,83 GHz, 1333 MHz FSB 4 AIS Server điện văn (NOTAM), 6000; - 4 ổ cứng 146 GB (SAS), AIS Server (MET), tạo bản Khởi tạo; RAID-5, thay thế nóng, 10k Messaging trước khi bay (PIB). NOTAM:; RPM; AIS Server lên tới 300; - DVD/CD ROM; NOTAM NOTAM/ngà; - 02 cổng mạng 10/100/1000 Module; BaseTx LAN on-board; AIS Server Kế hoạch bay:; 1 - Nguồn cấp: Có dự phòng và MET Module lên tới 6000; thay nóng. AIS Server FPL/ngày; AIS Server lên tới 1100; AIS Server người sử; Máy chủ IMS Gia Lâm cấu AIS Server Chức năng xử lý, lưu người sử; - 02 bộ Intel® Xeon® E5- văn NOTAM, các ấn đồng thời: lên; AIS Server tới 800 Người; 2620 (2.0GHz/6- Group Verve phẩm AIP điện tử; core/15MB/7.2GT-s (eAIP). dùng; QPI/95W, DDR3-1333, HT, Postgres; RAID-5, thay thế nóng, 10k; 1Gb 331FLR Adapter; Stt Thiết bị máy chủ Phần mềm Chức năng Ghi chú; Máy chủ Reverse Proxy hình AIS Web Chức năng xử lý,; dự phòng nóng 1+1. Server Module Cung cấp các sản; - 02 bộ vi xử lý 4 nhân Xeon phẩm NOTAM,; 2,83 GHz, 1333 MHz FSB 4 AIS Reverse MET, PIB, eAIP,; RAID-5, thay thế nóng, 10k tốc độ truy cập ứng; - 02 cổng mạng 10/100/1000 AS_ATS (để làm; thay nóng. đầu cuối xa qua; thống máy chủ chính; Máy chủ WebServer Gia AIS Web Chức năng xử lý, || Phụ lục 3: ĐỊA ĐIỂM LẮP ĐẶT HỆ THỐNG MÁY CHỦ VÀ THIẾT BỊ ĐẦU CUỐI; (Kèm theo Giấy phép số: 2270/GP-CHK ngày 24 tháng 9 năm 2024; Khu vực Đơn vị/Vị trí Số lượng; thiết bị; Khu vực Gia Lâm (12 vị trí chính thức + 12 vị trí cung cấp dịch vụ); Phòng NOTAM Quốc tế 03; không Phòng Bảo đảm kỹ thuật (Sup GLM và Sup; Vị trí Trực ban trưởng - Trung tâm hiệp; luồng không lưu Vị trí Hiệp đồng - Thông báo bay - Trung; Trung tâm Khí tượng Vị trí Khí tượng - Trung tâm cảnh báo thời; Công ty Quản lý bay Trung tâm Kiểm soát đường dài ATCC-Hà; Khu vực miền Bắc (04 vị trí); Vị trí ARO, AIS - Trung tâm ARO/AIS Nội; Trung tâm Khí tượng Vị trí MET - Trung tâm khí tượng hàng; Khu vực miền Trung (05 vị trí); Khu vực Đơn vị/Vị trí Số lượng; thiết bị; Vị trí ARO, AIS - Trung tâm ARO/AIS Đà; không Vị trí ARO/AIS - Trung tâm ARO/AIS Cam; Phòng thiết bị trung tâm - Trung tâm BĐKT 01; Trung tâm Khí tượng Vị trí MET - Trung tâm khí tượng hàng; Khu vực miền Nam ( 06 vị trí); Vị trí ARO, AIS - Trung tâm ARO/AIS Tân; Phòng thiết bị trung tâm - Trung tâm BĐKT 01; Trung tâm Khí tượng Vị trí MET - Trung tâm khí tượng hàng; báo tức hàng Vị trí ARO/AIS - Đội thủ tục bay Phú Quốc 01; (Ghi chú: Hiện tại ở các Đài KSKL, trong trường hợp cần thiết, KSVKL vẫn có; thể truy cập ứng dụng đầu cuối AIS trên cùng một máy tính đầu cuối AIM)",2026-07-14 14:32:36.368632+00,2026-07-14 14:32:36.368632+00,{},f
8e7c2adb-6a43-4f72-907a-d2cbe382471d,24edc9ca-96ca-4472-9080-6668cdd7bc1d,BDKT,APP/TWR Đà Nẵng / Cam Ranh,,2660/GP-CHK,2024-05-31,2026-06-12,,Hệ thống huấn luyện giả định không lưu (SIM),2000,,,Hệ thống mô phỏng phục vụ huấn luyện,Không,Pháp,Phục vụ huấn luyện kiểm soát viên không lưu APP/TWR thuộc Công ty QLB miền Trung,Cơ sở kiểm soát tiếp cận và các Đài kiểm soát tại sân bay thuộc Công ty QLB miền Trung,Không,"Trung tâm kiểm soát tiếp cận - tại sân Đà Nẵng, Cam Ranh và các đài liên quan",Theo yêu cầu,"Tên: Hệ thống huấn luyện giả định không lưu (SIM) || Model: Hệ thống mô phỏng phục vụ huấn luyện || Serial: Không || SX: Pháp; Năm sản xuất: 2000 || Tính năng: Tại Phụ lục kèm theo || Phụ lục kèm theo: 9. Địa điểm đặt thiết bị: Trung tâm kiểm soát tiếp cận - tại sân Đà Nẵng, Trung tâm Kiểm || Phụ lục: (Kèm theo giấy phép số 2660/GP-CHK ngày 31 tháng 5 năm 2024); Các vị trí khai thác hệ thống:; * Vị trí pilot: 03; * Vị trí Controller: 03; * Vị trí giám sát (Organic): 01; * Vị trí Pilot: 01; * Vị trí Controller: 01; * Vị trí Pilot: 01; * Vị trí Controller: 01; - Vùng không gian mô phỏng: 1024NM 1024NM, từ mực bay 0 đến 999; - Số trạm VHF tối thiểu: 07; STAR), bản đồ, sơ đồ, tàu bay, xe cộ, ra đa, VOR/DME, ILS, NDB…; - Mô phỏng môi trường làm việc cho vị trí Pilot + tất cả các thao tác đối với tàu; - Mô phỏng ngữ cảnh không lưu (có ra đa) cho vị trí Controller; - Mô phỏng môi trường làm việc Non-Radar cho vị trí Controller; - Cung cấp các giao tiếp thoại giả lập giữa KSVKL và Pilot; - STCA: Cảnh báo xung đột ngắn hạn, cảnh báo bằng đổi màu label; (*) Lưu ý: Ngoài việc huấn luyện trên hệ thống SIM, các KSVKL sẽ được huấn luyện",2026-07-14 14:32:36.368632+00,2026-07-14 14:32:36.368632+00,{},f
82177623-b16a-490a-bc4c-e23476fd35ad,f87f1213-cb02-4a00-91dd-46be015405df,BDKT,Phòng Simulator - Công ty QLB miền Trung,,2700/GP-CHK,2024-06-04,2026-06-12,,Hệ thống huấn luyện giả định không lưu (Simulator),2011,,,MAXSIM,Tại Phụ lục 1 kèm theo,Canada,Huấn luyện và kiểm tra thực hành,"APP, APP tầng cao khu vực Đà Nẵng, APP Cam Ranh",Không,"Phòng Simulator - Công ty Quản lý bay miền Trung, phường Hòa Thuận Tây, quận Hải Châu, TP. Đà Nẵng",Theo yêu cầu,"Tên: Hệ thống huấn luyện giả định không lưu (Simulator) || Model: MAXSIM || Serial: Tại Phụ lục 1 kèm theo || SX: Canada; Năm sản xuất: 2011 || Tính năng: Tại Phụ lục 2 kèm theo || Phụ lục 1 kèm theo: 6. Nơi sản xuất: Canada; Năm sản xuất: 2011 || Phụ lục 2 kèm theo: 9. Địa điểm đặt thiết bị: Phòng Simulator - Công ty Quản lý bay miền Trung, phường Hòa || Phụ lục 1:: SỐ SẢN XUẤT, CẤU HÌNH THIẾT BỊ XỬ LÝ CHÍNH THUỘC; HỆ THỐNG MAXSIM; (Kèm theo Giấy phép số: 2700/GP-CHK ngày 04 tháng 6 năm 2024); STT Thiết bị máy tính Cấu hình thiết bị Số Serial; Dell T3500. CPU: Intel Xeon W3505; 1 File Server 01 5FN2BP1; 2,4GHz. RAM: 1GB. HDD: 250GB; Dell T3500. CPU: Intel Xeon W3505; 2 Vị trí Whiteboard 01 5FQ1BP1; 2,4GHz. RAM: 1GB. HDD: 250GB; Vị trí Radar Dell T3500. CPU: Intel Xeon W3505; 3 01 5FQ2BP1; Supervisor 2,4GHz. RAM: 1GB. HDD: 250GB; Dell T3500. CPU: Intel Xeon W3505 5FR1BP1; 4 Vị trí Pilot 1 02; 2,4GHz. RAM: 1GB. HDD: 250GB. J90VBP1; Dell T3500. CPU: Intel Xeon W3505 5FP1BP1; 5 Vị trí Pilot 2 02; 2,4GHz. RAM: 1GB. HDD: 250GB. J91SBP1; Dell T3500. CPU: Intel Xeon W3505 5FN1BP1; 6 Vị trí Pilot 3 02; 2,4GHz. RAM: 1GB. HDD: 250GB. J90RBP1; Vị trí Controller Dell T3500. CPU: Intel Xeon W3505 5FQOBP1; RV 2,4GHz. RAM: 1GB. HDD: 250GB. J91RBP1; Dell T3500. CPU: Intel Xeon W3505 5FP2BP1; 8 Vị trí Controller 02; 2,4GHz. RAM: 1GB. HDD: 250GB. J90TBP1; Dell T3500. CPU: Intel Xeon W3505 5FROBP1; 9 Vị trí Controller 02; 2,4GHz. RAM: 1GB. HDD: 250GB. J90SBP1; Vị trí Flight Data Dell T3500. CPU: Intel Xeon W3505; 10 01 5FPOBP1; AF 2,4GHz. RAM: 1GB. HDD: 250GB || Phụ lục 2: (Kèm theo Giấy phép số 2700/GP-CHK ngày 04 tháng 6 năm 2024); + 03 vị trí phi công giả định (Pseudo - Pilot); + 03 vị trí huấn luyện KSVKL; + 01 vị trí dữ liệu bay; + 01 vị trí whiteboard chuẩn bị bài tập của huấn luyện viên; + 01 vị trí radar supervisor giám sát bài tập của huấn luyện viên; + 01 vị trí file server lưu trữ cơ sở dữ liệu; - Phần cứng hệ thống bao gồm: Một mạng máy tính gồm 16 PC kèm theo một; hệ thống liên lạc thoại nội bộ (hiệu stentorious) và các bàn console tương ứng; với các vị trí khai thác khác nhau; - Các máy tính PC sử dụng hệ điều hành Linux CentOS, Windows XP (vị trí",2026-07-14 14:32:36.368632+00,2026-07-14 14:32:36.368632+00,{},f
b80a4e67-1b63-44c3-8344-285a45565f06,fc3e7503-3a66-4f08-8fec-157327b85499,BDKT-STR,Trạm ra đa Sơn Trà,,605/GP-CHK,2025-02-07,2027-03-30,,Hệ thống ra đa giám sát thứ cấp (SSR),1994,,,RSM 970,Máy chính: 021/32; Máy dự phòng: 019/32,Pháp,Phục vụ điều hành bay FIR HCM/HAN và APP Đà Nẵng,Bán kính R = 460 km,0000 0010 (SIC),Trạm ra đa Thông Sơn Trà 1,24/24h,"Tên: Hệ thống ra đa giám sát thứ cấp (SSR) || Model: RSM 970 || Serial: Máy chính: 021/32; Máy dự phòng: 019/32 || SX: Pháp; Năm sản xuất: 1994 || Tính năng: Hệ thống có cấu hình chính - dự phòng; công suất phát 1,5kW; phương thức phát 25M0P0N; tần số phát/thu: 1030 MHz/1090 MHz; chế độ hoạt động mode A/C; ăng ten kiểu LVA cao 15 mét || Mã/SIC: 0000 0010 (SIC)",2026-07-14 14:32:36.368632+00,2026-07-14 14:32:36.368632+00,{},f
9cfd06ff-8c13-4d3b-8e24-dc540dfc7784,1e44141b-e2de-49d2-930b-5886ba6a3b38,BDKT,APP/TWR Đà Nẵng,,4897/GP-CHK,2024-09-24,2026-10-01,,Hệ thống xử lý dữ liệu ADS-B,2022,,,MAGS CPMS Server X11,"E263363X2201174, E263363X22011227",Đức (Thales),Nhận và xử lý dữ liệu ADS-B phục vụ điều hành bay,APP/TWR Đà Nẵng và các khu vực của FIR Hồ Chí Minh,Không,"Trung tâm kiểm soát Tiếp cận - Tại sân Đà Nẵng, Cảng HKQT Đà Nẵng",24/24h,"Tên: Hệ thống xử lý dữ liệu ADS-B || Model: MAGS CPMS Server X11 || Serial: E263363X2201174, E263363X22011227 || SX: Hãng Thales, Đức; Năm sản xuất: 2022 || Tính năng: Hệ thống bao gồm 02 bộ ADS-B server (bao gồm phần cứng và phần mềm có license) hoạt động đồng thời theo cấu hình kép 1+1 có những tính năng kỹ thuật chính như trong Phụ lục kèm theo || Mã/SIC: SIC 225 || Phụ lục kèm theo: 9. Địa điểm đặt thiết bị: Trung tâm kiểm soát Tiếp cận - Tại sân Đà Nẵng, Cảng HKQT || Phụ lục: (Kèm theo Giấy phép số: 4897 /GP-CHK ngày 24 tháng 09 năm 2024); I. Tính năng phần mềm (máy chủ):; 1. Nhận, giải mã dữ liệu ASTERIX CAT 21 từ các máy thu ADS-B của trạm ADS-; 3. Xử lý hợp nhất dữ liệu ADS-B từ các máy thu ADS-B của trạm ADS-B thành một; 4. Lưu trữ dữ liệu vào file và CSDL; 5. Hệ thống có thể lựa chọn định dạng dữ liệu đầu ra ASTERIX CAT 21 (chọn; 6. Lọc dữ liệu ASTERIX CAT 21 theo cấu hình định sẵn (độ cao, vùng địa lý, dựa; 7. Giám sát, điều khiển và ghi nhật ký về tình trạng kết nối của các máy thu ADS-B; 8. Mỗi hệ thống tích hợp có thể nhận và xử lý 64 máy thu ADS-B; ATCC HAN, AACC HCM; hệ thống RDP tại APP/TWR Đà Nẵng; II. Tính năng phần mềm đầu cuối hiển thị:; 4. Hiển thị giám sát trục đường cất hạ cánh, đường bay, các SID, STAR",2026-07-14 14:32:36.368632+00,2026-07-14 14:32:36.368632+00,{},f
2b5e5773-a39c-4dc2-a371-386cafcdf892,8b25c26d-d3bd-4e3b-bbf8-8d50e93e9e34,BDKT,APP/TWR Đà Nẵng,,607/GP-CHK,2026-01-30,2028-02-01,,Hệ thống thông báo tin tức bán tự động tại khu vực sân bay (D-ATIS),"2022, 2016",,,Máy phát Jotron TA-7650; Máy thu: EU4200C,Máy chính: 18176; Máy dự phòng: 18173; Máy thu: 105800,"USA, Séc","Phát thanh bằng lời và phát dữ liệu về điều kiện thời tiết, phương thức tiếp cận, cất/hạ cánh",Khu vực Cảng hàng không quốc tế Đà Nẵng,Không áp dụng,"Trung tâm Kiểm soát Tiếp cận – Tại sân Đà Nẵng; tọa độ WGS-84: 108°12′10″E, 16°02′46″N",24/24h,"Tên: Hệ thống thông báo tức bán tự động tại khu vực sân bay (D-ATIS) || Model: Máy phát Jotron TA-7650, Máy thu: EU4200C || Serial: Máy chính: 18176 và Máy dự phòng: 18173; Máy thu: 105800 || SX: USA, Séc. Năm sản xuất: 2022, 2016. - Tính năng kỹ thuật chính: - Hệ thống thông báo tức tự động tại khu vực sân bay (D- ATIS) gồm 02 máy phát; 01 máy thu và 02 || Tính năng: Không áp dụng || Mã/SIC: Trung tâm Kiểm soát Tiếp cận – Tại sân Đà Nẵng. Tọa độ WGS-84: 108°12'10""E, 16°02’46” || Phụ lục: Tính năng kỹ thuật hệ thống thông báo tức tự động tại khu vực sân bay (D-ATIS); (Ban hành kèm theo GPKT số 607/GP-CHK ngày 30/01/2026)",2026-07-14 14:32:36.368632+00,2026-07-14 14:32:36.368632+00,{},f
e5bec39c-960b-47dd-bf57-0086652e7b64,42c99ea1-6512-4826-878d-beb1868c3108,PBA,Đài KSKL Phú Bài,,3621/GP-CHK,2024-07-19,2026-07-25,3800/GP-CHK,Máy thu phát VHF thoại không - địa,"2016, 1998, 2010",,,"Máy phát: SU4200, TA-7650; Máy thu: EU4200C, RA-7203; Máy thu phát: IC-A200","Máy chính: 105873 (SU4200), 105818 (EU4200C); máy dự phòng: 105875, 105874 (SU4200), 105819, 105821 (EU4200C); 19713 (TA-7650)…","Séc, Na Uy, Nhật Bản",Điều hành bay (TWR Phú Bài),Bán kính R = 60 km,Không,Đài KSKL Phú Bài - Cảng HKQT Phú Bài; tọa độ WGS-84: 16°23′45″B - 107°46′19″Đ,24/24h,"Tên: Máy thu phát VHF thoại không - địa || Model: Máy phát: SU4200, TA-7650; Máy thu: EU4200C, RA-7203; Máy thu phát: IC-A200 || Serial: Máy chính: 105873 (SU4200), 105818 (EU4200C); máy dự phòng: 105875, 105874 (SU4200), 105819, 105821 (EU4200C); 19713 (TA-7650), 19740 (RA-7203);12754 (IC-A200) || SX: Séc (SU4200/EU4200C), Na Uy (TA-7650/RA-7203), Nhật Bản (IC- A200). Năm sản xuất: 2016 (SU4200/EU4200C), 1998 (IC-A200), 2023 (TA-7650/RA- 7203) || Tính năng: Liên lạc thoại không - địa; thiết bị có cấu hình chính - dự phòng; điều chế AM, tần số làm việc 118,8 MHz, công suất phát 50W (SU4200, TA- 7650), 7W (IC-A200); phân cực đứng; phương thức phát 6K80A3E (SU4200, TA- 7650), 6K00A3E (IC-A200); độ nhạy máy thu 1µV (EU4200C, RA-7203), 2µV (IC- A200); ăng ten cao 35 mét || Kênh/thành phần: Tên thiết bị: Máy thu phát VHF thoại không - địa; Mục đích sử dụng: Điều hành bay (TWR Phú Bài)",2026-07-14 14:32:36.368632+00,2026-07-14 14:32:36.368632+00,{},f
48979dc5-d460-40cd-8d32-19dbd4bcb552,9c312ced-118b-4ce3-8f00-45b7c41e6453,PBA,Đài KSKL Phú Bài,,973/GP-CHK,2026-02-27,2028-03-01,,Thiết bị đo đạc quan trắc thông dụng (đo gió hiển thị số và khí áp hiển thị số),2023,,,"Thiết bị điện tử đo nhiệt độ, độ ẩm và khí áp hiển thị số 1.1006.54.080",09230013,Đức,Làm dự phòng đo các yếu tố khí tượng và cung cấp số liệu phục vụ hoạt động bay,Khu vực Cảng hàng không quốc tế Phú Bài,Không áp dụng,"Cảng hàng không quốc tế Phú Bài, tỉnh Thừa Thiên Huế",24/24h,"Tên: Thiết bị đo đạc quan trắc thông dụng (đo gió hiển thị số và khí áp hiển thị số) || Model: Thiết bị điện tử đo nhiệt độ, độ ẩm và khí áp hiển thị số 1.1006.54.080 || Serial: 09230013 || SX: Đức Năm sản xuất: 2023 || Tính năng: Đo nhiệt độ (Phạm vi đo -40÷850C, độ chính xác ±0.10C, độ phân giải 0.10C); Đo độ ẩm (Phạm vi đo 0% ÷100%RH, độ chính xác ±1.5%RH, độ phân giải 0.1% RH); Đo khí áp (Phạm vi đo 300 ÷ 1200 hPa, độ chính xác ±0.25 hPa trong giải 800 ÷ 1100 hPa và ±0.5 hPa trong giải 600 ÷ 800 hPa, độ phân giải 0.1 hPa). [PB] || Cảm biến/thành phần: 1. Tên thiết bị: Thiết bị đo đạc quan trắc thông dụng (đo gió hiển thị số và khí áp hiển thị; quốc tế Phù Bài (thiết Thiết bị đo gió hiển thị số; Serviceability of AWOS Sensors/ Tình trạng hoạt; động của thiết bị đo; liệu hệ thống/ thiết bị đo dự phòng; sensors and central data processing system / Nhật ký; d) Regular physical inspection of all sensors and Hậu kiểm; 3.4.3 Calibration of measuring sensors / Hiệu chuẩn thiết bị; liệu hướng dẫn về hiệu chuẩn thiết bị đo tại đơn vị; c) Availability of periodic sensor calibration Records; Hậu kiểm; sensor failures Technical supervision position / Khả practices; năng theo dõi hoạt động liên tục của các thiết bị đo - DOC 9837 – Manual on; (cảm biến đo)/ chức năng cảnh báo lỗi dữ liệu của hệ - Standards for AWOS (TCCS; 3.5.1 Availability of lightning protection on all sensors / Hệ N/A",2026-07-14 14:32:36.368632+00,2026-07-14 14:32:36.368632+00,{},f
5148c468-c8ac-4b26-84c9-f7b3b248de3e,7e234c94-71fa-4af2-9f0e-fb0996d441ba,BDKT-QNH,Trạm ra đa Quy Nhơn,,6288/GP-CHK,2025-12-12,2027-12-19,,Máy thu phát VHF thoại không - địa,2025,,,Máy phát: T6-TV; máy thu: T6-RV,Máy chính: 407043 (T6TV); 407014 (T6RV); Máy dự phòng: 407042 (T6TV); 407022 (T6RV),Anh,Điều hành bay (Phân khu 5 ACC HCM),Tầm phủ 450 km,Không,Trạm Ra đa Thông Quy Nhơn,24/24h,"Tên: Máy thu phát VHF thoại không – địa || Model: Máy phát: T6-TV; máy thu: T6-RV || Serial: Máy chính: 407043 (T6TV); 407014 (T6RV); Máy dự phòng: 407042 (T6TV); 407022 (T6RV) || SX: Anh; Năm sản xuất: 2025 || Tính năng: Liên lạc thoại không - địa; thiết bị có cấu hình máy chính và máy dự phòng; phân cực đứng; điều chế AM; tần số làm việc 120,7 MHz (sử dụng offset +5 kHz); phương thức phát 6K80A3E; công suất phát 50W; độ nhạy máy thu 1µV; ăng ten cao 12 mét || Kênh/thành phần: Tên thiết bị: Máy thu phát VHF thoại không – địa",2026-07-14 14:32:36.368632+00,2026-07-14 14:32:36.368632+00,{},f
22cc6e40-864a-4672-9da2-560b45eab96c,45599b8c-56e9-4d30-9578-703ef8ecbe3f,PBA,Đài KSKL Phú Bài,,3622/GP-CHK,2024-07-19,2026-07-25,3801/GP-CHK,Máy thu phát VHF thoại không - địa,"2016, 1998, 2010",,,"Máy phát: SU4200, TA-7650; Máy thu: EU4200C, RA-7203; Máy thu phát: IC-A200","Máy chính: 105876 (SU4200), 105820 (EU4200C); máy dự phòng: 105874, 105875 (SU4200); 105819, 105821 (EU4200C); 19713 (TA-7650)…","Séc, Na Uy, Nhật Bản","Liên lạc trên tần số khẩn nguy 121,5 MHz (TWR Phú Bài)",Bán kính R = 60 km,Không,Đài KSKL Phú Bài - Cảng HKQT Phú Bài; tọa độ WGS-84: 16°23′45″B - 107°46′19″Đ,24/24h,"Tên: Máy thu phát VHF thoại không - địa || Model: Máy phát: SU4200, TA-7650; Máy thu: EU4200C, RA-7203; Máy thu phát: IC-A200 || Serial: Máy chính: 105876 (SU4200), 105820 (EU4200C); máy dự phòng: 105874, 105875 (SU4200); 105819, 105821 (EU4200C); 19713 (TA-7650), 19740 (RA-7203); 12754 (IC-A200) || SX: Séc (SU4200/EU4200C), Na Uy (TA-7650/RA-7203), Nhật Bản (IC- A200). Năm sản xuất: 2016 (SU4200/EU4200C), 1998 (IC-A200), 2023 (TA-7650/RA- 7203) || Tính năng: Liên lạc thoại không - địa; thiết bị có cấu hình chính - dự phòng; điều chế AM, tần số làm việc 121,5 MHz, công suất phát 50W (SU4200, TA- 7650), 7W (IC-A200); phân cực đứng; phương thức phát 6K80A3E (SU4200, TA- 7650), 6K00A3E (IC-A200); độ nhạy máy thu 1µV (EU4200C, RA-7203), 2µV (IC- A200); ăng ten cao 35 mét || Kênh/thành phần: Tên thiết bị: Máy thu phát VHF thoại không - địa; Mục đích sử dụng: Liên lạc trên tần số khẩn nguy 121,5MHz (TWR Phú Bài)",2026-07-14 14:32:36.368632+00,2026-07-14 14:32:36.368632+00,{},f
e5717afa-3e82-45f2-8177-68d0e19981ba,de1459f1-dcb1-4665-9ba9-5540417f6d01,PBA,Đài KSKL Phú Bài,,2833/GP-CHK,2025-07-14,2027-07-30,,Hệ thống chuyển mạch thoại (VCCS),2016,,,R&S VCS-4G,6424049796894,Rumania,Phục vụ điều hành bay,Tại Đài KSKL Phú Bài,Không,Đài KSKL Phú Bài - Cảng HKQT Phú Bài,24/24h,"Tên: Hệ thống chuyển mạch thoại (VCCS) || Model: R&S VCS-4G || Serial: 6424049796894 || SX: Rumania. Năm sản xuất: 2016 || Tính năng: Hệ thống có chức năng điều khiển chuyển mạch thoại radio và telephone; gồm có 01 server lưu trữ cấu hình và giám sát hệ thống, 03 bảng điều khiển cho 03 vị trí khai thác (mỗi vị trí khai thác có 2 đường ghi âm riêng biệt cho radio và telephone), 01 workstation cho vị trí quản lý giám sát hệ thống, 02 khối giao tiếp thoại radio 4 dây E&M, 01 khối giao tiếp thoại telephone, 02 switch chuyển mạch hoạt động theo cấu hình chính/dự phòng || Kênh/thành phần: Tính năng kỹ thuật chính: Hệ thống có chức năng điều khiển chuyển mạch thoại radio",2026-07-14 14:32:36.368632+00,2026-07-14 14:32:36.368632+00,{},f
008dcc33-2fa7-4031-af24-b5fb7654d077,b3a13c3a-8bb8-4f1f-9e90-b84f811a641f,PBA,Đài KSKL Phú Bài,,3623/GP-CHK,2024-07-19,2026-07-25,,Thiết bị ghi âm,"2020, 2014",,,ATIS UHER VoiceCollect MD-x và ATTECH RECODER AR-16-A Standard,Máy chính: 049002-400442; máy dự phòng: 015,"Đức, Việt Nam",Ghi âm liên lạc thoại không - địa (A/G) và địa - địa (G/G),Tại Đài KSKL Phú Bài - Cảng HKQT Phú Bài,Không,Đài KSKL Phú Bài - Cảng HKQT Phú Bài,24/24h,"Tên: Thiết bị ghi âm || Model: ATIS UHER VoiceCollect MD-x và ATTECH RECODER AR-16-A Standard || Serial: Máy chính: 049002-400442; máy dự phòng: 015 || SX: Đức (Atis Uher)/ Việt Nam (Attech). Năm sản xuất: 2020/2014 || Tính năng: - Thiết bị ghi âm Atis UHER VC-MDX có 32 kênh ghi; lưu trữ trực tiếp trên 02 ổ cứng dung lượng 02x2TB (RAID-1); lưu trữ bên ngoài thông qua ổ RDX 1TB. - Thiết bị ghi âm Attech AR-16-A Standard có 32 kênh ghi; lưu trữ trực tiếp trên 02 ổ cứng dung lượng 02x500GB (RAID-1); lưu trữ bên ngoài thông qua ổ DVD-RAM: 01x4.7GB. (Chi tiết các kênh ghi như trong Phụ lục kèm theo) || Phụ lục kèm theo): 9. Địa điểm đặt thiết bị: Đài KSKL Phú Bài - Cảng HKQT Phú Bài || Phụ lục: Danh mục các kênh ghi âm tại Đài KSKL Phú Bài; (Kèm theo Giấy phép số: 3623/GP-CHK ngày 19 tháng 07 năm 2024); Stt Nội dung kênh ghi Ghi chú; 1 CWP1-Radio Ghi âm vị trí VHF từ CWP1; 2 CWP2-Radio Ghi âm vị trí VHF từ CWP2; 3 CWP3-Radio Ghi âm vị trí VHF từ CWP3; 4 VHF A/G ICOM VHF dự phòng cho tần số 118,8 MHz và 121,5 MHz; 5 VHF Jotron VHF dự phòng cho tần số 118,8 MHz và 121,5 MHz; 6 CWP1-Telephone Ghi âm vị trí thoại từ CWP1; 7 CWP2- Telephone Ghi âm vị trí thoại từ CWP2; 8 CWP3- Telephone Ghi âm vị trí thoại từ CWP3; 9 Hotline CTL DAN - TWR PBA1; KSKL Phú Bài; 10 Hotline CTL DAN - TWR PBA2; KSKL Phú Bài; 11 Hotline APP DAN - TWR PBA1; KSKL Phú Bài; 12 Hotline APP DAN - TWR PBA2; KSKL Phú Bài; Điện thoại VNPT, trực điều hành bay Đài KSKL Phú; 15 0234. 3861921; Điện thoại VNPT, trực thủ tục bay, khí tượng và thông; 16 0234. 3993999; báo tức hàng không Đài KSKL Phú Bài; 17 0234. 3862172 Điện thoại VNPT, trực kỹ thuật Đài KSKL Phú Bài; 18 0234. 3676575 Điện thoại VNPT, trực an ninh Đài KSKL Phú Bài; 19 5555 PBX QLBMT, trực điều hành bay Đài KSKL Phú Bài; PBX QLBMT, máy đặt tại phòng trực kỹ thuật Đài; 20 5556; KSKL Phú Bài",2026-07-14 14:32:36.368632+00,2026-07-14 14:32:36.368632+00,{},f
73404b9a-4207-4a16-a15b-ecec105ca722,ce27df84-7054-4032-bfe7-efdb0bd119f4,PBA,Đài KSKL Phú Bài,,1018/GP-CHK,2025-04-18,2027-04-25,,Hệ thống quan trắc khí tượng tự động AWOS 900,"2009, 2024",,,AWOS 900,JG94L44; HG94L44,Mỹ (All Weather Inc),Quan trắc và báo cáo thời tiết sân bay phục vụ điều hành bay,Khu vực Cảng hàng không quốc tế Phú Bài,Không,"Cảng hàng không quốc tế Phú Bài, TP. Huế",24/24h,"Tên: Hệ thống quan trắc khí tượng tự động AWOS 900 || Model: AWOS 900 || Serial: JG94L44; HG94L44 || SX: All Weather Inc (Mỹ). Năm sản xuất: 2009/2024 || Tính năng: Trong Phụ lục kèm theo || Phụ lục kèm theo: 9. Địa điểm đặt thiết bị: Cảng hàng không quốc tế Phú Bài, tỉnh Tp.Huế || PHỤ LỤC: (Kèm theo Giấy phép số 1018 /GP-CHK ngày 18 /4/2025); TÍNH NĂNG KỸ THUẬT CHÍNH HỆ THỐNG QUAN TRẮC THỜI TIẾT; Thiết bị ngoài trời:; - Vị trí đầu CHC 09: Máy đo độ cao trần mây, tầm nhìn, đo gió; - Vị trí giữa: Máy đo hiện tượng thời tiết, nhiệt độ, độ ẩm, khí áp, lượng mưa; - Vị trí đầu CHC 27: Máy đo tầm nhìn, cường độ ánh sáng đèn, đo gió, đo độ cao; b) Thiết bị trong nhà:; - Trạm xử lý dữ liệu trung tâm gồm 02 máy chủ (đặt tại Đài KSKL Phú Bài), xử; lý số liệu quan trắc, lưu trữ số liệu khí tượng, kết nối với hệ thống AMHS; (VVPBYMYW); - 02 máy tính hiển thị số liệu khí tượng cài đặt phần mềm MET - Observer; - 01 máy tính giám sát kỹ thuật đặt tại Đài KSKL Phú Bài; văn METAR; quan trắc viên thủ công cập nhật hiện tượng thời tiết và loại mây",2026-07-14 14:32:36.368632+00,2026-07-14 14:32:36.368632+00,{},f
623e6e75-a74b-49be-9f75-de9177694ce9,7e234c94-71fa-4af2-9f0e-fb0996d441ba,BDKT-QNH,Trạm ra đa Quy Nhơn,,6542/GP-CHK,2024-12-03,2026-12-06,,Máy thu phát VHF thoại không - địa,2017,,,Máy phát: Jotron TA-7650/PAV200; Máy thu: Jotron RA-7203,"Máy chính: 00254 (PAV200), 7068 (TA7650); 8010 (RA7203); Máy dự phòng: 00253 (PAV200), 7069 (TA7650); 8011 (RA7203)",Na Uy,Điều hành bay (Phân khu 5 - ACC HCM),Bán kính R = 450 km,Không,"Trạm ra đa Quy Nhơn, núi Vũng Chua",24/24h,"Tên: Máy thu phát VHF thoại không - địa || Model: Máy phát: Jotron TA-7650/PAV200; Máy thu Jotron: RA-7203 || Serial: Máy chính: 00254 (PAV200), 7068 (TA7650); 8010 (RA7203); Máy dự phòng: 00253 (PAV200), 7069 (TA7650); 8011 (RA7203) || SX: Na Uy. Năm sản xuất: 2017 || Tính năng: Liên lạc thoại không - địa; thiết bị có cấu hình chính - dự phòng; điều chế AM; tần số làm việc 120,7 MHz (sử dụng offset +5kHz); công suất phát 200W (PAV200), 50W (TA-7650); phương thức phát 6K80A3E; độ nhạy máy thu 1V; phân cực đứng; ăng ten cao 15 mét || Kênh/thành phần: Tên thiết bị: Máy thu phát VHF thoại không - địa",2026-07-14 14:32:36.368632+00,2026-07-14 14:32:36.368632+00,{},f
d4d5859d-a230-4d27-8f1c-2be7d30c52bd,9c312ced-118b-4ce3-8f00-45b7c41e6453,PBA,Đài KSKL Phú Bài,,4854/GP-CHK,2024-09-23,2026-10-01,,Thiết bị đo đạc quan trắc thông dụng (đo gió hiển thị số và khí áp hiển thị số),"2022, 2023",,,Thiết bị thủ công,Gió WindObserver (GILL): 2302019; Khí áp PTB 330: V0821315,"Anh, Phần Lan",Làm dự phòng đo các yếu tố khí tượng và cung cấp số liệu phục vụ hoạt động bay,Khu vực Cảng hàng không quốc tế Phú Bài,Không áp dụng,"Cảng hàng không quốc tế Phú Bài, tỉnh Thừa Thiên Huế",24/24h,"Tên: Thiết bị đo đạc quan trắc thông dụng (đo gió hiển thị số và khí áp hiển thị số) || Model: Thiết bị bị thủ công || Serial: Gió WindObserver (GILL): 2302019; Khí áp PTB 330: V0821315 || SX: Anh, Phần Lan. Năm sản xuất: 2022, 2023 || Tính năng: Khí áp PTB 330 (phạm vi đo 500 ÷ 1100 hPa, sai số ±0,1 hPa); Gió WindObserver (GILL) (phạm vi đo tốc độ gió 0 ÷ 90 m/s, sai số ±2%; phạm vi đo hướng gió 0° ÷ 360°, sai số ±2°) || Cảm biến/thành phần: 1. Tên thiết bị: Thiết bị đo đạc quan trắc thông dụng (đo gió hiển thị số và khí áp hiển thị; quốc tế Phù Bài (thiết Thiết bị đo gió hiển thị số; 3.1 Location/siting of sensors/ equipment appropriate; complying with ICAO SARPs / Thiết bị đo được; 3.2 Serviceability of AWOS Sensors/ Tình trạng hoạt - Article 336 ANS; động của thiết bị đo - 14.1, 14.2 MOS-MET Vol; liệu hệ thống/ thiết bị đo; sensors and central data processing system / Nhật ký; d) Regular physical inspection of all sensors and; 3.4.3 Calibration of measuring sensors / Hiệu chuẩn thiết bị 14.2.5 MOS-MET Vol; liệu hướng dẫn về hiệu chuẩn thiết bị đo tại đơn vị; c) Availability of periodic sensor calibration Records; sensor failures Technical supervision position / Khả - DOC 8896 – Manual on MET; năng theo dõi hoạt động liên tục của các thiết bị đo practices; (cảm biến đo)/ chức năng cảnh báo lỗi dữ liệu của hệ - Standards for AWOS (TCCS 01; 3.5.1 Availability of lightning protection on all sensors / Hệ N/A",2026-07-14 14:32:36.368632+00,2026-07-14 14:32:36.368632+00,{},f
019cefd2-15d6-459f-bb61-c5c527083ac3,9cb7bc54-b28c-4f62-a59f-9c3e023e92df,PBA,Đài KSKL Phú Bài,,4891/GP-CHK,2024-09-24,2026-10-01,,Trạm thu dữ liệu giám sát phụ thuộc tự động - quảng bá (ADS-B),2022,,,Máy thu ADS-B AX 680,"00934/2138423, 00936/2138424",Đức (Thales),Hỗ trợ điều hành bay TWR Phú Bài; tăng cường dự phòng tầm phủ ra đa giám sát,Tầm phủ 463 km,"SIC 195, SIC 196","Đài KSKL Phú Bài, Cảng HKQT Phú Bài",24/24h,"Tên: Trạm thu dữ liệu giám sát phụ thuộc tự động - quảng bá (ADS-B) || Model: Máy thu ADS-B AX 680 || Serial: (Reciever/Site Monitor): 00934/ 2138423, 00936/213 8424 || SX: Hãng Thales, Đức. Năm sản xuất: 2022 || Tính năng: Tại phụ lục kèm theo || Mã/SIC: SIC 195, SIC 196 || phụ lục kèm theo: 9. Địa điểm đặt thiết bị: Đài KSKL Phú Bài, Cảng HKQT Phú Bài; Tọa độ WGS-84: 16023’47,56” -107042’03,84” Đ || Phụ lục: (Kèm theo Giấy phép số: 4891 /GP-CHK ngày 24 tháng 09 năm 2024); ➢ Hệ thống máy thu ADS-B tại Đài KSKL Phú Bài gồm 02 máy thu hoạt động; độc lập trên tần số 1090 MHz. Hệ thống có khả năng giám sát tối thiểu 400; máy bay trong tầm phủ; tốc độ xử lý bản tối thiểu 1.500 bản tin/giây; ➢ Thiết bị giám sát, điều khiển tại chỗ LCMS được và thiết bị đầu cuối hiển thị; dữ liệu giám sát ADS-B được đặt tại đài KSKL Phú Bài; ➢ Thiết bị điều khiển, giám sát từ xa bằng hệ thống RCMS được đặt tại Phòng; thống này kết nối với hệ thống tích hợp và xử lý dữ liệu ADS-B tại ATCC Hà; Nội, AACC Hồ Chí Minh); + Hệ thống tích hợp và xử lý dữ liệu ADS-B của ATTECH./",2026-07-14 14:32:36.368632+00,2026-07-14 14:32:36.368632+00,{},f
16670ff9-443c-4f3a-8298-b6b7502b6f6f,6999e9e0-f9cf-4e26-9bef-30c362be5d7f,PCA,Đài KSKL Phù Cát,,617/GP-CHK,2025-04-01,2027-05-14,,Máy thu phát VHF thoại không - địa,"2016, 2019",,,"Máy phát: SU4200, TA-7650; máy thu: EU4200C, RA-7203","Máy chính: 105886 (SU4200), 105833 (EU4200C). Máy dự phòng: 105885 (SU4200); 10198, 10199 (TA-7650); 105830 (EU4200C)…","Séc, Na Uy",Điều hành bay (TWR Phù Cát),Bán kính R = 60 km,Không,Đài KSKL Phù Cát - Cảng HK Phù Cát,24/24h,"Tên: Máy thu phát VHF thoại không – địa || Model: Máy phát: SU4200, TA-7650; máy thu: EU4200C, RA-7203 || Serial: Máy chính: 105886 (SU4200), 105833 (EU4200C). Máy dự phòng: 105885 (SU4200); 10198, 10199 (TA-7650); 105830 (EU4200C); 11242, 11243 (RA-7203) || SX: Séc (SU4200/EU4200C), Na Uy (TA-7650/RA-7203). Năm sản xuất: 2016 (SU4200/EU4200C), 2019 (TA-7650/RA-7203) || Tính năng: Liên lạc thoại không - địa, thiết bị có cấu hình chính - dự phòng; điều chế AM, tần số làm việc 118,6 MHz, công suất phát 50W; phân cực đứng; phương thức phát 6K80A3E; độ nhạy máy thu 1µV; ăng ten cao 45 mét || Kênh/thành phần: Tên thiết bị: Máy thu phát VHF thoại không – địa; Mục đích sử dụng: Điều hành bay (TWR Phù Cát)",2026-07-14 14:32:36.368632+00,2026-07-14 14:32:36.368632+00,{},f
07027cc5-07fa-452b-86e6-77ce9872cd0a,af393d08-e9e7-4a13-92aa-fead8e88592d,PCA,Đài KSKL Phù Cát,,618/GP-CHK,2025-04-01,2027-05-14,,Máy thu phát VHF thoại không - địa,"2016, 2019",,,"Máy phát: SU4200, TA-7650; máy thu: EU4200C, RA-7203","Máy chính: 105888 (SU4200), 105832 (EU4200C); Máy dự phòng: 105887 (SU4200); 10198, 10199 (TA-7650); 105831 (EU4200C)…","Séc, Na Uy","Liên lạc trên tần số khẩn nguy 121,5 MHz (TWR Phù Cát)",Bán kính R = 60 km,Không,Đài KSKL Phù Cát - Cảng HK Phù Cát,24/24h,"Tên: Máy thu phát VHF thoại không – địa || Model: Máy phát: SU4200, TA-7650; máy thu: EU4200C, RA-7203 || Serial: Máy chính: 105888 (SU4200), 105832 (EU4200C); Máy dự phòng: 105887 (SU4200); 10198, 10199 (TA-7650); 105831 (EU4200C); 11242, 11243 (RA-7203) || SX: Séc (SU4200/EU4200C), Na Uy (TA-7650/RA-7203). Năm sản xuất: 2016 (SU4200/EU4200C), 2019 (TA-7650/RA-7203) || Tính năng: Liên lạc thoại không - địa, thiết bị có cấu hình chính - dự phòng; điều chế AM, tần số làm việc 121,5 MHz, công suất phát 50 W; phân cực đứng; phương thức phát 6K80A3E, độ nhạy máy thu: 1µV; ăng ten cao 45 mét || Kênh/thành phần: Tên thiết bị: Máy thu phát VHF thoại không – địa; Mục đích sử dụng: Liên lạc trên tần số khẩn nguy 121,5 MHz (TWR Phù Cát)",2026-07-14 14:32:36.368632+00,2026-07-14 14:32:36.368632+00,{},f
b7037f61-65cc-4512-be6d-acdf7fca3cf4,f43c362d-33d4-4b9c-bc1e-39eb55a17f15,PCA,Đài KSKL Phù Cát,,616/GP-CHK,2025-04-01,2027-05-14,,Hệ thống chuyển mạch thoại (VCCS),2016,,,R&S VCS-4G,6424049796887,Rumania,Phục vụ điều hành bay,Tại Đài KSKL Phù Cát - Cảng HK Phù Cát,Không,Đài KSKL Phù Cát - Cảng HK Phù Cát,24/24h,"Tên: Hệ thống chuyển mạch thoại (VCCS) || Model: R&S VCS-4G || Serial: 6424049796887 || SX: Rumania. Năm sản xuất: 2016 || Tính năng: Hệ thống có chức năng điều khiển chuyển mạch thoại radio và telephone; thiết bị gồm có 01 server lưu trữ cấu hình và giám sát hệ thống, 03 bảng điều khiển cho 03 vị trí khai thác (mỗi vị trí khai thác có 2 đường ghi âm riêng biệt cho radio và telephone), 01 workstation cho vị trí quản lý giám sát hệ thống, 02 khối giao tiếp thoại Radio 4 dây E&M, 01 khối giao tiếp thoại telephone, 02 switch chuyển mạch hoạt động theo cấu hình chính/dự phòng || Kênh/thành phần: Tính năng kỹ thuật chính: Hệ thống có chức năng điều khiển chuyển mạch thoại radio",2026-07-14 14:32:36.368632+00,2026-07-14 14:32:36.368632+00,{},f
973ac8e2-4d56-469a-8916-d09b0546c98f,2b254fef-8e00-4957-b0c8-e2adb4c97cc9,PCA,Đài KSKL Phù Cát,,603/GP-CHK,2025-02-07,2027-02-12,2037/GP-CHK,Ghi âm,"2024, 2019",,,Atis Uher VoiceCollect MD-x và Attech Recoder AR-16-A Standard,Máy chính: 049002-401229; Máy dự phòng: 001,"Đức, Việt Nam",Ghi âm liên lạc thoại không - địa (A/G) và địa - địa (G/G),Đài KSKL Phù Cát - Cảng HK Phù Cát,Không,"Đài KSKL Phù Cát - Cảng HK Phù Cát, huyện Phù Cát, tỉnh Bình Định",24/24h,"Tên: Ghi âm || Model: Atis Uher VoiceCollect MD-x và Attech Recoder AR-16-A Standard || Serial: Máy chính: 049002-401229; Máy dự phòng: 001 || SX: Đức (Atis Uher), Việt Nam (Attech); Năm sản xuất: 2024, 2019 || Tính năng: - Thiết bị ghi âm Atis Uher VoiceCollect MD-x có 32 kênh ghi; lưu trữ trực tiếp trên 02 ổ cứng: dung lượng 02x2TB (RAID-1); lưu trữ bên ngoài thông qua ổ RDX 1TB. - Thiết bị ghi âm Attech AR-16-A Standard có 32 kênh ghi; lưu trữ trực tiếp trên 02 ổ cứng: dung lượng 02x500GB (RAID-1); lưu trữ bên ngoài thông qua 01 ổ DVD-RAM (dung lượng 4,7GB). (Chi tiết các kênh ghi như trong phụ lục kèm theo) || phụ lục kèm theo): 9. Địa điểm đặt thiết bị: Đài KSKL Phù Cát - Cảng HK Phù Cát, huyện Phù Cát, tỉnh || Phụ lục: Danh mục các kênh ghi âm tại Đài KSKL Phù Cát; (Kèm theo Giấy phép số: 603 /GP-CHK ngày 07 tháng 02 năm 2025); Stt Nội dung kênh ghi Ghi chú; 1 CWP1-Rad VHF từ CWP1; 2 CWP2-Rad VHF từ CWP2; 3 CWP3-Rad VHF từ CWP3; 4 VHF TWR #1 VHF dự phòng cho 118,6 MHz và 121,5 MHz; 5 CWP1-Tel Ghi âm vị trí thoại từ CWP1; 6 CWP2-Tel Ghi âm vị trí thoại từ CWP2; 7 CWP3-Tel Ghi âm vị trí thoại từ CWP3; 0256. 3537444; 10 Điện thoại VNPT, đặt tại TWR Phù Cát; 5444; 11 PBX QLBMT, máy đặt tại TWR PCA; 0256. 6521443; 12 Điện thoại GTEL đặt tại TWR Phù Cát; Bộ đàm VHF G/G tần số; 0256 3537225; 14 Điện thoại VNPT, đặt tại phòng thủ tục bay; 15 EXT REC Ghi âm ngoài tại TWR Phù Cát; 6011; 16 PBX QLBMN, đặt tại TWR PCA; 5445; 17 PBX QLBMT, máy đặt tại phòng trực kỹ thuật",2026-07-14 14:32:36.368632+00,2026-07-14 14:32:36.368632+00,{},f
b9080fd7-3db4-4054-8386-c78873e5308d,ebc4a136-c5e7-4f7d-abfc-e3ddea655b8c,PCA,Đài KSKL Phù Cát,,2145/GP-CHK,2024-05-03,2026-05-03,4741/GP-CHK,Hệ thống quan trắc thời tiết tự động IMS,2015,,,IMS,YLTQ028092; SGH834TQ2M,Slovakia (MicroStep-MIS),Quan trắc và báo cáo thời tiết sân bay phục vụ điều hành bay,Khu vực Cảng hàng không Phù Cát,Không áp dụng,"Cảng Hàng không Phù Cát, huyện Phù Cát, tỉnh Bình Định",24/24h,"Tên: Hệ thống quan trắc thời tiết tự động IMS || Model: IMS || Serial: YLTQ028092; SGH834TQ2M || SX: Hãng MicroStep - MIS, Slovakia; Năm sản xuất: 2015 || Tính năng: Phụ lục kèm theo || Phụ lục kèm theo: 9. Địa điểm đặt thiết bị: Cảng Hàng không Phù Cát, huyện Phù Cát, tỉnh Bình Định; 10. Thời gian hoạt động (theo Giấy phép mới): 24/24h từ ngày 03/5/2024 || PHỤ LỤC: (Kèm theo Giấy phép số 2145/GP-CHK ngày 03/5/2024); Thiết bị ngoài trời: Các thiết bị đo lắp đặt tại ác trạm dọc đường CHC, bao gồm:; + 01 bộ cảm biến đo hướng và tốc độ gió; + 01 bộ cảm biến đo tầm nhìn và hiện tượng thời tiết; + 01 cảm biến đo ánh sáng nền; + 01 cảm biến đo độ cao chân mây đặt tại khu vực tiếp cận đầu CHC; + 01 bộ cảm biến đo hướng và tốc độ gió; + 01 bộ cảm biến đo tầm nhìn và hiện tượng thời tiết; + 01 cảm biến đo ánh sáng nền; + 01 cảm biến đo nhiệt độ; + 01 cảm biến đo độ ẩm; + 01 cảm biến đo khí áp; + 01 cảm biến đo lượng mưa; + 01 cảm biến đo giông; + 01 cảm biến đo độ cao chân mây đặt tại khu vực tiếp cận đầu CHC; b) Thiết bị trong nhà:; - Trạm xử lý dữ liệu trung tâm gồm có 02 máy tính xử lý (đặt tại Đài KSKL Phù; Cát), lưu trữ số liệu khí tượng, kết nối AMHS (VVPCYMYW); - 01 máy tính tại vị trí khai thác của nhân viên quan trắc tại Đài KSKL Phù Cát; - 01 máy tính hiển thị số liệu khí tượng tại cabin Đài KSKL Phù Cát; - 01 thiết bị giao tiếp với hệ thống đèn đường băng; METAR, MET REPORT và truyền về các thiết bị đầu cuối. Quan trắc viên có thể truy; Sơ đồ bố trí các thiết bị đo (Sensors) của; hệ thống AWOS IMS Phù Cát",2026-07-14 14:32:36.368632+00,2026-07-14 14:32:36.368632+00,{},f
1916e70a-50e7-4b32-9320-3bbbb04f6e2b,33e70531-bcbc-4083-be08-066c9e79394d,PCA,Đài KSKL Phù Cát,,4855/GP-CHK,2024-09-23,2026-10-01,,"Thiết bị đo đạc quan trắc thông dụng (đo nhiệt độ, độ ẩm, đo gió hiển thị số và khí áp hiển thị số)","2022, 2023",,,Thiết bị thủ công,Gió WindObserver (GILL): 2302016; Khí áp PTB 330: V0821316; Nhiệt kế WQG-11: 60 và 41,"Anh, Phần Lan, Trung Quốc",Làm dự phòng đo các yếu tố khí tượng và cung cấp số liệu phục vụ hoạt động bay,Khu vực Cảng hàng không Phù Cát,Không áp dụng,"Cảng hàng không Phù Cát, tỉnh Bình Định",24/24h,"Tên: Thiết bị đo đạc quan trắc thông dụng (đo nhiệt độ, độ ẩm, đo gió hiển thị số và khí áp hiển thị số) || Model: Thiết bị bị thủ công || Serial: Gió WindObserver (GILL): 2302016; Khí áp PTB 330: V0821316; Nhiệt kế thủy tinh chất lỏng WQG-11: 60 và 41 || SX: Anh, Phần Lan, Trung Quốc. Năm sản xuất: 2022, 2023 || Tính năng: Khí áp PTB 330 (phạm vi đo 500 ÷ 1100 hPa, sai số ±0,1 hPa); Gió WindObserver (GILL) (phạm vi đo tốc độ gió 0 ÷ 90 m/s, sai số ±2%; phạm vi đo hướng gió 0° ÷ 360°, sai số ±2°); Nhiệt kế thủy tinh chất lỏng WQG-11 (phạm vi đo (-25 ÷ 50)°C, sai số ± 0,3°C). [PB] || Cảm biến/thành phần: 1. Tên thiết bị: Thiết bị đo đạc quan trắc thông dụng (đo nhiệt độ, độ ẩm, đo gió hiển thị số; Phù Cát (thiết bị dự Thiết bị đo nhiệt độ, độ; 3.1 Location/siting of sensors/ equipment appropriate; complying with ICAO SARPs / Thiết bị đo được Article 336 ANS Regulations; 3.2 Serviceability of AWOS Sensors/ Tình trạng hoạt - Article 336 ANS; động của thiết bị đo - 14.1, 14.2 MOS-MET Vol; liệu hệ thống/ thiết bị đo; sensors and central data processing system / Nhật ký; d) Regular physical inspection of all sensors and; 3.4.3 Calibration of measuring sensors / Hiệu chuẩn thiết bị 14.2.5 MOS-MET Vol; liệu hướng dẫn về hiệu chuẩn thiết bị đo tại đơn vị; c) Availability of periodic sensor calibration Records; sensor failures Technical supervision position / Khả - DOC 8896 – Manual on MET; năng theo dõi hoạt động liên tục của các thiết bị đo practices; (cảm biến đo)/ chức năng cảnh báo lỗi dữ liệu của hệ - Standards for AWOS (TCCS 01; 3.5.1 Availability of lightning protection on all sensors / Hệ N/A",2026-07-14 14:32:36.368632+00,2026-07-14 14:32:36.368632+00,{},f
06233ab0-882a-4441-b3e1-c97b7e564d77,33e70531-bcbc-4083-be08-066c9e79394d,PCA,Đài KSKL Phù Cát,,969/GP-CHK,2026-02-27,2028-03-01,,"Thiết bị đo đạc quan trắc thông dụng (thiết bị điện tử đo nhiệt độ, độ ẩm và khí áp hiển thị số)",2023,,,"Thiết bị điện tử đo nhiệt độ, độ ẩm và khí áp hiển thị số 1.1006.54.080",09230015,Đức,Làm dự phòng đo các yếu tố khí tượng và cung cấp số liệu phục vụ hoạt động bay,Khu vực Cảng hàng không Phù Cát,Không áp dụng,Đài Kiểm soát không lưu Phù Cát,24/24h,"Tên: Thiết bị đo đạc quan trắc thông dụng (thiết bị điện tử đo nhiệt độ, độ ẩm và khí áp hiển thị số) || Model: Thiết bị điện tử đo nhiệt độ, độ ẩm và khí áp hiển thị số 1.1006.54.080 || Serial: 09230015 || SX: Đức Năm sản xuất: 2023 || Tính năng: Đo nhiệt độ (Phạm vi đo -40÷850C, độ chính xác ±0.10C, độ phân giải 0.10C); Đo độ ẩm (Phạm vi đo 0% ÷100%RH, độ chính xác ±1.5%RH, độ phân giải 0.1% RH); Đo khí áp (Phạm vi đo 300 ÷ 1200 hPa, độ chính xác ±0.25 hPa trong giải 800 ÷ 1100 hPa và ±0.5 hPa trong giải 600 ÷ 800 hPa, độ phân giải 0.1 hPa). [PB] || Cảm biến/thành phần: 1. Tên thiết bị: Thiết bị đo đạc quan trắc thông dụng (thiết bị điện tử đo nhiệt độ, độ ẩm và; Location/siting of sensors/ equipment appropriate; complying with ICAO SARPs / Thiết bị đo được Article 336 ANS Regulations; Serviceability of AWOS Sensors/ Tình trạng hoạt - Article 336 ANS Regulations; động của thiết bị đo - 14.1, 14.2 MOS-MET Vol; liệu hệ thống/ thiết bị đo dự phòng; sensors and central data processing system / Nhật ký; d) Regular physical inspection of all sensors and Hậu kiểm; 3.4.3 Calibration of measuring sensors / Hiệu chuẩn thiết bị; liệu hướng dẫn về hiệu chuẩn thiết bị đo tại đơn vị; c) Availability of periodic sensor calibration Records; Hậu kiểm; sensor failures Technical supervision position / Khả - DOC 8896 – Manual on MET; năng theo dõi hoạt động liên tục của các thiết bị đo; (cảm biến đo)/ chức năng cảnh báo lỗi dữ liệu của hệ - Standards for AWOS (TCCS 01; 3.5.1 Availability of lightning protection on all sensors / Hệ N/A",2026-07-14 14:32:36.368632+00,2026-07-14 14:32:36.368632+00,{},f
da711f2c-ada9-4659-858c-f111f6ed555e,fc69e4ff-4f6c-4b87-bddc-57d948cc91a5,BDKT-QNH,Trạm ra đa Quy Nhơn,,4027/GP-CHK,2024-08-09,2026-08-15,7171/GP-CHK,Máy thu phát VHF thoại không - địa,2009,,,Máy phát: Jotron TA-7650; Máy thu: Jotron RA-7203,Máy chính: 01163 (TA-7650); 01198 (RA-7203); máy dự phòng: 06135 (TA-7650); 00898 (RA-7203),Na Uy,"Liên lạc trên tần số khẩn nguy 121,5 MHz (Phân khu 1, 2, 5, 6 - ACC HCM)",Bán kính R = 463 km,Không,"Trạm ra đa - Thông Quy Nhơn, núi Vũng Chua",24/24h,"Tên: Máy thu phát VHF thoại không - địa || Model: Máy phát: Jotron TA-7650; Máy thu: Jotron RA-7203 || Serial: Máy chính: 01163 (TA-7650); 01198 (RA-7203); máy dự phòng: 06135 (TA-7650); 00898 (RA-7203) || SX: Na Uy. Năm sản xuất: 2009 || Tính năng: Liên lạc thoại không - địa; thiết bị có cấu hình máy chính và máy dự phòng; phân cực đứng; điều chế AM; tần số làm việc 121,5 MHz; công suất phát tối đa 50W; phương thức phát 6K80A3E; độ ổn định tần số ± 1ppm; độ nhạy máy thu 1V; ăng ten cao 15 mét || Kênh/thành phần: Tên thiết bị: Máy thu phát VHF thoại không - địa",2026-07-14 14:32:36.368632+00,2026-07-14 14:32:36.368632+00,{},f
6bb0f49f-5c07-4d6d-b628-73fd9ebb4ab2,b898fe53-66b6-4bac-8d9d-b58b4b79d722,PCA,Đài KSKL Phù Cát,,4893/GP-CHK,2024-09-24,2026-10-01,,Trạm thu dữ liệu giám sát phụ thuộc tự động - quảng bá (ADS-B),2022,,,Máy thu ADS-B AX 680,"00942/2138427, 00917/2138428",Đức (Thales),"Hỗ trợ điều hành bay TWR Phù Cát; phục vụ CTL/APP Đà Nẵng, ACC Hà Nội, ACC Hồ Chí Minh",Tầm phủ 463 km,"SIC 199, SIC 200","Đài KSKL Phù Cát, Cảng HK Phù Cát",24/24h,"Tên: Trạm thu dữ liệu giám sát phụ thuộc tự động - quảng bá (ADS-B) || Model: Máy thu ADS-B AX 680 || Serial: (Reciever/Site Monitor): 00942/2138427, 00917/2138428 || SX: Hãng Thales, Đức. Năm sản xuất: 2022 || Tính năng: Tại phụ lục kèm theo || Mã/SIC: SIC 199, SIC 200 || phụ lục kèm theo: 9. Địa điểm đặt thiết bị: Đài KSKL Phù Cát, Cảng HK Phù Cát; Tọa độ WGS-84: 13057’20,66” -109002’50,31” Đ || Phụ lục: (Kèm theo Giấy phép số: 4893 /GP-CHK ngày 24 tháng 09 năm 2024); ➢ Hệ thống máy thu ADS-B tại Đài KSKL Phù Cát gồm 02 máy thu hoạt động; độc lập trên tần số 1090 MHz. Hệ thống có khả năng giám sát tối thiểu 400; máy bay trong tầm phủ; tốc độ xử lý bản tối thiểu 1.500 bản tin/giây; ➢ Thiết bị giám sát, điều khiển tại chỗ LCMS được và thiết bị đầu cuối hiển thị; dữ liệu giám sát ADS-B được đặt tại đài KSKL Phù Cát; ➢ Thiết bị điều khiển, giám sát từ xa bằng hệ thống RCMS được đặt tại Phòng; thống này kết nối với hệ thống tích hợp và xử lý dữ liệu ADS-B tại ATCC Hà; Nội, AACC Hồ Chí Minh); + Hệ thống tích hợp và xử lý dữ liệu ADS-B của ATTECH./",2026-07-14 14:32:36.368632+00,2026-07-14 14:32:36.368632+00,{},f
b3a72090-e8e6-4f52-a55a-36f67f1a95ce,fe67be5d-51e7-4cb3-b681-24042d17834c,PLK,Đài KSKL Pleiku,,3619/GP-CHK,2024-07-19,2026-07-25,3799/GP-CHK,Máy thu phát VHF thoại không - địa,"2016, 1998, 2010",,,"Máy phát: SU4200, TA-7650; máy thu: EU4200C, RA-7203; máy thu phát: IC-A200","Máy chính: 105881 (SU4200), 105826 (EU4200C); máy dự phòng: 105882, 105884 (SU4200); 105827, 105829 (EU4200C); 19714 (TA-7650)…","Séc, Na Uy, Nhật Bản",Điều hành bay (TWR Pleiku),Bán kính R = 60 km,Không,Đài KSKL Pleiku - Cảng HK Pleiku; tọa độ WGS-84: 14°00′12″B - 108°01′30″Đ,24/24h,"Tên: Máy thu phát VHF thoại không - địa || Model: Máy phát: SU4200, TA-7650; máy thu: EU4200C, RA-7203; máy thu phát: IC-A200 || Serial: Máy chính: 105881 (SU4200), 105826 (EU4200C); máy dự phòng: 105882, 105884 (SU4200); 105827, 105829 (EU4200C); 19714 (TA-7650), 19741 (RA-7203); 12755 (IC-A200) || SX: Séc (SU4200/EU4200C), Na Uy (TA-7650/RA-7203), Nhật Bản (IC- A200). Năm sản xuất: 2016 (SU4200/EU4200C), 1998 (IC-A200), 2023 (TA-7650/RA- 7203) || Tính năng: Liên lạc thoại không - địa; thiết bị có cấu hình chính - dự phòng; điều chế AM, tần số làm việc 118,1 MHz; công suất phát 50W (SU4200, TA- 7650), 7W (IC-A200); phân cực đứng; phương thức phát 6K80A3E (SU4200, TA- 7650), 6K00A3E (IC-A200); độ nhạy máy thu 1µV (EU4200C, RA-7203), 2µV (IC- A200); ăng ten cao 15 mét || Kênh/thành phần: Tên thiết bị: Máy thu phát VHF thoại không - địa; Mục đích sử dụng: Điều hành bay (TWR Pleiku)",2026-07-14 14:32:36.368632+00,2026-07-14 14:32:36.368632+00,{},f
820e8599-d263-454f-8596-f26d1c84499f,8ae676d1-679e-445e-aa85-cfe278d295ba,PLK,Đài KSKL Pleiku,,3620/GP-CHK,2024-07-19,2026-07-25,3802/GP-CHK,Máy thu phát VHF thoại không - địa,"2016, 1998, 2010",,,"Máy phát: SU4200, TA-7650; máy thu: EU4200C, RA-7203; máy thu phát: IC-A200","Máy chính: 105883 (SU4200), 105828 (EU4200C); máy dự phòng: 105882, 105884 (SU4200); 105827, 105829 (EU4200C); 19714 (TA-7650)…","Séc, Na Uy, Nhật Bản","Liên lạc trên tần số khẩn nguy 121,5 MHz (TWR Pleiku)",Bán kính R = 60 km,Không,Đài KSKL Pleiku - Cảng HK Pleiku; tọa độ WGS-84: 14°00′12″B - 108°01′30″Đ,24/24h,"Tên: Máy thu phát VHF thoại không - địa || Model: Máy phát: SU4200, TA-7650; máy thu: EU4200C, RA-7203; máy thu phát: IC-A200 || Serial: Máy chính: 105883 (SU4200), 105828 (EU4200C); máy dự phòng: 105882, 105884 (SU4200); 105827, 105829 (EU4200C); 19714 (TA-7650), 19741 (RA-7203); 12755 (IC-A200) || SX: Séc (SU4200/EU4200C), Na Uy (TA-7650/RA-7203), Nhật Bản (IC- A200). Năm sản xuất: 2016 (SU4200/EU4200C), 1998 (IC-A200), 2023 (TA-7650/RA- 7203) || Tính năng: Liên lạc thoại không - địa, thiết bị có cấu hình chính - dự phòng; điều chế AM, tần số làm việc 121,5 MHz, công suất phát 50W (SU4200, TA- 7650), 7W (IC-A200); phân cực đứng; phương thức phát 6K80A3E (SU4200, TA- 7650), 6K00A3E (IC-A200); độ nhạy máy thu 1µV (EU4200C, RA-7203), 2µV (IC- A200); ăng ten cao 15 mét || Kênh/thành phần: Tên thiết bị: Máy thu phát VHF thoại không - địa; Mục đích sử dụng: Liên lạc trên tần số khẩn nguy 121,5 MHz (TWR Pleiku)",2026-07-14 14:32:36.368632+00,2026-07-14 14:32:36.368632+00,{},f
a6b58190-f6fc-4169-b44b-519682ca527f,988abbb5-6f25-4a47-8322-876cb0829381,PLK,Đài KSKL Pleiku,,2832/GP-CHK,2025-07-14,2027-07-30,,Hệ thống chuyển mạch thoại (VCCS),2016,,,R&S VCS-4G,6424049796863,Rumania,Phục vụ điều hành bay,Tại Đài KSKL Pleiku,Không,Đài KSKL Pleiku - Cảng HK Pleiku,24/24h,"Tên: Hệ thống chuyển mạch thoại (VCCS) || Model: R&S VCS-4G || Serial: 6424049796863 || SX: Rumania. Năm sản xuất: 2016 || Tính năng: Hệ thống có chức năng điều khiển chuyển mạch thoại radio và telephone; gồm có 01 server lưu trữ cấu hình và giám sát hệ thống, 03 bảng điều khiển cho 03 vị trí khai thác (mỗi vị trí khai thác có 2 đường ghi âm riêng biệt cho radio và telephone), 01 workstation cho vị trí quản lý giám sát hệ thống, 02 khối giao tiếp thoại radio 4 dây E&M, 01 khối giao tiếp thoại telephone, 02 switch chuyển mạch hoạt động theo cấu hình chính/dự phòng || Kênh/thành phần: Tính năng kỹ thuật chính: Hệ thống có chức năng điều khiển chuyển mạch thoại radio",2026-07-14 14:32:36.368632+00,2026-07-14 14:32:36.368632+00,{},f
cc015490-d817-44cd-8611-0512a2fbc5eb,c6622ed5-a311-43b5-a527-900edfc6d197,BDKT-QNH,Trạm ra đa Quy Nhơn,,6289/GP-CHK,2025-12-12,2027-12-19,,Máy thu phát VHF thoại không - địa,2025,,,Máy phát: T6-TV; máy thu: T6-RV,Máy chính: 407044 (T6TV); 407017 (T6RV); Máy dự phòng: 407031 (T6TV); 407016 (T6RV),Anh,Điều hành bay (Phân khu 5 ACC HCM),Tầm phủ 450 km,Không,Trạm Ra đa Thông Quy Nhơn,24/24h,"Tên: Máy thu phát VHF thoại không – địa || Model: Máy phát: T6-TV; máy thu: T6-RV || Serial: Máy chính: 407044 (T6TV); 407017 (T6RV); Máy dự phòng: 407031 (T6TV); 407016 (T6RV) || SX: Anh; Năm sản xuất: 2025 || Tính năng: Liên lạc thoại không - địa; thiết bị có cấu hình máy chính và máy dự phòng; phân cực đứng; điều chế AM; tần số làm việc 133,15 MHz (sử dụng offset +5 kHz, tần số phụ); phương thức phát 6K80A3E; công suất phát 50W; độ nhạy máy thu 1µV; ăng ten cao 12 mét || Kênh/thành phần: Tên thiết bị: Máy thu phát VHF thoại không – địa",2026-07-14 14:32:36.368632+00,2026-07-14 14:32:36.368632+00,{},f
f9738389-2a68-4e53-8c94-96656243776d,10203ebd-7f22-4bef-bae0-e74e34adc72f,PLK,Đài KSKL Pleiku,,3624/GP-CHK,2024-07-19,2026-07-25,7468/GP-CHK,Thiết bị ghi âm,"2020, 2014",,,ATIS UHER VoiceCollect MD-x và ATTECH AR-16-A Standard,Máy chính: 049002-400443; máy dự phòng: 032,"Đức, Việt Nam",Ghi âm liên lạc thoại không - địa (A/G) và địa - địa (G/G),Tại Đài KSKL Pleiku - Cảng HK Pleiku,Không,Đài KSKL Pleiku - Cảng HK Pleiku,24/24h,"Tên: Thiết bị ghi âm || Model: ATIS UHER VoiceCollect MD-x và ATTECH AR-16-A Standard || Serial: Máy chính: 049002-400443; máy dự phòng: 032 || SX: Đức (Atis Uher)/ Việt Nam (Attech); Năm sản xuất: 2020/2014 || Tính năng: - Thiết bị ghi âm Atis UHER VC-MDX có 32 kênh ghi; lưu trữ trực tiếp trên 02 ổ cứng dung lượng 02x2TB (RAID-1); lưu trữ bên ngoài thông qua ổ RDX 1TB. - Thiết bị ghi âm Attech AR-16-A Standard có 24 kênh ghi; lưu trữ trực tiếp trên ổ cứng dung lượng 02x500GB (RAID-1); lưu trữ bên ngoài thông qua ổ DVD-RAM: 01x4.7GB. (Chi tiết các kênh ghi như trong Phụ lục kèm theo) || Phụ lục kèm theo): 9. Địa điểm đặt thiết bị: Đài KSKL Pleiku - Cảng HK Pleiku || Phụ lục: Danh mục các kênh ghi âm tại Đài KSKL Pleiku; (Kèm theo Giấy phép số: 3624 /GP-CHK ngày 19 tháng 07 năm 2024); Nội dung kênh ghi; Stt Ghi chú; Ghi âm Atis UHER VC-MDX Ghi âm Attech AR-16-A Standard; 1 RF1 - VCS 121,5 RF1 - VCS 121,5 Ghi âm VHF trên VCS tần số 121,5 MHz; 2 RF2 - VCS 118,1 RF2 - VCS 118,1 Ghi âm VHF trên VCS tần số 118,1 MHz; 3 Tel1_VCS Tel1_VCS Ghi âm thoại tổng hợp từ CWP1; 4 Tel2_VCS Tel2_VCS Ghi âm thoại tổng hợp từ CWP2; 5 ICOM1_118,1 ICOM1_118,1 ICOM A200 tần số 118,1 MHz; 6 Jotron 118,1 Jotron 118,1 VHF Jotron tần số 118,1 MHz; 7 EXT REC Không ghi âm Phục vụ hiệp đồng phối hợp ĐHB Quân sự và dân dụng; 8 TM271 TM271 Tần số 146,5875 MHz,142,450 MHz/147,450 MHz; Phục vụ hiệp đồng ĐHB; Liên lạc Đài KSKL Pleiku -; 9 Hotline HCM-PLK Hotline HCM-PLK; Phục vụ hiệp đồng ĐHB; Liên lạc CLT DAN - Đài KSKL; Phục vụ hiệp đồng ĐHB; Liên lạc CLT DAN - Đài KSKL; 12 6012 6012 PBX QLBMN, trực điều hành bay Đài KSKL Pleiku; 13 5665 Không ghi âm trên Attech PBX QLBMT, trực kỹ thuật Đài KSKL Pleiku; 14 5666 5666 PBX QLBMT, trực điều hành bay Đài KSKL Pleiku; 15 5667 5667 PBX QLBMT, trực Quan trắc khí tượng Đài KSKL Pleiku; 16 0269. 3867628 0269. 3867628 Điện thoại VNPT, trực điều hành bay Đài KSKL Pleiku; 17 0269. 6577009 Không ghi âm Điện thoại Viettel, trực điều hành bay Đài KSKL Pleiku; Điện thoại VNPT, trực thủ tục bay, khí tượng Đài KSKL; 18 0269. 3867948 0269. 3867948; Điện thoại VNPT, trực An ninh Hàng không Đài KSKL; 19 0269. 3867679 0269. 3867679; Điện thoại VNPT, tr",2026-07-14 14:32:36.368632+00,2026-07-14 14:32:36.368632+00,{},f
0d98b960-6962-4136-a92f-ac7a0a20be7a,2236fe1c-6896-4157-a310-ae0e094233f6,PLK,Đài KSKL Pleiku,,2146/GP-CHK,2024-05-03,2026-05-03,4740/GP-CHK,Hệ thống quan trắc thời tiết tự động IMS,2015,,,IMS,YLGS021708; YLGS021707,Slovakia (MicroStep-MIS),Quan trắc và báo cáo thời tiết sân bay phục vụ điều hành bay,Khu vực Cảng hàng không Pleiku,Không áp dụng,"Cảng Hàng không Pleiku, tỉnh Gia Lai",24/24h,"Tên: Hệ thống quan trắc thời tiết tự động IMS || Model: IMS || Serial: YLGS021708; YLGS021707 || SX: Hãng MicroStep - MIS, Slovakia; Năm sản xuất: 2015 || Tính năng: Phụ lục kèm theo || Phụ lục kèm theo: 9. Địa điểm đặt thiết bị: Cảng Hàng không Pleiku, tỉnh Gia Lai; 10. Thời gian hoạt động (theo Giấy phép mới): 24/24h từ ngày 03/5/2024 || PHỤ LỤC: (Kèm theo Giấy phép số 2146/GP-CHK ngày 03/5/2024); Thiết bị ngoài trời: Các thiết bị đo lắp đặt tại các trạm dọc đường CHC bao gồm:; + 01 cảm biến đo độ cao chân mây đặt tại khu vực tiếp cận; + 01 bộ cảm biến đo hướng và tốc độ gió; + 01 bộ cảm biến đo tầm nhìn; + 01 bộ cảm biến đo ánh sáng nền; + 01 bộ cảm biến đo hướng và tốc độ gió; + 01 cảm biến đo nhiệt độ và độ ẩm; + 01 cảm biến đo khí áp; + 01 cảm biến đo lượng mưa; + 01 cảm biến đo giông; + 01 bộ cảm biến tầm nhìn và hiện tượng thời tiết; + 01 bộ cảm biến đo hướng và tốc độ gió; + 01 bộ cảm biến đo tầm nhìn; + 01 bộ cảm biến đo ánh sáng nền; + 01 cảm biến đo độ cao chân mây đặt tại khu vực tiếp cận; - 01 bộ giao tiếp với cường độ ánh sáng đèn đường băng RLSI tại nhà điều dòng; b) Thiết bị trong nhà:; - Trạm xử lý dữ liệu trung tâm gồm 02 máy tính xử lý (đặt tại Đài KSKL Pleiku), lưu; trữ số liệu khí tượng, kết nối AMHS (VVPKYMYW); - 02 máy tính tại vị trí khai thác của nhân viên quan trắc tại Đài KSKL Pleiku; - 01 máy tính cho kỹ thuật viên đặt tại Đài KSKL Pleiku; - 01 máy tính hiển thị số liệu khí tượng tại cabin Đài KSKL Pleiku; - 01 thiết bị giao tiếp với hệ thống đèn đường băng; METAR, MET REPORT và truyền về các thiết bị đầu cuối. Quan trắc viên có thể truy; SÂN BAY PLEIKU",2026-07-14 14:32:36.368632+00,2026-07-14 14:32:36.368632+00,{},f
7ea00670-5a43-4801-b4f9-d4cff39f2ef0,a96041a8-8fbe-4fed-8a98-b9d60c8600c7,PLK,Đài KSKL Pleiku,,4856/GP-CHK,2024-09-23,2026-10-01,,"Thiết bị đo đạc quan trắc thông dụng (đo nhiệt độ, độ ẩm, đo gió hiển thị số và khí áp hiển thị số)","2022, 2023",,,Thiết bị thủ công,Gió WindObserver (GILL): 2302014; Khí áp PTB 330: V0821324; Nhiệt kế WQG-11: 51 và 99,"Anh, Phần Lan, Trung Quốc",Làm dự phòng đo các yếu tố khí tượng và cung cấp số liệu phục vụ hoạt động bay,Khu vực Cảng hàng không Pleiku,Không áp dụng,"Cảng hàng không Pleiku, tỉnh Gia Lai",24/24h,"Tên: Thiết bị đo đạc quan trắc thông dụng (đo nhiệt độ, độ ẩm, đo gió hiển thị số và khí áp hiển thị số) || Model: Thiết bị bị thủ công || Serial: Gió WindObserver (GILL): 2302014; Khí áp PTB 330: V0821324; Nhiệt kế thủy tinh chất lỏng WQG-11: 51 và 99 || SX: Anh, Phần Lan, Trung Quốc. Năm sản xuất: 2022, 2023 || Tính năng: Khí áp PTB 330 (phạm vi đo 500 ÷ 1100 hPa, sai số ±0,1 hPa); Gió WindObserver (GILL) (phạm vi đo tốc độ gió 0 ÷ 90 m/s, sai số ±2%; phạm vi đo hướng gió 0° ÷ 360°, sai số ±2°); Nhiệt kế thủy tinh chất lỏng WQG-11 (phạm vi đo (-25 ÷ 50)°C, sai số ± 0,3°C). [PB] || Cảm biến/thành phần: 1. Tên thiết bị: Thiết bị đo đạc quan trắc thông dụng (đo nhiệt độ, độ ẩm, đo gió hiển thị số; Pleiku (thiết bị dự Thiết bị đo nhiệt độ, độ; 3.1 Location/siting of sensors/ equipment appropriate; complying with ICAO SARPs / Thiết bị đo được Article 336 ANS Regulations; 3.2 Serviceability of AWOS Sensors/ Tình trạng hoạt - Article 336 ANS; động của thiết bị đo - 14.1, 14.2 MOS-MET Vol; liệu hệ thống/ thiết bị đo; sensors and central data processing system / Nhật ký; d) Regular physical inspection of all sensors and; 3.4.3 Calibration of measuring sensors / Hiệu chuẩn thiết bị 14.2.5 MOS-MET Vol; liệu hướng dẫn về hiệu chuẩn thiết bị đo tại đơn vị; c) Availability of periodic sensor calibration Records; sensor failures Technical supervision position / Khả - DOC 8896 – Manual on MET; năng theo dõi hoạt động liên tục của các thiết bị đo practices; (cảm biến đo)/ chức năng cảnh báo lỗi dữ liệu của hệ - Standards for AWOS (TCCS 01; 3.5.1 Availability of lightning protection on all sensors / Hệ N/A",2026-07-14 14:32:36.368632+00,2026-07-14 14:32:36.368632+00,{},f
514ad5a1-be82-4e55-8b48-2ec9c0d0bcf8,a96041a8-8fbe-4fed-8a98-b9d60c8600c7,PLK,Đài KSKL Pleiku,,972/GP-CHK,2026-02-27,2028-03-01,,"Thiết bị đo đạc quan trắc thông dụng (đo nhiệt độ, độ ẩm, đo gió hiển thị số và khí áp hiển thị số)",2023,,,"Thiết bị điện tử đo nhiệt độ, độ ẩm và khí áp hiển thị số 1.1006.54.080",09230016,Đức,Làm dự phòng đo các yếu tố khí tượng và cung cấp số liệu phục vụ hoạt động bay,Khu vực Cảng hàng không Pleiku,Không áp dụng,"Cảng hàng không Pleiku, phường Thống Nhất, tỉnh Gia Lai",24/24h,"Tên: Thiết bị đo đạc quan trắc thông dụng (đo nhiệt độ, độ ẩm, đo gió hiển thị số và khí áp hiển thị số) || Model: Thiết bị điện tử đo nhiệt độ, độ ẩm và khí áp hiển thị số 1.1006.54.080 || Serial: 09230016 || SX: Đức Năm sản xuất: 2023 || Tính năng: Đo nhiệt độ (Phạm vi đo -40÷850C, độ chính xác ±0.10C, độ phân giải 0.10C); Đo độ ẩm (Phạm vi đo 0% ÷100%RH, độ chính xác ±1.5%RH, độ phân giải 0.1% RH); Đo khí áp (Phạm vi đo 300 ÷ 1200 hPa, độ chính xác ±0.25 hPa trong giải 800 ÷ 1100 hPa và ±0.5 hPa trong giải 600 ÷ 800 hPa, độ phân giải 0.1 hPa). [PB] || Cảm biến/thành phần: 1. Tên thiết bị: Thiết bị đo đạc quan trắc thông dụng (đo nhiệt độ, độ ẩm, đo gió hiển thị số; Serviceability of AWOS Sensors/ Tình trạng hoạt; động của thiết bị đo; liệu hệ thống/ thiết bị đo dự phòng; sensors and central data processing system / Nhật ký; d) Regular physical inspection of all sensors and Hậu kiểm; 3.4.3 Calibration of measuring sensors / Hiệu chuẩn thiết bị; liệu hướng dẫn về hiệu chuẩn thiết bị đo tại đơn vị; c) Availability of periodic sensor calibration Records; Hậu kiểm; sensor failures Technical supervision position / Khả practices; năng theo dõi hoạt động liên tục của các thiết bị đo - DOC 9837 – Manual on; (cảm biến đo)/ chức năng cảnh báo lỗi dữ liệu của hệ - Standards for AWOS (TCCS; 3.5.1 Availability of lightning protection on all sensors / Hệ N/A",2026-07-14 14:32:36.368632+00,2026-07-14 14:32:36.368632+00,{},f
a00d69ac-37aa-4f16-8259-4b984d991c26,0b7e4c54-e070-4966-a436-6ec34964c371,BDKT-STR,Trạm ra đa Sơn Trà,,5089/GP-CHK,2025-10-24,2027-11-30,,Hệ thống ra đa giám sát thứ cấp (MSSR),2015,,,Indra MSSR IRS-20MP/S 2NA,1440-0020,"Hãng Indra, Tây Ban Nha",Phục vụ điều hành bay FIR HCM/HAN và APP Đà Nẵng,Tầm phủ: 463 km,0000 0110 (SIC),Trạm Ra đa Thông Sơn Trà 2,24/24h,"Tên: Hệ thống ra đa giám sát thứ cấp (MSSR) || Model: Indra MSSR IRS-20MP/S 2NA || Serial: 1440-0020 || SX: Hãng Indra, Tây Ban Nha; Năm sản xuất: 2015 || Tính năng: Hệ thống có cấu hình chính - dự phòng; công suất phát 3162 W; phương thức phát 25M0V1D; điều chế tần số phát/thu 1030MHz/1090MHz; chế độ A/C/S; tốc độ quay của ăng ten 12 vòng/phút; ăng ten kiểu LVA cao 18 mét || Mã/SIC: 0000 0110 (SIC)",2026-07-14 14:32:36.368632+00,2026-07-14 14:32:36.368632+00,{},f
bb26fe8b-4b0e-4fc8-97d7-14f8bd782ce1,62705194-97b3-4e07-9574-12672daa21cf,PLK,Đài KSKL Pleiku,,732/GP-CHK,2025-04-08,2027-04-15,4894/GP-CHK,Trạm thu dữ liệu giám sát phụ thuộc tự động - quảng bá (ADS-B),2022,,,Máy thu ADS-B AX 680,"00946/2138425, 00947/2138426",Đức (Thales),Hỗ trợ điều hành bay TWR Pleiku; tăng cường dự phòng tầm phủ ra đa giám sát,Tầm phủ 463 km,"SIC 201, SIC 202","Đài KSKL Pleiku, Cảng HK Pleiku",24/24h,"Tên: Trạm thu dữ liệu giám sát phụ thuộc tự động - quảng bá (ADS-B) || Model: Máy thu ADS-B AX 680 || Serial: (Reciever/Site Monitor): 00946/2138425, 00947/2138426 || SX: Hãng Thales, Đức. Năm sản xuất: 2022 || Tính năng: Tại phụ lục kèm theo || Mã/SIC: SIC 201, SIC 202 || phụ lục kèm theo: 9. Địa điểm đặt thiết bị: Đài KSKL Pleiku, Cảng HK Pleiku; Tọa độ WGS-84: 14000’24,24” -108000’29,14” Đ || Phụ lục: (Kèm theo Giấy phép số: 732 /GP-CHK ngày 08 tháng 04 năm 2025);  Hệ thống máy thu ADS-B tại Đài KSKL Pleiku gồm 02 máy thu hoạt động; độc lập trên tần số 1090 MHz. Hệ thống có khả năng giám sát tối thiểu 400; máy bay trong tầm phủ; tốc độ xử lý bản tối thiểu 1.500 bản tin/giây;  Thiết bị giám sát, điều khiển tại chỗ LCMS và thiết bị đầu cuối hiển thị dữ; liệu giám sát ADS-B được đặt tại đài KSKL Pleiku;  Thiết bị điều khiển, giám sát từ xa bằng hệ thống RCMS được đặt tại Phòng; thống này kết nối với hệ thống tích hợp và xử lý dữ liệu ADS-B tại ATCC Hà; Nội, AACC Hồ Chí Minh); + Hệ thống tích hợp và xử lý dữ liệu ADS-B của ATTECH./",2026-07-14 14:32:36.368632+00,2026-07-14 14:32:36.368632+00,{},f
66e621f7-ba78-4849-acbf-6829e00a5c46,76c379ec-e45d-48b7-b808-27c8ecfca5c0,THO,Đài KSKL Tuy Hòa,,5083/GP-CHK,2025-10-24,2027-11-08,,Ghi âm,"2016, 2015",,,Attech Recoder AR-16-A Standard,Máy chính: 037; Máy dự phòng: 034,Việt Nam,Ghi âm liên lạc thoại không - địa (A/G) và điểm nối điểm (G/G),Đài KSKL Tuy Hòa - Cảng hàng không Tuy Hòa,Không,Đài KSKL Tuy Hòa - Cảng Hàng không Tuy Hòa,24/24h,"Tên: Ghi âm || Model: Attech Recoder AR-16-A Standard || Serial: Máy chính: 037; Máy dự phòng: 034 || SX: Việt Nam. Năm sản xuất: 2016, 2015 || Tính năng: Thiết bị ghi âm Attech AR-16-A Standard có 32 kênh ghi; lưu trữ trên 02 ổ đĩa cứng, dung lượng 02x500GB; lưu trữ bên ngoài thông qua 01 ổ DVD- RAM, dung lượng 4,7 GB. (Chi tiết các kênh ghi như trong phụ lục kèm theo) || phụ lục kèm theo): 9. Địa điểm đặt thiết bị: Đài KSKL Tuy Hòa - Cảng Hàng không Tuy Hòa || Phụ lục: Danh mục các kênh ghi âm tại Đài KSKL Tuy Hòa; (Kèm theo Giấy phép số: 5083 /GP-CHK ngày 24 tháng 10 năm 2025); Stt Nội dung kênh ghi Ghi chú; 1 Bàn khai thác CWP1 ( VCCS) VHF từ CWP1; 2 Bàn khai thác CWP2 (VCCS) VHF từ CWP2; 3 VHF A/G 118.9 Main Máy thu tần số 118.9 MHz Main; 4 VHF A/G 118.9 Standby Máy thu tần số 118.9 MHz Standby; 5 VHF A/G 121.5 Main Máy thu tần số 121.5 MHz Main; 6 VHF A/G 121.5 Standby Máy thu tần số 121.5 MHz Standby; 7 VHF dự phòng độc lập VHF dự phòng cho 118.9 MHz và 121.5 MHz; 8 VHF Quân sự (E915) Ghi âm tần số VHF Quân sự; 9 VHF Quân sự (E910) Ghi âm tần số VHF Quân sự; 10 Bộ đàm 146.425 MHz Liên lạc VHF G/G; dân dụng tại Cabin Đài KSKL Tuy Hòa; 12 Hotline - ACC HCM; 13 6468 PBX QLBMN, đặt tại TWR Tuy Hòa; 14 6368 PBX QLBMN, đặt tại ARO Tuy Hòa; 15 5700 PBX QLBMT, đặt tại TWR Tuy Hòa; 18 ĐT 7 số VNPT 0257.3559009 Điện thoại VNPT, đặt tại TWR Tuy Hòa; 19 ĐT 7 Số Viettel 0257.6251009 Điện thoại Viettel, đặt tại TWR Tuy Hòa; 20 ĐT 7 số Viettel 0257.6250113 Điện thoại Viettel, An ninh Tuy Hòa; 21 ĐT 7 số VNPT 0257.3558009 Điện thoại VNPT, đặt tại ARO Tuy Hòa",2026-07-14 14:32:36.368632+00,2026-07-14 14:32:36.368632+00,{},f
05ecf771-0581-4b08-a4ad-33ce09bfaeb8,4fea5c20-230a-4be7-a878-2a88882474c5,BDKT-QNH,Trạm ra đa Quy Nhơn,,6276/GP-CHK,2025-12-12,2027-12-19,,Máy thu phát VHF thoại không - địa,2025,,,Máy phát: T6-TV; máy thu: T6-RV,Máy chính: 407046 (T6TV); 407013 (T6RV); Máy dự phòng: 407045 (T6TV); 407019 (T6RV),Anh,Điều hành bay (Phân khu 1 ACC HCM),Tầm phủ 463 km,Không,Trạm Ra đa Thông Quy Nhơn - Phường Quy Nhơn Nam - Tỉnh Gia Lai,24/24h,"Tên: Máy thu phát VHF thoại không – địa || Model: Máy phát: T6-TV; máy thu: T6-RV || Serial: Máy chính: 407046 (T6TV); 407013 (T6RV); Máy dự phòng: 407045 (T6TV); 407019 (T6RV) || SX: Anh; Năm sản xuất: 2025 || Tính năng: Liên lạc thoại không - địa; thiết bị có cấu hình máy chính và máy dự phòng; phân cực đứng; điều chế AM; tần số làm việc 134,05 MHz (sử dụng offset +5 kHz); phương thức phát 6K80A3E; công suất phát 50W; độ nhạy máy thu 1µV; ăng ten cao 12 mét || Kênh/thành phần: Tên thiết bị: Máy thu phát VHF thoại không – địa",2026-07-14 14:32:36.368632+00,2026-07-14 14:32:36.368632+00,{},f
bfcdc2fa-3ec8-432b-96ce-7d245a588cdf,4fea5c20-230a-4be7-a878-2a88882474c5,BDKT-QNH,Trạm ra đa Quy Nhơn,,6826/GP-CHK,2024-12-13,2027-01-18,,Máy thu phát VHF thoại không - địa,2016,,,Máy phát: Jotron TA-7650; Máy thu: Jotron RA-7203,Máy chính: 06731 (TA7650); 07565 (RA7203); Máy dự phòng: 06730 (TA7650); 07564 (RA7203),Na Uy,Điều hành bay (Phân khu 1 - ACC HCM),Bán kính R = 463 km,Không,"Trạm ra đa Quy Nhơn, núi Vũng Chua, Tp. Quy Nhơn",24/24h,"Tên: Máy thu phát VHF thoại không - địa || Model: Máy phát: Jotron TA-7650; Máy thu Jotron: RA-7203 || Serial: Máy chính: 06731 (TA7650); 07565 (RA7203); Máy dự phòng: 06730 (TA7650); 07564 (RA7203) || SX: Na Uy. Năm sản xuất: 2016 || Tính năng: Liên lạc thoại không - địa; thiết bị có cấu hình chính - dự phòng; tần số làm việc 134,05 MHz (sử dụng offset +5kHz); công suất phát 50W; phân cực đứng; phương thức phát 6K80A3E; độ nhạy máy thu 1V; điều chế AM; ăng ten cao 15 mét || Kênh/thành phần: Tên thiết bị: Máy thu phát VHF thoại không - địa",2026-07-14 14:32:36.368632+00,2026-07-14 14:32:36.368632+00,{},f
c5d27831-d4a6-4522-969b-1b6aff836b0b,77e611b4-bebe-4d1b-8223-a1536015a91a,BDKT-QNH,Trạm ra đa Quy Nhơn,,6278/GP-CHK,2025-12-12,2027-12-19,,Máy thu phát VHF thoại không - địa,2025,,,Máy phát: T6-TV; máy thu: T6-RV,Máy chính: 407048 (T6TV); 407057 (T6RV); Máy dự phòng: 407049 (T6TV); 407020 (T6RV),Anh,Điều hành bay (Phân khu 1 ACC HCM),Tầm phủ 463 km,Không,Trạm Ra đa Thông Quy Nhơn,24/24h,"Tên: Máy thu phát VHF thoại không – địa || Model: Máy phát: T6-TV; máy thu: T6-RV || Serial: Máy chính: 407048 (T6TV); 407057 (T6RV); Máy dự phòng: 407049 (T6TV); 407020 (T6RV) || SX: Anh; Năm sản xuất: 2025 || Tính năng: Liên lạc thoại không - địa; thiết bị có cấu hình máy chính và máy dự phòng; phân cực đứng; điều chế AM; tần số làm việc 125,375 MHz (sử dụng offset +5 kHz, tần số phụ); phương thức phát 6K80A3E; công suất phát 50W; độ nhạy máy thu 1µV; ăng ten cao 12 mét || Kênh/thành phần: Tên thiết bị: Máy thu phát VHF thoại không – địa",2026-07-14 14:32:36.368632+00,2026-07-14 14:32:36.368632+00,{},f
eec9cd7f-7bc8-4f89-8600-2422f8b11be8,c6622ed5-a311-43b5-a527-900edfc6d197,BDKT-QNH,Trạm ra đa Quy Nhơn,,4029/GP-CHK,2024-08-09,2026-08-15,4258/GP-CHK,Máy thu phát VHF thoại không - địa,2009,,,"Máy phát: Jotron TA-7650, PAV-200; Máy thu: Jotron RA-7203","Máy chính: 06141 (TA-7650), 00120 (PAV-200), 00880 (RA-7203); máy dự phòng: 01237 (TA-7650), 00119 (PAV-200), 06886 (RA-7203)",Na Uy,Điều hành bay (Dự phòng Phân khu 5 - ACC HCM),Bán kính R = 450 km,Không,"Trạm ra đa - Thông Quy Nhơn, núi Vũng Chua",24/24h,"Tên: Máy thu phát VHF thoại không - địa || Model: Máy phát: Jotron TA-7650, PAV-200, Máy thu: Jotron RA-7203 || Serial: Máy chính: 06141 (TA-7650), 00120 (PAV-200), 00880 (RA-7203); máy dự phòng: 01237 (TA-7650), 00119 (PAV-200), 06886 (RA-7203) || SX: Na Uy. Năm sản xuất: 2009 || Tính năng: Liên lạc thoại không - địa; thiết bị có cấu hình chính - dự phòng; điều chế AM; tần số làm việc 133,15 MHz; công suất phát tối đa 50W (TA- 7650), 200W (PAV-200); phương thức phát 6K80A3E; phân cực đứng; độ ổn định tần số ±1ppm; độ nhạy máy thu 1V; ăng ten cao 10 mét || Kênh/thành phần: Tên thiết bị: Máy thu phát VHF thoại không - địa",2026-07-14 14:32:36.368632+00,2026-07-14 14:32:36.368632+00,{},f
d5cc0b41-cc35-48cc-b5dc-1d8168fdb21f,2895b9ad-dab8-49c8-a26a-47241cef0c2e,BDKT-STR,Trạm ra đa Sơn Trà,,1970/GP-CHK,2024-04-23,2026-04-24,,Máy thu phát VHF thoại không - địa,2016,,,Máy phát: SU4200; Máy thu: EU4200C,Tại Phụ lục kèm theo,Séc,"Điều hành bay (Phân khu 4, ACC Hà Nội)",Bán kính R = 463 km,Không,Trạm ra đa - Thông Sơn Trà 2,24/24h,"Tên: Máy thu phát VHF thoại không - địa || Model: Máy phát: SU4200; Máy thu: EU4200C || Serial: Tại Phụ lục kèm theo || SX: Séc. Năm sản xuất: 2016 || Tính năng: Tại Phụ lục kèm theo || Phụ lục kèm theo: 6. Nơi sản xuất: Séc. Năm sản xuất: 2016 || Phụ lục kèm theo: 9. Địa điểm đặt thiết bị: Trạm ra đa - Thông Sơn Trà 2, phường Thọ Quang, quận Sơn || Phụ lục: (Kèm theo Giấy phép số: 1970/GP-CHK ngày 23 tháng 04 năm 2024); - Máy chính: Máy chính: 105863 (SU4200), 105808 (EU4200C); - Máy dự phòng: 105864 (SU4200), 105809 (EU4200C); - Thiết bị có cấu hình chính - dự phòng; - Phương thức phát 6K80A3E; - Độ nhạy máy thu 1µV; - Ăng ten cao 10 mét",2026-07-14 14:32:36.368632+00,2026-07-14 14:32:36.368632+00,{},f
cdea1134-152b-466c-9d93-f263bd930f68,a7a81f1c-f0f3-400b-83b5-26b1cdb68193,BDKT-STR,Trạm ra đa Sơn Trà,,4028/GP-CHK,2024-08-09,2026-08-15,2304/GP-CHK,Máy thu phát VHF thoại không - địa,2010,,,"Máy phát: Park Air B6350, Jotron TA7650; Máy thu: Park Air B6100",Máy chính: 3S9312 (B6350); 274262 (B6100); máy dự phòng: 01236 (TA7650); 3S13596 (B6100),Anh,Điều hành bay (Dự phòng phân khu 4 - ACC HAN),Bán kính R = 463 km,Không,Trạm ra đa - Thông Sơn Trà 1,24/24h,"Tên: Máy thu phát VHF thoại không - địa || Model: Máy phát: Park Air B6350, Jotron TA7650; Máy thu: Park Air B6100 || Serial: Máy chính: 3S9312 (B6350); 274262 (B6100); máy dự phòng: 01236 (TA7650); 3S13596 (B6100) || SX: Anh. Năm sản xuất: 2010 || Tính năng: Liên lạc thoại không - địa; thiết bị có cấu hình chính và dự phòng; điều chế AM; tần số làm việc 124,55 MHz; công suất phát tối đa 50W; phương thức phát 6K80A3E; độ ổn định tần số ±1ppm; độ nhạy máy thu 2µV; phân cực đứng; ăng ten cao 20 mét || Kênh/thành phần: Tên thiết bị: Máy thu phát VHF thoại không - địa",2026-07-14 14:32:36.368632+00,2026-07-14 14:32:36.368632+00,{},f
79a59e29-777c-4ccf-831d-086e6db591be,c4dd13e1-79a1-450e-9fe6-544c2d4f40ff,BDKT-STR,Trạm ra đa Sơn Trà,,2830/GP-CHK,2025-07-14,2027-07-18,7172/GP-CHK,Máy thu phát VHF thoại không - địa,2009,,,Máy phát: Jotron TA-7650; Máy thu: Jotron RA-7203,"Máy chính: 01160 (TA-7650), 01201 (RA-7203). Máy dự phòng: 01235 (TA-7650), 06885 (RA-7203)",Na Uy,"Liên lạc trên tần số khẩn nguy 121,5 MHz (Phân khu 4 – ACC Hà Nội)",Bán kính R = 463 km,Không,Trạm ra đa - Thông Sơn Trà 1,24/24h,"Tên: Máy thu phát VHF thoại không – địa || Model: Máy phát: Jotron TA-7650; Máy thu: Jotron RA-7203 || Serial: Máy chính: 01160 (TA-7650), 01201 (RA-7203). Máy dự phòng: 01235 (TA-7650), 06885 (RA-7203) || SX: Na Uy. Năm sản xuất: 2009 || Tính năng: Liên lạc thoại không - địa; thiết bị có cấu hình máy chính và máy dự phòng; phân cực đứng; điều chế AM; tần số làm việc 121,5 MHz; công suất phát 50W; phương thức phát 6K80A3E; độ ổn định tần số ±1ppm; độ nhạy máy thu 1µV; ăng ten cao 11 mét || Kênh/thành phần: Tên thiết bị: Máy thu phát VHF thoại không – địa",2026-07-14 14:32:36.368632+00,2026-07-14 14:32:36.368632+00,{},f
c6553354-ab1c-4ceb-8748-4689f72e9a15,0a05b9c3-b63a-4f0d-b26a-8067e9646539,BDKT-STR,Trạm ra đa Sơn Trà,,1977/GP-CHK,2024-04-23,2026-04-24,,Máy thu phát VHF thoại không - địa,2013,,,"Hãng Park Air: Máy phát T6T, Máy thu T6R",Tại Phụ lục kèm theo,Anh,"Điều hành bay (Phân khu 3, ACC Hà Nội)",Bán kính R = 463 km,Không,Trạm ra đa - Thông Sơn Trà 2,24/24h,"Tên: Máy thu phát VHF thoại không - địa || Model: Hãng Park Air: Máy phát: T6T, Máy thu: T6R || Serial: Tại Phụ lục kèm theo || SX: Anh. Năm sản xuất: 2013 || Tính năng: Tại Phụ lục kèm theo || Phụ lục kèm theo: 6. Nơi sản xuất: Anh. Năm sản xuất: 2013 || Phụ lục kèm theo: 9. Địa điểm đặt thiết bị: Trạm ra đa - Thông Sơn Trà 2, phường Thọ Quang, quận Sơn || Phụ lục: (Kèm theo Giấy phép số: 1977 /GP-CHK ngày 23 tháng 04 năm 2024); - Máy chính: 6U11316 (T6T), 6U16858 (T6R); - Máy dự phòng: 6U11306 (T6T); 6U16860 (T6R); - Thiết bị có cấu hình chính - dự phòng; - Phương thức phát 6K80A3E; - độ nhạy máy thu SINAD =12dB (với mức tín hiệu -107dBm (1µV), độ sâu điều chế; - Ăng ten cao 10 mét./",2026-07-14 14:32:36.368632+00,2026-07-14 14:32:36.368632+00,{},f
1be62ae2-4a16-48a3-8837-7503faf7e965,0a05b9c3-b63a-4f0d-b26a-8067e9646539,BDKT-STR,Trạm ra đa Sơn Trà,,2953/GP-CHK,2024-06-17,2026-07-26,,Máy thu phát VHF thoại không - địa,1989,,,Máy phát SU451 & VU490; Máy thu RA5002,Máy chính: 329043/011 (SU451); 323701/040 (VU490); 441 (RA5002). Máy dự phòng: 329746/087 (SU451); 323701/007 (VU490); 440 (RA5002),"Đức (SU451/VU490), Na Uy (RA5002)","Điều hành bay (Phân khu 3, ACC HAN - Dự phòng)",Bán kính R = 400 km,Không,Trạm Ra đa - Thông Sơn Trà 1,24/24h,"Tên: Máy thu phát VHF thoại không - địa || Model: Máy phát SU451 & VU490; Máy thu RA5002 || Serial: Máy chính: 329043/011 (SU451); 323701/040 (VU490); 441 (RA5002). Máy dự phòng: 329746/087 (SU451); 323701/007 (VU490); 440 (RA5002) || SX: Đức (SU451/VU490), Na Uy (RA5002); Năm sản xuất: 1989 || Tính năng: Liên lạc thoại không - địa; thiết bị có cấu hình máy chính và máy dự phòng; phân cực đứng; điều chế AM; tần số làm việc 125,9 MHz; công suất 200W; độ ổn định tần số ±1ppm; độ nhạy máy thu 2µV; ăng ten cao 20 mét || Kênh/thành phần: Tên thiết bị: Máy thu phát VHF thoại không - địa",2026-07-14 14:32:36.368632+00,2026-07-14 14:32:36.368632+00,{},f
5727add4-456c-4b59-906b-e0d23adad0c5,f9f78cdb-9a18-4c5c-82e9-7d454956170f,BDKT-STR,Trạm ra đa Sơn Trà,,2829/GP-CHK,2025-07-14,2027-08-12,,Máy thu phát VHF thoại không - địa,2020,,,Máy phát: Park Air T6T; Máy thu: Park Air T6R,Máy chính: 6U11311 (T6T); 6U16873 (T6R). Máy dự phòng: 6U11307 (T6T); 6U16865 (T6R),Anh,Điều hành bay (Dự phòng phân khu 3 - ACC Hà Nội),Bán kính R = 463 km,Không,Trạm ra đa - Thông Sơn Trà 1,24/24h,"Tên: Máy thu phát VHF thoại không – địa || Model: Máy phát: Park Air T6T; Máy thu: Park Air T6R || Serial: Máy chính: 6U11311 (T6T); 6U16873 (T6R). Máy dự phòng: 6U11307 (T6T); 6U16865 (T6R) || SX: Anh. Năm sản xuất: 2020 || Tính năng: Liên lạc thoại không - địa; thiết bị có cấu hình chính - dự phòng; tần số làm việc 134,425 MHz; công suất phát 50W; phân cực đứng; phương thức phát 6K80A3E; độ ổn định tần số ±1ppm; độ nhạy máy thu 1µV; điều chế AM; ăng ten cao 10 mét || Kênh/thành phần: Tên thiết bị: Máy thu phát VHF thoại không – địa",2026-07-14 14:32:36.368632+00,2026-07-14 14:32:36.368632+00,{},f
1d0de5e5-8967-4ac5-b529-426dea8205ee,80c99472-da15-4433-934b-20349ce0e252,BDKT-STR,Trạm ra đa Sơn Trà,,604/GP-CHK,2025-02-07,2027-03-30,,Hệ thống ra đa giám sát sơ cấp (PSR),1994,,,TRAC2000,45050166,Pháp,Phục vụ điều hành bay FIR HCM/HAN và APP Đà Nẵng,Bán kính R = 150 km,0000 0010 (SIC),Trạm ra đa Thông Sơn Trà 1,24/24h,"Tên: Hệ thống ra đa giám sát sơ cấp (PSR) || Model: TRAC2000 || Serial: 45050166 || SX: Pháp. Năm sản xuất: 1994 || Tính năng: Hệ thống có cấu hình chính-dự phòng; công suất phát 10KW; phương thức phát 4M00P0N; điều chế xung; tốc độ quay ăng ten 12 vòng/phút; tần số làm việc: 1260MHz, 1265MHz, 1340MHz, 1345MHz; ăng ten kiểu Parabol cao 10 mét || Mã/SIC: 0000 0010 (SIC)",2026-07-14 14:32:36.368632+00,2026-07-14 14:32:36.368632+00,{},f
ea4704fc-d736-4fbe-bdcc-e54e708b991d,6042b0f8-e55f-48c4-83ac-e583bdb96b5c,BDKT-STR,Trạm ra đa Sơn Trà,,2955/GP-CHK,2024-06-17,2026-07-23,,Hệ thống ra đa giám sát sơ cấp (PSR),2015,,,Indra PSR,14390010,"Hãng Indra, Tây Ban Nha",Phục vụ điều hành bay FIR HAN/HCM và APP Đà Nẵng,Bán kính R = 150 km,0000 0110 (SIC),Trạm ra đa – Thông Sơn Trà 2,24/24h,"Tên: Hệ thống ra đa giám sát sơ cấp (PSR) || Model: Indra PSR || Serial: 14390010 || SX: Hãng Indra, Tây Ban Nha. Năm sản xuất: 2015 || Tính năng: Hệ thống có cấu hình chính - dự phòng; công suất phát 25 kW; tần số làm việc 2797/7346 MHz, 2873/4714 MHz; phương thức phát 2M00M3N; điều chế xung; tốc độ quay của ăng ten 12 vòng/phút; ăng ten kiểu Parabol cao 15 mét || Mã/SIC: 0000 0110 (SIC)",2026-07-14 14:32:36.368632+00,2026-07-14 14:32:36.368632+00,{},f
10cd5b97-7c62-4e5d-857b-9f1f42623995,166da49c-c77b-40eb-86a5-78870d4f7936,THO,Đài KSKL Tuy Hòa,,3617/GP-CHK,2024-07-19,2026-07-25,4259/GP-CHK,Máy thu phát VHF thoại không - địa,"2015, 1997, 2023",,,"Máy thu/phát: T6R/T6T, TA-7650/RA-7203; máy thu phát ICOM IC-A200","Máy chính: 166195 (T6T), 166179 (T6R); máy dự phòng: 166196 (T6T), 166181 (T6R); 19715 (TA-7650), 19742 (RA-7203); 12786, 12335 (IC-A200)","Anh, Nhật Bản, Na Uy",Điều hành bay (TWR Tuy Hòa),Bán kính R = 60 km,Không,Đài KSKL Tuy Hòa - Cảng HK Tuy Hòa,24/24h,"Tên: Máy thu phát VHF thoại không - địa || Model: Máy thu/phát: T6R/T6T, TA-7650/RA-7203; máy thu phát ICOM IC- A200 || Serial: Máy chính: 166195 (T6T), 166179 (T6R); máy dự phòng: 166196 (T6T), 166181 (T6R); 19715 (TA-7650), 19742 (RA-7203); 12786, 12335 (IC-A200) || SX: Anh, Nhật Bản, Na Uy. Năm sản xuất: 2015, 1997, 2023 || Tính năng: Liên lạc thoại không - địa; thiết bị có cấu hình chính - dự phòng; điều chế AM; tần số làm việc 118,9 MHz; công suất 50W (T6T, TA-7650), 7W (IC-A200); phân cực đứng; phương thức phát 6K80A3E; độ nhạy máy thu 1µV; ăng ten cao 40 mét || Kênh/thành phần: Tên thiết bị: Máy thu phát VHF thoại không - địa; Mục đích sử dụng: Điều hành bay (TWR Tuy Hòa)",2026-07-14 14:32:36.368632+00,2026-07-14 14:32:36.368632+00,{},f
c353e35d-ff0d-4c50-a145-9441c6d8809d,38cbcd04-2410-4ada-93ab-35156e468f9e,THO,Đài KSKL Tuy Hòa,,3618/GP-CHK,2024-07-19,2026-07-25,4260/GP-CHK,Máy thu phát VHF thoại không - địa,"2015, 1997, 2023",,,"Máy thu/phát: T6T/T6R, TA-7650/RA-7203; máy thu phát ICOM IC-A200","Máy chính: 166197 (T6T), 166180 (T6R); máy dự phòng: 166194 (T6T), 166182 (T6R); 19715 (TA-7650), 19742 (RA-7203); 12786, 12335 (IC-A200)","Anh, Nhật Bản, Na Uy","Liên lạc trên tần số khẩn nguy 121,5 MHz (TWR Tuy Hòa)",Bán kính R = 60 km,Không,Đài KSKL Tuy Hòa - Cảng HK Tuy Hòa,24/24h,"Tên: Máy thu phát VHF thoại không - địa || Model: Máy thu/phát: T6T/T6R, TA-7650/RA-7203; máy thu phát ICOM IC- A200 || Serial: Máy chính: 166197 (T6T), 166180 (T6R); máy dự phòng: 166194 (T6T), 166182 (T6R); 19715 (TA-7650), 19742 (RA-7203); 12786, 12335 (IC-A200) || SX: Anh, Nhật Bản, Na Uy. Năm sản xuất: 2015, 1997, 2023 || Tính năng: Liên lạc thoại không - địa; thiết bị có cấu hình chính - dự phòng; điều chế AM; tần số làm việc 121,5 MHz; công suất 50W (T6T), 7W (IC- A200); phân cực đứng; phương thức phát 6K80A3E; độ nhạy máy thu 1µV; ăng ten cao 40 mét || Kênh/thành phần: Tên thiết bị: Máy thu phát VHF thoại không - địa; Mục đích sử dụng: Liên lạc trên tần số khẩn nguy 121,5 MHz (TWR Tuy Hòa)",2026-07-14 14:32:36.368632+00,2026-07-14 14:32:36.368632+00,{},f
7e11fdef-4566-4742-9dfb-469de2aa4fbd,6c79f710-a99f-490f-b05c-276218edd4c0,THO,Đài KSKL Tuy Hòa,,5129/GP-CHK,2024-09-30,2026-10-05,,Hệ thống chuyển mạch thoại (VCCS),2015,,,MULTIFONO M800IP,1603996-001 (phần chính); 1603976-001 (phần mở rộng),Italia,Phục vụ điều hành bay,Đài KSKL Tuy Hòa,Không,Đài KSKL Tuy Hòa - Cảng HK Tuy Hòa,24/24h,"Tên: Hệ thống chuyển mạch thoại (VCCS) || Model: MULTIFONO M800IP || Serial: 1603996-001 (phần chính); 1603976-001 (phần mở rộng) || SX: Italia. Năm sản xuất: 2015 || Tính năng: Hệ thống có chức năng điều khiển chuyển mạch thoại radio; gồm có 01 tủ chuyển mạch trung tâm, cấu hình chính/dự phòng, 02 bảng điều khiển cho 02 vị trí khai thác, 01 workstation cho vị trí quản lý giám sát hệ thống, 02 card giao tiếp thoại 4 dây E&M, 02 card giao tiếp thoại 2 dây FXO/FXS, 01 card giao tiếp cho thiết bị ghi âm",2026-07-14 14:32:36.368632+00,2026-07-14 14:32:36.368632+00,{},f
f627cb37-1853-4959-a504-f46421a241d8,7f40beb2-5d47-4f4a-b7df-35cd1cca56ae,THO,Đài KSKL Tuy Hòa,,1206/GP-CHK,2025-04-26,2027-05-01,,Hệ thống quan trắc khí tượng tự động D-AW21,2023,,,D-AW21,3NC3QY3; 4NC3QY3,"Malaysia (Server), Việt Nam (Phần mềm)",Quan trắc và báo cáo thời tiết sân bay phục vụ hoạt động bay,Khu vực Cảng hàng không Tuy Hòa,Không,"Cảng hàng không Tuy Hòa, Tp. Tuy Hòa, Tỉnh Phú Yên",24/24h,"Tên: Hệ thống quan trắc khí tượng tự động D-AW21 || Model: D-AW21 || Serial: 3NC3QY3; 4NC3QY3 || SX: Malaysia (Server), Việt Nam (Phần mềm). Năm sản xuất: 2023 || Tính năng: Trong Phụ lục kèm theo || Phụ lục kèm theo: 9. Địa điểm đặt thiết bị: Cảng hàng không Tuy Hòa, Tp. Tuy Hòa, Tỉnh Phú Yên || PHỤ LỤC: (Kèm theo Giấy phép số 1206 /GP-CHK ngày 26 /4/2025); Thiết bị ngoài trời: Hệ thống truyền dẫn kết nối với các thiết bị đo đặt tại các vị trí; - Vị trí đầu CHC 21:; + 01 thiết bị đo tầm nhìn SWS-050; + 01 cảm biến ánh sáng nền ALS-2; + 01 thiết bị đo độ cao chân mây CBME 80B; + 01 thiết bị đo hướng và tốc độ gió 4.3820.30.300; - Vị trí giữa:; + 01 thiết bị đo hướng và tốc độ gió 4.3820.30.300; + 01 thiết bị đo thời tiết hiện tại SWS-250; + 01 thiết bị đo áp suất không khí BAR-AV-S; + 01 thiết bị đo nhiệt độ TA-C; + 01 thiết bị đo độ ẩm UR-C; + 01 thiết bị đo lượng mưa 52203; + 01 thiết bị đo giông sét BTD-300; - Vị trí đầu CHC 03:; + 01 thiết bị đo tầm nhìn SWS-050; + 01 cảm biến ánh sáng nền ALS-2; + 01 thiết bị đo độ cao chân mây CBME 80B; + 01 thiết bị đo hướng và tốc độ gió 4.3820.30.300; b) Thiết bị trong nhà:; - Trạm xử lý dữ liệu trung tâm gồm 02 máy tính (đặt tại Đài KSKL Tuy Hòa), lưu trữ; số liệu khí tượng, kết nối AMHS (VVTHYMYW); - 02 máy tính hiển thị số liệu khí tượng đặt tại cabin Đài KSKL Tuy Hòa; - 01 máy tính tại vị trí trực kĩ thuật Đài KSKL Tuy Hòa; - 01 máy tính tại vị trí Đài K4 quân sự; - 02 máy tính đặt tại phòng MET - Đài KSKL Tuy Hòa; - 01 thiết bị giao tiếp với hệ thống đèn đường băng; điện văn MET REPORT, METAR và truyền về các thiết bị đầu cuối. Hệ thống cho phép",2026-07-14 14:32:36.368632+00,2026-07-14 14:32:36.368632+00,{},f
893c8699-bc90-4c95-8e0f-880d4f71f151,67854a57-f71b-46cf-b2da-cf2c5f62117d,THO,Đài KSKL Tuy Hòa,,4342/GP-CHK,2025-09-24,2027-09-26,,Hệ thống quan trắc khí tượng tự động AW11,1998,,,AW11,T53202,"Hãng Vaisala, Phần Lan",Quan trắc và báo cáo thời tiết sân bay phục vụ hoạt động bay,Khu vực Cảng hàng không Tuy Hòa,ME AWS.00002,Cảng hàng không Tuy Hòa,24/24h,"Tên: Hệ thống quan trắc khí tượng tự động AW11 || Model: AW11 || Serial: T53202 || SX: Hãng Vaisala, Phần Lan. Năm sản xuất: 1998 || Tính năng: Trong Phụ lục kèm theo || Mã/SIC: Mã số, địa chỉ kỹ thuật: Không. MET.AWS.00002 || Phụ lục kèm theo: 8. Mã số, địa chỉ kỹ thuật: Không. MET.AWS.00002; 9. Địa điểm đặt thiết bị: Cảng hàng không Tuy Hòa, phường Phú Yên, tỉnh Đắk Lắk || PHỤ LỤC: (Kèm theo Giấy phép số 4342 /GP-CHK ngày 24 /9/2025); Thiết bị ngoài trời:; - 01 thiết bị đo hướng gió WAV151; - 01 thiết bị tốc độ gió WAA151; - 01 thiết bị đo nhiệt độ, độ ẩm 912-M2 (kiểu MP106A-T7-W4W); - 01 thiết bị đo khí áp PTB220AW; b) Thiết bị trong nhà:; - 02 máy tính xử lý số liệu quan trắc, tạo điện văn, lưu trữ và hiển thị số liệu đặt; tại Đài KSKL Tuy Hòa; - 01 máy tính hiển thị số liệu đặt tại Đài KSKL Tuy Hòa; METAR; quan trắc viên thủ công cập nhật số liệu tầm nhìn, hiện tượng thời tiết và",2026-07-14 14:32:36.368632+00,2026-07-14 14:32:36.368632+00,{},f
c72c93cf-a08a-4a4f-b96c-a3bdba1c8b4f,89f3eb33-479e-4e7a-9c5c-a50dfe97154c,THO,Đài KSKL Tuy Hòa,,4857/GP-CHK,2024-09-23,2026-10-01,,"Thiết bị đo đạc quan trắc thông dụng (đo nhiệt độ, độ ẩm, đo gió hiển thị số và khí áp hiển thị số)","2022, 2023",,,Thiết bị thủ công,Gió WindObserver (GILL): 2302009; Khí áp PTB 330: V0821329; Nhiệt kế WQG-11: 1 và 24,"Anh, Phần Lan, Trung Quốc",Làm dự phòng đo các yếu tố khí tượng và cung cấp số liệu phục vụ hoạt động bay,Khu vực Cảng hàng không Tuy Hòa,Không áp dụng,"Cảng hàng không Tuy Hòa, tỉnh Phú Yên",24/24h,"Tên: Thiết bị đo đạc quan trắc thông dụng (đo nhiệt độ, độ ẩm, đo gió hiển thị số và khí áp hiển thị số) || Model: Thiết bị bị thủ công || Serial: Gió WindObserver (GILL): 2302009; Khí áp PTB 330: V0821329; Nhiệt kế thủy tinh chất lỏng WQG-11: 1 và 24 || SX: Anh, Phần Lan, Trung Quốc. Năm sản xuất: 2022, 2023 || Tính năng: Khí áp PTB 330 (phạm vi đo 500 ÷ 1100 hPa, sai số ±0,1 hPa); Gió WindObserver (GILL) (phạm vi đo tốc độ gió 0 ÷ 90 m/s, sai số ±2%; phạm vi đo hướng gió 0° ÷ 360°, sai số ±2°); Nhiệt kế thủy tinh chất lỏng WQG-11 (phạm vi đo (-25 ÷ 50)°C, sai số ± 0,3°C). [PB] || Cảm biến/thành phần: 1. Tên thiết bị: Thiết bị đo đạc quan trắc thông dụng (đo nhiệt độ, độ ẩm, đo gió hiển thị số; Tuy Hòa (thiết bị dự Thiết bị đo nhiệt độ, độ; 3.1 Location/siting of sensors/ equipment appropriate; complying with ICAO SARPs / Thiết bị đo được Article 336 ANS Regulations; 3.2 Serviceability of AWOS Sensors/ Tình trạng hoạt - Article 336 ANS; động của thiết bị đo - 14.1, 14.2 MOS-MET Vol; liệu hệ thống/ thiết bị đo; sensors and central data processing system / Nhật ký; d) Regular physical inspection of all sensors and; 3.4.3 Calibration of measuring sensors / Hiệu chuẩn thiết bị 14.2.5 MOS-MET Vol; liệu hướng dẫn về hiệu chuẩn thiết bị đo tại đơn vị; c) Availability of periodic sensor calibration Records; sensor failures Technical supervision position / Khả - DOC 8896 – Manual on MET; năng theo dõi hoạt động liên tục của các thiết bị đo practices; (cảm biến đo)/ chức năng cảnh báo lỗi dữ liệu của hệ - Standards for AWOS (TCCS 01; 3.5.1 Availability of lightning protection on all sensors / Hệ N/A",2026-07-14 14:32:36.368632+00,2026-07-14 14:32:36.368632+00,{},f
2e25af4f-79f2-423e-befd-d9f322c189ee,89f3eb33-479e-4e7a-9c5c-a50dfe97154c,THO,Đài KSKL Tuy Hòa,,970/GP-CHK,2026-02-27,2028-03-01,,"Thiết bị đo đạc quan trắc thông dụng (thiết bị điện tử đo nhiệt độ, độ ẩm và khí áp hiển thị số)",2023,,,"Thiết bị điện tử đo nhiệt độ, độ ẩm và khí áp hiển thị số 1.1006.54.080",09230019,Đức,Làm dự phòng đo các yếu tố khí tượng và cung cấp số liệu phục vụ hoạt động bay,Khu vực Cảng hàng không Tuy Hòa,Không áp dụng,Đài Kiểm soát không lưu Tuy Hòa,24/24h,"Tên: Thiết bị đo đạc quan trắc thông dụng (thiết bị điện tử đo nhiệt độ, độ ẩm và khí áp hiển thị số) || Model: Thiết bị điện tử đo nhiệt độ, độ ẩm và khí áp hiển thị số 1.1006.54.080 || Serial: 09230019 || SX: Đức Năm sản xuất: 2023 || Tính năng: Đo nhiệt độ (Phạm vi đo -40÷850C, độ chính xác ±0.10C, độ phân giải 0.10C); Đo độ ẩm (Phạm vi đo 0% ÷100%RH, độ chính xác ±1.5%RH, độ phân giải 0.1% RH); Đo khí áp (Phạm vi đo 300 ÷ 1200 hPa, độ chính xác ±0.25 hPa trong giải 800 ÷ 1100 hPa và ±0.5 hPa trong giải 600 ÷ 800 hPa, độ phân giải 0.1 hPa). [PB] || Cảm biến/thành phần: 1. Tên thiết bị: Thiết bị đo đạc quan trắc thông dụng (thiết bị điện tử đo nhiệt độ, độ ẩm và; Serviceability of AWOS Sensors/ Tình trạng hoạt; động của thiết bị đo; liệu hệ thống/ thiết bị đo dự phòng; sensors and central data processing system / Nhật ký; d) Regular physical inspection of all sensors and Hậu kiểm; 3.4.3 Calibration of measuring sensors / Hiệu chuẩn thiết bị; liệu hướng dẫn về hiệu chuẩn thiết bị đo tại đơn vị; c) Availability of periodic sensor calibration Records; Hậu kiểm; sensor failures Technical supervision position / Khả practices; năng theo dõi hoạt động liên tục của các thiết bị đo - DOC 9837 – Manual on; (cảm biến đo)/ chức năng cảnh báo lỗi dữ liệu của hệ; 3.5.1 Availability of lightning protection on all sensors / Hệ N/A",2026-07-14 14:32:36.368632+00,2026-07-14 14:32:36.368632+00,{},f
9ddd7ecc-d3c2-4041-b295-f3a4f780c289,fe37911b-555f-46c0-bdd5-4724e57a9a9e,THO,Đài KSKL Tuy Hòa,,3314/GP-CHK,2024-07-04,2026-07-15,,Trạm thu dữ liệu giám sát phụ thuộc tự động - quảng bá (ADS-B),2022,,,Máy thu ADS-B AX 680,"00862/2138442, 00860/2138441","Hãng Thales, Đức",Hỗ trợ điều hành bay TWR Tuy Hòa; dự phòng tầm phủ ra đa cho ACC HCM,Tầm phủ 463 km,"SIC 203, SIC 204",Đài KSKL Tuy Hòa - Cảng hàng không Tuy Hòa,24/24h,"Tên: Trạm thu dữ liệu giám sát phụ thuộc tự động - quảng bá (ADS-B) || Model: Máy thu ADS-B AX 680 || Serial: (Reciever/Site Monitor): 00862/ 2138442, 00860/ 2138441 || SX: Hãng Thales, Đức. Năm sản xuất: 2022 || Tính năng: Tại Phụ lục kèm theo || Mã/SIC: SIC 203, SIC 204 || Phụ lục kèm theo: 9. Địa điểm đặt thiết bị: Đài KSKL Tuy Hòa - Cảng hàng không Tuy Hòa. Tọa độ WGS-84:; 130 02’50” - 1090 20’33” Đ || Phụ lục: (Kèm theo Giấy phép số: 3314/GP-CHK ngày 04 tháng 7 năm 2024); - Hệ thống gồm 02 máy thu hoạt động độc lập trên tần số 1090 MHz đặt tại Đài; KSKL Tuy Hòa. Hệ thống có khả năng giám sát tối thiểu 400 máy bay trong tầm phủ; - Thiết bị giám sát, điều khiển tại chỗ LCMS và thiết bị đầu cuối hiển thị dữ liệu; giám sát ADS-B được đặt tại đài KSKL Tuy Hòa; - Thiết bị điều khiển, giám sát từ xa bằng hệ thống RCMS được đặt tại Phòng; + Hệ thống tích hợp và xử lý dữ liệu ADS-B tại AACC Hồ Chí Minh (hệ thống; này kết nối với hệ thống tích hợp và xử lý dữ liệu ADS-B tại ATCC HAN); + Hệ thống tích hợp và xử lý dữ liệu ADS-B của ATTECH",2026-07-14 14:32:36.368632+00,2026-07-14 14:32:36.368632+00,{},f
4b6ba272-2bcd-4801-94d0-5eb6487ab535,471b378d-483c-4b6d-bb60-93cf31d813d8,BDKT-QNH,Trạm ra đa Quy Nhơn,,618/GP-CHK,2025-02-07,2027-03-30,,Hệ thống ra đa giám sát thứ cấp (SSR),1994,,,RSM 970,Máy chính: C0112/88; Máy dự phòng: 021/92,Pháp,"Phục vụ điều hành bay trong vùng thông báo bay Hồ Chí Minh, Hà Nội và khu vực kiểm soát tiếp cận Sân bay Đà Nẵng",Bán kính R = 460 km,0000 0101 (SIC),"Trạm ra đa Quy Nhơn, núi Vũng Chua, phường Ghềnh Ráng, Tp. Quy Nhơn, tỉnh Bình Định; tọa độ WGS-84: 13°44′35″B - 109°11′43″Đ",24/24h,"Tên: Hệ thống ra đa giám sát thứ cấp (SSR) || Model: RSM 970 || Serial: Máy chính: C0112/88; Máy dự phòng: 021/92 || SX: Pháp; Năm sản xuất: 1994 || Tính năng: Hệ thống có cấu hình chính - dự phòng; công suất phát 1,5kW; phương thức phát 25M0P0N; tần số phát/thu: 1030 MHz/1090 MHz; chế độ hoạt động mode A/C; ăng ten kiểu LVA cao 15 mét || Mã/SIC: 0000 0101 (SIC)",2026-07-14 14:32:36.368632+00,2026-07-14 14:32:36.368632+00,{},f
