id,he_thong_id,ma_thanh_phan,ten,loai_thiet_bi_yeu_cau,thanh_phan_cha,bat_buoc,thu_tu,mo_ta,trang_thai,hieu_luc_tu,hieu_luc_den,don_vi_id_snapshot,created_by,created_at,updated_at,vi_tri_id,trang_thai_id,deleted_at,deleted_by,deleted_reason
01ab2237-f7d8-4c12-a85e-9c0452ed6aaf,2236fe1c-6896-4157-a310-ae0e094233f6,TPHT_000002,RS232/485 Converter,ae03f513-6763-46f8-913d-91a103966947,,t,,,hoat_dong,2026-07-11,,8b408897-b25d-4ece-91ba-d97dfacec283,,2026-07-13 14:15:40.080084+00,2026-07-17 02:25:30.805543+00,e96be350-6615-441a-91f5-53ad976e91b3,1ce915ed-07e9-4b65-9209-2652ffd9b681,,,
01c8049d-aeaa-4b1d-a956-e1e7d51af704,5ae20f2b-30dc-409c-95db-68b98b79c94e,TPHT_000003,Thiết bị giao tiếp dữ liệu Advantech UNO-138,1ef69ec2-6298-4c48-b931-aea3fa48c0fc,,t,,,hoat_dong,2026-07-11,,f59bf0bd-520b-4245-80db-dc71b7187bf1,,2026-07-13 14:15:40.080084+00,2026-07-17 02:25:30.805543+00,e96be350-6615-441a-91f5-53ad976e91b3,1ce915ed-07e9-4b65-9209-2652ffd9b681,,,
01f39b9d-cd42-4071-afee-bf876051f712,ce27df84-7054-4032-bfe7-efdb0bd119f4,TPHT_000004,Cắt sét nguồn AC,660f73b4-1975-4bde-8c87-810a23ef6e2c,,t,,,hoat_dong,2026-07-11,,581d9350-905f-46da-b45e-c2d8aba4d868,,2026-07-13 14:15:40.080084+00,2026-07-17 02:25:30.805543+00,e96be350-6615-441a-91f5-53ad976e91b3,1ce915ed-07e9-4b65-9209-2652ffd9b681,,,
1709cfe9-37f1-4c84-b03a-6de056dac3c7,6c79f710-a99f-490f-b05c-276218edd4c0,TPHT_001071,Hệ thống chuyển mạch thoại (VCCS),,,t,,Model: MULTIFONO M800IP | Serial: 1603996-001 (phần chính); 1603976-001 (phần mở rộng) | Mục đích: Phục vụ điều hành bay | Nguồn: GP 5129/GP-CHK,hoat_dong,,,e43c5d4b-3c3c-4486-89da-73e9ac747ab4,,2026-07-14 14:32:36.52979+00,2026-07-17 13:27:02.489939+00,e96be350-6615-441a-91f5-53ad976e91b3,,2026-07-17 13:27:02.489939+00,,
50419209-bfd0-4a25-a62a-0676c798a94d,727fa6bc-f62a-4414-bc9c-4c0c0c2b42ff,TPHT_001097,Hệ thống xử lý điện văn dịch vụ không lưu (AMHS),,,t,,"Model: Chuyển điện văn tự động | Serial: Chi tiết tại Phụ lục I kèm theo | Mục đích: Chuyển đổi và khai thác hệ thống, thiết bị đầu cuối AMHS phục vụ điều hành bay | Nguồn: GP 4217/GP-CHK",hoat_dong,,,581d9350-905f-46da-b45e-c2d8aba4d868,,2026-07-14 14:32:36.52979+00,2026-07-17 13:27:02.489939+00,e96be350-6615-441a-91f5-53ad976e91b3,,2026-07-17 13:27:02.489939+00,,
02c6af6b-ba50-4f00-bce8-d012c7fa18a1,ce27df84-7054-4032-bfe7-efdb0bd119f4,TPHT_000009,Cắt sét nguồn AC,660f73b4-1975-4bde-8c87-810a23ef6e2c,,t,,,hoat_dong,2026-07-11,,581d9350-905f-46da-b45e-c2d8aba4d868,,2026-07-13 14:15:40.080084+00,2026-07-17 02:25:30.805543+00,e96be350-6615-441a-91f5-53ad976e91b3,1ce915ed-07e9-4b65-9209-2652ffd9b681,,,
035ae298-6c2f-4a5e-800a-98229b8b9182,2236fe1c-6896-4157-a310-ae0e094233f6,TPHT_000010,Bộ chuyển đổi AC/DC,accf1740-4c18-4b9a-895f-59d85ba593b5,,t,,,hoat_dong,2026-07-11,,8b408897-b25d-4ece-91ba-d97dfacec283,,2026-07-13 14:15:40.080084+00,2026-07-17 02:25:30.805543+00,e96be350-6615-441a-91f5-53ad976e91b3,1ce915ed-07e9-4b65-9209-2652ffd9b681,,,
0381047c-f4a1-4290-ab5f-7375e2e32052,a0625061-0c6d-4e0b-b438-d696787ad746,TPHT_000011,Chống sét RF,660f73b4-1975-4bde-8c87-810a23ef6e2c,,t,,,hoat_dong,2026-07-11,,65ac5e26-b0a7-487e-a72d-3f0dfc3facc2,,2026-07-13 14:15:40.080084+00,2026-07-17 02:25:30.805543+00,e96be350-6615-441a-91f5-53ad976e91b3,1ce915ed-07e9-4b65-9209-2652ffd9b681,,,
076b8859-a822-45a9-ae1c-8f55c48fedfe,ebc4a136-c5e7-4f7d-abfc-e3ddea655b8c,TPHT_000018,Chống sét RF,660f73b4-1975-4bde-8c87-810a23ef6e2c,,t,,,hoat_dong,2026-07-11,,46e84da7-5a8b-4a79-aa46-2fb4bae1ff26,,2026-07-13 14:15:40.080084+00,2026-07-17 02:25:30.805543+00,e96be350-6615-441a-91f5-53ad976e91b3,1ce915ed-07e9-4b65-9209-2652ffd9b681,,,
0829f5f1-3dd3-4b1d-a5d6-01930f31cfad,a13f3116-f74d-4435-b248-5b458d9fead4,TPHT_000020,02 máy chủ loại CPU lắp rack 19” (rackmount server); CPU: Intel Xeon E-2434 / 3.4 GHz / 8M Cache / 4 Cores; Bộ nhớ RAM: 32 GB (2 x 16 GB) / 4800 MT/s / DDR5; Ổ cứng: 2 x 1920 GB (4 x 960 GB RAID-10) / SSD SATA Read Intensive 6Gbps /Hot-plug / 2.5”; Hệ điều hành: Microsoft Windows Server IoT 2022 Standard 5 CAL (Hệ điều hành có bản quyền vĩnh viễn (lifetime license),83e7d93e-2f76-4d4f-a6bc-08926383aba1,,t,,,hoat_dong,2026-07-11,,f59bf0bd-520b-4245-80db-dc71b7187bf1,,2026-07-13 14:15:40.080084+00,2026-07-17 02:25:30.805543+00,e96be350-6615-441a-91f5-53ad976e91b3,1ce915ed-07e9-4b65-9209-2652ffd9b681,,,
0980c819-22b4-4aef-955a-a3c7a352161b,ebc4a136-c5e7-4f7d-abfc-e3ddea655b8c,TPHT_000021,Cắt lọc sét nguồn AC,660f73b4-1975-4bde-8c87-810a23ef6e2c,,t,,,hoat_dong,2026-07-11,,46e84da7-5a8b-4a79-aa46-2fb4bae1ff26,,2026-07-13 14:15:40.080084+00,2026-07-17 02:25:30.805543+00,e96be350-6615-441a-91f5-53ad976e91b3,1ce915ed-07e9-4b65-9209-2652ffd9b681,,,
09f2734f-2e68-42e9-b9ad-935ad571f664,ebc4a136-c5e7-4f7d-abfc-e3ddea655b8c,TPHT_000022,Nguồn AC/DC,accf1740-4c18-4b9a-895f-59d85ba593b5,,t,,,hoat_dong,2026-07-11,,46e84da7-5a8b-4a79-aa46-2fb4bae1ff26,,2026-07-13 14:15:40.080084+00,2026-07-17 02:25:30.805543+00,e96be350-6615-441a-91f5-53ad976e91b3,1ce915ed-07e9-4b65-9209-2652ffd9b681,,,
0a616abb-9186-4061-be46-1484ea041a7d,5ae20f2b-30dc-409c-95db-68b98b79c94e,TPHT_000025,SW MOXA EDS 208A,ae03f513-6763-46f8-913d-91a103966947,,t,,,hoat_dong,2026-07-11,,f59bf0bd-520b-4245-80db-dc71b7187bf1,,2026-07-13 14:15:40.080084+00,2026-07-17 02:25:30.805543+00,e96be350-6615-441a-91f5-53ad976e91b3,1ce915ed-07e9-4b65-9209-2652ffd9b681,,,
0a748c9f-4829-4ef3-97dc-937107349429,a13f3116-f74d-4435-b248-5b458d9fead4,TPHT_000026,01 bộ thu đồng hồ chuẩn GPS,ae03f513-6763-46f8-913d-91a103966947,,t,,,hoat_dong,2026-07-11,,f59bf0bd-520b-4245-80db-dc71b7187bf1,,2026-07-13 14:15:40.080084+00,2026-07-17 02:25:30.805543+00,e96be350-6615-441a-91f5-53ad976e91b3,1ce915ed-07e9-4b65-9209-2652ffd9b681,,,
a29e0c0c-88ca-4c4c-bcd5-d2748fc92dfe,9d0e2675-7192-4350-8a7f-cbef379ebf6b,TPHT_001134,Hệ thống thông báo tin tức hàng không (AIS) tự động,,,t,,Model: Mạng máy tính kèm phần mềm thông báo tin tức hàng không | Serial: 11 máy chủ HP Proliant DL380-G5; 02 máy chủ HP Proliant DL380p-Gen8 (chi tiết phụ lục) | Mục đích: Cung cấp dịch vụ AIS và cơ sở dữ liệu AIS; quản lý điện văn kế hoạch bay | Nguồn: GP 2270/GP-CHK,hoat_dong,,,c3231147-e403-4afa-838f-04026ffa8f7d,,2026-07-14 14:32:36.52979+00,2026-07-17 13:27:02.489939+00,e96be350-6615-441a-91f5-53ad976e91b3,,2026-07-17 13:27:02.489939+00,,
0a79730b-29e1-4ea0-92bc-9a137be2427a,2236fe1c-6896-4157-a310-ae0e094233f6,TPHT_000027,Thiết bị cắt lọc sét 1 pha,660f73b4-1975-4bde-8c87-810a23ef6e2c,,t,,,hoat_dong,2026-07-11,,8b408897-b25d-4ece-91ba-d97dfacec283,,2026-07-13 14:15:40.080084+00,2026-07-17 02:25:30.805543+00,e96be350-6615-441a-91f5-53ad976e91b3,1ce915ed-07e9-4b65-9209-2652ffd9b681,,,
a7847bc4-fca5-475f-bd7d-d11965f34475,1b4a53cd-3661-4222-9fa9-7bedea9738c0,TPHT_000866,LCMS và đầu cuối hiển thị tại Chu Lai,,,f,2,,hoat_dong,,,141337b4-f2fa-4438-808f-0d10cfeedb85,,2026-07-14 14:07:22.320108+00,2026-07-17 13:27:02.489939+00,e96be350-6615-441a-91f5-53ad976e91b3,,2026-07-17 13:27:02.489939+00,,
0b310fb2-8a53-442c-8d03-a9297e7fd532,2236fe1c-6896-4157-a310-ae0e094233f6,TPHT_000031,Thiết bị cắt lọc sét 1 pha,660f73b4-1975-4bde-8c87-810a23ef6e2c,,t,,,hoat_dong,2026-07-11,,8b408897-b25d-4ece-91ba-d97dfacec283,,2026-07-13 14:15:40.080084+00,2026-07-17 02:25:30.805543+00,e96be350-6615-441a-91f5-53ad976e91b3,1ce915ed-07e9-4b65-9209-2652ffd9b681,,,
0c3e3e5f-2d85-499b-ad28-d7a2e604f55f,7f40beb2-5d47-4f4a-b7df-35cd1cca56ae,TPHT_000032,AWOS D-AW21,ae03f513-6763-46f8-913d-91a103966947,,t,,,hoat_dong,2026-07-11,,e43c5d4b-3c3c-4486-89da-73e9ac747ab4,,2026-07-13 14:15:40.080084+00,2026-07-17 02:25:30.805543+00,e96be350-6615-441a-91f5-53ad976e91b3,1ce915ed-07e9-4b65-9209-2652ffd9b681,,,
0ceb92f7-6c67-47e4-bea1-6940b38ff7fb,ebc4a136-c5e7-4f7d-abfc-e3ddea655b8c,TPHT_000034,Cảm biến đo hướng và đo tốc độ gió,98c88d39-bf0f-43c7-83a2-ca5d266ba54f,,t,,,hoat_dong,2026-07-11,,46e84da7-5a8b-4a79-aa46-2fb4bae1ff26,,2026-07-13 14:15:40.080084+00,2026-07-17 02:25:30.805543+00,e96be350-6615-441a-91f5-53ad976e91b3,1ce915ed-07e9-4b65-9209-2652ffd9b681,,,
0d5caf39-2024-4e82-b8f7-4359280e0140,2236fe1c-6896-4157-a310-ae0e094233f6,TPHT_000035,Thiết bị cắt lọc sét 1 pha,660f73b4-1975-4bde-8c87-810a23ef6e2c,,t,,,hoat_dong,2026-07-11,,8b408897-b25d-4ece-91ba-d97dfacec283,,2026-07-13 14:15:40.080084+00,2026-07-17 02:25:30.805543+00,e96be350-6615-441a-91f5-53ad976e91b3,1ce915ed-07e9-4b65-9209-2652ffd9b681,,,
0d909e15-3171-4eb8-a727-6440d6865f2a,5ae20f2b-30dc-409c-95db-68b98b79c94e,TPHT_000036,Thiết bị giao tiếp dữ liệu Advantech UNO-137,1ef69ec2-6298-4c48-b931-aea3fa48c0fc,,t,,,hoat_dong,2026-07-11,,f59bf0bd-520b-4245-80db-dc71b7187bf1,,2026-07-13 14:15:40.080084+00,2026-07-17 02:25:30.805543+00,e96be350-6615-441a-91f5-53ad976e91b3,1ce915ed-07e9-4b65-9209-2652ffd9b681,,,
0dfa8e8e-6780-4fc5-ad07-884c1b64d050,7f40beb2-5d47-4f4a-b7df-35cd1cca56ae,TPHT_000037,AWOS D-AW21,98c88d39-bf0f-43c7-83a2-ca5d266ba54f,,t,,,hoat_dong,2026-07-11,,e43c5d4b-3c3c-4486-89da-73e9ac747ab4,,2026-07-13 14:15:40.080084+00,2026-07-17 02:25:30.805543+00,e96be350-6615-441a-91f5-53ad976e91b3,1ce915ed-07e9-4b65-9209-2652ffd9b681,,,
0e2527a7-9991-4fcc-a551-abdfa00c24d5,2236fe1c-6896-4157-a310-ae0e094233f6,TPHT_000038,Thiết bị cắt lọc sét 1 pha,660f73b4-1975-4bde-8c87-810a23ef6e2c,,t,,,hoat_dong,2026-07-11,,8b408897-b25d-4ece-91ba-d97dfacec283,,2026-07-13 14:15:40.080084+00,2026-07-17 02:25:30.805543+00,e96be350-6615-441a-91f5-53ad976e91b3,1ce915ed-07e9-4b65-9209-2652ffd9b681,,,
0e3e6680-5642-4b00-a3b2-d8c2a56d6532,a13f3116-f74d-4435-b248-5b458d9fead4,TPHT_000039,Kim thu sét,1ef69ec2-6298-4c48-b931-aea3fa48c0fc,,t,,,hoat_dong,2026-07-11,,f59bf0bd-520b-4245-80db-dc71b7187bf1,,2026-07-13 14:15:40.080084+00,2026-07-17 02:25:30.805543+00,e96be350-6615-441a-91f5-53ad976e91b3,1ce915ed-07e9-4b65-9209-2652ffd9b681,,,
0e529c56-bc03-4a42-875e-463d6916329f,a13f3116-f74d-4435-b248-5b458d9fead4,TPHT_000040,Cảm biến đo khí áp,98c88d39-bf0f-43c7-83a2-ca5d266ba54f,,t,,,hoat_dong,2026-07-11,,f59bf0bd-520b-4245-80db-dc71b7187bf1,,2026-07-13 14:15:40.080084+00,2026-07-17 02:25:30.805543+00,e96be350-6615-441a-91f5-53ad976e91b3,1ce915ed-07e9-4b65-9209-2652ffd9b681,,,
0f25b72a-a0b7-40a4-9c23-6dfefe920cff,2236fe1c-6896-4157-a310-ae0e094233f6,TPHT_000042,Thiết bị cắt lọc sét 1 pha,660f73b4-1975-4bde-8c87-810a23ef6e2c,,t,,,hoat_dong,2026-07-11,,8b408897-b25d-4ece-91ba-d97dfacec283,,2026-07-13 14:15:40.080084+00,2026-07-17 02:25:30.805543+00,e96be350-6615-441a-91f5-53ad976e91b3,1ce915ed-07e9-4b65-9209-2652ffd9b681,,,
0f83fc26-4962-45b5-a467-a7700d8c7ad4,7f40beb2-5d47-4f4a-b7df-35cd1cca56ae,TPHT_000043,AWOS D-AW21,98c88d39-bf0f-43c7-83a2-ca5d266ba54f,,t,,,hoat_dong,2026-07-11,,e43c5d4b-3c3c-4486-89da-73e9ac747ab4,,2026-07-13 14:15:40.080084+00,2026-07-17 02:25:30.805543+00,e96be350-6615-441a-91f5-53ad976e91b3,1ce915ed-07e9-4b65-9209-2652ffd9b681,,,
111f0470-d28e-45a9-845a-3d5a12833e30,2236fe1c-6896-4157-a310-ae0e094233f6,TPHT_000046,Chống sét đường tín hiệu,660f73b4-1975-4bde-8c87-810a23ef6e2c,,t,,,hoat_dong,2026-07-11,,8b408897-b25d-4ece-91ba-d97dfacec283,,2026-07-13 14:15:40.080084+00,2026-07-17 02:25:30.805543+00,e96be350-6615-441a-91f5-53ad976e91b3,1ce915ed-07e9-4b65-9209-2652ffd9b681,,,
11d08b08-9147-451b-ba2e-f8c07cbef1a3,5ae20f2b-30dc-409c-95db-68b98b79c94e,TPHT_000048,PC giám sát UHF,1ef69ec2-6298-4c48-b931-aea3fa48c0fc,,t,,,hoat_dong,2026-07-11,,f59bf0bd-520b-4245-80db-dc71b7187bf1,,2026-07-13 14:15:40.080084+00,2026-07-17 02:25:30.805543+00,e96be350-6615-441a-91f5-53ad976e91b3,1ce915ed-07e9-4b65-9209-2652ffd9b681,,,
1219cbd9-4d44-4660-8ea8-52c7af6c5e78,2236fe1c-6896-4157-a310-ae0e094233f6,TPHT_000049,Cảm biến ánh sáng nền,98c88d39-bf0f-43c7-83a2-ca5d266ba54f,,t,,,hoat_dong,2026-07-11,,8b408897-b25d-4ece-91ba-d97dfacec283,,2026-07-13 14:15:40.080084+00,2026-07-17 02:25:30.805543+00,e96be350-6615-441a-91f5-53ad976e91b3,1ce915ed-07e9-4b65-9209-2652ffd9b681,,,
124ceef3-e2e8-436e-8dcf-c13f89b61a11,5ae20f2b-30dc-409c-95db-68b98b79c94e,TPHT_000050,RF Modem Client,ae03f513-6763-46f8-913d-91a103966947,,t,,,hoat_dong,2026-07-11,,f59bf0bd-520b-4245-80db-dc71b7187bf1,,2026-07-13 14:15:40.080084+00,2026-07-17 02:25:30.805543+00,e96be350-6615-441a-91f5-53ad976e91b3,1ce915ed-07e9-4b65-9209-2652ffd9b681,,,
128689d9-dcdc-4c58-8ed8-fa5895808f44,ebc4a136-c5e7-4f7d-abfc-e3ddea655b8c,TPHT_000051,Thiết bị Serial to Ethernet,ae03f513-6763-46f8-913d-91a103966947,,t,,,hoat_dong,2026-07-11,,46e84da7-5a8b-4a79-aa46-2fb4bae1ff26,,2026-07-13 14:15:40.080084+00,2026-07-17 02:25:30.805543+00,e96be350-6615-441a-91f5-53ad976e91b3,1ce915ed-07e9-4b65-9209-2652ffd9b681,,,
0be2cf1c-cd43-4d25-ab0b-c400627c6782,688f3252-355d-48f5-93c2-813d7a9ce198,TPHT_000838,phân cực đứng,,,f,5,,hoat_dong,,,141337b4-f2fa-4438-808f-0d10cfeedb85,,2026-07-14 14:07:18.477199+00,2026-07-17 07:27:24.789697+00,e96be350-6615-441a-91f5-53ad976e91b3,,,,
129b7305-4c81-4352-9c14-3169a419a897,5ae20f2b-30dc-409c-95db-68b98b79c94e,TPHT_000052,Chống sét RF cho modem,ae03f513-6763-46f8-913d-91a103966947,,t,,,hoat_dong,2026-07-11,,f59bf0bd-520b-4245-80db-dc71b7187bf1,,2026-07-13 14:15:40.080084+00,2026-07-17 02:25:30.805543+00,e96be350-6615-441a-91f5-53ad976e91b3,1ce915ed-07e9-4b65-9209-2652ffd9b681,,,
130c541b-fc7b-4269-aa09-b42acc989ff7,ce27df84-7054-4032-bfe7-efdb0bd119f4,TPHT_000055,AC/DC converter,accf1740-4c18-4b9a-895f-59d85ba593b5,,t,,,hoat_dong,2026-07-11,,581d9350-905f-46da-b45e-c2d8aba4d868,,2026-07-13 14:15:40.080084+00,2026-07-17 02:25:30.805543+00,e96be350-6615-441a-91f5-53ad976e91b3,1ce915ed-07e9-4b65-9209-2652ffd9b681,,,
133c030e-e399-4864-ad02-4dd8a5cc467d,ebc4a136-c5e7-4f7d-abfc-e3ddea655b8c,TPHT_000056,Cắt lọc sét 1 pha,660f73b4-1975-4bde-8c87-810a23ef6e2c,,t,,,hoat_dong,2026-07-11,,46e84da7-5a8b-4a79-aa46-2fb4bae1ff26,,2026-07-13 14:15:40.080084+00,2026-07-17 02:25:30.805543+00,e96be350-6615-441a-91f5-53ad976e91b3,1ce915ed-07e9-4b65-9209-2652ffd9b681,,,
139fc295-35c5-4a88-9670-ffd105da0055,a13f3116-f74d-4435-b248-5b458d9fead4,TPHT_000058,Bộ thu thập số liệu (Data logger) / Phụ kiện lắp đặt: / + Cáp bảo trì / + Bộ hiển thị LCD,ae03f513-6763-46f8-913d-91a103966947,,t,,,hoat_dong,2026-07-11,,f59bf0bd-520b-4245-80db-dc71b7187bf1,,2026-07-13 14:15:40.080084+00,2026-07-17 02:25:30.805543+00,e96be350-6615-441a-91f5-53ad976e91b3,1ce915ed-07e9-4b65-9209-2652ffd9b681,,,
143a2b6a-e2d3-4e84-bbf5-c42bca0bfe31,7f40beb2-5d47-4f4a-b7df-35cd1cca56ae,TPHT_000062,Ắc quy dự phòng 12V,accf1740-4c18-4b9a-895f-59d85ba593b5,,t,,,hoat_dong,2026-07-11,,e43c5d4b-3c3c-4486-89da-73e9ac747ab4,,2026-07-13 14:15:40.080084+00,2026-07-17 02:25:30.805543+00,e96be350-6615-441a-91f5-53ad976e91b3,1ce915ed-07e9-4b65-9209-2652ffd9b681,,,
144cae50-3a95-47be-aa92-597ba2d0d5c7,5ae20f2b-30dc-409c-95db-68b98b79c94e,TPHT_000063,RF Modem Client,ae03f513-6763-46f8-913d-91a103966947,,t,,,hoat_dong,2026-07-11,,f59bf0bd-520b-4245-80db-dc71b7187bf1,,2026-07-13 14:15:40.080084+00,2026-07-17 02:25:30.805543+00,e96be350-6615-441a-91f5-53ad976e91b3,1ce915ed-07e9-4b65-9209-2652ffd9b681,,,
14a12c94-2598-44c8-bc76-bfe73bcb5e0c,ce27df84-7054-4032-bfe7-efdb0bd119f4,TPHT_000065,Cắt sét nguồn AC,660f73b4-1975-4bde-8c87-810a23ef6e2c,,t,,,hoat_dong,2026-07-11,,581d9350-905f-46da-b45e-c2d8aba4d868,,2026-07-13 14:15:40.080084+00,2026-07-17 02:25:30.805543+00,e96be350-6615-441a-91f5-53ad976e91b3,1ce915ed-07e9-4b65-9209-2652ffd9b681,,,
14b5c20b-65da-428e-bc60-583fea4f78e4,7f40beb2-5d47-4f4a-b7df-35cd1cca56ae,TPHT_000066,AWOS D-AW21,ae03f513-6763-46f8-913d-91a103966947,,t,,,hoat_dong,2026-07-11,,e43c5d4b-3c3c-4486-89da-73e9ac747ab4,,2026-07-13 14:15:40.080084+00,2026-07-17 02:25:30.805543+00,e96be350-6615-441a-91f5-53ad976e91b3,1ce915ed-07e9-4b65-9209-2652ffd9b681,,,
1546c2bd-f7ab-4f0b-9f53-8aee3eed8aa3,5ae20f2b-30dc-409c-95db-68b98b79c94e,TPHT_000068,Thiết bị giao tiếp dữ liệu Advantech UNO-137,1ef69ec2-6298-4c48-b931-aea3fa48c0fc,,t,,,hoat_dong,2026-07-11,,f59bf0bd-520b-4245-80db-dc71b7187bf1,,2026-07-13 14:15:40.080084+00,2026-07-17 02:25:30.805543+00,e96be350-6615-441a-91f5-53ad976e91b3,1ce915ed-07e9-4b65-9209-2652ffd9b681,,,
158f9f45-5735-4d9e-a438-1dbe15ea3c5a,ebc4a136-c5e7-4f7d-abfc-e3ddea655b8c,TPHT_000070,Thiết bị Serial to Ethernet,ae03f513-6763-46f8-913d-91a103966947,,t,,,hoat_dong,2026-07-11,,46e84da7-5a8b-4a79-aa46-2fb4bae1ff26,,2026-07-13 14:15:40.080084+00,2026-07-17 02:25:30.805543+00,e96be350-6615-441a-91f5-53ad976e91b3,1ce915ed-07e9-4b65-9209-2652ffd9b681,,,
15dd32ba-032f-4984-a761-6a9d1b817d8c,2236fe1c-6896-4157-a310-ae0e094233f6,TPHT_000071,"Antenna  405-430 MHz, 5YAGI",accf1740-4c18-4b9a-895f-59d85ba593b5,,t,,,hoat_dong,2026-07-11,,8b408897-b25d-4ece-91ba-d97dfacec283,,2026-07-13 14:15:40.080084+00,2026-07-17 02:25:30.805543+00,e96be350-6615-441a-91f5-53ad976e91b3,1ce915ed-07e9-4b65-9209-2652ffd9b681,,,
15e33afc-c0a5-49dc-8a30-fb85c581b918,a13f3116-f74d-4435-b248-5b458d9fead4,TPHT_000072,Modem vô tuyến (Modem vô tuyến,ae03f513-6763-46f8-913d-91a103966947,,t,,,hoat_dong,2026-07-11,,f59bf0bd-520b-4245-80db-dc71b7187bf1,,2026-07-13 14:15:40.080084+00,2026-07-17 02:25:30.805543+00,e96be350-6615-441a-91f5-53ad976e91b3,1ce915ed-07e9-4b65-9209-2652ffd9b681,,,
1619d4cf-e15c-42b8-8890-0f8ee1fdeb60,a13f3116-f74d-4435-b248-5b458d9fead4,TPHT_000073,"Trụ dễ gãy cao khoảng 2,5m cho cảm biến đo tầm nhìn",98c88d39-bf0f-43c7-83a2-ca5d266ba54f,,t,,,hoat_dong,2026-07-11,,f59bf0bd-520b-4245-80db-dc71b7187bf1,,2026-07-13 14:15:40.080084+00,2026-07-17 02:25:30.805543+00,e96be350-6615-441a-91f5-53ad976e91b3,1ce915ed-07e9-4b65-9209-2652ffd9b681,,,
16a6e063-cda3-459e-9e96-440eb47520d1,5ae20f2b-30dc-409c-95db-68b98b79c94e,TPHT_000077,04 Converter Etherwan 10/100BASE-TX to 100BASE-FX Single Mode (SC) -20Km Media Converter (1310nm),ae03f513-6763-46f8-913d-91a103966947,,t,,,hoat_dong,2026-07-11,,f59bf0bd-520b-4245-80db-dc71b7187bf1,,2026-07-13 14:15:40.080084+00,2026-07-17 02:25:30.805543+00,e96be350-6615-441a-91f5-53ad976e91b3,1ce915ed-07e9-4b65-9209-2652ffd9b681,,,
16c5ca6b-8a33-4fb3-8c34-f2980e92224d,ebc4a136-c5e7-4f7d-abfc-e3ddea655b8c,TPHT_000078,Chống sét tín hiệu RS232(X7),660f73b4-1975-4bde-8c87-810a23ef6e2c,,t,,,hoat_dong,2026-07-11,,46e84da7-5a8b-4a79-aa46-2fb4bae1ff26,,2026-07-13 14:15:40.080084+00,2026-07-17 02:25:30.805543+00,e96be350-6615-441a-91f5-53ad976e91b3,1ce915ed-07e9-4b65-9209-2652ffd9b681,,,
175a4b07-e88d-4a8b-9d96-4154a65e73a9,7f40beb2-5d47-4f4a-b7df-35cd1cca56ae,TPHT_000081,HỆ THỐNG CHỐNG SÉT - TIẾP ĐỊA,,,t,,,hoat_dong,2026-07-11,,e43c5d4b-3c3c-4486-89da-73e9ac747ab4,,2026-07-13 14:15:40.080084+00,2026-07-17 02:25:30.805543+00,e96be350-6615-441a-91f5-53ad976e91b3,1ce915ed-07e9-4b65-9209-2652ffd9b681,,,
17cb019c-8460-4d9c-a41f-d87d5e935f76,7f40beb2-5d47-4f4a-b7df-35cd1cca56ae,TPHT_000082,AWOS D-AW21,accf1740-4c18-4b9a-895f-59d85ba593b5,,t,,,hoat_dong,2026-07-11,,e43c5d4b-3c3c-4486-89da-73e9ac747ab4,,2026-07-13 14:15:40.080084+00,2026-07-17 02:25:30.805543+00,e96be350-6615-441a-91f5-53ad976e91b3,1ce915ed-07e9-4b65-9209-2652ffd9b681,,,
19055b69-c1ee-42d5-9fd4-eff53e70e083,ce27df84-7054-4032-bfe7-efdb0bd119f4,TPHT_000084,Chống sét đường tín hiệu RS232,660f73b4-1975-4bde-8c87-810a23ef6e2c,,t,,,hoat_dong,2026-07-11,,581d9350-905f-46da-b45e-c2d8aba4d868,,2026-07-13 14:15:40.080084+00,2026-07-17 02:25:30.805543+00,e96be350-6615-441a-91f5-53ad976e91b3,1ce915ed-07e9-4b65-9209-2652ffd9b681,,,
193db142-1f30-44bc-b52b-f4ea7d9ca1be,2236fe1c-6896-4157-a310-ae0e094233f6,TPHT_000087,Data logger,ae03f513-6763-46f8-913d-91a103966947,,t,,,hoat_dong,2026-07-11,,8b408897-b25d-4ece-91ba-d97dfacec283,,2026-07-13 14:15:40.080084+00,2026-07-17 02:25:30.805543+00,e96be350-6615-441a-91f5-53ad976e91b3,1ce915ed-07e9-4b65-9209-2652ffd9b681,,,
197daa31-364b-4c8b-9abd-32a42a191bfd,ebc4a136-c5e7-4f7d-abfc-e3ddea655b8c,TPHT_000088,Chống sét RF,660f73b4-1975-4bde-8c87-810a23ef6e2c,,t,,,hoat_dong,2026-07-11,,46e84da7-5a8b-4a79-aa46-2fb4bae1ff26,,2026-07-13 14:15:40.080084+00,2026-07-17 02:25:30.805543+00,e96be350-6615-441a-91f5-53ad976e91b3,1ce915ed-07e9-4b65-9209-2652ffd9b681,,,
19a60f84-5bee-4c04-a410-8f3ebf709cdf,ebc4a136-c5e7-4f7d-abfc-e3ddea655b8c,TPHT_000089,Nguồn AC/DC,accf1740-4c18-4b9a-895f-59d85ba593b5,,t,,,hoat_dong,2026-07-11,,46e84da7-5a8b-4a79-aa46-2fb4bae1ff26,,2026-07-13 14:15:40.080084+00,2026-07-17 02:25:30.805543+00,e96be350-6615-441a-91f5-53ad976e91b3,1ce915ed-07e9-4b65-9209-2652ffd9b681,,,
1a5a6dbf-0177-41dd-a7ca-e1962265f9ea,ce27df84-7054-4032-bfe7-efdb0bd119f4,TPHT_000091,Media Converter,ae03f513-6763-46f8-913d-91a103966947,,t,,,hoat_dong,2026-07-11,,581d9350-905f-46da-b45e-c2d8aba4d868,,2026-07-13 14:15:40.080084+00,2026-07-17 02:25:30.805543+00,e96be350-6615-441a-91f5-53ad976e91b3,1ce915ed-07e9-4b65-9209-2652ffd9b681,,,
1a9f855b-d3a1-4425-90d8-ec8ad59a14ab,a13f3116-f74d-4435-b248-5b458d9fead4,TPHT_000092,Trạm Ceilo 02R,1ef69ec2-6298-4c48-b931-aea3fa48c0fc,,t,,,hoat_dong,2026-07-11,,f59bf0bd-520b-4245-80db-dc71b7187bf1,,2026-07-13 14:15:40.080084+00,2026-07-17 02:25:30.805543+00,e96be350-6615-441a-91f5-53ad976e91b3,1ce915ed-07e9-4b65-9209-2652ffd9b681,,,
1ae47fdf-eb21-48b3-b63b-a04a16a7ce86,7f40beb2-5d47-4f4a-b7df-35cd1cca56ae,TPHT_000093,AWOS D-AW21,accf1740-4c18-4b9a-895f-59d85ba593b5,,t,,,hoat_dong,2026-07-11,,e43c5d4b-3c3c-4486-89da-73e9ac747ab4,,2026-07-13 14:15:40.080084+00,2026-07-17 02:25:30.805543+00,e96be350-6615-441a-91f5-53ad976e91b3,1ce915ed-07e9-4b65-9209-2652ffd9b681,,,
1bb173ff-c4c8-4878-85f6-9455fb17cc8d,5ae20f2b-30dc-409c-95db-68b98b79c94e,TPHT_000097,Ắc quy cấp nguồn cho modem UHF,ae03f513-6763-46f8-913d-91a103966947,,t,,,hoat_dong,2026-07-11,,f59bf0bd-520b-4245-80db-dc71b7187bf1,,2026-07-13 14:15:40.080084+00,2026-07-17 02:25:30.805543+00,e96be350-6615-441a-91f5-53ad976e91b3,1ce915ed-07e9-4b65-9209-2652ffd9b681,,,
1be4043b-c7bc-487b-a4df-5390dcd846d1,ebc4a136-c5e7-4f7d-abfc-e3ddea655b8c,TPHT_000098,Thiết bị Serial to Ethernet,ae03f513-6763-46f8-913d-91a103966947,,t,,,hoat_dong,2026-07-11,,46e84da7-5a8b-4a79-aa46-2fb4bae1ff26,,2026-07-13 14:15:40.080084+00,2026-07-17 02:25:30.805543+00,e96be350-6615-441a-91f5-53ad976e91b3,1ce915ed-07e9-4b65-9209-2652ffd9b681,,,
1c9e7b07-0f14-492a-b715-469a7ea6f03d,5ae20f2b-30dc-409c-95db-68b98b79c94e,TPHT_000100,Thiết bị giao tiếp dữ liệu Advantech UNO-137,1ef69ec2-6298-4c48-b931-aea3fa48c0fc,,t,,,hoat_dong,2026-07-11,,f59bf0bd-520b-4245-80db-dc71b7187bf1,,2026-07-13 14:15:40.080084+00,2026-07-17 02:25:30.805543+00,e96be350-6615-441a-91f5-53ad976e91b3,1ce915ed-07e9-4b65-9209-2652ffd9b681,,,
1ce45ca8-6b07-4df9-ba68-c2be615260e4,4fbd5536-e530-4f9b-97d3-d194186c33de,TPHT_000101,"CPU core i5 10500, 3.1Ghz, RAM 8GB",83e7d93e-2f76-4d4f-a6bc-08926383aba1,,t,,,hoat_dong,2026-07-11,,141337b4-f2fa-4438-808f-0d10cfeedb85,,2026-07-13 14:15:40.080084+00,2026-07-17 02:25:30.805543+00,e96be350-6615-441a-91f5-53ad976e91b3,1ce915ed-07e9-4b65-9209-2652ffd9b681,,,
1d6b34db-1faf-4c1f-b3b4-6933d7139f41,7f40beb2-5d47-4f4a-b7df-35cd1cca56ae,TPHT_000105,AWOS D-AW21,ae03f513-6763-46f8-913d-91a103966947,,t,,,hoat_dong,2026-07-11,,e43c5d4b-3c3c-4486-89da-73e9ac747ab4,,2026-07-13 14:15:40.080084+00,2026-07-17 02:25:30.805543+00,e96be350-6615-441a-91f5-53ad976e91b3,1ce915ed-07e9-4b65-9209-2652ffd9b681,,,
1db3b7de-d4c7-4e16-871a-8641db022a8b,ebc4a136-c5e7-4f7d-abfc-e3ddea655b8c,TPHT_000106,Converter Serial to fiber,ae03f513-6763-46f8-913d-91a103966947,,t,,,hoat_dong,2026-07-11,,46e84da7-5a8b-4a79-aa46-2fb4bae1ff26,,2026-07-13 14:15:40.080084+00,2026-07-17 02:25:30.805543+00,e96be350-6615-441a-91f5-53ad976e91b3,1ce915ed-07e9-4b65-9209-2652ffd9b681,,,
1df5982b-d02c-4c09-9e26-ae8405a40c35,ce27df84-7054-4032-bfe7-efdb0bd119f4,TPHT_000107,Cảm biến đo khí áp,98c88d39-bf0f-43c7-83a2-ca5d266ba54f,,t,,,hoat_dong,2026-07-11,,581d9350-905f-46da-b45e-c2d8aba4d868,,2026-07-13 14:15:40.080084+00,2026-07-17 02:25:30.805543+00,e96be350-6615-441a-91f5-53ad976e91b3,1ce915ed-07e9-4b65-9209-2652ffd9b681,,,
1f1f3213-607b-44a1-8e03-2e62a9a87cfa,ce27df84-7054-4032-bfe7-efdb0bd119f4,TPHT_000108,Cảm biến đo tầm nhìn,98c88d39-bf0f-43c7-83a2-ca5d266ba54f,,t,,,hoat_dong,2026-07-11,,581d9350-905f-46da-b45e-c2d8aba4d868,,2026-07-13 14:15:40.080084+00,2026-07-17 02:25:30.805543+00,e96be350-6615-441a-91f5-53ad976e91b3,1ce915ed-07e9-4b65-9209-2652ffd9b681,,,
1f466f08-8457-4bcc-8482-db08f925ab92,2236fe1c-6896-4157-a310-ae0e094233f6,TPHT_000109,Chống sét RF,660f73b4-1975-4bde-8c87-810a23ef6e2c,,t,,,hoat_dong,2026-07-11,,8b408897-b25d-4ece-91ba-d97dfacec283,,2026-07-13 14:15:40.080084+00,2026-07-17 02:25:30.805543+00,e96be350-6615-441a-91f5-53ad976e91b3,1ce915ed-07e9-4b65-9209-2652ffd9b681,,,
204251ac-efb4-4124-a398-43fe53949e0d,5ae20f2b-30dc-409c-95db-68b98b79c94e,TPHT_000111,Thiết bị giao tiếp dữ liệu Advantech UNO-137,1ef69ec2-6298-4c48-b931-aea3fa48c0fc,,t,,,hoat_dong,2026-07-11,,f59bf0bd-520b-4245-80db-dc71b7187bf1,,2026-07-13 14:15:40.080084+00,2026-07-17 02:25:30.805543+00,e96be350-6615-441a-91f5-53ad976e91b3,1ce915ed-07e9-4b65-9209-2652ffd9b681,,,
0250a71a-5aed-4fa6-88b2-9328fdfbbf3a,42c99ea1-6512-4826-878d-beb1868c3108,TPHT_000006,Máy phát ULTIMATE_BACKUP,954b8685-0b5a-45b3-9172-43b93da5faef,,t,4,,hoat_dong,2026-07-13,,581d9350-905f-46da-b45e-c2d8aba4d868,,2026-07-13 14:15:40.080084+00,2026-07-17 02:25:30.805543+00,8d0b92cb-6a62-4fbe-9b51-9399ee0e1843,1ce915ed-07e9-4b65-9209-2652ffd9b681,,,
1a030f56-078e-4ddd-86df-afd2918a94cd,ce27df84-7054-4032-bfe7-efdb0bd119f4,TPHT_000090,Server,83e7d93e-2f76-4d4f-a6bc-08926383aba1,,t,,,hoat_dong,2026-07-11,,581d9350-905f-46da-b45e-c2d8aba4d868,,2026-07-13 14:15:40.080084+00,2026-07-17 02:25:30.805543+00,03818fa3-ee05-4dfe-92f0-b6f752b0b97a,1ce915ed-07e9-4b65-9209-2652ffd9b681,,,
2098c72d-427e-4910-8040-537d77324393,2236fe1c-6896-4157-a310-ae0e094233f6,TPHT_000112,Chống sét đường tín hiệu,660f73b4-1975-4bde-8c87-810a23ef6e2c,,t,,,hoat_dong,2026-07-11,,8b408897-b25d-4ece-91ba-d97dfacec283,,2026-07-13 14:15:40.080084+00,2026-07-17 02:25:30.805543+00,e96be350-6615-441a-91f5-53ad976e91b3,1ce915ed-07e9-4b65-9209-2652ffd9b681,,,
20cebda2-0d59-44d7-81f0-76cb3aed04ca,7f40beb2-5d47-4f4a-b7df-35cd1cca56ae,TPHT_000114,AWOS D-AW21,ae03f513-6763-46f8-913d-91a103966947,,t,,,hoat_dong,2026-07-11,,e43c5d4b-3c3c-4486-89da-73e9ac747ab4,,2026-07-13 14:15:40.080084+00,2026-07-17 02:25:30.805543+00,e96be350-6615-441a-91f5-53ad976e91b3,1ce915ed-07e9-4b65-9209-2652ffd9b681,,,
20fb2d73-a40a-4b86-aacf-5b7b2d0fa98c,a13f3116-f74d-4435-b248-5b458d9fead4,TPHT_000115,Kim thu sét,1ef69ec2-6298-4c48-b931-aea3fa48c0fc,,t,,,hoat_dong,2026-07-11,,f59bf0bd-520b-4245-80db-dc71b7187bf1,,2026-07-13 14:15:40.080084+00,2026-07-17 02:25:30.805543+00,e96be350-6615-441a-91f5-53ad976e91b3,1ce915ed-07e9-4b65-9209-2652ffd9b681,,,
21b441c3-83bd-45fc-82cd-f4adb53feb19,2236fe1c-6896-4157-a310-ae0e094233f6,TPHT_000116,Cảm biến gió,98c88d39-bf0f-43c7-83a2-ca5d266ba54f,,t,,,hoat_dong,2026-07-11,,8b408897-b25d-4ece-91ba-d97dfacec283,,2026-07-13 14:15:40.080084+00,2026-07-17 02:25:30.805543+00,e96be350-6615-441a-91f5-53ad976e91b3,1ce915ed-07e9-4b65-9209-2652ffd9b681,,,
221c94fd-2255-4577-896c-d99a32be60c9,5ae20f2b-30dc-409c-95db-68b98b79c94e,TPHT_000118,Chống sét RF cho modem,ae03f513-6763-46f8-913d-91a103966947,,t,,,hoat_dong,2026-07-11,,f59bf0bd-520b-4245-80db-dc71b7187bf1,,2026-07-13 14:15:40.080084+00,2026-07-17 02:25:30.805543+00,e96be350-6615-441a-91f5-53ad976e91b3,1ce915ed-07e9-4b65-9209-2652ffd9b681,,,
22a19be8-01d7-4243-b530-3b1b3ec79c1e,a0625061-0c6d-4e0b-b438-d696787ad746,TPHT_000120,Thiết bị Serial to Ethernet,ae03f513-6763-46f8-913d-91a103966947,,t,,,hoat_dong,2026-07-11,,65ac5e26-b0a7-487e-a72d-3f0dfc3facc2,,2026-07-13 14:15:40.080084+00,2026-07-17 02:25:30.805543+00,e96be350-6615-441a-91f5-53ad976e91b3,1ce915ed-07e9-4b65-9209-2652ffd9b681,,,
237665d6-69e1-4e0e-a13c-052779c3af43,a13f3116-f74d-4435-b248-5b458d9fead4,TPHT_000121,"Cảm biến đo hướng và tốc độ gió (kèm theo cáp tín hiệu, cáp nguồn, phụ kiện chống chim đậu, phụ kiện lắp đặt)",98c88d39-bf0f-43c7-83a2-ca5d266ba54f,,t,,,hoat_dong,2026-07-11,,f59bf0bd-520b-4245-80db-dc71b7187bf1,,2026-07-13 14:15:40.080084+00,2026-07-17 02:25:30.805543+00,e96be350-6615-441a-91f5-53ad976e91b3,1ce915ed-07e9-4b65-9209-2652ffd9b681,,,
246fbb87-8907-4c23-a1d1-2ea0e4e52e8b,7f40beb2-5d47-4f4a-b7df-35cd1cca56ae,TPHT_000122,AWOS D-AW21,ae03f513-6763-46f8-913d-91a103966947,,t,,,hoat_dong,2026-07-11,,e43c5d4b-3c3c-4486-89da-73e9ac747ab4,,2026-07-13 14:15:40.080084+00,2026-07-17 02:25:30.805543+00,e96be350-6615-441a-91f5-53ad976e91b3,1ce915ed-07e9-4b65-9209-2652ffd9b681,,,
247ca63a-b056-4cc6-a233-e549c126fd2f,2236fe1c-6896-4157-a310-ae0e094233f6,TPHT_000123,Thiết bị bảo vệ quá áp,accf1740-4c18-4b9a-895f-59d85ba593b5,,t,,,hoat_dong,2026-07-11,,8b408897-b25d-4ece-91ba-d97dfacec283,,2026-07-13 14:15:40.080084+00,2026-07-17 02:25:30.805543+00,e96be350-6615-441a-91f5-53ad976e91b3,1ce915ed-07e9-4b65-9209-2652ffd9b681,,,
24dda52d-3baa-4ff4-9524-533cefb57e1a,7f40beb2-5d47-4f4a-b7df-35cd1cca56ae,TPHT_000124,AWOS D-AW21,,,t,,,hoat_dong,2026-07-11,,e43c5d4b-3c3c-4486-89da-73e9ac747ab4,,2026-07-13 14:15:40.080084+00,2026-07-17 02:25:30.805543+00,e96be350-6615-441a-91f5-53ad976e91b3,1ce915ed-07e9-4b65-9209-2652ffd9b681,,,
255323bc-5bc2-482e-942b-463dfe829a2d,7f40beb2-5d47-4f4a-b7df-35cd1cca56ae,TPHT_000128,AWOS D-AW21,660f73b4-1975-4bde-8c87-810a23ef6e2c,,t,,,hoat_dong,2026-07-11,,e43c5d4b-3c3c-4486-89da-73e9ac747ab4,,2026-07-13 14:15:40.080084+00,2026-07-17 02:25:30.805543+00,e96be350-6615-441a-91f5-53ad976e91b3,1ce915ed-07e9-4b65-9209-2652ffd9b681,,,
25bcb12f-380b-4fbd-a288-86a7b6391235,a13f3116-f74d-4435-b248-5b458d9fead4,TPHT_000130,Cáp,1ef69ec2-6298-4c48-b931-aea3fa48c0fc,,t,,,hoat_dong,2026-07-11,,f59bf0bd-520b-4245-80db-dc71b7187bf1,,2026-07-13 14:15:40.080084+00,2026-07-17 02:25:30.805543+00,e96be350-6615-441a-91f5-53ad976e91b3,1ce915ed-07e9-4b65-9209-2652ffd9b681,,,
25e268ef-5c8e-402a-9521-05a3e38388e4,ebc4a136-c5e7-4f7d-abfc-e3ddea655b8c,TPHT_000131,Chống sét đường tín hiệu,660f73b4-1975-4bde-8c87-810a23ef6e2c,,t,,,hoat_dong,2026-07-11,,46e84da7-5a8b-4a79-aa46-2fb4bae1ff26,,2026-07-13 14:15:40.080084+00,2026-07-17 02:25:30.805543+00,e96be350-6615-441a-91f5-53ad976e91b3,1ce915ed-07e9-4b65-9209-2652ffd9b681,,,
260eb574-0d61-49f3-835c-6ecee18d1c8c,a13f3116-f74d-4435-b248-5b458d9fead4,TPHT_000132,Cáp,1ef69ec2-6298-4c48-b931-aea3fa48c0fc,,t,,,hoat_dong,2026-07-11,,f59bf0bd-520b-4245-80db-dc71b7187bf1,,2026-07-13 14:15:40.080084+00,2026-07-17 02:25:30.805543+00,e96be350-6615-441a-91f5-53ad976e91b3,1ce915ed-07e9-4b65-9209-2652ffd9b681,,,
26b3faed-bba0-40ae-a31a-081c3c5650a1,ebc4a136-c5e7-4f7d-abfc-e3ddea655b8c,TPHT_000133,Modem FSK,ae03f513-6763-46f8-913d-91a103966947,,t,,,hoat_dong,2026-07-11,,46e84da7-5a8b-4a79-aa46-2fb4bae1ff26,,2026-07-13 14:15:40.080084+00,2026-07-17 02:25:30.805543+00,e96be350-6615-441a-91f5-53ad976e91b3,1ce915ed-07e9-4b65-9209-2652ffd9b681,,,
2759025c-c0cb-45a2-a4d8-2e18c29d8cb1,a13f3116-f74d-4435-b248-5b458d9fead4,TPHT_000134,Kim thu sét,1ef69ec2-6298-4c48-b931-aea3fa48c0fc,,t,,,hoat_dong,2026-07-11,,f59bf0bd-520b-4245-80db-dc71b7187bf1,,2026-07-13 14:15:40.080084+00,2026-07-17 02:25:30.805543+00,e96be350-6615-441a-91f5-53ad976e91b3,1ce915ed-07e9-4b65-9209-2652ffd9b681,,,
278532ef-2951-46fb-8e09-4c46dd22fabe,2236fe1c-6896-4157-a310-ae0e094233f6,TPHT_000135,Bộ chuyển đổi tín hiệu RS232-Fiber,ae03f513-6763-46f8-913d-91a103966947,,t,,,hoat_dong,2026-07-11,,8b408897-b25d-4ece-91ba-d97dfacec283,,2026-07-13 14:15:40.080084+00,2026-07-17 02:25:30.805543+00,e96be350-6615-441a-91f5-53ad976e91b3,1ce915ed-07e9-4b65-9209-2652ffd9b681,,,
27b8d2e7-7bd9-4e27-b724-42ddd4c6bf8d,5ae20f2b-30dc-409c-95db-68b98b79c94e,TPHT_000139,Anten,ae03f513-6763-46f8-913d-91a103966947,,t,,,hoat_dong,2026-07-11,,f59bf0bd-520b-4245-80db-dc71b7187bf1,,2026-07-13 14:15:40.080084+00,2026-07-17 02:25:30.805543+00,e96be350-6615-441a-91f5-53ad976e91b3,1ce915ed-07e9-4b65-9209-2652ffd9b681,,,
0cc2a7df-940c-47c3-9068-90540e76d8a1,4fbd5536-e530-4f9b-97d3-d194186c33de,TPHT_000033,Cảm biến đo ánh sáng nền,98c88d39-bf0f-43c7-83a2-ca5d266ba54f,,t,,,hoat_dong,2026-07-11,,141337b4-f2fa-4438-808f-0d10cfeedb85,,2026-07-13 14:15:40.080084+00,2026-07-17 02:25:30.805543+00,f099f53a-5ef4-4039-ba41-1ea298f0ae5d,1ce915ed-07e9-4b65-9209-2652ffd9b681,,,
138dd32d-80c7-4677-901e-1c8e08357394,4fbd5536-e530-4f9b-97d3-d194186c33de,TPHT_000057,Thiết bị chuyển đổi Serial/Ethernet,ae03f513-6763-46f8-913d-91a103966947,,t,,,hoat_dong,2026-07-11,,141337b4-f2fa-4438-808f-0d10cfeedb85,,2026-07-13 14:15:40.080084+00,2026-07-17 02:25:30.805543+00,38e5eeb4-1688-47ea-ac85-5fd68d617ea5,1ce915ed-07e9-4b65-9209-2652ffd9b681,,,
152db0f1-1b98-4cfc-b73f-79ec8efcfc58,a0625061-0c6d-4e0b-b438-d696787ad746,TPHT_000067,Cảm biến đo tầm nhìn đầu 35,98c88d39-bf0f-43c7-83a2-ca5d266ba54f,,t,,,hoat_dong,2026-07-11,,65ac5e26-b0a7-487e-a72d-3f0dfc3facc2,,2026-07-13 14:15:40.080084+00,2026-07-17 02:25:30.805543+00,3f302563-bdbb-443d-911f-b0058e38db42,1ce915ed-07e9-4b65-9209-2652ffd9b681,,,
1c26f028-5fd2-4564-be57-8ffe67d63d03,4fbd5536-e530-4f9b-97d3-d194186c33de,TPHT_000099,Cảm biến nhiệt độ,98c88d39-bf0f-43c7-83a2-ca5d266ba54f,,t,,,hoat_dong,2026-07-11,,141337b4-f2fa-4438-808f-0d10cfeedb85,,2026-07-13 14:15:40.080084+00,2026-07-17 02:25:30.805543+00,f099f53a-5ef4-4039-ba41-1ea298f0ae5d,1ce915ed-07e9-4b65-9209-2652ffd9b681,,,
27e45670-4fae-4d59-93ed-ea232b8788c4,7f40beb2-5d47-4f4a-b7df-35cd1cca56ae,TPHT_000140,AWOS D-AW21,ae03f513-6763-46f8-913d-91a103966947,,t,,,hoat_dong,2026-07-11,,e43c5d4b-3c3c-4486-89da-73e9ac747ab4,,2026-07-13 14:15:40.080084+00,2026-07-17 02:25:30.805543+00,e96be350-6615-441a-91f5-53ad976e91b3,1ce915ed-07e9-4b65-9209-2652ffd9b681,,,
2824c870-e6ce-4853-b055-9d463fe1a481,ebc4a136-c5e7-4f7d-abfc-e3ddea655b8c,TPHT_000141,Chống sét đường tín hiệu,660f73b4-1975-4bde-8c87-810a23ef6e2c,,t,,,hoat_dong,2026-07-11,,46e84da7-5a8b-4a79-aa46-2fb4bae1ff26,,2026-07-13 14:15:40.080084+00,2026-07-17 02:25:30.805543+00,e96be350-6615-441a-91f5-53ad976e91b3,1ce915ed-07e9-4b65-9209-2652ffd9b681,,,
282e51c9-9e12-4d17-aede-3c49d560f3aa,ebc4a136-c5e7-4f7d-abfc-e3ddea655b8c,TPHT_000142,Thiết bị serial to Ethernet,ae03f513-6763-46f8-913d-91a103966947,,t,,,hoat_dong,2026-07-11,,46e84da7-5a8b-4a79-aa46-2fb4bae1ff26,,2026-07-13 14:15:40.080084+00,2026-07-17 02:25:30.805543+00,e96be350-6615-441a-91f5-53ad976e91b3,1ce915ed-07e9-4b65-9209-2652ffd9b681,,,
283a6c82-6a38-4e74-b5fc-7a3a044f4768,4fbd5536-e530-4f9b-97d3-d194186c33de,TPHT_000143,Cắt sét nguồn 220VAC -  UHF,660f73b4-1975-4bde-8c87-810a23ef6e2c,,t,,,hoat_dong,2026-07-11,,141337b4-f2fa-4438-808f-0d10cfeedb85,,2026-07-13 14:15:40.080084+00,2026-07-17 02:25:30.805543+00,f099f53a-5ef4-4039-ba41-1ea298f0ae5d,1ce915ed-07e9-4b65-9209-2652ffd9b681,,,
283ed4a2-6a09-412d-84aa-312a38194986,ebc4a136-c5e7-4f7d-abfc-e3ddea655b8c,TPHT_000144,Chống sét đường tín hiệu,660f73b4-1975-4bde-8c87-810a23ef6e2c,,t,,,hoat_dong,2026-07-11,,46e84da7-5a8b-4a79-aa46-2fb4bae1ff26,,2026-07-13 14:15:40.080084+00,2026-07-17 02:25:30.805543+00,e96be350-6615-441a-91f5-53ad976e91b3,1ce915ed-07e9-4b65-9209-2652ffd9b681,,,
2925ec35-b655-46e7-91e0-3975fa74ae88,5ae20f2b-30dc-409c-95db-68b98b79c94e,TPHT_000145,Thiết bị giao tiếp đường truyền Nport IA5250A-T,ae03f513-6763-46f8-913d-91a103966947,,t,,,hoat_dong,2026-07-11,,f59bf0bd-520b-4245-80db-dc71b7187bf1,,2026-07-13 14:15:40.080084+00,2026-07-17 02:25:30.805543+00,e96be350-6615-441a-91f5-53ad976e91b3,1ce915ed-07e9-4b65-9209-2652ffd9b681,,,
297c05fc-2e73-46fb-ae35-15d3b4cb72fc,ebc4a136-c5e7-4f7d-abfc-e3ddea655b8c,TPHT_000147,Cảm biến đo hướng và đo tốc độ gió,98c88d39-bf0f-43c7-83a2-ca5d266ba54f,,t,,,hoat_dong,2026-07-11,,46e84da7-5a8b-4a79-aa46-2fb4bae1ff26,,2026-07-13 14:15:40.080084+00,2026-07-17 02:25:30.805543+00,e96be350-6615-441a-91f5-53ad976e91b3,1ce915ed-07e9-4b65-9209-2652ffd9b681,,,
2a39d034-33e1-460e-8cfd-175ef115742b,ebc4a136-c5e7-4f7d-abfc-e3ddea655b8c,TPHT_000148,Thiết bị Datalogger,ae03f513-6763-46f8-913d-91a103966947,,t,,,hoat_dong,2026-07-11,,46e84da7-5a8b-4a79-aa46-2fb4bae1ff26,,2026-07-13 14:15:40.080084+00,2026-07-17 02:25:30.805543+00,e96be350-6615-441a-91f5-53ad976e91b3,1ce915ed-07e9-4b65-9209-2652ffd9b681,,,
2a7bb8d3-1222-4d9f-81b3-2be2a6ee709c,ebc4a136-c5e7-4f7d-abfc-e3ddea655b8c,TPHT_000150,Nguồn AC/DC,accf1740-4c18-4b9a-895f-59d85ba593b5,,t,,,hoat_dong,2026-07-11,,46e84da7-5a8b-4a79-aa46-2fb4bae1ff26,,2026-07-13 14:15:40.080084+00,2026-07-17 02:25:30.805543+00,e96be350-6615-441a-91f5-53ad976e91b3,1ce915ed-07e9-4b65-9209-2652ffd9b681,,,
2a83c4a7-d431-481c-8e76-24cb4db16f40,a13f3116-f74d-4435-b248-5b458d9fead4,TPHT_000151,Ống sợi thủy tinh,1ef69ec2-6298-4c48-b931-aea3fa48c0fc,,t,,,hoat_dong,2026-07-11,,f59bf0bd-520b-4245-80db-dc71b7187bf1,,2026-07-13 14:15:40.080084+00,2026-07-17 02:25:30.805543+00,e96be350-6615-441a-91f5-53ad976e91b3,1ce915ed-07e9-4b65-9209-2652ffd9b681,,,
2b61b57c-8757-4a08-b687-1d672de67678,2236fe1c-6896-4157-a310-ae0e094233f6,TPHT_000152,Thiết bị bảo vệ quá áp,accf1740-4c18-4b9a-895f-59d85ba593b5,,t,,,hoat_dong,2026-07-11,,8b408897-b25d-4ece-91ba-d97dfacec283,,2026-07-13 14:15:40.080084+00,2026-07-17 02:25:30.805543+00,e96be350-6615-441a-91f5-53ad976e91b3,1ce915ed-07e9-4b65-9209-2652ffd9b681,,,
2bb7c23a-631b-400c-9217-1739bdca0c99,a0625061-0c6d-4e0b-b438-d696787ad746,TPHT_000153,Cảm biến đo mưa,98c88d39-bf0f-43c7-83a2-ca5d266ba54f,,t,,,hoat_dong,2026-07-11,,65ac5e26-b0a7-487e-a72d-3f0dfc3facc2,,2026-07-13 14:15:40.080084+00,2026-07-17 02:25:30.805543+00,e96be350-6615-441a-91f5-53ad976e91b3,1ce915ed-07e9-4b65-9209-2652ffd9b681,,,
2bede0d2-ddde-400c-9311-3302bb6e0beb,7f40beb2-5d47-4f4a-b7df-35cd1cca56ae,TPHT_000154,AWOS D-AW21,ae03f513-6763-46f8-913d-91a103966947,,t,,,hoat_dong,2026-07-11,,e43c5d4b-3c3c-4486-89da-73e9ac747ab4,,2026-07-13 14:15:40.080084+00,2026-07-17 02:25:30.805543+00,e96be350-6615-441a-91f5-53ad976e91b3,1ce915ed-07e9-4b65-9209-2652ffd9b681,,,
2c8131b5-91df-4031-9171-b94b38ea0e04,45599b8c-56e9-4d30-9578-703ef8ecbe3f,TPHT_000156,Máy thu STANDBY,032cd7d8-5028-42f1-86b5-cf3122e3a430,,t,3,,hoat_dong,2026-07-13,,581d9350-905f-46da-b45e-c2d8aba4d868,,2026-07-13 14:15:40.080084+00,2026-07-17 02:25:30.805543+00,03818fa3-ee05-4dfe-92f0-b6f752b0b97a,1ce915ed-07e9-4b65-9209-2652ffd9b681,,,
2cdf323a-8dd7-4ded-be5c-a59837ad74fd,a0625061-0c6d-4e0b-b438-d696787ad746,TPHT_000157,Nguồn AC/DC,accf1740-4c18-4b9a-895f-59d85ba593b5,,t,,,hoat_dong,2026-07-11,,65ac5e26-b0a7-487e-a72d-3f0dfc3facc2,,2026-07-13 14:15:40.080084+00,2026-07-17 02:25:30.805543+00,e96be350-6615-441a-91f5-53ad976e91b3,1ce915ed-07e9-4b65-9209-2652ffd9b681,,,
2d2b6ae5-e3b0-4df9-9a70-4e5209973a62,4fbd5536-e530-4f9b-97d3-d194186c33de,TPHT_000158,Màn hình hiển thị số liệu độ - độ ẩm - khí áp,83e7d93e-2f76-4d4f-a6bc-08926383aba1,,t,,,hoat_dong,2026-07-11,,141337b4-f2fa-4438-808f-0d10cfeedb85,,2026-07-13 14:15:40.080084+00,2026-07-17 02:25:30.805543+00,e96be350-6615-441a-91f5-53ad976e91b3,1ce915ed-07e9-4b65-9209-2652ffd9b681,,,
04f18cbf-d5cc-4f1a-8d37-361f6bb3d733,4fbd5536-e530-4f9b-97d3-d194186c33de,TPHT_000014,"CPU core i3 13100, 3.4Ghz, RAM 8GB",83e7d93e-2f76-4d4f-a6bc-08926383aba1,,t,,,hoat_dong,2026-07-11,,141337b4-f2fa-4438-808f-0d10cfeedb85,,2026-07-13 14:15:40.080084+00,2026-07-17 02:25:30.805543+00,9a6b88fa-8dcb-422b-9b9e-a029e372a564,1ce915ed-07e9-4b65-9209-2652ffd9b681,,,
2d4132b8-9938-4f7a-8f0b-f188f279f987,a0625061-0c6d-4e0b-b438-d696787ad746,TPHT_000159,Cảm biến đo ánh sáng nền,98c88d39-bf0f-43c7-83a2-ca5d266ba54f,,t,,,hoat_dong,2026-07-11,,65ac5e26-b0a7-487e-a72d-3f0dfc3facc2,,2026-07-13 14:15:40.080084+00,2026-07-17 02:25:30.805543+00,e96be350-6615-441a-91f5-53ad976e91b3,1ce915ed-07e9-4b65-9209-2652ffd9b681,,,
2d473766-b2e4-41e6-bcea-4ea1b087cdb5,2236fe1c-6896-4157-a310-ae0e094233f6,TPHT_000160,Thiết bị cắt lọc sét 1 pha,660f73b4-1975-4bde-8c87-810a23ef6e2c,,t,,,hoat_dong,2026-07-11,,8b408897-b25d-4ece-91ba-d97dfacec283,,2026-07-13 14:15:40.080084+00,2026-07-17 02:25:30.805543+00,e96be350-6615-441a-91f5-53ad976e91b3,1ce915ed-07e9-4b65-9209-2652ffd9b681,,,
2d654c9d-3ef0-4cec-9431-56598f86b5f2,2236fe1c-6896-4157-a310-ae0e094233f6,TPHT_000161,Cảm biến đo khí áp,98c88d39-bf0f-43c7-83a2-ca5d266ba54f,,t,,,hoat_dong,2026-07-11,,8b408897-b25d-4ece-91ba-d97dfacec283,,2026-07-13 14:15:40.080084+00,2026-07-17 02:25:30.805543+00,e96be350-6615-441a-91f5-53ad976e91b3,1ce915ed-07e9-4b65-9209-2652ffd9b681,,,
2e1be138-87b5-46d6-98c0-1d740631b42f,7f40beb2-5d47-4f4a-b7df-35cd1cca56ae,TPHT_000162,Đo nhiệt độ độ ẩm,98c88d39-bf0f-43c7-83a2-ca5d266ba54f,,t,,,hoat_dong,2026-07-11,,e43c5d4b-3c3c-4486-89da-73e9ac747ab4,,2026-07-13 14:15:40.080084+00,2026-07-17 02:25:30.805543+00,e96be350-6615-441a-91f5-53ad976e91b3,1ce915ed-07e9-4b65-9209-2652ffd9b681,,,
2fbc371c-c34c-4fcc-8b17-dd8880f76c3f,ebc4a136-c5e7-4f7d-abfc-e3ddea655b8c,TPHT_000163,Cảm biến đo nhiệt độ độ ẩm,98c88d39-bf0f-43c7-83a2-ca5d266ba54f,,t,,,hoat_dong,2026-07-11,,46e84da7-5a8b-4a79-aa46-2fb4bae1ff26,,2026-07-13 14:15:40.080084+00,2026-07-17 02:25:30.805543+00,e96be350-6615-441a-91f5-53ad976e91b3,1ce915ed-07e9-4b65-9209-2652ffd9b681,,,
3002ac52-5fc1-48a7-a310-51f4869fdc19,a13f3116-f74d-4435-b248-5b458d9fead4,TPHT_000164,Đèn chớp báo chướng ngại,1ef69ec2-6298-4c48-b931-aea3fa48c0fc,,t,,,hoat_dong,2026-07-11,,f59bf0bd-520b-4245-80db-dc71b7187bf1,,2026-07-13 14:15:40.080084+00,2026-07-17 02:25:30.805543+00,e96be350-6615-441a-91f5-53ad976e91b3,1ce915ed-07e9-4b65-9209-2652ffd9b681,,,
30330455-450d-4935-b5ff-17903f289430,ebc4a136-c5e7-4f7d-abfc-e3ddea655b8c,TPHT_000165,Switch,ae03f513-6763-46f8-913d-91a103966947,,t,,,hoat_dong,2026-07-11,,46e84da7-5a8b-4a79-aa46-2fb4bae1ff26,,2026-07-13 14:15:40.080084+00,2026-07-17 02:25:30.805543+00,e96be350-6615-441a-91f5-53ad976e91b3,1ce915ed-07e9-4b65-9209-2652ffd9b681,,,
306bde79-1b1f-47a4-b570-dc544dee9533,a0625061-0c6d-4e0b-b438-d696787ad746,TPHT_000167,Thiết bị đo đạc quan trắc thông dụng - CT QLBMT đầu tư,98c88d39-bf0f-43c7-83a2-ca5d266ba54f,,t,,,hoat_dong,2026-07-11,,65ac5e26-b0a7-487e-a72d-3f0dfc3facc2,,2026-07-13 14:15:40.080084+00,2026-07-17 02:25:30.805543+00,e96be350-6615-441a-91f5-53ad976e91b3,1ce915ed-07e9-4b65-9209-2652ffd9b681,,,
307923f5-bdd1-4dcd-9d8b-9834c8a9d98b,5ae20f2b-30dc-409c-95db-68b98b79c94e,TPHT_000169,KVM AMHS,1ef69ec2-6298-4c48-b931-aea3fa48c0fc,,t,,,hoat_dong,2026-07-11,,f59bf0bd-520b-4245-80db-dc71b7187bf1,,2026-07-13 14:15:40.080084+00,2026-07-17 02:25:30.805543+00,e96be350-6615-441a-91f5-53ad976e91b3,1ce915ed-07e9-4b65-9209-2652ffd9b681,,,
307d8a38-b5e1-4700-8ce6-ef508b4db6c6,5ae20f2b-30dc-409c-95db-68b98b79c94e,TPHT_000170,Switch Cisco 2960 VLAN quang,ae03f513-6763-46f8-913d-91a103966947,,t,,,hoat_dong,2026-07-11,,f59bf0bd-520b-4245-80db-dc71b7187bf1,,2026-07-13 14:15:40.080084+00,2026-07-17 02:25:30.805543+00,e96be350-6615-441a-91f5-53ad976e91b3,1ce915ed-07e9-4b65-9209-2652ffd9b681,,,
3147448c-c288-4ea7-91f9-71be25f5c080,5ae20f2b-30dc-409c-95db-68b98b79c94e,TPHT_000172,SW MOXA EDS 208A,ae03f513-6763-46f8-913d-91a103966947,,t,,,hoat_dong,2026-07-11,,f59bf0bd-520b-4245-80db-dc71b7187bf1,,2026-07-13 14:15:40.080084+00,2026-07-17 02:25:30.805543+00,e96be350-6615-441a-91f5-53ad976e91b3,1ce915ed-07e9-4b65-9209-2652ffd9b681,,,
32b24e6a-4bc9-4128-89f0-c67e1bd8693f,5ae20f2b-30dc-409c-95db-68b98b79c94e,TPHT_000175,Anten UHF,ae03f513-6763-46f8-913d-91a103966947,,t,,,hoat_dong,2026-07-11,,f59bf0bd-520b-4245-80db-dc71b7187bf1,,2026-07-13 14:15:40.080084+00,2026-07-17 02:25:30.805543+00,e96be350-6615-441a-91f5-53ad976e91b3,1ce915ed-07e9-4b65-9209-2652ffd9b681,,,
32c12f2f-7809-4eeb-b7bc-8766a06993fa,2236fe1c-6896-4157-a310-ae0e094233f6,TPHT_000176,Thiết bị cắt lọc sét 1 pha,660f73b4-1975-4bde-8c87-810a23ef6e2c,,t,,,hoat_dong,2026-07-11,,8b408897-b25d-4ece-91ba-d97dfacec283,,2026-07-13 14:15:40.080084+00,2026-07-17 02:25:30.805543+00,e96be350-6615-441a-91f5-53ad976e91b3,1ce915ed-07e9-4b65-9209-2652ffd9b681,,,
34cbc38d-e3c0-4ecf-ad2c-92ad917b9ccb,7f40beb2-5d47-4f4a-b7df-35cd1cca56ae,TPHT_000178,AWOS D-AW21,98c88d39-bf0f-43c7-83a2-ca5d266ba54f,,t,,,hoat_dong,2026-07-11,,e43c5d4b-3c3c-4486-89da-73e9ac747ab4,,2026-07-13 14:15:40.080084+00,2026-07-17 02:25:30.805543+00,e96be350-6615-441a-91f5-53ad976e91b3,1ce915ed-07e9-4b65-9209-2652ffd9b681,,,
3547b26c-f5ce-4f63-a7cd-5f21ce8100ee,a0625061-0c6d-4e0b-b438-d696787ad746,TPHT_000179,Switch đầu cuối,ae03f513-6763-46f8-913d-91a103966947,,t,,,hoat_dong,2026-07-11,,65ac5e26-b0a7-487e-a72d-3f0dfc3facc2,,2026-07-13 14:15:40.080084+00,2026-07-17 02:25:30.805543+00,e96be350-6615-441a-91f5-53ad976e91b3,1ce915ed-07e9-4b65-9209-2652ffd9b681,,,
365658ed-d5a7-4475-9ca0-f9d7ff08b38b,ce27df84-7054-4032-bfe7-efdb0bd119f4,TPHT_000180,Media Converter,ae03f513-6763-46f8-913d-91a103966947,,t,,,hoat_dong,2026-07-11,,581d9350-905f-46da-b45e-c2d8aba4d868,,2026-07-13 14:15:40.080084+00,2026-07-17 02:25:30.805543+00,e96be350-6615-441a-91f5-53ad976e91b3,1ce915ed-07e9-4b65-9209-2652ffd9b681,,,
36593fa8-e458-4c1e-a755-0373ba678d6b,2236fe1c-6896-4157-a310-ae0e094233f6,TPHT_000181,Thiết bị cắt lọc sét 1 pha,660f73b4-1975-4bde-8c87-810a23ef6e2c,,t,,,hoat_dong,2026-07-11,,8b408897-b25d-4ece-91ba-d97dfacec283,,2026-07-13 14:15:40.080084+00,2026-07-17 02:25:30.805543+00,e96be350-6615-441a-91f5-53ad976e91b3,1ce915ed-07e9-4b65-9209-2652ffd9b681,,,
38a0eef6-64b0-49ff-aa69-ec88901f7be8,2236fe1c-6896-4157-a310-ae0e094233f6,TPHT_000183,Chống sét RF,660f73b4-1975-4bde-8c87-810a23ef6e2c,,t,,,hoat_dong,2026-07-11,,8b408897-b25d-4ece-91ba-d97dfacec283,,2026-07-13 14:15:40.080084+00,2026-07-17 02:25:30.805543+00,e96be350-6615-441a-91f5-53ad976e91b3,1ce915ed-07e9-4b65-9209-2652ffd9b681,,,
38dd831c-aeb6-4d91-a6f6-7590f09a00c6,ebc4a136-c5e7-4f7d-abfc-e3ddea655b8c,TPHT_000184,Cắt lọc sét nguồn AC,660f73b4-1975-4bde-8c87-810a23ef6e2c,,t,,,hoat_dong,2026-07-11,,46e84da7-5a8b-4a79-aa46-2fb4bae1ff26,,2026-07-13 14:15:40.080084+00,2026-07-17 02:25:30.805543+00,e96be350-6615-441a-91f5-53ad976e91b3,1ce915ed-07e9-4b65-9209-2652ffd9b681,,,
390892eb-506a-4ad0-81aa-d875f109f98d,2236fe1c-6896-4157-a310-ae0e094233f6,TPHT_000185,Radio Modem MR400,ae03f513-6763-46f8-913d-91a103966947,,t,,,hoat_dong,2026-07-11,,8b408897-b25d-4ece-91ba-d97dfacec283,,2026-07-13 14:15:40.080084+00,2026-07-17 02:25:30.805543+00,e96be350-6615-441a-91f5-53ad976e91b3,1ce915ed-07e9-4b65-9209-2652ffd9b681,,,
39654c87-2386-4d01-ab21-95ef9225e9d6,ebc4a136-c5e7-4f7d-abfc-e3ddea655b8c,TPHT_000186,Chống sét đường tín hiệu,660f73b4-1975-4bde-8c87-810a23ef6e2c,,t,,,hoat_dong,2026-07-11,,46e84da7-5a8b-4a79-aa46-2fb4bae1ff26,,2026-07-13 14:15:40.080084+00,2026-07-17 02:25:30.805543+00,e96be350-6615-441a-91f5-53ad976e91b3,1ce915ed-07e9-4b65-9209-2652ffd9b681,,,
397bb505-e216-411e-ab5f-e6d57837c64d,2236fe1c-6896-4157-a310-ae0e094233f6,TPHT_000187,Cảm biến đo mưa,98c88d39-bf0f-43c7-83a2-ca5d266ba54f,,t,,,hoat_dong,2026-07-11,,8b408897-b25d-4ece-91ba-d97dfacec283,,2026-07-13 14:15:40.080084+00,2026-07-17 02:25:30.805543+00,e96be350-6615-441a-91f5-53ad976e91b3,1ce915ed-07e9-4b65-9209-2652ffd9b681,,,
39825159-0782-421a-91fc-0e17cca3be13,5ae20f2b-30dc-409c-95db-68b98b79c94e,TPHT_000188,Cảm biến đo độ ẩm Thies 1.1006.54.080,98c88d39-bf0f-43c7-83a2-ca5d266ba54f,,t,,,hoat_dong,2026-07-11,,f59bf0bd-520b-4245-80db-dc71b7187bf1,,2026-07-13 14:15:40.080084+00,2026-07-17 02:25:30.805543+00,e96be350-6615-441a-91f5-53ad976e91b3,1ce915ed-07e9-4b65-9209-2652ffd9b681,,,
39f20f2a-0f1c-41ea-8144-69cec73e65f4,2236fe1c-6896-4157-a310-ae0e094233f6,TPHT_000189,Switch Cisco 24 port,ae03f513-6763-46f8-913d-91a103966947,,t,,,hoat_dong,2026-07-11,,8b408897-b25d-4ece-91ba-d97dfacec283,,2026-07-13 14:15:40.080084+00,2026-07-17 02:25:30.805543+00,c6b9108a-b830-42a6-b3b8-9e6dd5196202,1ce915ed-07e9-4b65-9209-2652ffd9b681,,,
3a085c5d-fc3f-4dd6-9738-96171fdfd79b,ce27df84-7054-4032-bfe7-efdb0bd119f4,TPHT_000190,AC/DC converter,accf1740-4c18-4b9a-895f-59d85ba593b5,,t,,,hoat_dong,2026-07-11,,581d9350-905f-46da-b45e-c2d8aba4d868,,2026-07-13 14:15:40.080084+00,2026-07-17 02:25:30.805543+00,e96be350-6615-441a-91f5-53ad976e91b3,1ce915ed-07e9-4b65-9209-2652ffd9b681,,,
3a59ef0b-68c7-4de3-8c3f-2a5f44839165,ce27df84-7054-4032-bfe7-efdb0bd119f4,TPHT_000191,AC/DC converter,accf1740-4c18-4b9a-895f-59d85ba593b5,,t,,,hoat_dong,2026-07-11,,581d9350-905f-46da-b45e-c2d8aba4d868,,2026-07-13 14:15:40.080084+00,2026-07-17 02:25:30.805543+00,e96be350-6615-441a-91f5-53ad976e91b3,1ce915ed-07e9-4b65-9209-2652ffd9b681,,,
3ad92d61-32b2-41b1-a7d7-65cdf5878127,2236fe1c-6896-4157-a310-ae0e094233f6,TPHT_000194,Thiết bị bảo vệ quá áp,accf1740-4c18-4b9a-895f-59d85ba593b5,,t,,,hoat_dong,2026-07-11,,8b408897-b25d-4ece-91ba-d97dfacec283,,2026-07-13 14:15:40.080084+00,2026-07-17 02:25:30.805543+00,e96be350-6615-441a-91f5-53ad976e91b3,1ce915ed-07e9-4b65-9209-2652ffd9b681,,,
3b11d8f6-4bff-483d-aa7c-50bf4c666bd4,ebc4a136-c5e7-4f7d-abfc-e3ddea655b8c,TPHT_000195,Converter Serial to Fiber(X3),ae03f513-6763-46f8-913d-91a103966947,,t,,,hoat_dong,2026-07-11,,46e84da7-5a8b-4a79-aa46-2fb4bae1ff26,,2026-07-13 14:15:40.080084+00,2026-07-17 02:25:30.805543+00,e96be350-6615-441a-91f5-53ad976e91b3,1ce915ed-07e9-4b65-9209-2652ffd9b681,,,
3b6f8122-a195-436d-9fca-31294173c007,2236fe1c-6896-4157-a310-ae0e094233f6,TPHT_000197,RS232/485 Converter,ae03f513-6763-46f8-913d-91a103966947,,t,,,hoat_dong,2026-07-11,,8b408897-b25d-4ece-91ba-d97dfacec283,,2026-07-13 14:15:40.080084+00,2026-07-17 02:25:30.805543+00,e96be350-6615-441a-91f5-53ad976e91b3,1ce915ed-07e9-4b65-9209-2652ffd9b681,,,
3b9f7e9b-dca0-4b71-a756-bdfc5ec2918a,2236fe1c-6896-4157-a310-ae0e094233f6,TPHT_000198,Bộ chuyển đổi tín hiệu RS232/485 Converter,ae03f513-6763-46f8-913d-91a103966947,,t,,,hoat_dong,2026-07-11,,8b408897-b25d-4ece-91ba-d97dfacec283,,2026-07-13 14:15:40.080084+00,2026-07-17 02:25:30.805543+00,e96be350-6615-441a-91f5-53ad976e91b3,1ce915ed-07e9-4b65-9209-2652ffd9b681,,,
3bc36743-d7b9-4dbd-9444-c04f87b0ec6c,a0625061-0c6d-4e0b-b438-d696787ad746,TPHT_000199,Nguồn AC/DC,accf1740-4c18-4b9a-895f-59d85ba593b5,,t,,,hoat_dong,2026-07-11,,65ac5e26-b0a7-487e-a72d-3f0dfc3facc2,,2026-07-13 14:15:40.080084+00,2026-07-17 02:25:30.805543+00,e96be350-6615-441a-91f5-53ad976e91b3,1ce915ed-07e9-4b65-9209-2652ffd9b681,,,
3bce1352-d2ce-4f77-a0a9-c25ac0c1b188,2236fe1c-6896-4157-a310-ae0e094233f6,TPHT_000200,Thiết bị cắt lọc sét 1 pha,660f73b4-1975-4bde-8c87-810a23ef6e2c,,t,,,hoat_dong,2026-07-11,,8b408897-b25d-4ece-91ba-d97dfacec283,,2026-07-13 14:15:40.080084+00,2026-07-17 02:25:30.805543+00,e96be350-6615-441a-91f5-53ad976e91b3,1ce915ed-07e9-4b65-9209-2652ffd9b681,,,
3bf658ec-676e-433d-ab7f-33ff6fb82ae2,ebc4a136-c5e7-4f7d-abfc-e3ddea655b8c,TPHT_000201,Nguồn AC/DC,accf1740-4c18-4b9a-895f-59d85ba593b5,,t,,,hoat_dong,2026-07-11,,46e84da7-5a8b-4a79-aa46-2fb4bae1ff26,,2026-07-13 14:15:40.080084+00,2026-07-17 02:25:30.805543+00,e96be350-6615-441a-91f5-53ad976e91b3,1ce915ed-07e9-4b65-9209-2652ffd9b681,,,
698a64cb-18dc-47e1-8a78-9347515502aa,2236fe1c-6896-4157-a310-ae0e094233f6,TPHT_000332,Chống sét đường tín hiệu,660f73b4-1975-4bde-8c87-810a23ef6e2c,,t,,,hoat_dong,2026-07-11,,8b408897-b25d-4ece-91ba-d97dfacec283,,2026-07-13 14:15:40.080084+00,2026-07-17 02:25:30.805543+00,c6b9108a-b830-42a6-b3b8-9e6dd5196202,1ce915ed-07e9-4b65-9209-2652ffd9b681,,,
165ee2b1-e1f7-4d2a-93e3-4a587e780370,4fbd5536-e530-4f9b-97d3-d194186c33de,TPHT_000075,Bộ Charger,accf1740-4c18-4b9a-895f-59d85ba593b5,,t,,,hoat_dong,2026-07-11,,141337b4-f2fa-4438-808f-0d10cfeedb85,,2026-07-13 14:15:40.080084+00,2026-07-17 02:25:30.805543+00,f099f53a-5ef4-4039-ba41-1ea298f0ae5d,1ce915ed-07e9-4b65-9209-2652ffd9b681,,,
328b1e49-a9a7-4451-b2de-f40b92e80189,4fbd5536-e530-4f9b-97d3-d194186c33de,TPHT_000174,Thiết bị chuyển đổi Serial/Fiber,ae03f513-6763-46f8-913d-91a103966947,,t,,,hoat_dong,2026-07-11,,141337b4-f2fa-4438-808f-0d10cfeedb85,,2026-07-13 14:15:40.080084+00,2026-07-17 02:25:30.805543+00,f099f53a-5ef4-4039-ba41-1ea298f0ae5d,1ce915ed-07e9-4b65-9209-2652ffd9b681,,,
3c17b15c-ffd9-4ba8-8e12-010c3fc44124,a13f3116-f74d-4435-b248-5b458d9fead4,TPHT_000202,"Thiết bị đo độ cao chân mây (kèm theo phụ kiện lắp đặt, cáp tín hiệu, cáp bảo trì tiêu chuẩn).",1ef69ec2-6298-4c48-b931-aea3fa48c0fc,,t,,,hoat_dong,2026-07-11,,f59bf0bd-520b-4245-80db-dc71b7187bf1,,2026-07-13 14:15:40.080084+00,2026-07-17 02:25:30.805543+00,e96be350-6615-441a-91f5-53ad976e91b3,1ce915ed-07e9-4b65-9209-2652ffd9b681,,,
3c87841c-a283-40d7-8e96-69d334a9a1aa,ce27df84-7054-4032-bfe7-efdb0bd119f4,TPHT_000203,AC/DC converter,accf1740-4c18-4b9a-895f-59d85ba593b5,,t,,,hoat_dong,2026-07-11,,581d9350-905f-46da-b45e-c2d8aba4d868,,2026-07-13 14:15:40.080084+00,2026-07-17 02:25:30.805543+00,e96be350-6615-441a-91f5-53ad976e91b3,1ce915ed-07e9-4b65-9209-2652ffd9b681,,,
3c9d8ea0-c8a5-4ff6-90ad-b4ae6cac2b04,ce27df84-7054-4032-bfe7-efdb0bd119f4,TPHT_000204,Cắt sét nguồn AC,660f73b4-1975-4bde-8c87-810a23ef6e2c,,t,,,hoat_dong,2026-07-11,,581d9350-905f-46da-b45e-c2d8aba4d868,,2026-07-13 14:15:40.080084+00,2026-07-17 02:25:30.805543+00,e96be350-6615-441a-91f5-53ad976e91b3,1ce915ed-07e9-4b65-9209-2652ffd9b681,,,
3d41c87c-65e2-486c-a989-b646224c666e,7f40beb2-5d47-4f4a-b7df-35cd1cca56ae,TPHT_000205,AWOS D-AW21,ae03f513-6763-46f8-913d-91a103966947,,t,,,hoat_dong,2026-07-11,,e43c5d4b-3c3c-4486-89da-73e9ac747ab4,,2026-07-13 14:15:40.080084+00,2026-07-17 02:25:30.805543+00,e96be350-6615-441a-91f5-53ad976e91b3,1ce915ed-07e9-4b65-9209-2652ffd9b681,,,
3dd641e8-736e-41a7-ac1d-7cd917713e93,4fbd5536-e530-4f9b-97d3-d194186c33de,TPHT_000206,Chống sét đường dữ liệu RS-232,660f73b4-1975-4bde-8c87-810a23ef6e2c,,t,,,hoat_dong,2026-07-11,,141337b4-f2fa-4438-808f-0d10cfeedb85,,2026-07-13 14:15:40.080084+00,2026-07-17 02:25:30.805543+00,86ab1273-d507-4143-8f2d-b2e86dd8cf01,1ce915ed-07e9-4b65-9209-2652ffd9b681,,,
3f13a8d2-d9ac-417a-aab1-98f19c034f74,2236fe1c-6896-4157-a310-ae0e094233f6,TPHT_000209,Bộ chuyển đổi AC/DC,accf1740-4c18-4b9a-895f-59d85ba593b5,,t,,,hoat_dong,2026-07-11,,8b408897-b25d-4ece-91ba-d97dfacec283,,2026-07-13 14:15:40.080084+00,2026-07-17 02:25:30.805543+00,e96be350-6615-441a-91f5-53ad976e91b3,1ce915ed-07e9-4b65-9209-2652ffd9b681,,,
3f4ebc73-0fc8-416e-ba57-0840100ae8f0,ebc4a136-c5e7-4f7d-abfc-e3ddea655b8c,TPHT_000210,Modem FSK,ae03f513-6763-46f8-913d-91a103966947,,t,,,hoat_dong,2026-07-11,,46e84da7-5a8b-4a79-aa46-2fb4bae1ff26,,2026-07-13 14:15:40.080084+00,2026-07-17 02:25:30.805543+00,e96be350-6615-441a-91f5-53ad976e91b3,1ce915ed-07e9-4b65-9209-2652ffd9b681,,,
3f9a81f1-28e1-45da-bf37-5402b369ac96,4fbd5536-e530-4f9b-97d3-d194186c33de,TPHT_000211,Chống sét đường dữ liệu RS-232,660f73b4-1975-4bde-8c87-810a23ef6e2c,,t,,,hoat_dong,2026-07-11,,141337b4-f2fa-4438-808f-0d10cfeedb85,,2026-07-13 14:15:40.080084+00,2026-07-17 02:25:30.805543+00,66b78574-4d8b-4d58-8ca7-67b06ef335b2,1ce915ed-07e9-4b65-9209-2652ffd9b681,,,
3f9f492e-e5f8-42ec-bc50-91b48fe28d6d,7f40beb2-5d47-4f4a-b7df-35cd1cca56ae,TPHT_000212,Đo nhiệt độ - độ ẩm - khí áp,98c88d39-bf0f-43c7-83a2-ca5d266ba54f,,t,,,hoat_dong,2026-07-11,,e43c5d4b-3c3c-4486-89da-73e9ac747ab4,,2026-07-13 14:15:40.080084+00,2026-07-17 02:25:30.805543+00,e96be350-6615-441a-91f5-53ad976e91b3,1ce915ed-07e9-4b65-9209-2652ffd9b681,,,
3fc64bdb-6bdb-4b0e-b285-53b31b66a155,a13f3116-f74d-4435-b248-5b458d9fead4,TPHT_000213,Cảm biến ánh sáng nền,98c88d39-bf0f-43c7-83a2-ca5d266ba54f,,t,,,hoat_dong,2026-07-11,,f59bf0bd-520b-4245-80db-dc71b7187bf1,,2026-07-13 14:15:40.080084+00,2026-07-17 02:25:30.805543+00,e96be350-6615-441a-91f5-53ad976e91b3,1ce915ed-07e9-4b65-9209-2652ffd9b681,,,
3fd14302-6b63-4925-a8f6-f42dbc3137a0,a13f3116-f74d-4435-b248-5b458d9fead4,TPHT_000214,Bộ xử lý đầu trên,660f73b4-1975-4bde-8c87-810a23ef6e2c,,t,,,hoat_dong,2026-07-11,,f59bf0bd-520b-4245-80db-dc71b7187bf1,,2026-07-13 14:15:40.080084+00,2026-07-17 02:25:30.805543+00,e96be350-6615-441a-91f5-53ad976e91b3,1ce915ed-07e9-4b65-9209-2652ffd9b681,,,
3fea8a22-5f32-4e7e-b6fb-f9f0208833f4,5ae20f2b-30dc-409c-95db-68b98b79c94e,TPHT_000215,Màn hình 19'',83e7d93e-2f76-4d4f-a6bc-08926383aba1,,t,,,hoat_dong,2026-07-11,,f59bf0bd-520b-4245-80db-dc71b7187bf1,,2026-07-13 14:15:40.080084+00,2026-07-17 02:25:30.805543+00,e96be350-6615-441a-91f5-53ad976e91b3,1ce915ed-07e9-4b65-9209-2652ffd9b681,,,
40393444-c8e3-4ae5-97dc-2158cebaabbe,7f40beb2-5d47-4f4a-b7df-35cd1cca56ae,TPHT_000216,Thiết bị chuyển đổi tín hiệu,ae03f513-6763-46f8-913d-91a103966947,,t,,,hoat_dong,2026-07-11,,e43c5d4b-3c3c-4486-89da-73e9ac747ab4,,2026-07-13 14:15:40.080084+00,2026-07-17 02:25:30.805543+00,e96be350-6615-441a-91f5-53ad976e91b3,1ce915ed-07e9-4b65-9209-2652ffd9b681,,,
41340d6f-b8ed-4cc0-8b85-c2c7584e2bf0,a13f3116-f74d-4435-b248-5b458d9fead4,TPHT_000219,Kèm theo bộ chắn bức xạ,ae03f513-6763-46f8-913d-91a103966947,,t,,,hoat_dong,2026-07-11,,f59bf0bd-520b-4245-80db-dc71b7187bf1,,2026-07-13 14:15:40.080084+00,2026-07-17 02:25:30.805543+00,e96be350-6615-441a-91f5-53ad976e91b3,1ce915ed-07e9-4b65-9209-2652ffd9b681,,,
41761e6b-177b-46a2-9afb-3e968ea6a783,ebc4a136-c5e7-4f7d-abfc-e3ddea655b8c,TPHT_000220,Chống sét đường tín hiệu,660f73b4-1975-4bde-8c87-810a23ef6e2c,,t,,,hoat_dong,2026-07-11,,46e84da7-5a8b-4a79-aa46-2fb4bae1ff26,,2026-07-13 14:15:40.080084+00,2026-07-17 02:25:30.805543+00,e96be350-6615-441a-91f5-53ad976e91b3,1ce915ed-07e9-4b65-9209-2652ffd9b681,,,
42430705-50be-4317-8fcc-521fb6464617,ebc4a136-c5e7-4f7d-abfc-e3ddea655b8c,TPHT_000221,Chống sét đường tín hiệu,660f73b4-1975-4bde-8c87-810a23ef6e2c,,t,,,hoat_dong,2026-07-11,,46e84da7-5a8b-4a79-aa46-2fb4bae1ff26,,2026-07-13 14:15:40.080084+00,2026-07-17 02:25:30.805543+00,e96be350-6615-441a-91f5-53ad976e91b3,1ce915ed-07e9-4b65-9209-2652ffd9b681,,,
4328f836-9275-420c-9aa9-911d1dd865a0,7f40beb2-5d47-4f4a-b7df-35cd1cca56ae,TPHT_000224,AWOS D-AW21,ae03f513-6763-46f8-913d-91a103966947,,t,,,hoat_dong,2026-07-11,,e43c5d4b-3c3c-4486-89da-73e9ac747ab4,,2026-07-13 14:15:40.080084+00,2026-07-17 02:25:30.805543+00,e96be350-6615-441a-91f5-53ad976e91b3,1ce915ed-07e9-4b65-9209-2652ffd9b681,,,
448e27a6-8239-44fe-8760-e17c67f2db01,5ae20f2b-30dc-409c-95db-68b98b79c94e,TPHT_000225,PC OPT - TWR,1ef69ec2-6298-4c48-b931-aea3fa48c0fc,,t,,,hoat_dong,2026-07-11,,f59bf0bd-520b-4245-80db-dc71b7187bf1,,2026-07-13 14:15:40.080084+00,2026-07-17 02:25:30.805543+00,e96be350-6615-441a-91f5-53ad976e91b3,1ce915ed-07e9-4b65-9209-2652ffd9b681,,,
45918674-090a-4c07-9d22-06397c749ea9,ebc4a136-c5e7-4f7d-abfc-e3ddea655b8c,TPHT_000227,Nguồn AC/DC,accf1740-4c18-4b9a-895f-59d85ba593b5,,t,,,hoat_dong,2026-07-11,,46e84da7-5a8b-4a79-aa46-2fb4bae1ff26,,2026-07-13 14:15:40.080084+00,2026-07-17 02:25:30.805543+00,e96be350-6615-441a-91f5-53ad976e91b3,1ce915ed-07e9-4b65-9209-2652ffd9b681,,,
4629b246-e60e-4bcf-be4e-68f4a45a95e2,ce27df84-7054-4032-bfe7-efdb0bd119f4,TPHT_000228,Chống sét đường tín hiệu RS232,660f73b4-1975-4bde-8c87-810a23ef6e2c,,t,,,hoat_dong,2026-07-11,,581d9350-905f-46da-b45e-c2d8aba4d868,,2026-07-13 14:15:40.080084+00,2026-07-17 02:25:30.805543+00,e96be350-6615-441a-91f5-53ad976e91b3,1ce915ed-07e9-4b65-9209-2652ffd9b681,,,
46420bfd-48ab-4749-99c2-520b2e5202e8,2236fe1c-6896-4157-a310-ae0e094233f6,TPHT_000229,Bộ chuyển đổi tín hiệu RS232-Fiber,ae03f513-6763-46f8-913d-91a103966947,,t,,,hoat_dong,2026-07-11,,8b408897-b25d-4ece-91ba-d97dfacec283,,2026-07-13 14:15:40.080084+00,2026-07-17 02:25:30.805543+00,e96be350-6615-441a-91f5-53ad976e91b3,1ce915ed-07e9-4b65-9209-2652ffd9b681,,,
46612257-8d47-40d4-8a86-289221f2e4c2,2236fe1c-6896-4157-a310-ae0e094233f6,TPHT_000230,Bộ chuyển đổi AC/DC,accf1740-4c18-4b9a-895f-59d85ba593b5,,t,,,hoat_dong,2026-07-11,,8b408897-b25d-4ece-91ba-d97dfacec283,,2026-07-13 14:15:40.080084+00,2026-07-17 02:25:30.805543+00,e96be350-6615-441a-91f5-53ad976e91b3,1ce915ed-07e9-4b65-9209-2652ffd9b681,,,
47033cd4-7eef-4dcf-a41f-43e1138d6921,4fbd5536-e530-4f9b-97d3-d194186c33de,TPHT_000231,Nguồn AC/DC,accf1740-4c18-4b9a-895f-59d85ba593b5,,t,,,hoat_dong,2026-07-11,,141337b4-f2fa-4438-808f-0d10cfeedb85,,2026-07-13 14:15:40.080084+00,2026-07-17 02:25:30.805543+00,e96be350-6615-441a-91f5-53ad976e91b3,1ce915ed-07e9-4b65-9209-2652ffd9b681,,,
471b69d8-58ee-487c-ae41-e0ef1897ecd3,5ae20f2b-30dc-409c-95db-68b98b79c94e,TPHT_000232,Hệ thống quan trắc thông dụng,1ef69ec2-6298-4c48-b931-aea3fa48c0fc,,t,,,hoat_dong,2026-07-11,,f59bf0bd-520b-4245-80db-dc71b7187bf1,,2026-07-13 14:15:40.080084+00,2026-07-17 02:25:30.805543+00,e96be350-6615-441a-91f5-53ad976e91b3,1ce915ed-07e9-4b65-9209-2652ffd9b681,,,
47795b72-a8b9-419e-87d8-81d6f11b8160,ebc4a136-c5e7-4f7d-abfc-e3ddea655b8c,TPHT_000233,Chống sét đường tín hiệu,660f73b4-1975-4bde-8c87-810a23ef6e2c,,t,,,hoat_dong,2026-07-11,,46e84da7-5a8b-4a79-aa46-2fb4bae1ff26,,2026-07-13 14:15:40.080084+00,2026-07-17 02:25:30.805543+00,e96be350-6615-441a-91f5-53ad976e91b3,1ce915ed-07e9-4b65-9209-2652ffd9b681,,,
47cc501f-9d9c-4f0c-8872-eda5a6b4a48f,5ae20f2b-30dc-409c-95db-68b98b79c94e,TPHT_000234,Sensor đo trần mây 8339-G+,98c88d39-bf0f-43c7-83a2-ca5d266ba54f,,t,,,hoat_dong,2026-07-11,,f59bf0bd-520b-4245-80db-dc71b7187bf1,,2026-07-13 14:15:40.080084+00,2026-07-17 02:25:30.805543+00,92aa329a-4ad2-4bf1-b2fe-c33ff194335c,1ce915ed-07e9-4b65-9209-2652ffd9b681,,,
48027ec8-6f74-432b-a345-2d923392a94d,a13f3116-f74d-4435-b248-5b458d9fead4,TPHT_000235,"Chống sét bao gồm kim thu sét gắn trên cột 10m, / cáp thoát sét, bộ xử lý đầu cáp (đầu trên, đầu dưới), ống sợi thủy tinh là phụ kiện đồng bộ cùng nhà sản xuất với cáp thoát sét",1ef69ec2-6298-4c48-b931-aea3fa48c0fc,,t,,,hoat_dong,2026-07-11,,f59bf0bd-520b-4245-80db-dc71b7187bf1,,2026-07-13 14:15:40.080084+00,2026-07-17 02:25:30.805543+00,e96be350-6615-441a-91f5-53ad976e91b3,1ce915ed-07e9-4b65-9209-2652ffd9b681,,,
1d10924c-e57b-4dc5-a6cd-45da7d123611,a0625061-0c6d-4e0b-b438-d696787ad746,TPHT_000102,Cảm biến đo độ cao chân mây,98c88d39-bf0f-43c7-83a2-ca5d266ba54f,,t,,,hoat_dong,2026-07-11,,65ac5e26-b0a7-487e-a72d-3f0dfc3facc2,,2026-07-13 14:15:40.080084+00,2026-07-17 02:25:30.805543+00,941ee24b-58b8-4e10-ae03-5d02a456ecf4,1ce915ed-07e9-4b65-9209-2652ffd9b681,,,
2a3c331e-8723-4035-9a30-1dc5c791d94a,4fbd5536-e530-4f9b-97d3-d194186c33de,TPHT_000149,Thiết bị chuyển đổi Serial/Fiber ( 7 PCS),ae03f513-6763-46f8-913d-91a103966947,,t,,,hoat_dong,2026-07-11,,141337b4-f2fa-4438-808f-0d10cfeedb85,,2026-07-13 14:15:40.080084+00,2026-07-17 02:25:30.805543+00,86ab1273-d507-4143-8f2d-b2e86dd8cf01,1ce915ed-07e9-4b65-9209-2652ffd9b681,,,
4840b92e-947b-4341-b74b-5d547fca23b4,ce27df84-7054-4032-bfe7-efdb0bd119f4,TPHT_000236,Cắt sét nguồn AC,660f73b4-1975-4bde-8c87-810a23ef6e2c,,t,,,hoat_dong,2026-07-11,,581d9350-905f-46da-b45e-c2d8aba4d868,,2026-07-13 14:15:40.080084+00,2026-07-17 02:25:30.805543+00,e96be350-6615-441a-91f5-53ad976e91b3,1ce915ed-07e9-4b65-9209-2652ffd9b681,,,
48b942b1-82fc-4908-8b4f-8ba60b272c3e,7f40beb2-5d47-4f4a-b7df-35cd1cca56ae,TPHT_000237,AWOS D-AW21,660f73b4-1975-4bde-8c87-810a23ef6e2c,,t,,,hoat_dong,2026-07-11,,e43c5d4b-3c3c-4486-89da-73e9ac747ab4,,2026-07-13 14:15:40.080084+00,2026-07-17 02:25:30.805543+00,e96be350-6615-441a-91f5-53ad976e91b3,1ce915ed-07e9-4b65-9209-2652ffd9b681,,,
4a4a1830-3fe9-42ea-8dd9-691a1c570d29,2236fe1c-6896-4157-a310-ae0e094233f6,TPHT_000240,Data logger AMS 111 II,ae03f513-6763-46f8-913d-91a103966947,,t,,,hoat_dong,2026-07-11,,8b408897-b25d-4ece-91ba-d97dfacec283,,2026-07-13 14:15:40.080084+00,2026-07-17 02:25:30.805543+00,e96be350-6615-441a-91f5-53ad976e91b3,1ce915ed-07e9-4b65-9209-2652ffd9b681,,,
4a989101-a747-42f2-a7fc-c796a7288c59,ce27df84-7054-4032-bfe7-efdb0bd119f4,TPHT_000241,Chống sét RF,660f73b4-1975-4bde-8c87-810a23ef6e2c,,t,,,hoat_dong,2026-07-11,,581d9350-905f-46da-b45e-c2d8aba4d868,,2026-07-13 14:15:40.080084+00,2026-07-17 02:25:30.805543+00,e96be350-6615-441a-91f5-53ad976e91b3,1ce915ed-07e9-4b65-9209-2652ffd9b681,,,
4ad7753e-8efe-4e8a-ba8c-82f621713146,2236fe1c-6896-4157-a310-ae0e094233f6,TPHT_000242,Bộ chuyển đổi AC/DC,accf1740-4c18-4b9a-895f-59d85ba593b5,,t,,,hoat_dong,2026-07-11,,8b408897-b25d-4ece-91ba-d97dfacec283,,2026-07-13 14:15:40.080084+00,2026-07-17 02:25:30.805543+00,e96be350-6615-441a-91f5-53ad976e91b3,1ce915ed-07e9-4b65-9209-2652ffd9b681,,,
4ba90dac-859c-452b-ba61-ae3854deb94d,a0625061-0c6d-4e0b-b438-d696787ad746,TPHT_000245,Cắt lọc sét nguồn AC,660f73b4-1975-4bde-8c87-810a23ef6e2c,,t,,,hoat_dong,2026-07-11,,65ac5e26-b0a7-487e-a72d-3f0dfc3facc2,,2026-07-13 14:15:40.080084+00,2026-07-17 02:25:30.805543+00,7edb2f00-60da-46ad-8aed-873d4708393d,1ce915ed-07e9-4b65-9209-2652ffd9b681,,,
4bd79085-3bf2-4a33-80dc-96bbc6321931,45599b8c-56e9-4d30-9578-703ef8ecbe3f,TPHT_000246,Máy thu MAIN,032cd7d8-5028-42f1-86b5-cf3122e3a430,,t,1,,hoat_dong,2026-07-13,,581d9350-905f-46da-b45e-c2d8aba4d868,,2026-07-13 14:15:40.080084+00,2026-07-17 02:25:30.805543+00,03818fa3-ee05-4dfe-92f0-b6f752b0b97a,1ce915ed-07e9-4b65-9209-2652ffd9b681,,,
4bde6999-908a-4f19-b582-3ff5e20908c0,5ae20f2b-30dc-409c-95db-68b98b79c94e,TPHT_000247,Ắc quy cấp nguồn cho modem UHF,ae03f513-6763-46f8-913d-91a103966947,,t,,,hoat_dong,2026-07-11,,f59bf0bd-520b-4245-80db-dc71b7187bf1,,2026-07-13 14:15:40.080084+00,2026-07-17 02:25:30.805543+00,e96be350-6615-441a-91f5-53ad976e91b3,1ce915ed-07e9-4b65-9209-2652ffd9b681,,,
4be8ead7-c2cb-4196-87c3-9c4e8431bef6,7f40beb2-5d47-4f4a-b7df-35cd1cca56ae,TPHT_000248,Màn hình hiển thị số liệu gió,83e7d93e-2f76-4d4f-a6bc-08926383aba1,,t,,,hoat_dong,2026-07-11,,e43c5d4b-3c3c-4486-89da-73e9ac747ab4,,2026-07-13 14:15:40.080084+00,2026-07-17 02:25:30.805543+00,e96be350-6615-441a-91f5-53ad976e91b3,1ce915ed-07e9-4b65-9209-2652ffd9b681,,,
4c880848-f6c2-4b20-8366-743f397ed00a,2236fe1c-6896-4157-a310-ae0e094233f6,TPHT_000250,"Thiết bị điện tử đo nhiệt độ, độ ẩm, khí áp",98c88d39-bf0f-43c7-83a2-ca5d266ba54f,,t,,,hoat_dong,2026-07-11,,8b408897-b25d-4ece-91ba-d97dfacec283,,2026-07-13 14:15:40.080084+00,2026-07-17 02:25:30.805543+00,e96be350-6615-441a-91f5-53ad976e91b3,1ce915ed-07e9-4b65-9209-2652ffd9b681,,,
4cabb8c3-8ec0-4169-82d3-6a46ae950591,2236fe1c-6896-4157-a310-ae0e094233f6,TPHT_000251,Bộ chuyển đổi tín hiệu RS232-Fiber,ae03f513-6763-46f8-913d-91a103966947,,t,,,hoat_dong,2026-07-11,,8b408897-b25d-4ece-91ba-d97dfacec283,,2026-07-13 14:15:40.080084+00,2026-07-17 02:25:30.805543+00,e96be350-6615-441a-91f5-53ad976e91b3,1ce915ed-07e9-4b65-9209-2652ffd9b681,,,
4cbb2660-9016-40b8-a1bd-7f54f112482b,2236fe1c-6896-4157-a310-ae0e094233f6,TPHT_000252,Thiết bị cắt lọc sét 1 pha,660f73b4-1975-4bde-8c87-810a23ef6e2c,,t,,,hoat_dong,2026-07-11,,8b408897-b25d-4ece-91ba-d97dfacec283,,2026-07-13 14:15:40.080084+00,2026-07-17 02:25:30.805543+00,e96be350-6615-441a-91f5-53ad976e91b3,1ce915ed-07e9-4b65-9209-2652ffd9b681,,,
4d55ca63-b634-410e-aeaa-a1f202612c2a,5ae20f2b-30dc-409c-95db-68b98b79c94e,TPHT_000253,Bộ nguồn AC/DC,accf1740-4c18-4b9a-895f-59d85ba593b5,,t,,,hoat_dong,2026-07-11,,f59bf0bd-520b-4245-80db-dc71b7187bf1,,2026-07-13 14:15:40.080084+00,2026-07-17 02:25:30.805543+00,e96be350-6615-441a-91f5-53ad976e91b3,1ce915ed-07e9-4b65-9209-2652ffd9b681,,,
4d73cdda-39e1-41f7-b67f-d73c3a3f065b,a0625061-0c6d-4e0b-b438-d696787ad746,TPHT_000255,Cắt lọc sét nguồn AC,660f73b4-1975-4bde-8c87-810a23ef6e2c,,t,,,hoat_dong,2026-07-11,,65ac5e26-b0a7-487e-a72d-3f0dfc3facc2,,2026-07-13 14:15:40.080084+00,2026-07-17 02:25:30.805543+00,e96be350-6615-441a-91f5-53ad976e91b3,1ce915ed-07e9-4b65-9209-2652ffd9b681,,,
4d88f5aa-effd-436f-bf01-6e04bad41f21,2236fe1c-6896-4157-a310-ae0e094233f6,TPHT_000256,Chống sét đường tín hiệu,660f73b4-1975-4bde-8c87-810a23ef6e2c,,t,,,hoat_dong,2026-07-11,,8b408897-b25d-4ece-91ba-d97dfacec283,,2026-07-13 14:15:40.080084+00,2026-07-17 02:25:30.805543+00,e96be350-6615-441a-91f5-53ad976e91b3,1ce915ed-07e9-4b65-9209-2652ffd9b681,,,
4db5bf62-3ec7-430a-8c1c-3edc25a66242,4fbd5536-e530-4f9b-97d3-d194186c33de,TPHT_000257,Khí áp kế,98c88d39-bf0f-43c7-83a2-ca5d266ba54f,,t,,,hoat_dong,2026-07-11,,141337b4-f2fa-4438-808f-0d10cfeedb85,,2026-07-13 14:15:40.080084+00,2026-07-17 02:25:30.805543+00,e96be350-6615-441a-91f5-53ad976e91b3,1ce915ed-07e9-4b65-9209-2652ffd9b681,,,
4ebc03c6-d026-46af-b0ec-e5d19d27a5ed,7f40beb2-5d47-4f4a-b7df-35cd1cca56ae,TPHT_000258,AWOS D-AW21,660f73b4-1975-4bde-8c87-810a23ef6e2c,,t,,,hoat_dong,2026-07-11,,e43c5d4b-3c3c-4486-89da-73e9ac747ab4,,2026-07-13 14:15:40.080084+00,2026-07-17 02:25:30.805543+00,e96be350-6615-441a-91f5-53ad976e91b3,1ce915ed-07e9-4b65-9209-2652ffd9b681,,,
4ecc0311-e31d-4ed1-bc50-b9a2575187c7,ebc4a136-c5e7-4f7d-abfc-e3ddea655b8c,TPHT_000259,Cảm biến đo độ cao chân mây,98c88d39-bf0f-43c7-83a2-ca5d266ba54f,,t,,,hoat_dong,2026-07-11,,46e84da7-5a8b-4a79-aa46-2fb4bae1ff26,,2026-07-13 14:15:40.080084+00,2026-07-17 02:25:30.805543+00,e96be350-6615-441a-91f5-53ad976e91b3,1ce915ed-07e9-4b65-9209-2652ffd9b681,,,
4ef5b4a8-5d84-4f5c-99b6-e369eca188ca,a0625061-0c6d-4e0b-b438-d696787ad746,TPHT_000260,Cảm biến đo khí áp,98c88d39-bf0f-43c7-83a2-ca5d266ba54f,,t,,,hoat_dong,2026-07-11,,65ac5e26-b0a7-487e-a72d-3f0dfc3facc2,,2026-07-13 14:15:40.080084+00,2026-07-17 02:25:30.805543+00,e96be350-6615-441a-91f5-53ad976e91b3,1ce915ed-07e9-4b65-9209-2652ffd9b681,,,
4f42084d-9367-43bb-8b60-a7545bf46f6a,a0625061-0c6d-4e0b-b438-d696787ad746,TPHT_000261,Cắt lọc sét AC đèn cao không,660f73b4-1975-4bde-8c87-810a23ef6e2c,,t,,,hoat_dong,2026-07-11,,65ac5e26-b0a7-487e-a72d-3f0dfc3facc2,,2026-07-13 14:15:40.080084+00,2026-07-17 02:25:30.805543+00,7edb2f00-60da-46ad-8aed-873d4708393d,1ce915ed-07e9-4b65-9209-2652ffd9b681,,,
4f59c6d9-8688-40ce-8505-6334116b6fe8,ce27df84-7054-4032-bfe7-efdb0bd119f4,TPHT_000262,Cắt sét nguồn AC,660f73b4-1975-4bde-8c87-810a23ef6e2c,,t,,,hoat_dong,2026-07-11,,581d9350-905f-46da-b45e-c2d8aba4d868,,2026-07-13 14:15:40.080084+00,2026-07-17 02:25:30.805543+00,e96be350-6615-441a-91f5-53ad976e91b3,1ce915ed-07e9-4b65-9209-2652ffd9b681,,,
06a6e671-c6b2-4e4e-981c-8bf688bd4c20,a0625061-0c6d-4e0b-b438-d696787ad746,TPHT_000016,Thiết bị Serial to Ethernet,ae03f513-6763-46f8-913d-91a103966947,,t,,,hoat_dong,2026-07-11,,65ac5e26-b0a7-487e-a72d-3f0dfc3facc2,,2026-07-13 14:15:40.080084+00,2026-07-17 02:25:30.805543+00,941ee24b-58b8-4e10-ae03-5d02a456ecf4,1ce915ed-07e9-4b65-9209-2652ffd9b681,,,
25318ab1-ce8f-4164-a1ad-a4440a5abaad,2236fe1c-6896-4157-a310-ae0e094233f6,TPHT_000127,Modem Moxa 16 port,ae03f513-6763-46f8-913d-91a103966947,,t,,,hoat_dong,2026-07-11,,8b408897-b25d-4ece-91ba-d97dfacec283,,2026-07-13 14:15:40.080084+00,2026-07-17 02:25:30.805543+00,c6b9108a-b830-42a6-b3b8-9e6dd5196202,1ce915ed-07e9-4b65-9209-2652ffd9b681,,,
4f6570a5-d224-4bce-b673-2ef54b1931f5,a13f3116-f74d-4435-b248-5b458d9fead4,TPHT_000263,Hệ thống xử lý dữ liệu trung tâm bao gồm:,1ef69ec2-6298-4c48-b931-aea3fa48c0fc,,t,,,hoat_dong,2026-07-11,,f59bf0bd-520b-4245-80db-dc71b7187bf1,,2026-07-13 14:15:40.080084+00,2026-07-17 02:25:30.805543+00,e96be350-6615-441a-91f5-53ad976e91b3,1ce915ed-07e9-4b65-9209-2652ffd9b681,,,
4f9bcd30-519c-41fe-bc5a-e1333192bbcf,ebc4a136-c5e7-4f7d-abfc-e3ddea655b8c,TPHT_000264,Thiết bị Serial to Ethernet,ae03f513-6763-46f8-913d-91a103966947,,t,,,hoat_dong,2026-07-11,,46e84da7-5a8b-4a79-aa46-2fb4bae1ff26,,2026-07-13 14:15:40.080084+00,2026-07-17 02:25:30.805543+00,e96be350-6615-441a-91f5-53ad976e91b3,1ce915ed-07e9-4b65-9209-2652ffd9b681,,,
501f6363-ccc9-4fca-bddf-c5ee4a008fcc,a13f3116-f74d-4435-b248-5b458d9fead4,TPHT_000265,Modem vô tuyến (Modem vô tuyến,ae03f513-6763-46f8-913d-91a103966947,,t,,,hoat_dong,2026-07-11,,f59bf0bd-520b-4245-80db-dc71b7187bf1,,2026-07-13 14:15:40.080084+00,2026-07-17 02:25:30.805543+00,e96be350-6615-441a-91f5-53ad976e91b3,1ce915ed-07e9-4b65-9209-2652ffd9b681,,,
50962ee4-42f8-4d54-86f7-791d9a5cd2b8,4fbd5536-e530-4f9b-97d3-d194186c33de,TPHT_000266,Thiết bị chuyển đổi Serial/Fiber,ae03f513-6763-46f8-913d-91a103966947,,t,,,hoat_dong,2026-07-11,,141337b4-f2fa-4438-808f-0d10cfeedb85,,2026-07-13 14:15:40.080084+00,2026-07-17 02:25:30.805543+00,38e5eeb4-1688-47ea-ac85-5fd68d617ea5,1ce915ed-07e9-4b65-9209-2652ffd9b681,,,
51c3caaa-2c8d-472b-8e67-d7f8c0e2dcee,2236fe1c-6896-4157-a310-ae0e094233f6,TPHT_000267,Chống sét đường tín hiệu,660f73b4-1975-4bde-8c87-810a23ef6e2c,,t,,,hoat_dong,2026-07-11,,8b408897-b25d-4ece-91ba-d97dfacec283,,2026-07-13 14:15:40.080084+00,2026-07-17 02:25:30.805543+00,c6b9108a-b830-42a6-b3b8-9e6dd5196202,1ce915ed-07e9-4b65-9209-2652ffd9b681,,,
5291bc75-4a99-4621-adc1-80d997123db9,a0625061-0c6d-4e0b-b438-d696787ad746,TPHT_000268,Cắt lọc sét nguồn AC,660f73b4-1975-4bde-8c87-810a23ef6e2c,,t,,,hoat_dong,2026-07-11,,65ac5e26-b0a7-487e-a72d-3f0dfc3facc2,,2026-07-13 14:15:40.080084+00,2026-07-17 02:25:30.805543+00,3f302563-bdbb-443d-911f-b0058e38db42,1ce915ed-07e9-4b65-9209-2652ffd9b681,,,
52ad0cfb-a085-43d3-be39-7a04f9a38c34,ebc4a136-c5e7-4f7d-abfc-e3ddea655b8c,TPHT_000269,Modem FSK,ae03f513-6763-46f8-913d-91a103966947,,t,,,hoat_dong,2026-07-11,,46e84da7-5a8b-4a79-aa46-2fb4bae1ff26,,2026-07-13 14:15:40.080084+00,2026-07-17 02:25:30.805543+00,e96be350-6615-441a-91f5-53ad976e91b3,1ce915ed-07e9-4b65-9209-2652ffd9b681,,,
5301b1f3-fcf6-4bf3-bdc4-9a0a785178d8,ce27df84-7054-4032-bfe7-efdb0bd119f4,TPHT_000271,Cảm biến đo gió,98c88d39-bf0f-43c7-83a2-ca5d266ba54f,,t,,,hoat_dong,2026-07-11,,581d9350-905f-46da-b45e-c2d8aba4d868,,2026-07-13 14:15:40.080084+00,2026-07-17 02:25:30.805543+00,e96be350-6615-441a-91f5-53ad976e91b3,1ce915ed-07e9-4b65-9209-2652ffd9b681,,,
535cdb34-2fe9-4853-9cf9-4915c4d90c64,8b1b85e4-de60-436d-bb4a-052a4ca1d056,TPHT_000272,"- CPU : INTEL G30CORE 2 DUO 2.6 Ghz, 2 GB DDRAM II, 160 Gb HDD SATA, DVD - RW, - Display: model: L177W8B-PF.G30 LCD 17""LG. Keyboard, Optical mouse.",83e7d93e-2f76-4d4f-a6bc-08926383aba1,,t,,,hoat_dong,2026-07-12,,581d9350-905f-46da-b45e-c2d8aba4d868,,2026-07-13 14:15:40.080084+00,2026-07-17 02:25:30.805543+00,03818fa3-ee05-4dfe-92f0-b6f752b0b97a,1ce915ed-07e9-4b65-9209-2652ffd9b681,,,
5366e830-2d92-4931-8de4-23bce37055f6,ce27df84-7054-4032-bfe7-efdb0bd119f4,TPHT_000273,Cảm biến đo trần mây,98c88d39-bf0f-43c7-83a2-ca5d266ba54f,,t,,,hoat_dong,2026-07-11,,581d9350-905f-46da-b45e-c2d8aba4d868,,2026-07-13 14:15:40.080084+00,2026-07-17 02:25:30.805543+00,e96be350-6615-441a-91f5-53ad976e91b3,1ce915ed-07e9-4b65-9209-2652ffd9b681,,,
53afc8a8-e606-47b3-97b9-72cea323701a,ebc4a136-c5e7-4f7d-abfc-e3ddea655b8c,TPHT_000274,Chống sét nguồn AC,660f73b4-1975-4bde-8c87-810a23ef6e2c,,t,,,hoat_dong,2026-07-11,,46e84da7-5a8b-4a79-aa46-2fb4bae1ff26,,2026-07-13 14:15:40.080084+00,2026-07-17 02:25:30.805543+00,e96be350-6615-441a-91f5-53ad976e91b3,1ce915ed-07e9-4b65-9209-2652ffd9b681,,,
555b5373-8079-4026-9e01-dcc6d68fa75f,7f40beb2-5d47-4f4a-b7df-35cd1cca56ae,TPHT_000276,AWOS D-AW21,accf1740-4c18-4b9a-895f-59d85ba593b5,,t,,,hoat_dong,2026-07-11,,e43c5d4b-3c3c-4486-89da-73e9ac747ab4,,2026-07-13 14:15:40.080084+00,2026-07-17 02:25:30.805543+00,e96be350-6615-441a-91f5-53ad976e91b3,1ce915ed-07e9-4b65-9209-2652ffd9b681,,,
55c45fd5-58c3-4031-98bb-326e94410e64,4fbd5536-e530-4f9b-97d3-d194186c33de,TPHT_000277,Chống sét đường dữ liệu RS-232,660f73b4-1975-4bde-8c87-810a23ef6e2c,,t,,,hoat_dong,2026-07-11,,141337b4-f2fa-4438-808f-0d10cfeedb85,,2026-07-13 14:15:40.080084+00,2026-07-17 02:25:30.805543+00,f099f53a-5ef4-4039-ba41-1ea298f0ae5d,1ce915ed-07e9-4b65-9209-2652ffd9b681,,,
563b8a1d-dcf2-4b48-8ff5-7b83e9173238,7f40beb2-5d47-4f4a-b7df-35cd1cca56ae,TPHT_000278,AWOS D-AW21,ae03f513-6763-46f8-913d-91a103966947,,t,,,hoat_dong,2026-07-11,,e43c5d4b-3c3c-4486-89da-73e9ac747ab4,,2026-07-13 14:15:40.080084+00,2026-07-17 02:25:30.805543+00,e96be350-6615-441a-91f5-53ad976e91b3,1ce915ed-07e9-4b65-9209-2652ffd9b681,,,
567c79f0-2fb3-4af7-bd85-1c2764f719ef,2236fe1c-6896-4157-a310-ae0e094233f6,TPHT_000280,Chống sét đường tín hiệu,660f73b4-1975-4bde-8c87-810a23ef6e2c,,t,,,hoat_dong,2026-07-11,,8b408897-b25d-4ece-91ba-d97dfacec283,,2026-07-13 14:15:40.080084+00,2026-07-17 02:25:30.805543+00,c6b9108a-b830-42a6-b3b8-9e6dd5196202,1ce915ed-07e9-4b65-9209-2652ffd9b681,,,
56b12d90-501d-44ae-829a-36a3ee3f088a,2236fe1c-6896-4157-a310-ae0e094233f6,TPHT_000281,Chống sét đường tín hiệu,660f73b4-1975-4bde-8c87-810a23ef6e2c,,t,,,hoat_dong,2026-07-11,,8b408897-b25d-4ece-91ba-d97dfacec283,,2026-07-13 14:15:40.080084+00,2026-07-17 02:25:30.805543+00,e96be350-6615-441a-91f5-53ad976e91b3,1ce915ed-07e9-4b65-9209-2652ffd9b681,,,
56c7140c-b417-4fb2-80db-70f725cd6c97,a0625061-0c6d-4e0b-b438-d696787ad746,TPHT_000282,Nguồn AC/DC,accf1740-4c18-4b9a-895f-59d85ba593b5,,t,,,hoat_dong,2026-07-11,,65ac5e26-b0a7-487e-a72d-3f0dfc3facc2,,2026-07-13 14:15:40.080084+00,2026-07-17 02:25:30.805543+00,e96be350-6615-441a-91f5-53ad976e91b3,1ce915ed-07e9-4b65-9209-2652ffd9b681,,,
56e281d1-30e1-45fe-b36c-913f7f37a6ba,7f40beb2-5d47-4f4a-b7df-35cd1cca56ae,TPHT_000283,AWOS D-AW21,660f73b4-1975-4bde-8c87-810a23ef6e2c,,t,,,hoat_dong,2026-07-11,,e43c5d4b-3c3c-4486-89da-73e9ac747ab4,,2026-07-13 14:15:40.080084+00,2026-07-17 02:25:30.805543+00,e96be350-6615-441a-91f5-53ad976e91b3,1ce915ed-07e9-4b65-9209-2652ffd9b681,,,
5753a607-65d3-4219-92c2-ce714edfd06a,a13f3116-f74d-4435-b248-5b458d9fead4,TPHT_000284,Bộ xử lý đầu trên,660f73b4-1975-4bde-8c87-810a23ef6e2c,,t,,,hoat_dong,2026-07-11,,f59bf0bd-520b-4245-80db-dc71b7187bf1,,2026-07-13 14:15:40.080084+00,2026-07-17 02:25:30.805543+00,e96be350-6615-441a-91f5-53ad976e91b3,1ce915ed-07e9-4b65-9209-2652ffd9b681,,,
586de19c-ba07-4bef-9fa1-2aec1c93f7ec,5ae20f2b-30dc-409c-95db-68b98b79c94e,TPHT_000285,Thiết bị giao tiếp dữ liệu Advantech UNO-139,1ef69ec2-6298-4c48-b931-aea3fa48c0fc,,t,,,hoat_dong,2026-07-11,,f59bf0bd-520b-4245-80db-dc71b7187bf1,,2026-07-13 14:15:40.080084+00,2026-07-17 02:25:30.805543+00,e96be350-6615-441a-91f5-53ad976e91b3,1ce915ed-07e9-4b65-9209-2652ffd9b681,,,
58b368ab-ceff-4070-a7c3-a1e13903063f,a13f3116-f74d-4435-b248-5b458d9fead4,TPHT_000286,Cáp,1ef69ec2-6298-4c48-b931-aea3fa48c0fc,,t,,,hoat_dong,2026-07-11,,f59bf0bd-520b-4245-80db-dc71b7187bf1,,2026-07-13 14:15:40.080084+00,2026-07-17 02:25:30.805543+00,e96be350-6615-441a-91f5-53ad976e91b3,1ce915ed-07e9-4b65-9209-2652ffd9b681,,,
5912bc32-36c5-4c0b-a06a-4bc3777a80a2,a13f3116-f74d-4435-b248-5b458d9fead4,TPHT_000287,Thiết bị mạng kết nối các máy chủ và các máy tính đầu cuối (gồm 02 bộ Switch),ae03f513-6763-46f8-913d-91a103966947,,t,,,hoat_dong,2026-07-11,,f59bf0bd-520b-4245-80db-dc71b7187bf1,,2026-07-13 14:15:40.080084+00,2026-07-17 02:25:30.805543+00,e96be350-6615-441a-91f5-53ad976e91b3,1ce915ed-07e9-4b65-9209-2652ffd9b681,,,
5977efd6-8664-477e-96b2-cf0f432644a5,ebc4a136-c5e7-4f7d-abfc-e3ddea655b8c,TPHT_000289,Máy chủ 2,83e7d93e-2f76-4d4f-a6bc-08926383aba1,,t,,,hoat_dong,2026-07-11,,46e84da7-5a8b-4a79-aa46-2fb4bae1ff26,,2026-07-13 14:15:40.080084+00,2026-07-17 02:25:30.805543+00,e96be350-6615-441a-91f5-53ad976e91b3,1ce915ed-07e9-4b65-9209-2652ffd9b681,,,
59befd27-7c30-4ae3-9e3f-2cbca3ab238c,a13f3116-f74d-4435-b248-5b458d9fead4,TPHT_000290,"Cảm biến đo dông sét (bao gồm trụ lắp đặt, cáp tín hiệu, phụ kiện lắp đặt tiêu chuẩn kèm theo)",98c88d39-bf0f-43c7-83a2-ca5d266ba54f,,t,,,hoat_dong,2026-07-11,,f59bf0bd-520b-4245-80db-dc71b7187bf1,,2026-07-13 14:15:40.080084+00,2026-07-17 02:25:30.805543+00,e96be350-6615-441a-91f5-53ad976e91b3,1ce915ed-07e9-4b65-9209-2652ffd9b681,,,
5a9bc3e3-e401-40c8-8571-2e9f7d94eaf7,a0625061-0c6d-4e0b-b438-d696787ad746,TPHT_000291,Nguồn AC/DC,accf1740-4c18-4b9a-895f-59d85ba593b5,,t,,,hoat_dong,2026-07-11,,65ac5e26-b0a7-487e-a72d-3f0dfc3facc2,,2026-07-13 14:15:40.080084+00,2026-07-17 02:25:30.805543+00,3f302563-bdbb-443d-911f-b0058e38db42,1ce915ed-07e9-4b65-9209-2652ffd9b681,,,
5b4797eb-95d0-471d-8bc9-15fb2887acf3,2236fe1c-6896-4157-a310-ae0e094233f6,TPHT_000292,"Antenna  405-430 MHz, 5YAGI",accf1740-4c18-4b9a-895f-59d85ba593b5,,t,,,hoat_dong,2026-07-11,,8b408897-b25d-4ece-91ba-d97dfacec283,,2026-07-13 14:15:40.080084+00,2026-07-17 02:25:30.805543+00,e96be350-6615-441a-91f5-53ad976e91b3,1ce915ed-07e9-4b65-9209-2652ffd9b681,,,
5bdd3f12-8d15-42f6-915c-0d9421248a06,5ae20f2b-30dc-409c-95db-68b98b79c94e,TPHT_000293,Màn hình hiển thị số liệu Nhiệt ẩm áp Thies 1.1006.54.080,83e7d93e-2f76-4d4f-a6bc-08926383aba1,,t,,,hoat_dong,2026-07-11,,f59bf0bd-520b-4245-80db-dc71b7187bf1,,2026-07-13 14:15:40.080084+00,2026-07-17 02:25:30.805543+00,e96be350-6615-441a-91f5-53ad976e91b3,1ce915ed-07e9-4b65-9209-2652ffd9b681,,,
5c0ca7b4-117a-43e3-aa27-7b2bcd951bd2,ebc4a136-c5e7-4f7d-abfc-e3ddea655b8c,TPHT_000294,Switch 1,ae03f513-6763-46f8-913d-91a103966947,,t,,,hoat_dong,2026-07-11,,46e84da7-5a8b-4a79-aa46-2fb4bae1ff26,,2026-07-13 14:15:40.080084+00,2026-07-17 02:25:30.805543+00,e96be350-6615-441a-91f5-53ad976e91b3,1ce915ed-07e9-4b65-9209-2652ffd9b681,,,
5c3df2ae-37f5-4db8-9bbb-14b341fff80a,5ae20f2b-30dc-409c-95db-68b98b79c94e,TPHT_000295,Converter IA5250,ae03f513-6763-46f8-913d-91a103966947,,t,,,hoat_dong,2026-07-11,,f59bf0bd-520b-4245-80db-dc71b7187bf1,,2026-07-13 14:15:40.080084+00,2026-07-17 02:25:30.805543+00,e96be350-6615-441a-91f5-53ad976e91b3,1ce915ed-07e9-4b65-9209-2652ffd9b681,,,
5c9f0082-2c66-4ef0-87b8-247d33db206f,a0625061-0c6d-4e0b-b438-d696787ad746,TPHT_000296,Nguồn AC/DC,accf1740-4c18-4b9a-895f-59d85ba593b5,,t,,,hoat_dong,2026-07-11,,65ac5e26-b0a7-487e-a72d-3f0dfc3facc2,,2026-07-13 14:15:40.080084+00,2026-07-17 02:25:30.805543+00,e96be350-6615-441a-91f5-53ad976e91b3,1ce915ed-07e9-4b65-9209-2652ffd9b681,,,
5d417df4-7768-400d-80b9-1c7e76a9c8a4,ebc4a136-c5e7-4f7d-abfc-e3ddea655b8c,TPHT_000297,Màn hình hiển thị số liệu Nhiệt-Ẩm-Áp,83e7d93e-2f76-4d4f-a6bc-08926383aba1,,t,,,hoat_dong,2026-07-11,,46e84da7-5a8b-4a79-aa46-2fb4bae1ff26,,2026-07-13 14:15:40.080084+00,2026-07-17 02:25:30.805543+00,ff3511ef-1568-4f81-9c59-21d71703e354,1ce915ed-07e9-4b65-9209-2652ffd9b681,,,
5e04c652-35dd-4ef5-a3a1-46402a13db1b,5ae20f2b-30dc-409c-95db-68b98b79c94e,TPHT_000298,Sensor đo trần mây 8339-G+,98c88d39-bf0f-43c7-83a2-ca5d266ba54f,,t,,,hoat_dong,2026-07-11,,f59bf0bd-520b-4245-80db-dc71b7187bf1,,2026-07-13 14:15:40.080084+00,2026-07-17 02:25:30.805543+00,92aa329a-4ad2-4bf1-b2fe-c33ff194335c,1ce915ed-07e9-4b65-9209-2652ffd9b681,,,
5e9b6de1-1b37-4915-aaed-904ab4b73fb0,2236fe1c-6896-4157-a310-ae0e094233f6,TPHT_000299,Thiết bị cắt lọc sét 1 pha,660f73b4-1975-4bde-8c87-810a23ef6e2c,,t,,,hoat_dong,2026-07-11,,8b408897-b25d-4ece-91ba-d97dfacec283,,2026-07-13 14:15:40.080084+00,2026-07-17 02:25:30.805543+00,e96be350-6615-441a-91f5-53ad976e91b3,1ce915ed-07e9-4b65-9209-2652ffd9b681,,,
5f485470-4cac-46c2-a01e-7bd4ec83953e,4fbd5536-e530-4f9b-97d3-d194186c33de,TPHT_000300,Cắt lọc sét nguồn AC - Tủ thiết bị,660f73b4-1975-4bde-8c87-810a23ef6e2c,,t,,,hoat_dong,2026-07-11,,141337b4-f2fa-4438-808f-0d10cfeedb85,,2026-07-13 14:15:40.080084+00,2026-07-17 02:25:30.805543+00,ffd5b794-82b9-4fd3-9057-3579b9140d1d,1ce915ed-07e9-4b65-9209-2652ffd9b681,,,
5f48df1a-1188-4b9b-b63c-db2ff090345e,5ae20f2b-30dc-409c-95db-68b98b79c94e,TPHT_000301,PC OPT-APP1,1ef69ec2-6298-4c48-b931-aea3fa48c0fc,,t,,,hoat_dong,2026-07-11,,f59bf0bd-520b-4245-80db-dc71b7187bf1,,2026-07-13 14:15:40.080084+00,2026-07-17 02:25:30.805543+00,e96be350-6615-441a-91f5-53ad976e91b3,1ce915ed-07e9-4b65-9209-2652ffd9b681,,,
5b47286b-23ad-41a2-8190-d533f22c2740,84d8fc04-de52-4ea1-b9fb-21d080b27ae5,TPHT_000900,chi tiết kênh theo phụ lục,,,f,4,,hoat_dong,,,f59bf0bd-520b-4245-80db-dc71b7187bf1,,2026-07-14 14:07:26.97561+00,2026-07-17 07:27:24.789697+00,e96be350-6615-441a-91f5-53ad976e91b3,,,,
5fae93ab-2d8b-4faa-be88-e3c51eb1e8e2,7f40beb2-5d47-4f4a-b7df-35cd1cca56ae,TPHT_000302,AWOS D-AW21,660f73b4-1975-4bde-8c87-810a23ef6e2c,,t,,,hoat_dong,2026-07-11,,e43c5d4b-3c3c-4486-89da-73e9ac747ab4,,2026-07-13 14:15:40.080084+00,2026-07-17 02:25:30.805543+00,e96be350-6615-441a-91f5-53ad976e91b3,1ce915ed-07e9-4b65-9209-2652ffd9b681,,,
5fb143dd-a70f-4e93-8c63-74b777d93ebb,a13f3116-f74d-4435-b248-5b458d9fead4,TPHT_000303,Trạm MID,1ef69ec2-6298-4c48-b931-aea3fa48c0fc,,t,,,hoat_dong,2026-07-11,,f59bf0bd-520b-4245-80db-dc71b7187bf1,,2026-07-13 14:15:40.080084+00,2026-07-17 02:25:30.805543+00,e96be350-6615-441a-91f5-53ad976e91b3,1ce915ed-07e9-4b65-9209-2652ffd9b681,,,
5fdb225c-9227-4ab0-aed3-f3e00ca51b5d,2236fe1c-6896-4157-a310-ae0e094233f6,TPHT_000304,Bộ chuyển đổi tín hiệu RS232-Fiber,ae03f513-6763-46f8-913d-91a103966947,,t,,,hoat_dong,2026-07-11,,8b408897-b25d-4ece-91ba-d97dfacec283,,2026-07-13 14:15:40.080084+00,2026-07-17 02:25:30.805543+00,e96be350-6615-441a-91f5-53ad976e91b3,1ce915ed-07e9-4b65-9209-2652ffd9b681,,,
60212546-36ae-470e-9669-da40b64ad1f8,5ae20f2b-30dc-409c-95db-68b98b79c94e,TPHT_000305,Thiết bị giao tiếp dữ liệu Advantech UNO-137,1ef69ec2-6298-4c48-b931-aea3fa48c0fc,,t,,,hoat_dong,2026-07-11,,f59bf0bd-520b-4245-80db-dc71b7187bf1,,2026-07-13 14:15:40.080084+00,2026-07-17 02:25:30.805543+00,e96be350-6615-441a-91f5-53ad976e91b3,1ce915ed-07e9-4b65-9209-2652ffd9b681,,,
608476b9-60a3-4b98-8616-8666f353bf88,7f40beb2-5d47-4f4a-b7df-35cd1cca56ae,TPHT_000306,AWOS D-AW21,83e7d93e-2f76-4d4f-a6bc-08926383aba1,,t,,,hoat_dong,2026-07-11,,e43c5d4b-3c3c-4486-89da-73e9ac747ab4,,2026-07-13 14:15:40.080084+00,2026-07-17 02:25:30.805543+00,e96be350-6615-441a-91f5-53ad976e91b3,1ce915ed-07e9-4b65-9209-2652ffd9b681,,,
61373653-169f-4252-8bc6-09097a4dd1c7,ce27df84-7054-4032-bfe7-efdb0bd119f4,TPHT_000308,AC/DC converter,accf1740-4c18-4b9a-895f-59d85ba593b5,,t,,,hoat_dong,2026-07-11,,581d9350-905f-46da-b45e-c2d8aba4d868,,2026-07-13 14:15:40.080084+00,2026-07-17 02:25:30.805543+00,e96be350-6615-441a-91f5-53ad976e91b3,1ce915ed-07e9-4b65-9209-2652ffd9b681,,,
61402d85-7f63-4c8d-ab43-33cab26882f4,a0625061-0c6d-4e0b-b438-d696787ad746,TPHT_000309,Switch tích hợp cổng quang,ae03f513-6763-46f8-913d-91a103966947,,t,,,hoat_dong,2026-07-11,,65ac5e26-b0a7-487e-a72d-3f0dfc3facc2,,2026-07-13 14:15:40.080084+00,2026-07-17 02:25:30.805543+00,e96be350-6615-441a-91f5-53ad976e91b3,1ce915ed-07e9-4b65-9209-2652ffd9b681,,,
616def2e-8acb-4891-abef-7eb344e6d8c9,ebc4a136-c5e7-4f7d-abfc-e3ddea655b8c,TPHT_000310,Modem UHF,ae03f513-6763-46f8-913d-91a103966947,,t,,,hoat_dong,2026-07-11,,46e84da7-5a8b-4a79-aa46-2fb4bae1ff26,,2026-07-13 14:15:40.080084+00,2026-07-17 02:25:30.805543+00,e96be350-6615-441a-91f5-53ad976e91b3,1ce915ed-07e9-4b65-9209-2652ffd9b681,,,
6193e5da-49c2-4a0a-9ee2-682cb4e29d5d,4fbd5536-e530-4f9b-97d3-d194186c33de,TPHT_000311,Thiết bị chuyển đổi Serial/Ethernet,ae03f513-6763-46f8-913d-91a103966947,,t,,,hoat_dong,2026-07-11,,141337b4-f2fa-4438-808f-0d10cfeedb85,,2026-07-13 14:15:40.080084+00,2026-07-17 02:25:30.805543+00,f099f53a-5ef4-4039-ba41-1ea298f0ae5d,1ce915ed-07e9-4b65-9209-2652ffd9b681,,,
62a2dd92-97f3-4931-8c7f-3dfb6b33f9e7,5ae20f2b-30dc-409c-95db-68b98b79c94e,TPHT_000312,Phòng thiết bị (Hệ thống AWOS Optimet),1ef69ec2-6298-4c48-b931-aea3fa48c0fc,,t,,,hoat_dong,2026-07-11,,f59bf0bd-520b-4245-80db-dc71b7187bf1,,2026-07-13 14:15:40.080084+00,2026-07-17 02:25:30.805543+00,e96be350-6615-441a-91f5-53ad976e91b3,1ce915ed-07e9-4b65-9209-2652ffd9b681,,,
63202b96-1274-489b-9d45-b176ea78ed4f,ce27df84-7054-4032-bfe7-efdb0bd119f4,TPHT_000313,Cắt sét nguồn AC,660f73b4-1975-4bde-8c87-810a23ef6e2c,,t,,,hoat_dong,2026-07-11,,581d9350-905f-46da-b45e-c2d8aba4d868,,2026-07-13 14:15:40.080084+00,2026-07-17 02:25:30.805543+00,e96be350-6615-441a-91f5-53ad976e91b3,1ce915ed-07e9-4b65-9209-2652ffd9b681,,,
6360ffb1-9c70-4001-8025-023c1c883b41,a13f3116-f74d-4435-b248-5b458d9fead4,TPHT_000314,Bộ xử lý đầu dưới,660f73b4-1975-4bde-8c87-810a23ef6e2c,,t,,,hoat_dong,2026-07-11,,f59bf0bd-520b-4245-80db-dc71b7187bf1,,2026-07-13 14:15:40.080084+00,2026-07-17 02:25:30.805543+00,e96be350-6615-441a-91f5-53ad976e91b3,1ce915ed-07e9-4b65-9209-2652ffd9b681,,,
63ab9a8d-4985-4df4-9902-d0c810f1461c,ce27df84-7054-4032-bfe7-efdb0bd119f4,TPHT_000315,Chống sét đường tín hiệu RS232,660f73b4-1975-4bde-8c87-810a23ef6e2c,,t,,,hoat_dong,2026-07-11,,581d9350-905f-46da-b45e-c2d8aba4d868,,2026-07-13 14:15:40.080084+00,2026-07-17 02:25:30.805543+00,e96be350-6615-441a-91f5-53ad976e91b3,1ce915ed-07e9-4b65-9209-2652ffd9b681,,,
643f9967-631b-4639-95a8-096328ebfbc6,ce27df84-7054-4032-bfe7-efdb0bd119f4,TPHT_000316,Media Converter,ae03f513-6763-46f8-913d-91a103966947,,t,,,hoat_dong,2026-07-11,,581d9350-905f-46da-b45e-c2d8aba4d868,,2026-07-13 14:15:40.080084+00,2026-07-17 02:25:30.805543+00,e96be350-6615-441a-91f5-53ad976e91b3,1ce915ed-07e9-4b65-9209-2652ffd9b681,,,
6492f738-2ccd-4b80-bff8-3099bd62d678,2236fe1c-6896-4157-a310-ae0e094233f6,TPHT_000317,Radio Modem MR400,ae03f513-6763-46f8-913d-91a103966947,,t,,,hoat_dong,2026-07-11,,8b408897-b25d-4ece-91ba-d97dfacec283,,2026-07-13 14:15:40.080084+00,2026-07-17 02:25:30.805543+00,e96be350-6615-441a-91f5-53ad976e91b3,1ce915ed-07e9-4b65-9209-2652ffd9b681,,,
650cd9cb-327d-401d-82ac-d863b9030cc3,7f40beb2-5d47-4f4a-b7df-35cd1cca56ae,TPHT_000318,AWOS D-AW21,,,t,,,hoat_dong,2026-07-11,,e43c5d4b-3c3c-4486-89da-73e9ac747ab4,,2026-07-13 14:15:40.080084+00,2026-07-17 02:25:30.805543+00,e96be350-6615-441a-91f5-53ad976e91b3,1ce915ed-07e9-4b65-9209-2652ffd9b681,,,
65bc113a-e7d4-45aa-9003-2769bc0d7945,a13f3116-f74d-4435-b248-5b458d9fead4,TPHT_000319,Modem vô tuyến (Modem vô tuyến,ae03f513-6763-46f8-913d-91a103966947,,t,,,hoat_dong,2026-07-11,,f59bf0bd-520b-4245-80db-dc71b7187bf1,,2026-07-13 14:15:40.080084+00,2026-07-17 02:25:30.805543+00,e96be350-6615-441a-91f5-53ad976e91b3,1ce915ed-07e9-4b65-9209-2652ffd9b681,,,
662f4f82-5fab-4fa8-aaad-92a15688301d,ebc4a136-c5e7-4f7d-abfc-e3ddea655b8c,TPHT_000321,Chống sét đường tín hiệu,660f73b4-1975-4bde-8c87-810a23ef6e2c,,t,,,hoat_dong,2026-07-11,,46e84da7-5a8b-4a79-aa46-2fb4bae1ff26,,2026-07-13 14:15:40.080084+00,2026-07-17 02:25:30.805543+00,e96be350-6615-441a-91f5-53ad976e91b3,1ce915ed-07e9-4b65-9209-2652ffd9b681,,,
664b6ad1-c186-495b-95b2-e39ece0181bf,a0625061-0c6d-4e0b-b438-d696787ad746,TPHT_000322,Hub 3Onedata,ae03f513-6763-46f8-913d-91a103966947,,t,,,hoat_dong,2026-07-11,,65ac5e26-b0a7-487e-a72d-3f0dfc3facc2,,2026-07-13 14:15:40.080084+00,2026-07-17 02:25:30.805543+00,e96be350-6615-441a-91f5-53ad976e91b3,1ce915ed-07e9-4b65-9209-2652ffd9b681,,,
665d55bd-9bbf-4349-9cce-3430efaaf3f5,4fbd5536-e530-4f9b-97d3-d194186c33de,TPHT_000323,Thiết bị chuyển đổi Serial/Fiber,ae03f513-6763-46f8-913d-91a103966947,,t,,,hoat_dong,2026-07-11,,141337b4-f2fa-4438-808f-0d10cfeedb85,,2026-07-13 14:15:40.080084+00,2026-07-17 02:25:30.805543+00,ffd5b794-82b9-4fd3-9057-3579b9140d1d,1ce915ed-07e9-4b65-9209-2652ffd9b681,,,
66c21bf5-befa-4297-9d9f-cd30611b9f4e,a13f3116-f74d-4435-b248-5b458d9fead4,TPHT_000324,Kim thu sét,1ef69ec2-6298-4c48-b931-aea3fa48c0fc,,t,,,hoat_dong,2026-07-11,,f59bf0bd-520b-4245-80db-dc71b7187bf1,,2026-07-13 14:15:40.080084+00,2026-07-17 02:25:30.805543+00,e96be350-6615-441a-91f5-53ad976e91b3,1ce915ed-07e9-4b65-9209-2652ffd9b681,,,
66e46504-7874-44be-bbec-86458a72d11f,ebc4a136-c5e7-4f7d-abfc-e3ddea655b8c,TPHT_000325,Cảm biến đo mưa,98c88d39-bf0f-43c7-83a2-ca5d266ba54f,,t,,,hoat_dong,2026-07-11,,46e84da7-5a8b-4a79-aa46-2fb4bae1ff26,,2026-07-13 14:15:40.080084+00,2026-07-17 02:25:30.805543+00,e96be350-6615-441a-91f5-53ad976e91b3,1ce915ed-07e9-4b65-9209-2652ffd9b681,,,
675b17d2-fdf1-428d-9358-0959591a6101,5ae20f2b-30dc-409c-95db-68b98b79c94e,TPHT_000326,PC OPT-APP2,1ef69ec2-6298-4c48-b931-aea3fa48c0fc,,t,,,hoat_dong,2026-07-11,,f59bf0bd-520b-4245-80db-dc71b7187bf1,,2026-07-13 14:15:40.080084+00,2026-07-17 02:25:30.805543+00,e96be350-6615-441a-91f5-53ad976e91b3,1ce915ed-07e9-4b65-9209-2652ffd9b681,,,
6768fb7f-2a7c-4a30-a32e-bbe05885070b,a0625061-0c6d-4e0b-b438-d696787ad746,TPHT_000327,Cắt lọc sét nguồn AC,660f73b4-1975-4bde-8c87-810a23ef6e2c,,t,,,hoat_dong,2026-07-11,,65ac5e26-b0a7-487e-a72d-3f0dfc3facc2,,2026-07-13 14:15:40.080084+00,2026-07-17 02:25:30.805543+00,3f302563-bdbb-443d-911f-b0058e38db42,1ce915ed-07e9-4b65-9209-2652ffd9b681,,,
67e5725b-f8f3-4678-ab60-609519fadea4,7f40beb2-5d47-4f4a-b7df-35cd1cca56ae,TPHT_000329,Nguồn AC/DC,accf1740-4c18-4b9a-895f-59d85ba593b5,,t,,,hoat_dong,2026-07-11,,e43c5d4b-3c3c-4486-89da-73e9ac747ab4,,2026-07-13 14:15:40.080084+00,2026-07-17 02:25:30.805543+00,e96be350-6615-441a-91f5-53ad976e91b3,1ce915ed-07e9-4b65-9209-2652ffd9b681,,,
6885e9c7-0093-4d59-bcc5-cf0a53786ae8,5ae20f2b-30dc-409c-95db-68b98b79c94e,TPHT_000330,RF Modem Client,ae03f513-6763-46f8-913d-91a103966947,,t,,,hoat_dong,2026-07-11,,f59bf0bd-520b-4245-80db-dc71b7187bf1,,2026-07-13 14:15:40.080084+00,2026-07-17 02:25:30.805543+00,e96be350-6615-441a-91f5-53ad976e91b3,1ce915ed-07e9-4b65-9209-2652ffd9b681,,,
68c91c45-a03a-47cc-b151-5f59cd79089d,ce27df84-7054-4032-bfe7-efdb0bd119f4,TPHT_000331,Cảm biến gió,98c88d39-bf0f-43c7-83a2-ca5d266ba54f,,t,,,hoat_dong,2026-07-11,,581d9350-905f-46da-b45e-c2d8aba4d868,,2026-07-13 14:15:40.080084+00,2026-07-17 02:25:30.805543+00,e96be350-6615-441a-91f5-53ad976e91b3,1ce915ed-07e9-4b65-9209-2652ffd9b681,,,
6a1922bd-a621-428a-b3c1-8c3f279dbba9,ebc4a136-c5e7-4f7d-abfc-e3ddea655b8c,TPHT_000334,ModemHub UHF,ae03f513-6763-46f8-913d-91a103966947,,t,,,hoat_dong,2026-07-11,,46e84da7-5a8b-4a79-aa46-2fb4bae1ff26,,2026-07-13 14:15:40.080084+00,2026-07-17 02:25:30.805543+00,e96be350-6615-441a-91f5-53ad976e91b3,1ce915ed-07e9-4b65-9209-2652ffd9b681,,,
6a702c62-2945-4178-8a44-fa37c3012c88,2236fe1c-6896-4157-a310-ae0e094233f6,TPHT_000335,Chống sét đường tín hiệu,660f73b4-1975-4bde-8c87-810a23ef6e2c,,t,,,hoat_dong,2026-07-11,,8b408897-b25d-4ece-91ba-d97dfacec283,,2026-07-13 14:15:40.080084+00,2026-07-17 02:25:30.805543+00,c6b9108a-b830-42a6-b3b8-9e6dd5196202,1ce915ed-07e9-4b65-9209-2652ffd9b681,,,
6a7521bb-832b-41fb-bd24-12342dc49f04,ce27df84-7054-4032-bfe7-efdb0bd119f4,TPHT_000336,AC/DC converter,accf1740-4c18-4b9a-895f-59d85ba593b5,,t,,,hoat_dong,2026-07-11,,581d9350-905f-46da-b45e-c2d8aba4d868,,2026-07-13 14:15:40.080084+00,2026-07-17 02:25:30.805543+00,e96be350-6615-441a-91f5-53ad976e91b3,1ce915ed-07e9-4b65-9209-2652ffd9b681,,,
ee58b39b-6b0e-4a8f-94fd-fa28af1a8daa,7f40beb2-5d47-4f4a-b7df-35cd1cca56ae,TPHT_000751,AWOS D-AW21,98c88d39-bf0f-43c7-83a2-ca5d266ba54f,,t,,,hoat_dong,2026-07-11,,e43c5d4b-3c3c-4486-89da-73e9ac747ab4,,2026-07-13 14:15:40.080084+00,2026-07-17 02:25:30.805543+00,e96be350-6615-441a-91f5-53ad976e91b3,1ce915ed-07e9-4b65-9209-2652ffd9b681,,,
02090179-5bbb-4ee6-8738-2d10851f8ade,5ae20f2b-30dc-409c-95db-68b98b79c94e,TPHT_000005,2023,98c88d39-bf0f-43c7-83a2-ca5d266ba54f,,t,,,hoat_dong,2026-07-11,,f59bf0bd-520b-4245-80db-dc71b7187bf1,,2026-07-13 14:15:40.080084+00,2026-07-17 02:25:30.805543+00,2b0a43bb-0add-4ef6-8830-898890900c6d,1ce915ed-07e9-4b65-9209-2652ffd9b681,,,
0a2d94f8-f077-4efd-ab2d-7cf240948798,5ae20f2b-30dc-409c-95db-68b98b79c94e,TPHT_000023,2023,98c88d39-bf0f-43c7-83a2-ca5d266ba54f,,t,,,hoat_dong,2026-07-11,,f59bf0bd-520b-4245-80db-dc71b7187bf1,,2026-07-13 14:15:40.080084+00,2026-07-17 02:25:30.805543+00,2b0a43bb-0add-4ef6-8830-898890900c6d,1ce915ed-07e9-4b65-9209-2652ffd9b681,,,
1b4a3858-cb55-472d-ae82-f33b7aeb23bc,ce27df84-7054-4032-bfe7-efdb0bd119f4,TPHT_000094,Màn hình hiển thị số liệu Nhiệt-Ẩm-Áp,83e7d93e-2f76-4d4f-a6bc-08926383aba1,,t,,,hoat_dong,2026-07-11,,581d9350-905f-46da-b45e-c2d8aba4d868,,2026-07-13 14:15:40.080084+00,2026-07-17 02:25:30.805543+00,03818fa3-ee05-4dfe-92f0-b6f752b0b97a,1ce915ed-07e9-4b65-9209-2652ffd9b681,,,
6af3a839-df81-42b3-95f7-e826943c728d,4fbd5536-e530-4f9b-97d3-d194186c33de,TPHT_000337,Cắt lọc sét nguồn AC - Tủ thiết bị,660f73b4-1975-4bde-8c87-810a23ef6e2c,,t,,,hoat_dong,2026-07-11,,141337b4-f2fa-4438-808f-0d10cfeedb85,,2026-07-13 14:15:40.080084+00,2026-07-17 02:25:30.805543+00,f099f53a-5ef4-4039-ba41-1ea298f0ae5d,1ce915ed-07e9-4b65-9209-2652ffd9b681,,,
6bb24095-2f4a-456c-996e-c9d58a81e581,2236fe1c-6896-4157-a310-ae0e094233f6,TPHT_000338,Bộ chuyển đổi tín hiệu RS232-Fiber,ae03f513-6763-46f8-913d-91a103966947,,t,,,hoat_dong,2026-07-11,,8b408897-b25d-4ece-91ba-d97dfacec283,,2026-07-13 14:15:40.080084+00,2026-07-17 02:25:30.805543+00,e96be350-6615-441a-91f5-53ad976e91b3,1ce915ed-07e9-4b65-9209-2652ffd9b681,,,
6c11ae4d-170c-4e00-bd82-238c1eda4f6b,a13f3116-f74d-4435-b248-5b458d9fead4,TPHT_000339,"Chống sét bao gồm kim thu sét gắn trên cột 10m, / cáp thoát sét, bộ xử lý đầu cáp (đầu trên, đầu dưới), ống sợi thủy tinh là phụ kiện đồng bộ cùng nhà sản xuất với cáp thoát sét",1ef69ec2-6298-4c48-b931-aea3fa48c0fc,,t,,,hoat_dong,2026-07-11,,f59bf0bd-520b-4245-80db-dc71b7187bf1,,2026-07-13 14:15:40.080084+00,2026-07-17 02:25:30.805543+00,e96be350-6615-441a-91f5-53ad976e91b3,1ce915ed-07e9-4b65-9209-2652ffd9b681,,,
6d1fcfc8-ebe7-4686-8857-9d61d0394ec4,a0625061-0c6d-4e0b-b438-d696787ad746,TPHT_000342,Nguồn AC/DC,accf1740-4c18-4b9a-895f-59d85ba593b5,,t,,,hoat_dong,2026-07-11,,65ac5e26-b0a7-487e-a72d-3f0dfc3facc2,,2026-07-13 14:15:40.080084+00,2026-07-17 02:25:30.805543+00,3f302563-bdbb-443d-911f-b0058e38db42,1ce915ed-07e9-4b65-9209-2652ffd9b681,,,
6d928d7d-787f-436c-ac59-465e5fae5d57,7f40beb2-5d47-4f4a-b7df-35cd1cca56ae,TPHT_000343,AWOS D-AW21,ae03f513-6763-46f8-913d-91a103966947,,t,,,hoat_dong,2026-07-11,,e43c5d4b-3c3c-4486-89da-73e9ac747ab4,,2026-07-13 14:15:40.080084+00,2026-07-17 02:25:30.805543+00,e96be350-6615-441a-91f5-53ad976e91b3,1ce915ed-07e9-4b65-9209-2652ffd9b681,,,
6d976601-6452-447b-869d-055f3071b0ff,5ae20f2b-30dc-409c-95db-68b98b79c94e,TPHT_000344,Chống sét RF cho modem,ae03f513-6763-46f8-913d-91a103966947,,t,,,hoat_dong,2026-07-11,,f59bf0bd-520b-4245-80db-dc71b7187bf1,,2026-07-13 14:15:40.080084+00,2026-07-17 02:25:30.805543+00,e96be350-6615-441a-91f5-53ad976e91b3,1ce915ed-07e9-4b65-9209-2652ffd9b681,,,
6e7cb06d-dafd-44bd-a5c4-04dd9eab9479,7f40beb2-5d47-4f4a-b7df-35cd1cca56ae,TPHT_000345,AWOS D-AW21,,,t,,,hoat_dong,2026-07-11,,e43c5d4b-3c3c-4486-89da-73e9ac747ab4,,2026-07-13 14:15:40.080084+00,2026-07-17 02:25:30.805543+00,e96be350-6615-441a-91f5-53ad976e91b3,1ce915ed-07e9-4b65-9209-2652ffd9b681,,,
6f31cf84-dcb6-4927-91e7-c2a34baf46a3,a13f3116-f74d-4435-b248-5b458d9fead4,TPHT_000346,Bộ thu thập số liệu (Data logger) / Phụ kiện lắp đặt: / + Cáp bảo trì / + Bộ hiển thị LCD,ae03f513-6763-46f8-913d-91a103966947,,t,,,hoat_dong,2026-07-11,,f59bf0bd-520b-4245-80db-dc71b7187bf1,,2026-07-13 14:15:40.080084+00,2026-07-17 02:25:30.805543+00,e96be350-6615-441a-91f5-53ad976e91b3,1ce915ed-07e9-4b65-9209-2652ffd9b681,,,
6f550ad3-415a-4610-b07c-48c036c7f675,ce27df84-7054-4032-bfe7-efdb0bd119f4,TPHT_000347,Cắt sét nguồn AC,660f73b4-1975-4bde-8c87-810a23ef6e2c,,t,,,hoat_dong,2026-07-11,,581d9350-905f-46da-b45e-c2d8aba4d868,,2026-07-13 14:15:40.080084+00,2026-07-17 02:25:30.805543+00,e96be350-6615-441a-91f5-53ad976e91b3,1ce915ed-07e9-4b65-9209-2652ffd9b681,,,
6f9e6d6c-c595-459d-ac59-36722995f28a,2236fe1c-6896-4157-a310-ae0e094233f6,TPHT_000348,Thiết bị đo gió Ultrasonic wind sensor 2D,98c88d39-bf0f-43c7-83a2-ca5d266ba54f,,t,,,hoat_dong,2026-07-11,,8b408897-b25d-4ece-91ba-d97dfacec283,,2026-07-13 14:15:40.080084+00,2026-07-17 02:25:30.805543+00,e96be350-6615-441a-91f5-53ad976e91b3,1ce915ed-07e9-4b65-9209-2652ffd9b681,,,
6fe0760c-20bc-44b2-ac91-730c65bcadb6,2236fe1c-6896-4157-a310-ae0e094233f6,TPHT_000350,Thiết bị đo gió Ultrasonic wind sensor 2D,98c88d39-bf0f-43c7-83a2-ca5d266ba54f,,t,,,hoat_dong,2026-07-11,,8b408897-b25d-4ece-91ba-d97dfacec283,,2026-07-13 14:15:40.080084+00,2026-07-17 02:25:30.805543+00,e96be350-6615-441a-91f5-53ad976e91b3,1ce915ed-07e9-4b65-9209-2652ffd9b681,,,
6fe953e8-e193-4aae-85fd-e2e58dc9a052,2236fe1c-6896-4157-a310-ae0e094233f6,TPHT_000351,Cảm biến đo Giông sét,98c88d39-bf0f-43c7-83a2-ca5d266ba54f,,t,,,hoat_dong,2026-07-11,,8b408897-b25d-4ece-91ba-d97dfacec283,,2026-07-13 14:15:40.080084+00,2026-07-17 02:25:30.805543+00,e96be350-6615-441a-91f5-53ad976e91b3,1ce915ed-07e9-4b65-9209-2652ffd9b681,,,
a7c6dafc-3fca-48fc-8524-5b9a9a0bc0e2,38cbcd04-2410-4ada-93ab-35156e468f9e,TPHT_001055,"AM 121,5 MHz",,,f,1,,hoat_dong,,,e43c5d4b-3c3c-4486-89da-73e9ac747ab4,,2026-07-14 14:07:49.806271+00,2026-07-17 07:27:24.789697+00,e96be350-6615-441a-91f5-53ad976e91b3,,,,
7013132a-d6b4-4d60-b6f3-3c8f2920b4ac,7f40beb2-5d47-4f4a-b7df-35cd1cca56ae,TPHT_000352,AWOS D-AW21,98c88d39-bf0f-43c7-83a2-ca5d266ba54f,,t,,,hoat_dong,2026-07-11,,e43c5d4b-3c3c-4486-89da-73e9ac747ab4,,2026-07-13 14:15:40.080084+00,2026-07-17 02:25:30.805543+00,e96be350-6615-441a-91f5-53ad976e91b3,1ce915ed-07e9-4b65-9209-2652ffd9b681,,,
7023221a-2d02-48a4-b982-24bd3ff38220,2236fe1c-6896-4157-a310-ae0e094233f6,TPHT_000353,Bộ chuyển đổi AC/DC,accf1740-4c18-4b9a-895f-59d85ba593b5,,t,,,hoat_dong,2026-07-11,,8b408897-b25d-4ece-91ba-d97dfacec283,,2026-07-13 14:15:40.080084+00,2026-07-17 02:25:30.805543+00,e96be350-6615-441a-91f5-53ad976e91b3,1ce915ed-07e9-4b65-9209-2652ffd9b681,,,
70a8023f-f3ae-4051-bfde-27519395264c,a0625061-0c6d-4e0b-b438-d696787ad746,TPHT_000354,Cảm biến đo hướng và đo tốc độ gió,98c88d39-bf0f-43c7-83a2-ca5d266ba54f,,t,,,hoat_dong,2026-07-11,,65ac5e26-b0a7-487e-a72d-3f0dfc3facc2,,2026-07-13 14:15:40.080084+00,2026-07-17 02:25:30.805543+00,3f302563-bdbb-443d-911f-b0058e38db42,1ce915ed-07e9-4b65-9209-2652ffd9b681,,,
70b0fbff-8526-4491-90c9-ff493341894f,ebc4a136-c5e7-4f7d-abfc-e3ddea655b8c,TPHT_000355,Máy chủ 1,83e7d93e-2f76-4d4f-a6bc-08926383aba1,,t,,,hoat_dong,2026-07-11,,46e84da7-5a8b-4a79-aa46-2fb4bae1ff26,,2026-07-13 14:15:40.080084+00,2026-07-17 02:25:30.805543+00,e96be350-6615-441a-91f5-53ad976e91b3,1ce915ed-07e9-4b65-9209-2652ffd9b681,,,
70e5a418-e9a6-4c85-bc6d-c32fd448b962,a0625061-0c6d-4e0b-b438-d696787ad746,TPHT_000356,Chống sét RF,660f73b4-1975-4bde-8c87-810a23ef6e2c,,t,,,hoat_dong,2026-07-11,,65ac5e26-b0a7-487e-a72d-3f0dfc3facc2,,2026-07-13 14:15:40.080084+00,2026-07-17 02:25:30.805543+00,7edb2f00-60da-46ad-8aed-873d4708393d,1ce915ed-07e9-4b65-9209-2652ffd9b681,,,
70fe21ee-4a8c-48b8-949c-11df5559f489,ebc4a136-c5e7-4f7d-abfc-e3ddea655b8c,TPHT_000357,Modem FSK,ae03f513-6763-46f8-913d-91a103966947,,t,,,hoat_dong,2026-07-11,,46e84da7-5a8b-4a79-aa46-2fb4bae1ff26,,2026-07-13 14:15:40.080084+00,2026-07-17 02:25:30.805543+00,e96be350-6615-441a-91f5-53ad976e91b3,1ce915ed-07e9-4b65-9209-2652ffd9b681,,,
22852be6-bc35-4a95-aabe-7da6b2565f6f,5ae20f2b-30dc-409c-95db-68b98b79c94e,TPHT_000119,Trạm đo trần mây đầu 02,1ef69ec2-6298-4c48-b931-aea3fa48c0fc,,t,,,hoat_dong,2026-07-11,,f59bf0bd-520b-4245-80db-dc71b7187bf1,,2026-07-13 14:15:40.080084+00,2026-07-17 02:25:30.805543+00,92aa329a-4ad2-4bf1-b2fe-c33ff194335c,1ce915ed-07e9-4b65-9209-2652ffd9b681,,,
412fd3e6-95ae-49cc-b877-8d6b735657db,a0625061-0c6d-4e0b-b438-d696787ad746,TPHT_000218,Switch trunk 1,ae03f513-6763-46f8-913d-91a103966947,,t,,,hoat_dong,2026-07-11,,65ac5e26-b0a7-487e-a72d-3f0dfc3facc2,,2026-07-13 14:15:40.080084+00,2026-07-17 02:25:30.805543+00,3b1c9f72-6395-4ad0-a387-c7630195267a,1ce915ed-07e9-4b65-9209-2652ffd9b681,,,
60bac1b6-7838-4981-8d8b-584f4d82bada,a0625061-0c6d-4e0b-b438-d696787ad746,TPHT_000307,Switch 2,83e7d93e-2f76-4d4f-a6bc-08926383aba1,,t,,,hoat_dong,2026-07-11,,65ac5e26-b0a7-487e-a72d-3f0dfc3facc2,,2026-07-13 14:15:40.080084+00,2026-07-17 02:25:30.805543+00,3b1c9f72-6395-4ad0-a387-c7630195267a,1ce915ed-07e9-4b65-9209-2652ffd9b681,,,
7140b267-4c6d-4d12-a605-4ddcca5ac2a7,2236fe1c-6896-4157-a310-ae0e094233f6,TPHT_000358,Thiết bị chuyển đổi quang/điện,ae03f513-6763-46f8-913d-91a103966947,,t,,,hoat_dong,2026-07-11,,8b408897-b25d-4ece-91ba-d97dfacec283,,2026-07-13 14:15:40.080084+00,2026-07-17 02:25:30.805543+00,c6b9108a-b830-42a6-b3b8-9e6dd5196202,1ce915ed-07e9-4b65-9209-2652ffd9b681,,,
7159055f-6dd2-4990-9c3d-d3ec8ca78de9,2236fe1c-6896-4157-a310-ae0e094233f6,TPHT_000359,Bộ chuyển đổi AC/DC,accf1740-4c18-4b9a-895f-59d85ba593b5,,t,,,hoat_dong,2026-07-11,,8b408897-b25d-4ece-91ba-d97dfacec283,,2026-07-13 14:15:40.080084+00,2026-07-17 02:25:30.805543+00,e96be350-6615-441a-91f5-53ad976e91b3,1ce915ed-07e9-4b65-9209-2652ffd9b681,,,
71889049-9c15-490f-9403-5dd6063ad083,2236fe1c-6896-4157-a310-ae0e094233f6,TPHT_000360,Bộ chuyển đổi AC/DC,accf1740-4c18-4b9a-895f-59d85ba593b5,,t,,,hoat_dong,2026-07-11,,8b408897-b25d-4ece-91ba-d97dfacec283,,2026-07-13 14:15:40.080084+00,2026-07-17 02:25:30.805543+00,e96be350-6615-441a-91f5-53ad976e91b3,1ce915ed-07e9-4b65-9209-2652ffd9b681,,,
71cfa398-5a49-4bf5-b452-7145762433fb,ce27df84-7054-4032-bfe7-efdb0bd119f4,TPHT_000361,Modem Hub UHF,ae03f513-6763-46f8-913d-91a103966947,,t,,,hoat_dong,2026-07-11,,581d9350-905f-46da-b45e-c2d8aba4d868,,2026-07-13 14:15:40.080084+00,2026-07-17 02:25:30.805543+00,e96be350-6615-441a-91f5-53ad976e91b3,1ce915ed-07e9-4b65-9209-2652ffd9b681,,,
12385df1-039f-4319-a699-6b1cc8edad1d,80c99472-da15-4433-934b-20349ce0e252,TPHT_001069,Hệ thống ra đa giám sát sơ cấp (PSR),,,t,,Model: TRAC2000 | Serial: 45050166 | Mục đích: Phục vụ điều hành bay FIR HCM/HAN và APP Đà Nẵng | Nguồn: GP 604/GP-CHK,hoat_dong,,,b91944b0-f556-47dd-ae34-c9c8368a18fc,,2026-07-14 14:32:36.52979+00,2026-07-17 07:27:24.789697+00,e96be350-6615-441a-91f5-53ad976e91b3,,,,
72002468-4390-447d-85cf-91e141545852,ce27df84-7054-4032-bfe7-efdb0bd119f4,TPHT_000362,Thiết bị Serial server,ae03f513-6763-46f8-913d-91a103966947,,t,,,hoat_dong,2026-07-11,,581d9350-905f-46da-b45e-c2d8aba4d868,,2026-07-13 14:15:40.080084+00,2026-07-17 02:25:30.805543+00,e96be350-6615-441a-91f5-53ad976e91b3,1ce915ed-07e9-4b65-9209-2652ffd9b681,,,
7234b332-56dd-4dc5-9b17-5871c29ec0bd,a13f3116-f74d-4435-b248-5b458d9fead4,TPHT_000363,Modem vô tuyến (Modem vô tuyến,ae03f513-6763-46f8-913d-91a103966947,,t,,,hoat_dong,2026-07-11,,f59bf0bd-520b-4245-80db-dc71b7187bf1,,2026-07-13 14:15:40.080084+00,2026-07-17 02:25:30.805543+00,e96be350-6615-441a-91f5-53ad976e91b3,1ce915ed-07e9-4b65-9209-2652ffd9b681,,,
725dcb36-736c-493e-a881-68d2ee22204d,ce27df84-7054-4032-bfe7-efdb0bd119f4,TPHT_000364,Cắt sét nguồn AC,660f73b4-1975-4bde-8c87-810a23ef6e2c,,t,,,hoat_dong,2026-07-11,,581d9350-905f-46da-b45e-c2d8aba4d868,,2026-07-13 14:15:40.080084+00,2026-07-17 02:25:30.805543+00,e96be350-6615-441a-91f5-53ad976e91b3,1ce915ed-07e9-4b65-9209-2652ffd9b681,,,
72dd20db-02f2-4d42-9e7b-a0d27cad1ca5,2236fe1c-6896-4157-a310-ae0e094233f6,TPHT_000366,Bộ chuyển đổi tín hiệu RS232-Fiber,ae03f513-6763-46f8-913d-91a103966947,,t,,,hoat_dong,2026-07-11,,8b408897-b25d-4ece-91ba-d97dfacec283,,2026-07-13 14:15:40.080084+00,2026-07-17 02:25:30.805543+00,e96be350-6615-441a-91f5-53ad976e91b3,1ce915ed-07e9-4b65-9209-2652ffd9b681,,,
73265be3-62af-4f42-852f-6db75e6e8b77,7f40beb2-5d47-4f4a-b7df-35cd1cca56ae,TPHT_000367,AWOS D-AW21,660f73b4-1975-4bde-8c87-810a23ef6e2c,,t,,,hoat_dong,2026-07-11,,e43c5d4b-3c3c-4486-89da-73e9ac747ab4,,2026-07-13 14:15:40.080084+00,2026-07-17 02:25:30.805543+00,e96be350-6615-441a-91f5-53ad976e91b3,1ce915ed-07e9-4b65-9209-2652ffd9b681,,,
732ca065-000a-48bb-963f-a0b0b2746d71,4fbd5536-e530-4f9b-97d3-d194186c33de,TPHT_000368,Thiết bị chuyển đổi Serial/Fiber,ae03f513-6763-46f8-913d-91a103966947,,t,,,hoat_dong,2026-07-11,,141337b4-f2fa-4438-808f-0d10cfeedb85,,2026-07-13 14:15:40.080084+00,2026-07-17 02:25:30.805543+00,e96be350-6615-441a-91f5-53ad976e91b3,1ce915ed-07e9-4b65-9209-2652ffd9b681,,,
74c5a934-4b75-4222-87d4-e569afd54305,2236fe1c-6896-4157-a310-ae0e094233f6,TPHT_000369,Bộ chuyển đổi AC/DC,accf1740-4c18-4b9a-895f-59d85ba593b5,,t,,,hoat_dong,2026-07-11,,8b408897-b25d-4ece-91ba-d97dfacec283,,2026-07-13 14:15:40.080084+00,2026-07-17 02:25:30.805543+00,e96be350-6615-441a-91f5-53ad976e91b3,1ce915ed-07e9-4b65-9209-2652ffd9b681,,,
0a85da44-a9b4-4ca3-a7b8-3949c3a3b164,4fbd5536-e530-4f9b-97d3-d194186c33de,TPHT_000028,Ắc quy dự phòng,accf1740-4c18-4b9a-895f-59d85ba593b5,,t,,,hoat_dong,2026-07-11,,141337b4-f2fa-4438-808f-0d10cfeedb85,,2026-07-13 14:15:40.080084+00,2026-07-17 02:25:30.805543+00,f099f53a-5ef4-4039-ba41-1ea298f0ae5d,1ce915ed-07e9-4b65-9209-2652ffd9b681,,,
168f95d3-3739-418d-ab79-be1c70efcf94,a0625061-0c6d-4e0b-b438-d696787ad746,TPHT_000076,Cảm biến đo ánh sáng nền đầu 35,98c88d39-bf0f-43c7-83a2-ca5d266ba54f,,t,,,hoat_dong,2026-07-11,,65ac5e26-b0a7-487e-a72d-3f0dfc3facc2,,2026-07-13 14:15:40.080084+00,2026-07-17 02:25:30.805543+00,3f302563-bdbb-443d-911f-b0058e38db42,1ce915ed-07e9-4b65-9209-2652ffd9b681,,,
1d1ee15a-7638-4700-a745-1954cb7cad64,4fbd5536-e530-4f9b-97d3-d194186c33de,TPHT_000103,Cảm biến gió,98c88d39-bf0f-43c7-83a2-ca5d266ba54f,,t,,,hoat_dong,2026-07-11,,141337b4-f2fa-4438-808f-0d10cfeedb85,,2026-07-13 14:15:40.080084+00,2026-07-17 02:25:30.805543+00,f099f53a-5ef4-4039-ba41-1ea298f0ae5d,1ce915ed-07e9-4b65-9209-2652ffd9b681,,,
32ca9e82-d045-4388-9da6-7e19d010ad7f,4fbd5536-e530-4f9b-97d3-d194186c33de,TPHT_000177,Anten định hướng,ae03f513-6763-46f8-913d-91a103966947,,t,,,hoat_dong,2026-07-11,,141337b4-f2fa-4438-808f-0d10cfeedb85,,2026-07-13 14:15:40.080084+00,2026-07-17 02:25:30.805543+00,f099f53a-5ef4-4039-ba41-1ea298f0ae5d,1ce915ed-07e9-4b65-9209-2652ffd9b681,,,
4c52199a-2e0f-4a28-95b5-551faa1dda33,5ae20f2b-30dc-409c-95db-68b98b79c94e,TPHT_000249,Trạm 02,1ef69ec2-6298-4c48-b931-aea3fa48c0fc,,t,,,hoat_dong,2026-07-11,,f59bf0bd-520b-4245-80db-dc71b7187bf1,,2026-07-13 14:15:40.080084+00,2026-07-17 02:25:30.805543+00,92aa329a-4ad2-4bf1-b2fe-c33ff194335c,1ce915ed-07e9-4b65-9209-2652ffd9b681,,,
69fa0d87-0f33-4c10-a26a-6aa84b1068f3,4fbd5536-e530-4f9b-97d3-d194186c33de,TPHT_000333,Data logger,ae03f513-6763-46f8-913d-91a103966947,,t,,,hoat_dong,2026-07-11,,141337b4-f2fa-4438-808f-0d10cfeedb85,,2026-07-13 14:15:40.080084+00,2026-07-17 02:25:30.805543+00,f099f53a-5ef4-4039-ba41-1ea298f0ae5d,1ce915ed-07e9-4b65-9209-2652ffd9b681,,,
74d6e90c-9eec-457b-98ee-6659b4717f43,5ae20f2b-30dc-409c-95db-68b98b79c94e,TPHT_000370,Sensor đo tầm nhìn 6498-V,98c88d39-bf0f-43c7-83a2-ca5d266ba54f,,t,,,hoat_dong,2026-07-11,,f59bf0bd-520b-4245-80db-dc71b7187bf1,,2026-07-13 14:15:40.080084+00,2026-07-17 02:25:30.805543+00,92aa329a-4ad2-4bf1-b2fe-c33ff194335c,1ce915ed-07e9-4b65-9209-2652ffd9b681,,,
751d1f13-a1ce-41ea-a128-4018f9f7cabf,ebc4a136-c5e7-4f7d-abfc-e3ddea655b8c,TPHT_000371,Chống sét nguồn AC,660f73b4-1975-4bde-8c87-810a23ef6e2c,,t,,,hoat_dong,2026-07-11,,46e84da7-5a8b-4a79-aa46-2fb4bae1ff26,,2026-07-13 14:15:40.080084+00,2026-07-17 02:25:30.805543+00,e96be350-6615-441a-91f5-53ad976e91b3,1ce915ed-07e9-4b65-9209-2652ffd9b681,,,
75cb26d1-184c-4039-8b39-37cd262a8fd8,a13f3116-f74d-4435-b248-5b458d9fead4,TPHT_000373,"Màn hình (19”), bàn phím và chuột loại KVM gắn tủ rack 19” dùng chung 02 server",83e7d93e-2f76-4d4f-a6bc-08926383aba1,,t,,,hoat_dong,2026-07-11,,f59bf0bd-520b-4245-80db-dc71b7187bf1,,2026-07-13 14:15:40.080084+00,2026-07-17 02:25:30.805543+00,e96be350-6615-441a-91f5-53ad976e91b3,1ce915ed-07e9-4b65-9209-2652ffd9b681,,,
29c1944f-3fdd-4541-900b-167dcf6f1912,af393d08-e9e7-4a13-92aa-fead8e88592d,TPHT_001081,Máy thu phát VHF thoại không - địa,,,t,,"Model: Máy phát: SU4200, TA-7650; máy thu: EU4200C, RA-7203 | Serial: Máy chính: 105888 (SU4200), 105832 (EU4200C); Máy dự phòng: 105887 (SU4200); 10198, 10199 (TA-7650); 105831 (EU4200C)… | Mục đích: Liên lạc trên tần số khẩn nguy 121,5 MHz (TWR Phù Cát) | Nguồn: GP 618/GP-CHK",hoat_dong,,,46e84da7-5a8b-4a79-aa46-2fb4bae1ff26,,2026-07-14 14:32:36.52979+00,2026-07-17 07:27:24.789697+00,e96be350-6615-441a-91f5-53ad976e91b3,,,,
b9a35eaa-00ff-4116-9d4e-e9ac3bd42a9d,04c0eae7-fa31-4855-95cb-156499e9a279,TPHT_000948,khí áp PTB 330,,,f,2,,hoat_dong,,,c3231147-e403-4afa-838f-04026ffa8f7d,,2026-07-14 14:07:33.96008+00,2026-07-17 07:27:24.789697+00,e96be350-6615-441a-91f5-53ad976e91b3,,,,
d227412e-e481-4851-9f06-19c143c6bdbb,4fea5c20-230a-4be7-a878-2a88882474c5,TPHT_001005,"AM 134,05 MHz",,,f,1,,hoat_dong,,,38692b13-0732-44b4-86e7-c9b91bb0077c,,2026-07-14 14:07:42.982182+00,2026-07-17 07:27:24.789697+00,e96be350-6615-441a-91f5-53ad976e91b3,,,,
75fd442d-a61e-4732-a7f2-6adb6e6765d5,ebc4a136-c5e7-4f7d-abfc-e3ddea655b8c,TPHT_000374,Cảm biến đo khí áp,98c88d39-bf0f-43c7-83a2-ca5d266ba54f,,t,,,hoat_dong,2026-07-11,,46e84da7-5a8b-4a79-aa46-2fb4bae1ff26,,2026-07-13 14:15:40.080084+00,2026-07-17 02:25:30.805543+00,e96be350-6615-441a-91f5-53ad976e91b3,1ce915ed-07e9-4b65-9209-2652ffd9b681,,,
9ca010fb-d911-4896-b4c3-79cdf548882e,ebc4a136-c5e7-4f7d-abfc-e3ddea655b8c,TPHT_001129,Hệ thống quan trắc thời tiết tự động IMS,,,t,,Model: IMS | Serial: YLTQ028092; SGH834TQ2M | Mục đích: Quan trắc và báo cáo thời tiết sân bay phục vụ điều hành bay | Nguồn: GP 2145/GP-CHK,hoat_dong,,,46e84da7-5a8b-4a79-aa46-2fb4bae1ff26,,2026-07-14 14:32:36.52979+00,2026-07-17 07:27:24.789697+00,e96be350-6615-441a-91f5-53ad976e91b3,,,,
18674603-2b9e-4cc0-9cf2-f9db4527e2a6,4fea5c20-230a-4be7-a878-2a88882474c5,TPHT_001006,Jotron,,,f,2,,hoat_dong,,,38692b13-0732-44b4-86e7-c9b91bb0077c,,2026-07-14 14:07:43.117028+00,2026-07-17 07:27:24.789697+00,e96be350-6615-441a-91f5-53ad976e91b3,,,,
c7b5558c-aca8-4611-8231-4c8f19eb1073,c4dd13e1-79a1-450e-9fe6-544c2d4f40ff,TPHT_001148,Máy thu phát VHF thoại không - địa,,,t,,"Model: Máy phát: Jotron TA-7650; Máy thu: Jotron RA-7203 | Serial: Máy chính: 01160 (TA-7650), 01201 (RA-7203). Máy dự phòng: 01235 (TA-7650), 06885 (RA-7203) | Mục đích: Liên lạc trên tần số khẩn nguy 121,5 MHz (Phân khu 4 – ACC Hà Nội) | Nguồn: GP 2830/GP-CHK",hoat_dong,,,b91944b0-f556-47dd-ae34-c9c8368a18fc,,2026-07-14 14:32:36.52979+00,2026-07-17 07:27:24.789697+00,e96be350-6615-441a-91f5-53ad976e91b3,,,,
50890239-5f97-4c0d-ac74-f1fb49426ce8,42b37427-5a29-4d7d-9c66-e71536e081f8,QA_TP_1784866206_1_1,QA Thành phần 1784866206.1.1,98c88d39-bf0f-43c7-83a2-ca5d266ba54f,,t,1,Playwright permission regression test,hoat_dong,,,d8d935d5-1545-4139-836d-8dc8a7cc54e0,7b178d3c-127b-4bdd-a77c-a3013cdf365b,2026-07-24 04:10:07.953335+00,2026-07-24 04:10:07.953335+00,,,,,
877d2d8e-0141-4450-b6cd-78ac085375d5,42b37427-5a29-4d7d-9c66-e71536e081f8,QA_TP_1784866206_1_2,QA Thành phần 1784866206.1.2,98c88d39-bf0f-43c7-83a2-ca5d266ba54f,,t,2,Playwright permission regression test,hoat_dong,,,d8d935d5-1545-4139-836d-8dc8a7cc54e0,7b178d3c-127b-4bdd-a77c-a3013cdf365b,2026-07-24 04:10:08.230058+00,2026-07-24 04:10:08.230058+00,,,,,
07cab725-3f0c-4e75-8fb6-873fecbad0cb,4fbd5536-e530-4f9b-97d3-d194186c33de,TPHT_000019,Cảm biến độ cao trần mây,98c88d39-bf0f-43c7-83a2-ca5d266ba54f,,t,,,hoat_dong,2026-07-11,,141337b4-f2fa-4438-808f-0d10cfeedb85,,2026-07-13 14:15:40.080084+00,2026-07-17 02:25:30.805543+00,66b78574-4d8b-4d58-8ca7-67b06ef335b2,1ce915ed-07e9-4b65-9209-2652ffd9b681,,,
40bf7b4d-67a3-47cf-9b93-0f914b82a888,4fbd5536-e530-4f9b-97d3-d194186c33de,TPHT_000217,Thiết bị thu phát vô tuyến,ae03f513-6763-46f8-913d-91a103966947,,t,,,hoat_dong,2026-07-11,,141337b4-f2fa-4438-808f-0d10cfeedb85,,2026-07-13 14:15:40.080084+00,2026-07-17 02:25:30.805543+00,66b78574-4d8b-4d58-8ca7-67b06ef335b2,1ce915ed-07e9-4b65-9209-2652ffd9b681,,,
5959f205-1632-45bd-a82f-3e3e4a9eb9ff,42c99ea1-6512-4826-878d-beb1868c3108,TPHT_000288,Máy thu MAIN,032cd7d8-5028-42f1-86b5-cf3122e3a430,,t,1,,hoat_dong,2026-07-13,,581d9350-905f-46da-b45e-c2d8aba4d868,,2026-07-13 14:15:40.080084+00,2026-07-17 02:25:30.805543+00,03818fa3-ee05-4dfe-92f0-b6f752b0b97a,1ce915ed-07e9-4b65-9209-2652ffd9b681,,,
d82410f9-ded1-4b17-b425-73bbd89a81de,2ff61646-a8e8-40ac-a328-9671e72ea0d5,TPHT_000829,Liên lạc thoại không - địa,,,f,1,,hoat_dong,,,141337b4-f2fa-4438-808f-0d10cfeedb85,,2026-07-14 14:07:17.218841+00,2026-07-17 07:27:24.789697+00,e96be350-6615-441a-91f5-53ad976e91b3,,,,
00b56a88-0027-404f-b80f-3f2a42f5e4e5,4fbd5536-e530-4f9b-97d3-d194186c33de,TPHT_000001,Data logger,ae03f513-6763-46f8-913d-91a103966947,,t,,,hoat_dong,2026-07-11,,141337b4-f2fa-4438-808f-0d10cfeedb85,,2026-07-13 14:15:40.080084+00,2026-07-17 02:25:30.805543+00,38e5eeb4-1688-47ea-ac85-5fd68d617ea5,1ce915ed-07e9-4b65-9209-2652ffd9b681,,,
02b39322-1490-4789-81bf-9fd106bcf33e,4fbd5536-e530-4f9b-97d3-d194186c33de,TPHT_000008,Thiết bị chuyển mạch,ae03f513-6763-46f8-913d-91a103966947,,t,,,hoat_dong,2026-07-11,,141337b4-f2fa-4438-808f-0d10cfeedb85,,2026-07-13 14:15:40.080084+00,2026-07-17 02:25:30.805543+00,86ab1273-d507-4143-8f2d-b2e86dd8cf01,1ce915ed-07e9-4b65-9209-2652ffd9b681,,,
141e4bf7-2c1f-4083-b48e-2d5c38b48986,4fbd5536-e530-4f9b-97d3-d194186c33de,TPHT_000061,Thiết bị thu phát vô tuyến,ae03f513-6763-46f8-913d-91a103966947,,t,,,hoat_dong,2026-07-11,,141337b4-f2fa-4438-808f-0d10cfeedb85,,2026-07-13 14:15:40.080084+00,2026-07-17 02:25:30.805543+00,ffd5b794-82b9-4fd3-9057-3579b9140d1d,1ce915ed-07e9-4b65-9209-2652ffd9b681,,,
1faa1e95-da05-48c4-be41-e46ee5dc30b6,4fbd5536-e530-4f9b-97d3-d194186c33de,TPHT_000110,Thiết bị thu phát vô tuyến,ae03f513-6763-46f8-913d-91a103966947,,t,,,hoat_dong,2026-07-11,,141337b4-f2fa-4438-808f-0d10cfeedb85,,2026-07-13 14:15:40.080084+00,2026-07-17 02:25:30.805543+00,86ab1273-d507-4143-8f2d-b2e86dd8cf01,1ce915ed-07e9-4b65-9209-2652ffd9b681,,,
3a77de69-289d-41f4-8150-89e0f4609598,4fbd5536-e530-4f9b-97d3-d194186c33de,TPHT_000192,Cảm biến đo hướng và đo tốc độ gió,98c88d39-bf0f-43c7-83a2-ca5d266ba54f,,t,,,hoat_dong,2026-07-11,,141337b4-f2fa-4438-808f-0d10cfeedb85,,2026-07-13 14:15:40.080084+00,2026-07-17 02:25:30.805543+00,f099f53a-5ef4-4039-ba41-1ea298f0ae5d,1ce915ed-07e9-4b65-9209-2652ffd9b681,,,
3aa5bf0f-6a13-479e-812c-eb374abf3d8b,4fbd5536-e530-4f9b-97d3-d194186c33de,TPHT_000193,Đo nhiệt độ - độ ẩm - khí áp,98c88d39-bf0f-43c7-83a2-ca5d266ba54f,,t,,,hoat_dong,2026-07-11,,141337b4-f2fa-4438-808f-0d10cfeedb85,,2026-07-13 14:15:40.080084+00,2026-07-17 02:25:30.805543+00,9a6b88fa-8dcb-422b-9b9e-a029e372a564,1ce915ed-07e9-4b65-9209-2652ffd9b681,,,
42f93b5d-a9de-41d2-8065-291714d86409,4fbd5536-e530-4f9b-97d3-d194186c33de,TPHT_000223,Cảm biến tầm nhìn,98c88d39-bf0f-43c7-83a2-ca5d266ba54f,,t,,,hoat_dong,2026-07-11,,141337b4-f2fa-4438-808f-0d10cfeedb85,,2026-07-13 14:15:40.080084+00,2026-07-17 02:25:30.805543+00,38e5eeb4-1688-47ea-ac85-5fd68d617ea5,1ce915ed-07e9-4b65-9209-2652ffd9b681,,,
676d9926-0cb9-4428-8b22-07f4a4757b15,4fbd5536-e530-4f9b-97d3-d194186c33de,TPHT_000328,Thiết bị thu phát vô tuyến,ae03f513-6763-46f8-913d-91a103966947,,t,,,hoat_dong,2026-07-11,,141337b4-f2fa-4438-808f-0d10cfeedb85,,2026-07-13 14:15:40.080084+00,2026-07-17 02:25:30.805543+00,38e5eeb4-1688-47ea-ac85-5fd68d617ea5,1ce915ed-07e9-4b65-9209-2652ffd9b681,,,
6c4d5967-c226-42a5-9fa4-f8805c77d98a,4fbd5536-e530-4f9b-97d3-d194186c33de,TPHT_000340,Bộ Charger,accf1740-4c18-4b9a-895f-59d85ba593b5,,t,,,hoat_dong,2026-07-11,,141337b4-f2fa-4438-808f-0d10cfeedb85,,2026-07-13 14:15:40.080084+00,2026-07-17 02:25:30.805543+00,ffd5b794-82b9-4fd3-9057-3579b9140d1d,1ce915ed-07e9-4b65-9209-2652ffd9b681,,,
7673a84d-800b-4441-a75d-1e9bbf3307e9,7f40beb2-5d47-4f4a-b7df-35cd1cca56ae,TPHT_000375,Cảm biến đo hướng và đo tốc độ gió,98c88d39-bf0f-43c7-83a2-ca5d266ba54f,,t,,,hoat_dong,2026-07-11,,e43c5d4b-3c3c-4486-89da-73e9ac747ab4,,2026-07-13 14:15:40.080084+00,2026-07-17 02:25:30.805543+00,e96be350-6615-441a-91f5-53ad976e91b3,1ce915ed-07e9-4b65-9209-2652ffd9b681,,,
76f76425-e56c-4864-8bd0-0d8ee12acda8,a0625061-0c6d-4e0b-b438-d696787ad746,TPHT_000376,Switch đầu cuối,ae03f513-6763-46f8-913d-91a103966947,,t,,,hoat_dong,2026-07-11,,65ac5e26-b0a7-487e-a72d-3f0dfc3facc2,,2026-07-13 14:15:40.080084+00,2026-07-17 02:25:30.805543+00,ff3511ef-1568-4f81-9c59-21d71703e354,1ce915ed-07e9-4b65-9209-2652ffd9b681,,,
773cc7b9-929d-45d0-a2b2-910a777dc11b,a0625061-0c6d-4e0b-b438-d696787ad746,TPHT_000377,Cảm biến đo dông,98c88d39-bf0f-43c7-83a2-ca5d266ba54f,,t,,,hoat_dong,2026-07-11,,65ac5e26-b0a7-487e-a72d-3f0dfc3facc2,,2026-07-13 14:15:40.080084+00,2026-07-17 02:25:30.805543+00,e96be350-6615-441a-91f5-53ad976e91b3,1ce915ed-07e9-4b65-9209-2652ffd9b681,,,
1650006a-7206-4a51-b917-64a07cdd4a87,2236fe1c-6896-4157-a310-ae0e094233f6,TPHT_000074,Bộ chuyển đổi tín hiệu RS232/485 Converter,ae03f513-6763-46f8-913d-91a103966947,,t,,,hoat_dong,2026-07-11,,8b408897-b25d-4ece-91ba-d97dfacec283,,2026-07-13 14:15:40.080084+00,2026-07-17 02:25:30.805543+00,c6b9108a-b830-42a6-b3b8-9e6dd5196202,1ce915ed-07e9-4b65-9209-2652ffd9b681,,,
1906dfec-04e8-44b8-a839-3fe4cdb24a0d,2236fe1c-6896-4157-a310-ae0e094233f6,TPHT_000085,Khí áp kế kỹ thuật số,98c88d39-bf0f-43c7-83a2-ca5d266ba54f,,t,,,hoat_dong,2026-07-11,,8b408897-b25d-4ece-91ba-d97dfacec283,,2026-07-13 14:15:40.080084+00,2026-07-17 02:25:30.805543+00,ff3511ef-1568-4f81-9c59-21d71703e354,1ce915ed-07e9-4b65-9209-2652ffd9b681,,,
48d120d6-3746-4514-b1df-fffe47b6a234,2236fe1c-6896-4157-a310-ae0e094233f6,TPHT_000238,Màn hình hiển thị Nhiệt độ-Độ ẩm-Khí áp,83e7d93e-2f76-4d4f-a6bc-08926383aba1,,t,,,hoat_dong,2026-07-11,,8b408897-b25d-4ece-91ba-d97dfacec283,,2026-07-13 14:15:40.080084+00,2026-07-17 02:25:30.805543+00,ff3511ef-1568-4f81-9c59-21d71703e354,1ce915ed-07e9-4b65-9209-2652ffd9b681,,,
4b17b73a-809a-4c3a-8d40-e1e143f51fa7,8b1b85e4-de60-436d-bb4a-052a4ca1d056,TPHT_000244,"16 kênh. 01 card CPU, 01 card RAID , 2card LISC, 01 card đồng bộ thời gian, 2 HDD, 01 DVDRAM.",83e7d93e-2f76-4d4f-a6bc-08926383aba1,,t,,,hoat_dong,2026-07-12,,581d9350-905f-46da-b45e-c2d8aba4d868,,2026-07-13 14:15:40.080084+00,2026-07-17 02:25:30.805543+00,8d0b92cb-6a62-4fbe-9b51-9399ee0e1843,1ce915ed-07e9-4b65-9209-2652ffd9b681,,,
5671ec28-2c6e-45e9-a905-f36d314307aa,727fa6bc-f62a-4414-bc9c-4c0c0c2b42ff,TPHT_000279,Đầu cuối AMHS khí tượng,83e7d93e-2f76-4d4f-a6bc-08926383aba1,,t,1,,hoat_dong,2026-07-12,,581d9350-905f-46da-b45e-c2d8aba4d868,,2026-07-13 14:15:40.080084+00,2026-07-17 02:25:30.805543+00,8d0b92cb-6a62-4fbe-9b51-9399ee0e1843,1ce915ed-07e9-4b65-9209-2652ffd9b681,,,
66293acc-6604-4805-83e9-c63061e170e7,2236fe1c-6896-4157-a310-ae0e094233f6,TPHT_000320,Radio Modem MR400,ae03f513-6763-46f8-913d-91a103966947,,t,,,hoat_dong,2026-07-11,,8b408897-b25d-4ece-91ba-d97dfacec283,,2026-07-13 14:15:40.080084+00,2026-07-17 02:25:30.805543+00,ff3511ef-1568-4f81-9c59-21d71703e354,1ce915ed-07e9-4b65-9209-2652ffd9b681,,,
6fceffb8-1211-4c4d-927f-f4a38093d599,a0625061-0c6d-4e0b-b438-d696787ad746,TPHT_000349,Thiết bị Serial to Ethernet đầu 35,ae03f513-6763-46f8-913d-91a103966947,,t,,,hoat_dong,2026-07-11,,65ac5e26-b0a7-487e-a72d-3f0dfc3facc2,,2026-07-13 14:15:40.080084+00,2026-07-17 02:25:30.805543+00,3f302563-bdbb-443d-911f-b0058e38db42,1ce915ed-07e9-4b65-9209-2652ffd9b681,,,
72aa1e77-e3e6-4b74-8e17-dd05e75987e6,2236fe1c-6896-4157-a310-ae0e094233f6,TPHT_000365,Bộ hiển thị Meterological TFT,83e7d93e-2f76-4d4f-a6bc-08926383aba1,,t,,,hoat_dong,2026-07-11,,8b408897-b25d-4ece-91ba-d97dfacec283,,2026-07-13 14:15:40.080084+00,2026-07-17 02:25:30.805543+00,ff3511ef-1568-4f81-9c59-21d71703e354,1ce915ed-07e9-4b65-9209-2652ffd9b681,,,
7581c274-c5e3-4954-9acc-97759be27a16,2236fe1c-6896-4157-a310-ae0e094233f6,TPHT_000372,Server,83e7d93e-2f76-4d4f-a6bc-08926383aba1,,t,,,hoat_dong,2026-07-11,,8b408897-b25d-4ece-91ba-d97dfacec283,,2026-07-13 14:15:40.080084+00,2026-07-17 02:25:30.805543+00,c6b9108a-b830-42a6-b3b8-9e6dd5196202,1ce915ed-07e9-4b65-9209-2652ffd9b681,,,
773f4d8c-ddc5-4a1d-ace6-8e43448f2094,727fa6bc-f62a-4414-bc9c-4c0c0c2b42ff,TPHT_000378,SW Catalyst Cisco 2960-C,ae03f513-6763-46f8-913d-91a103966947,,t,3,,hoat_dong,2026-07-12,,581d9350-905f-46da-b45e-c2d8aba4d868,,2026-07-13 14:15:40.080084+00,2026-07-17 02:25:30.805543+00,c6b9108a-b830-42a6-b3b8-9e6dd5196202,1ce915ed-07e9-4b65-9209-2652ffd9b681,,,
785c1c8d-34be-4a6c-805a-8ec541b807c7,ce27df84-7054-4032-bfe7-efdb0bd119f4,TPHT_000379,Chống sét RF,660f73b4-1975-4bde-8c87-810a23ef6e2c,,t,,,hoat_dong,2026-07-11,,581d9350-905f-46da-b45e-c2d8aba4d868,,2026-07-13 14:15:40.080084+00,2026-07-17 02:25:30.805543+00,e96be350-6615-441a-91f5-53ad976e91b3,1ce915ed-07e9-4b65-9209-2652ffd9b681,,,
7872157e-e71d-41df-9e3f-d18cc843069d,ebc4a136-c5e7-4f7d-abfc-e3ddea655b8c,TPHT_000380,Modem FSK,ae03f513-6763-46f8-913d-91a103966947,,t,,,hoat_dong,2026-07-11,,46e84da7-5a8b-4a79-aa46-2fb4bae1ff26,,2026-07-13 14:15:40.080084+00,2026-07-17 02:25:30.805543+00,e96be350-6615-441a-91f5-53ad976e91b3,1ce915ed-07e9-4b65-9209-2652ffd9b681,,,
78d6f560-f644-4743-abb7-f490a42984dd,a13f3116-f74d-4435-b248-5b458d9fead4,TPHT_000381,Thiết bị trong nhà,1ef69ec2-6298-4c48-b931-aea3fa48c0fc,,t,,,hoat_dong,2026-07-11,,f59bf0bd-520b-4245-80db-dc71b7187bf1,,2026-07-13 14:15:40.080084+00,2026-07-17 02:25:30.805543+00,e96be350-6615-441a-91f5-53ad976e91b3,1ce915ed-07e9-4b65-9209-2652ffd9b681,,,
7903b2d7-9289-4d85-bd01-ce0ae2f34f64,a0625061-0c6d-4e0b-b438-d696787ad746,TPHT_000382,Cảm biến đo tầm nhìn,98c88d39-bf0f-43c7-83a2-ca5d266ba54f,,t,,,hoat_dong,2026-07-11,,65ac5e26-b0a7-487e-a72d-3f0dfc3facc2,,2026-07-13 14:15:40.080084+00,2026-07-17 02:25:30.805543+00,e96be350-6615-441a-91f5-53ad976e91b3,1ce915ed-07e9-4b65-9209-2652ffd9b681,,,
7932bfa1-b13a-4643-9165-2e66e96ab4c5,8b1b85e4-de60-436d-bb4a-052a4ca1d056,TPHT_000383,Máy tính giám sát ghi âm ATTECH,83e7d93e-2f76-4d4f-a6bc-08926383aba1,,t,,,hoat_dong,2026-07-12,,581d9350-905f-46da-b45e-c2d8aba4d868,,2026-07-13 14:15:40.080084+00,2026-07-17 02:25:30.805543+00,03818fa3-ee05-4dfe-92f0-b6f752b0b97a,1ce915ed-07e9-4b65-9209-2652ffd9b681,,,
793f6116-76c8-48e7-bc43-cabb97b6db2f,a0625061-0c6d-4e0b-b438-d696787ad746,TPHT_000384,Cảm biến đo hiện tượng thời tiết,98c88d39-bf0f-43c7-83a2-ca5d266ba54f,,t,,,hoat_dong,2026-07-11,,65ac5e26-b0a7-487e-a72d-3f0dfc3facc2,,2026-07-13 14:15:40.080084+00,2026-07-17 02:25:30.805543+00,e96be350-6615-441a-91f5-53ad976e91b3,1ce915ed-07e9-4b65-9209-2652ffd9b681,,,
7991ea1e-9c20-45fd-a3f0-3171e9b0554b,a0625061-0c6d-4e0b-b438-d696787ad746,TPHT_000385,Cắt lọc sét nguồn AC,660f73b4-1975-4bde-8c87-810a23ef6e2c,,t,,,hoat_dong,2026-07-11,,65ac5e26-b0a7-487e-a72d-3f0dfc3facc2,,2026-07-13 14:15:40.080084+00,2026-07-17 02:25:30.805543+00,7edb2f00-60da-46ad-8aed-873d4708393d,1ce915ed-07e9-4b65-9209-2652ffd9b681,,,
7a0cbcc5-8b57-47d3-be87-d4a13e3dcc9d,ebc4a136-c5e7-4f7d-abfc-e3ddea655b8c,TPHT_000386,Thiết bị serial to Ethernet,ae03f513-6763-46f8-913d-91a103966947,,t,,,hoat_dong,2026-07-11,,46e84da7-5a8b-4a79-aa46-2fb4bae1ff26,,2026-07-13 14:15:40.080084+00,2026-07-17 02:25:30.805543+00,e96be350-6615-441a-91f5-53ad976e91b3,1ce915ed-07e9-4b65-9209-2652ffd9b681,,,
7a1c5700-0fb8-447e-8405-32ec64bf1724,42c99ea1-6512-4826-878d-beb1868c3108,TPHT_000387,Máy thu STANDBY,032cd7d8-5028-42f1-86b5-cf3122e3a430,,t,3,,hoat_dong,2026-07-13,,581d9350-905f-46da-b45e-c2d8aba4d868,,2026-07-13 14:15:40.080084+00,2026-07-17 02:25:30.805543+00,03818fa3-ee05-4dfe-92f0-b6f752b0b97a,1ce915ed-07e9-4b65-9209-2652ffd9b681,,,
7a692a5d-32f6-43f9-ab0e-91ca68b7a964,2236fe1c-6896-4157-a310-ae0e094233f6,TPHT_000388,Bộ chuyển đổi tín hiệu 485/fiber,ae03f513-6763-46f8-913d-91a103966947,,t,,,hoat_dong,2026-07-11,,8b408897-b25d-4ece-91ba-d97dfacec283,,2026-07-13 14:15:40.080084+00,2026-07-17 02:25:30.805543+00,e96be350-6615-441a-91f5-53ad976e91b3,1ce915ed-07e9-4b65-9209-2652ffd9b681,,,
7a8f3206-0ddf-48ba-90ee-f8030da61bd6,ebc4a136-c5e7-4f7d-abfc-e3ddea655b8c,TPHT_000389,Chống sét đường tín hiệu,660f73b4-1975-4bde-8c87-810a23ef6e2c,,t,,,hoat_dong,2026-07-11,,46e84da7-5a8b-4a79-aa46-2fb4bae1ff26,,2026-07-13 14:15:40.080084+00,2026-07-17 02:25:30.805543+00,e96be350-6615-441a-91f5-53ad976e91b3,1ce915ed-07e9-4b65-9209-2652ffd9b681,,,
7a9d6e34-4914-40a2-9012-d04cfad5edbe,a0625061-0c6d-4e0b-b438-d696787ad746,TPHT_000390,Modem UHF đầu 35,ae03f513-6763-46f8-913d-91a103966947,,t,,,hoat_dong,2026-07-11,,65ac5e26-b0a7-487e-a72d-3f0dfc3facc2,,2026-07-13 14:15:40.080084+00,2026-07-17 02:25:30.805543+00,3f302563-bdbb-443d-911f-b0058e38db42,1ce915ed-07e9-4b65-9209-2652ffd9b681,,,
7aaf7c5a-2566-4039-b1df-49bb98198d02,7f40beb2-5d47-4f4a-b7df-35cd1cca56ae,TPHT_000391,Thiết bị thu phát vô tuyến,ae03f513-6763-46f8-913d-91a103966947,,t,,,hoat_dong,2026-07-11,,e43c5d4b-3c3c-4486-89da-73e9ac747ab4,,2026-07-13 14:15:40.080084+00,2026-07-17 02:25:30.805543+00,e96be350-6615-441a-91f5-53ad976e91b3,1ce915ed-07e9-4b65-9209-2652ffd9b681,,,
7adc7593-4786-4119-b7bb-6b262765b58a,ebc4a136-c5e7-4f7d-abfc-e3ddea655b8c,TPHT_000392,Chống sét tín hiệu RS232(X3),660f73b4-1975-4bde-8c87-810a23ef6e2c,,t,,,hoat_dong,2026-07-11,,46e84da7-5a8b-4a79-aa46-2fb4bae1ff26,,2026-07-13 14:15:40.080084+00,2026-07-17 02:25:30.805543+00,e96be350-6615-441a-91f5-53ad976e91b3,1ce915ed-07e9-4b65-9209-2652ffd9b681,,,
7b02e811-5237-406d-aabd-48820c0e5c9a,ce27df84-7054-4032-bfe7-efdb0bd119f4,TPHT_000393,Chống sét đường tín hiệu RS232,660f73b4-1975-4bde-8c87-810a23ef6e2c,,t,,,hoat_dong,2026-07-11,,581d9350-905f-46da-b45e-c2d8aba4d868,,2026-07-13 14:15:40.080084+00,2026-07-17 02:25:30.805543+00,e96be350-6615-441a-91f5-53ad976e91b3,1ce915ed-07e9-4b65-9209-2652ffd9b681,,,
1ced7771-bed5-4575-80ce-88cb2121c347,4fea5c20-230a-4be7-a878-2a88882474c5,TPHT_001007,SX 2016,,,f,3,,hoat_dong,,,38692b13-0732-44b4-86e7-c9b91bb0077c,,2026-07-14 14:07:43.253791+00,2026-07-17 07:27:24.789697+00,e96be350-6615-441a-91f5-53ad976e91b3,,,,
02ae9530-838f-4366-a974-9bf534cefc8a,4fbd5536-e530-4f9b-97d3-d194186c33de,TPHT_000007,Cắt lọc sét nguồn AC - Tủ thiết bị,660f73b4-1975-4bde-8c87-810a23ef6e2c,,t,,,hoat_dong,2026-07-11,,141337b4-f2fa-4438-808f-0d10cfeedb85,,2026-07-13 14:15:40.080084+00,2026-07-17 02:25:30.805543+00,38e5eeb4-1688-47ea-ac85-5fd68d617ea5,1ce915ed-07e9-4b65-9209-2652ffd9b681,,,
0aab0e81-c10f-4283-9bc9-0bda74f3a922,4fbd5536-e530-4f9b-97d3-d194186c33de,TPHT_000029,Chống sét đường dữ liệu RS-232,660f73b4-1975-4bde-8c87-810a23ef6e2c,,t,,,hoat_dong,2026-07-11,,141337b4-f2fa-4438-808f-0d10cfeedb85,,2026-07-13 14:15:40.080084+00,2026-07-17 02:25:30.805543+00,38e5eeb4-1688-47ea-ac85-5fd68d617ea5,1ce915ed-07e9-4b65-9209-2652ffd9b681,,,
100cf7c4-80a2-4110-be59-a38b35a35888,4fbd5536-e530-4f9b-97d3-d194186c33de,TPHT_000044,Chống sét - UHF,660f73b4-1975-4bde-8c87-810a23ef6e2c,,t,,,hoat_dong,2026-07-11,,141337b4-f2fa-4438-808f-0d10cfeedb85,,2026-07-13 14:15:40.080084+00,2026-07-17 02:25:30.805543+00,66b78574-4d8b-4d58-8ca7-67b06ef335b2,1ce915ed-07e9-4b65-9209-2652ffd9b681,,,
10eed0df-a672-4b2c-953f-a42ada258786,4fbd5536-e530-4f9b-97d3-d194186c33de,TPHT_000045,Chống sét giao tiếp Ethernet-UHF,660f73b4-1975-4bde-8c87-810a23ef6e2c,,t,,,hoat_dong,2026-07-11,,141337b4-f2fa-4438-808f-0d10cfeedb85,,2026-07-13 14:15:40.080084+00,2026-07-17 02:25:30.805543+00,ffd5b794-82b9-4fd3-9057-3579b9140d1d,1ce915ed-07e9-4b65-9209-2652ffd9b681,,,
156bde95-c50d-44d7-a6a5-c07d615fef51,4fbd5536-e530-4f9b-97d3-d194186c33de,TPHT_000069,Chống sét - UHF,660f73b4-1975-4bde-8c87-810a23ef6e2c,,t,,,hoat_dong,2026-07-11,,141337b4-f2fa-4438-808f-0d10cfeedb85,,2026-07-13 14:15:40.080084+00,2026-07-17 02:25:30.805543+00,55021222-1b51-463e-9e44-48eea52544cb,1ce915ed-07e9-4b65-9209-2652ffd9b681,,,
24f4bbf7-b864-4d0e-80a2-d4756c430172,2236fe1c-6896-4157-a310-ae0e094233f6,TPHT_000125,Chống sét đường tín hiệu,660f73b4-1975-4bde-8c87-810a23ef6e2c,,t,,,hoat_dong,2026-07-11,,8b408897-b25d-4ece-91ba-d97dfacec283,,2026-07-13 14:15:40.080084+00,2026-07-17 02:25:30.805543+00,c6b9108a-b830-42a6-b3b8-9e6dd5196202,1ce915ed-07e9-4b65-9209-2652ffd9b681,,,
27b4afeb-3c82-4bd0-ab71-289a990b7902,4fbd5536-e530-4f9b-97d3-d194186c33de,TPHT_000138,Chống sét giao tiếp Ethernet-UHF,660f73b4-1975-4bde-8c87-810a23ef6e2c,,t,,,hoat_dong,2026-07-11,,141337b4-f2fa-4438-808f-0d10cfeedb85,,2026-07-13 14:15:40.080084+00,2026-07-17 02:25:30.805543+00,38e5eeb4-1688-47ea-ac85-5fd68d617ea5,1ce915ed-07e9-4b65-9209-2652ffd9b681,,,
ac8727ad-b226-4a11-8a34-5f0b05afea69,c430bc01-239f-4a2a-b408-76aa06bf23ac,QA5_TP_1784866551_1_1,QA5 thành phần 1784866551.1.1,98c88d39-bf0f-43c7-83a2-ca5d266ba54f,,t,1,Permission regression 5 rounds,hoat_dong,,,c3231147-e403-4afa-838f-04026ffa8f7d,7b178d3c-127b-4bdd-a77c-a3013cdf365b,2026-07-24 04:15:53.35979+00,2026-07-24 04:15:53.35979+00,,,,,
3ec6b96b-5752-4510-84ad-e5e6c2d27282,c430bc01-239f-4a2a-b408-76aa06bf23ac,QA5_TP_1784866551_1_3,QA5 thành phần 1784866551.1.3,98c88d39-bf0f-43c7-83a2-ca5d266ba54f,,t,3,Permission regression 5 rounds,hoat_dong,,,c3231147-e403-4afa-838f-04026ffa8f7d,7b178d3c-127b-4bdd-a77c-a3013cdf365b,2026-07-24 04:15:57.967254+00,2026-07-24 04:15:57.967254+00,,,,,
2bf11bbd-c5fc-4867-a099-7a453666469c,2236fe1c-6896-4157-a310-ae0e094233f6,TPHT_000155,SWS Calibration Kit,1ef69ec2-6298-4c48-b931-aea3fa48c0fc,,t,,,hoat_dong,2026-07-11,,8b408897-b25d-4ece-91ba-d97dfacec283,,2026-07-13 14:15:40.080084+00,2026-07-17 02:25:30.805543+00,c6b9108a-b830-42a6-b3b8-9e6dd5196202,1ce915ed-07e9-4b65-9209-2652ffd9b681,,,
375bc7df-073a-439f-80ac-1626aae04560,4fbd5536-e530-4f9b-97d3-d194186c33de,TPHT_000182,Chống sét RF  - UHF,660f73b4-1975-4bde-8c87-810a23ef6e2c,,t,,,hoat_dong,2026-07-11,,141337b4-f2fa-4438-808f-0d10cfeedb85,,2026-07-13 14:15:40.080084+00,2026-07-17 02:25:30.805543+00,38e5eeb4-1688-47ea-ac85-5fd68d617ea5,1ce915ed-07e9-4b65-9209-2652ffd9b681,,,
3b18e510-5282-4cbb-a631-8f840759081f,2236fe1c-6896-4157-a310-ae0e094233f6,TPHT_000196,Chống sét đường tín hiệu,660f73b4-1975-4bde-8c87-810a23ef6e2c,,t,,,hoat_dong,2026-07-11,,8b408897-b25d-4ece-91ba-d97dfacec283,,2026-07-13 14:15:40.080084+00,2026-07-17 02:25:30.805543+00,c6b9108a-b830-42a6-b3b8-9e6dd5196202,1ce915ed-07e9-4b65-9209-2652ffd9b681,,,
29523d51-5eac-4b40-b8a4-be3bc2dc8b51,a0625061-0c6d-4e0b-b438-d696787ad746,TPHT_000146,Máy chủ MAIN,83e7d93e-2f76-4d4f-a6bc-08926383aba1,,t,,,hoat_dong,2026-07-11,,65ac5e26-b0a7-487e-a72d-3f0dfc3facc2,,2026-07-13 14:15:40.080084+00,2026-07-17 02:25:30.805543+00,3b1c9f72-6395-4ad0-a387-c7630195267a,1ce915ed-07e9-4b65-9209-2652ffd9b681,,,
7b3ad891-3da3-4d09-bcf6-118523bc0500,a0625061-0c6d-4e0b-b438-d696787ad746,TPHT_000394,Fiber to Ethernet lắp rack,ae03f513-6763-46f8-913d-91a103966947,,t,,,hoat_dong,2026-07-11,,65ac5e26-b0a7-487e-a72d-3f0dfc3facc2,,2026-07-13 14:15:40.080084+00,2026-07-17 02:25:30.805543+00,3b1c9f72-6395-4ad0-a387-c7630195267a,1ce915ed-07e9-4b65-9209-2652ffd9b681,,,
7b5b9c71-b41a-4869-9c20-8fc25e9afa4b,ce27df84-7054-4032-bfe7-efdb0bd119f4,TPHT_000395,Cảm biến đo gió,98c88d39-bf0f-43c7-83a2-ca5d266ba54f,,t,,,hoat_dong,2026-07-11,,581d9350-905f-46da-b45e-c2d8aba4d868,,2026-07-13 14:15:40.080084+00,2026-07-17 02:25:30.805543+00,e96be350-6615-441a-91f5-53ad976e91b3,1ce915ed-07e9-4b65-9209-2652ffd9b681,,,
7b70f8f4-8897-424c-a739-f9629f5a10ec,5ae20f2b-30dc-409c-95db-68b98b79c94e,TPHT_000396,Trạm MID,1ef69ec2-6298-4c48-b931-aea3fa48c0fc,,t,,,hoat_dong,2026-07-11,,f59bf0bd-520b-4245-80db-dc71b7187bf1,,2026-07-13 14:15:40.080084+00,2026-07-17 02:25:30.805543+00,e96be350-6615-441a-91f5-53ad976e91b3,1ce915ed-07e9-4b65-9209-2652ffd9b681,,,
7bad8066-9bb3-455d-a077-644bc7075379,a13f3116-f74d-4435-b248-5b458d9fead4,TPHT_000397,"Cảm biến đo hướng và tốc độ gió (kèm theo cáp tín hiệu, cáp nguồn, phụ kiện chống chim đậu, phụ kiện lắp đặt)",98c88d39-bf0f-43c7-83a2-ca5d266ba54f,,t,,,hoat_dong,2026-07-11,,f59bf0bd-520b-4245-80db-dc71b7187bf1,,2026-07-13 14:15:40.080084+00,2026-07-17 02:25:30.805543+00,e96be350-6615-441a-91f5-53ad976e91b3,1ce915ed-07e9-4b65-9209-2652ffd9b681,,,
7c02fd4f-9a42-47a8-a305-340966726fb0,a13f3116-f74d-4435-b248-5b458d9fead4,TPHT_000398,Trạm RWAY 20 L,1ef69ec2-6298-4c48-b931-aea3fa48c0fc,,t,,,hoat_dong,2026-07-11,,f59bf0bd-520b-4245-80db-dc71b7187bf1,,2026-07-13 14:15:40.080084+00,2026-07-17 02:25:30.805543+00,e96be350-6615-441a-91f5-53ad976e91b3,1ce915ed-07e9-4b65-9209-2652ffd9b681,,,
7c44fe33-278e-4a10-87aa-30af9dd6222f,7f40beb2-5d47-4f4a-b7df-35cd1cca56ae,TPHT_000399,AWOS D-AW21,ae03f513-6763-46f8-913d-91a103966947,,t,,,hoat_dong,2026-07-11,,e43c5d4b-3c3c-4486-89da-73e9ac747ab4,,2026-07-13 14:15:40.080084+00,2026-07-17 02:25:30.805543+00,e96be350-6615-441a-91f5-53ad976e91b3,1ce915ed-07e9-4b65-9209-2652ffd9b681,,,
7c5add05-e470-4ce9-90cb-22fa7dd0ab82,4fbd5536-e530-4f9b-97d3-d194186c33de,TPHT_000400,Thiết bị chuyển đổi Serial/Ethernet,ae03f513-6763-46f8-913d-91a103966947,,t,,,hoat_dong,2026-07-11,,141337b4-f2fa-4438-808f-0d10cfeedb85,,2026-07-13 14:15:40.080084+00,2026-07-17 02:25:30.805543+00,ffd5b794-82b9-4fd3-9057-3579b9140d1d,1ce915ed-07e9-4b65-9209-2652ffd9b681,,,
7caa8254-e5aa-4acb-88a1-ac869840c13d,ebc4a136-c5e7-4f7d-abfc-e3ddea655b8c,TPHT_000402,Chống sét tín hiệu RS232(X3),660f73b4-1975-4bde-8c87-810a23ef6e2c,,t,,,hoat_dong,2026-07-11,,46e84da7-5a8b-4a79-aa46-2fb4bae1ff26,,2026-07-13 14:15:40.080084+00,2026-07-17 02:25:30.805543+00,e96be350-6615-441a-91f5-53ad976e91b3,1ce915ed-07e9-4b65-9209-2652ffd9b681,,,
7cec438b-2c5e-4395-8c02-60ab8b839dd7,5ae20f2b-30dc-409c-95db-68b98b79c94e,TPHT_000403,Màn hình hiển thị số liệu gió OMC-140,83e7d93e-2f76-4d4f-a6bc-08926383aba1,,t,,,hoat_dong,2026-07-11,,f59bf0bd-520b-4245-80db-dc71b7187bf1,,2026-07-13 14:15:40.080084+00,2026-07-17 02:25:30.805543+00,e96be350-6615-441a-91f5-53ad976e91b3,1ce915ed-07e9-4b65-9209-2652ffd9b681,,,
7dbfcb50-2720-458f-aadc-dcb0cbc39aa3,ebc4a136-c5e7-4f7d-abfc-e3ddea655b8c,TPHT_000404,Cắt lọc sét 1 pha,660f73b4-1975-4bde-8c87-810a23ef6e2c,,t,,,hoat_dong,2026-07-11,,46e84da7-5a8b-4a79-aa46-2fb4bae1ff26,,2026-07-13 14:15:40.080084+00,2026-07-17 02:25:30.805543+00,e96be350-6615-441a-91f5-53ad976e91b3,1ce915ed-07e9-4b65-9209-2652ffd9b681,,,
7ddc04b4-b150-41e7-a658-be6decd35013,4fbd5536-e530-4f9b-97d3-d194186c33de,TPHT_000405,Thiết bị thu phát vô tuyến,ae03f513-6763-46f8-913d-91a103966947,,t,,,hoat_dong,2026-07-11,,141337b4-f2fa-4438-808f-0d10cfeedb85,,2026-07-13 14:15:40.080084+00,2026-07-17 02:25:30.805543+00,f099f53a-5ef4-4039-ba41-1ea298f0ae5d,1ce915ed-07e9-4b65-9209-2652ffd9b681,,,
7de9640f-a623-4040-89ac-1b55f9eb35e5,a13f3116-f74d-4435-b248-5b458d9fead4,TPHT_000406,"Trụ dễ gãy cao khoảng 2,5m cho cảm biến đo tầm nhìn",98c88d39-bf0f-43c7-83a2-ca5d266ba54f,,t,,,hoat_dong,2026-07-11,,f59bf0bd-520b-4245-80db-dc71b7187bf1,,2026-07-13 14:15:40.080084+00,2026-07-17 02:25:30.805543+00,e96be350-6615-441a-91f5-53ad976e91b3,1ce915ed-07e9-4b65-9209-2652ffd9b681,,,
7ded4782-576b-4a05-a86a-499a3b54094d,5ae20f2b-30dc-409c-95db-68b98b79c94e,TPHT_000407,Thiết bị giao tiếp đường truyền Nport IA5250A-T,ae03f513-6763-46f8-913d-91a103966947,,t,,,hoat_dong,2026-07-11,,f59bf0bd-520b-4245-80db-dc71b7187bf1,,2026-07-13 14:15:40.080084+00,2026-07-17 02:25:30.805543+00,e96be350-6615-441a-91f5-53ad976e91b3,1ce915ed-07e9-4b65-9209-2652ffd9b681,,,
7df4533c-5667-4258-9549-cb1010829dfe,7f40beb2-5d47-4f4a-b7df-35cd1cca56ae,TPHT_000408,AWOS D-AW21,ae03f513-6763-46f8-913d-91a103966947,,t,,,hoat_dong,2026-07-11,,e43c5d4b-3c3c-4486-89da-73e9ac747ab4,,2026-07-13 14:15:40.080084+00,2026-07-17 02:25:30.805543+00,e96be350-6615-441a-91f5-53ad976e91b3,1ce915ed-07e9-4b65-9209-2652ffd9b681,,,
7e68694d-7c40-4653-9479-1903f324852b,2236fe1c-6896-4157-a310-ae0e094233f6,TPHT_000409,Chống sét đường tín hiệu,660f73b4-1975-4bde-8c87-810a23ef6e2c,,t,,,hoat_dong,2026-07-11,,8b408897-b25d-4ece-91ba-d97dfacec283,,2026-07-13 14:15:40.080084+00,2026-07-17 02:25:30.805543+00,e96be350-6615-441a-91f5-53ad976e91b3,1ce915ed-07e9-4b65-9209-2652ffd9b681,,,
7e7d7217-fc22-4800-91f5-f26aa0dd79e3,ebc4a136-c5e7-4f7d-abfc-e3ddea655b8c,TPHT_000410,Cắt lọc sét nguồn AC,660f73b4-1975-4bde-8c87-810a23ef6e2c,,t,,,hoat_dong,2026-07-11,,46e84da7-5a8b-4a79-aa46-2fb4bae1ff26,,2026-07-13 14:15:40.080084+00,2026-07-17 02:25:30.805543+00,e96be350-6615-441a-91f5-53ad976e91b3,1ce915ed-07e9-4b65-9209-2652ffd9b681,,,
7ecd5dc0-c0e8-435c-99b6-cefced21c6ae,2236fe1c-6896-4157-a310-ae0e094233f6,TPHT_000411,RS232/485 Converter,ae03f513-6763-46f8-913d-91a103966947,,t,,,hoat_dong,2026-07-11,,8b408897-b25d-4ece-91ba-d97dfacec283,,2026-07-13 14:15:40.080084+00,2026-07-17 02:25:30.805543+00,e96be350-6615-441a-91f5-53ad976e91b3,1ce915ed-07e9-4b65-9209-2652ffd9b681,,,
7f4436a5-8622-4485-8490-b84c28c23db9,ebc4a136-c5e7-4f7d-abfc-e3ddea655b8c,TPHT_000412,Thiết bị đo nhiệt ẩm,98c88d39-bf0f-43c7-83a2-ca5d266ba54f,,t,,,hoat_dong,2026-07-11,,46e84da7-5a8b-4a79-aa46-2fb4bae1ff26,,2026-07-13 14:15:40.080084+00,2026-07-17 02:25:30.805543+00,e96be350-6615-441a-91f5-53ad976e91b3,1ce915ed-07e9-4b65-9209-2652ffd9b681,,,
7f8b4670-4fea-4f68-b00f-8cbc523f2302,a13f3116-f74d-4435-b248-5b458d9fead4,TPHT_000414,"07 bộ máy tính đầu cuối : / + CPU: Intel Core i5-14400 (up to 4.8GHz/65W) / + RAM: 8G DDR4 / + Ổ cứng SSD 512G / + Giao tiếp 10/100/1000Mbps / - Màn Hình Dell E2225H (21.5 inch - VA - FHD - 75Hz - 5ms ) / - Hệ điều hành Win10, có bản quyền",83e7d93e-2f76-4d4f-a6bc-08926383aba1,,t,,,hoat_dong,2026-07-11,,f59bf0bd-520b-4245-80db-dc71b7187bf1,,2026-07-13 14:15:40.080084+00,2026-07-17 02:25:30.805543+00,e96be350-6615-441a-91f5-53ad976e91b3,1ce915ed-07e9-4b65-9209-2652ffd9b681,,,
7f8e4d4d-5dde-4d59-a863-60c46fdb910e,7f40beb2-5d47-4f4a-b7df-35cd1cca56ae,TPHT_000415,AWOS D-AW21,83e7d93e-2f76-4d4f-a6bc-08926383aba1,,t,,,hoat_dong,2026-07-11,,e43c5d4b-3c3c-4486-89da-73e9ac747ab4,,2026-07-13 14:15:40.080084+00,2026-07-17 02:25:30.805543+00,e96be350-6615-441a-91f5-53ad976e91b3,1ce915ed-07e9-4b65-9209-2652ffd9b681,,,
8018ffb4-c815-4f7b-9031-aa5c6554d3f6,ce27df84-7054-4032-bfe7-efdb0bd119f4,TPHT_000416,Màn hình hiển thị số liệu Nhiệt-Ẩm-Áp,83e7d93e-2f76-4d4f-a6bc-08926383aba1,,t,,,hoat_dong,2026-07-11,,581d9350-905f-46da-b45e-c2d8aba4d868,,2026-07-13 14:15:40.080084+00,2026-07-17 02:25:30.805543+00,e96be350-6615-441a-91f5-53ad976e91b3,1ce915ed-07e9-4b65-9209-2652ffd9b681,,,
80a6caf4-8cd3-47fb-92f1-a5783f67014d,a0625061-0c6d-4e0b-b438-d696787ad746,TPHT_000417,Thiết bị Datataker,ae03f513-6763-46f8-913d-91a103966947,,t,,,hoat_dong,2026-07-11,,65ac5e26-b0a7-487e-a72d-3f0dfc3facc2,,2026-07-13 14:15:40.080084+00,2026-07-17 02:25:30.805543+00,e96be350-6615-441a-91f5-53ad976e91b3,1ce915ed-07e9-4b65-9209-2652ffd9b681,,,
812a1e7c-d3c3-44b1-873f-4c463ec49982,7f40beb2-5d47-4f4a-b7df-35cd1cca56ae,TPHT_000418,AWOS D-AW21,ae03f513-6763-46f8-913d-91a103966947,,t,,,hoat_dong,2026-07-11,,e43c5d4b-3c3c-4486-89da-73e9ac747ab4,,2026-07-13 14:15:40.080084+00,2026-07-17 02:25:30.805543+00,e96be350-6615-441a-91f5-53ad976e91b3,1ce915ed-07e9-4b65-9209-2652ffd9b681,,,
8157c3d7-4ac0-4217-8710-7d3931250662,a13f3116-f74d-4435-b248-5b458d9fead4,TPHT_000419,"Thiết bị đo độ cao chân mây (kèm theo phụ kiện lắp đặt, cáp tín hiệu, cáp bảo trì tiêu chuẩn).",1ef69ec2-6298-4c48-b931-aea3fa48c0fc,,t,,,hoat_dong,2026-07-11,,f59bf0bd-520b-4245-80db-dc71b7187bf1,,2026-07-13 14:15:40.080084+00,2026-07-17 02:25:30.805543+00,e96be350-6615-441a-91f5-53ad976e91b3,1ce915ed-07e9-4b65-9209-2652ffd9b681,,,
816e3f4d-5527-4aca-8b0e-4b02fd925df5,7f40beb2-5d47-4f4a-b7df-35cd1cca56ae,TPHT_000420,Thiết bị chuyển đổi tín hiệu,ae03f513-6763-46f8-913d-91a103966947,,t,,,hoat_dong,2026-07-11,,e43c5d4b-3c3c-4486-89da-73e9ac747ab4,,2026-07-13 14:15:40.080084+00,2026-07-17 02:25:30.805543+00,e96be350-6615-441a-91f5-53ad976e91b3,1ce915ed-07e9-4b65-9209-2652ffd9b681,,,
81e42314-166b-4361-9ba0-cbb8cd6753c5,4fbd5536-e530-4f9b-97d3-d194186c33de,TPHT_000421,Máy chủ Main,83e7d93e-2f76-4d4f-a6bc-08926383aba1,,t,,,hoat_dong,2026-07-11,,141337b4-f2fa-4438-808f-0d10cfeedb85,,2026-07-13 14:15:40.080084+00,2026-07-17 02:25:30.805543+00,86ab1273-d507-4143-8f2d-b2e86dd8cf01,1ce915ed-07e9-4b65-9209-2652ffd9b681,,,
83628b73-2a16-4edf-99ef-b43a0a7bdad3,7f40beb2-5d47-4f4a-b7df-35cd1cca56ae,TPHT_000422,AWOS D-AW21,ae03f513-6763-46f8-913d-91a103966947,,t,,,hoat_dong,2026-07-11,,e43c5d4b-3c3c-4486-89da-73e9ac747ab4,,2026-07-13 14:15:40.080084+00,2026-07-17 02:25:30.805543+00,e96be350-6615-441a-91f5-53ad976e91b3,1ce915ed-07e9-4b65-9209-2652ffd9b681,,,
83b92714-1ebb-4937-aead-ebd2f403d253,a0625061-0c6d-4e0b-b438-d696787ad746,TPHT_000423,Cảm biến đo tầm nhìn,98c88d39-bf0f-43c7-83a2-ca5d266ba54f,,t,,,hoat_dong,2026-07-11,,65ac5e26-b0a7-487e-a72d-3f0dfc3facc2,,2026-07-13 14:15:40.080084+00,2026-07-17 02:25:30.805543+00,7edb2f00-60da-46ad-8aed-873d4708393d,1ce915ed-07e9-4b65-9209-2652ffd9b681,,,
84794562-b9a6-4544-84c8-08c8d5a0678a,ebc4a136-c5e7-4f7d-abfc-e3ddea655b8c,TPHT_000424,Thiết bị Datalogger,ae03f513-6763-46f8-913d-91a103966947,,t,,,hoat_dong,2026-07-11,,46e84da7-5a8b-4a79-aa46-2fb4bae1ff26,,2026-07-13 14:15:40.080084+00,2026-07-17 02:25:30.805543+00,e96be350-6615-441a-91f5-53ad976e91b3,1ce915ed-07e9-4b65-9209-2652ffd9b681,,,
85c61627-5d81-4552-beaf-e21484edd9bd,a0625061-0c6d-4e0b-b438-d696787ad746,TPHT_000425,Modem UHF,ae03f513-6763-46f8-913d-91a103966947,,t,,,hoat_dong,2026-07-11,,65ac5e26-b0a7-487e-a72d-3f0dfc3facc2,,2026-07-13 14:15:40.080084+00,2026-07-17 02:25:30.805543+00,e96be350-6615-441a-91f5-53ad976e91b3,1ce915ed-07e9-4b65-9209-2652ffd9b681,,,
869984ff-f2da-400e-b70c-e07d5f64b00d,ebc4a136-c5e7-4f7d-abfc-e3ddea655b8c,TPHT_000426,Nguồn AC/DC,accf1740-4c18-4b9a-895f-59d85ba593b5,,t,,,hoat_dong,2026-07-11,,46e84da7-5a8b-4a79-aa46-2fb4bae1ff26,,2026-07-13 14:15:40.080084+00,2026-07-17 02:25:30.805543+00,e96be350-6615-441a-91f5-53ad976e91b3,1ce915ed-07e9-4b65-9209-2652ffd9b681,,,
86afc8ea-4662-4ba4-9fd2-1f6731aed8bc,5ae20f2b-30dc-409c-95db-68b98b79c94e,TPHT_000427,Anten,ae03f513-6763-46f8-913d-91a103966947,,t,,,hoat_dong,2026-07-11,,f59bf0bd-520b-4245-80db-dc71b7187bf1,,2026-07-13 14:15:40.080084+00,2026-07-17 02:25:30.805543+00,e96be350-6615-441a-91f5-53ad976e91b3,1ce915ed-07e9-4b65-9209-2652ffd9b681,,,
875b81df-f1a4-42a3-96b4-5a306c9bf956,ebc4a136-c5e7-4f7d-abfc-e3ddea655b8c,TPHT_000428,Modem FSK,ae03f513-6763-46f8-913d-91a103966947,,t,,,hoat_dong,2026-07-11,,46e84da7-5a8b-4a79-aa46-2fb4bae1ff26,,2026-07-13 14:15:40.080084+00,2026-07-17 02:25:30.805543+00,e96be350-6615-441a-91f5-53ad976e91b3,1ce915ed-07e9-4b65-9209-2652ffd9b681,,,
878ec4a7-4572-4b04-833c-87f0342fd265,7f40beb2-5d47-4f4a-b7df-35cd1cca56ae,TPHT_000429,AWOS D-AW21,ae03f513-6763-46f8-913d-91a103966947,,t,,,hoat_dong,2026-07-11,,e43c5d4b-3c3c-4486-89da-73e9ac747ab4,,2026-07-13 14:15:40.080084+00,2026-07-17 02:25:30.805543+00,e96be350-6615-441a-91f5-53ad976e91b3,1ce915ed-07e9-4b65-9209-2652ffd9b681,,,
88098fa3-44ca-4468-ac9d-d3ddd9ffc518,ce27df84-7054-4032-bfe7-efdb0bd119f4,TPHT_000430,Cảm biến đo nhiệt ẩm,98c88d39-bf0f-43c7-83a2-ca5d266ba54f,,t,,,hoat_dong,2026-07-11,,581d9350-905f-46da-b45e-c2d8aba4d868,,2026-07-13 14:15:40.080084+00,2026-07-17 02:25:30.805543+00,e96be350-6615-441a-91f5-53ad976e91b3,1ce915ed-07e9-4b65-9209-2652ffd9b681,,,
577d506e-a217-4b8c-81c7-facafe3ec79d,77e611b4-bebe-4d1b-8223-a1536015a91a,TPHT_001008,"AM 125,375 MHz",,,f,1,,hoat_dong,,,38692b13-0732-44b4-86e7-c9b91bb0077c,,2026-07-14 14:07:43.389861+00,2026-07-17 07:27:24.789697+00,e96be350-6615-441a-91f5-53ad976e91b3,,,,
885b3d26-a3bd-4d31-9486-965b64a800cb,5ae20f2b-30dc-409c-95db-68b98b79c94e,TPHT_000431,Bộ nguồn AC/DC,accf1740-4c18-4b9a-895f-59d85ba593b5,,t,,,hoat_dong,2026-07-11,,f59bf0bd-520b-4245-80db-dc71b7187bf1,,2026-07-13 14:15:40.080084+00,2026-07-17 02:25:30.805543+00,e96be350-6615-441a-91f5-53ad976e91b3,1ce915ed-07e9-4b65-9209-2652ffd9b681,,,
88af15a7-3c9e-49b9-b03e-7177ed5c6928,2236fe1c-6896-4157-a310-ae0e094233f6,TPHT_000432,Cảm biến tầm nhìn,98c88d39-bf0f-43c7-83a2-ca5d266ba54f,,t,,,hoat_dong,2026-07-11,,8b408897-b25d-4ece-91ba-d97dfacec283,,2026-07-13 14:15:40.080084+00,2026-07-17 02:25:30.805543+00,e96be350-6615-441a-91f5-53ad976e91b3,1ce915ed-07e9-4b65-9209-2652ffd9b681,,,
88da5ffa-da81-4629-8999-46804106f349,2236fe1c-6896-4157-a310-ae0e094233f6,TPHT_000433,Thiết bị bảo vệ quá áp,accf1740-4c18-4b9a-895f-59d85ba593b5,,t,,,hoat_dong,2026-07-11,,8b408897-b25d-4ece-91ba-d97dfacec283,,2026-07-13 14:15:40.080084+00,2026-07-17 02:25:30.805543+00,e96be350-6615-441a-91f5-53ad976e91b3,1ce915ed-07e9-4b65-9209-2652ffd9b681,,,
897666a2-fe31-4239-acce-4b3c486048bf,ebc4a136-c5e7-4f7d-abfc-e3ddea655b8c,TPHT_000434,Nguồn AC/DC,accf1740-4c18-4b9a-895f-59d85ba593b5,,t,,,hoat_dong,2026-07-11,,46e84da7-5a8b-4a79-aa46-2fb4bae1ff26,,2026-07-13 14:15:40.080084+00,2026-07-17 02:25:30.805543+00,e96be350-6615-441a-91f5-53ad976e91b3,1ce915ed-07e9-4b65-9209-2652ffd9b681,,,
8a55b31c-dec4-4cc4-a0c9-f9835c814049,a0625061-0c6d-4e0b-b438-d696787ad746,TPHT_000435,Cảm biến đo nhiệt độ độ ẩm,98c88d39-bf0f-43c7-83a2-ca5d266ba54f,,t,,,hoat_dong,2026-07-11,,65ac5e26-b0a7-487e-a72d-3f0dfc3facc2,,2026-07-13 14:15:40.080084+00,2026-07-17 02:25:30.805543+00,e96be350-6615-441a-91f5-53ad976e91b3,1ce915ed-07e9-4b65-9209-2652ffd9b681,,,
8aa4ed26-5a33-4415-8726-c30624079374,4fbd5536-e530-4f9b-97d3-d194186c33de,TPHT_000436,Thiết bị chuyển đổi Serial/Fiber,ae03f513-6763-46f8-913d-91a103966947,,t,,,hoat_dong,2026-07-11,,141337b4-f2fa-4438-808f-0d10cfeedb85,,2026-07-13 14:15:40.080084+00,2026-07-17 02:25:30.805543+00,38e5eeb4-1688-47ea-ac85-5fd68d617ea5,1ce915ed-07e9-4b65-9209-2652ffd9b681,,,
8ac86180-57ed-4566-b943-2b1079c65a31,a13f3116-f74d-4435-b248-5b458d9fead4,TPHT_000437,"Trụ lắp cảm biến đo gió an toàn - dễ gãy, cao 10m, / có khớp bản lề giữa thân và chân đế cột, đã được sơn theo tiêu chuẩn ICAO",98c88d39-bf0f-43c7-83a2-ca5d266ba54f,,t,,,hoat_dong,2026-07-11,,f59bf0bd-520b-4245-80db-dc71b7187bf1,,2026-07-13 14:15:40.080084+00,2026-07-17 02:25:30.805543+00,e96be350-6615-441a-91f5-53ad976e91b3,1ce915ed-07e9-4b65-9209-2652ffd9b681,,,
8b49aea3-7239-44da-82cc-ef2b4410da3e,5ae20f2b-30dc-409c-95db-68b98b79c94e,TPHT_000438,Anten vô hướng,ae03f513-6763-46f8-913d-91a103966947,,t,,,hoat_dong,2026-07-11,,f59bf0bd-520b-4245-80db-dc71b7187bf1,,2026-07-13 14:15:40.080084+00,2026-07-17 02:25:30.805543+00,e96be350-6615-441a-91f5-53ad976e91b3,1ce915ed-07e9-4b65-9209-2652ffd9b681,,,
8bcddd5e-29c8-4959-a37a-7ae5255ef8b9,4fbd5536-e530-4f9b-97d3-d194186c33de,TPHT_000439,Màn hình hiển thị số liệu gió,83e7d93e-2f76-4d4f-a6bc-08926383aba1,,t,,,hoat_dong,2026-07-11,,141337b4-f2fa-4438-808f-0d10cfeedb85,,2026-07-13 14:15:40.080084+00,2026-07-17 02:25:30.805543+00,e96be350-6615-441a-91f5-53ad976e91b3,1ce915ed-07e9-4b65-9209-2652ffd9b681,,,
8d1fa58a-67b5-4eae-a613-1c7773ed8663,4fbd5536-e530-4f9b-97d3-d194186c33de,TPHT_000440,Chống sét - LAN,660f73b4-1975-4bde-8c87-810a23ef6e2c,,t,,,hoat_dong,2026-07-11,,141337b4-f2fa-4438-808f-0d10cfeedb85,,2026-07-13 14:15:40.080084+00,2026-07-17 02:25:30.805543+00,86ab1273-d507-4143-8f2d-b2e86dd8cf01,1ce915ed-07e9-4b65-9209-2652ffd9b681,,,
8d9dd3d6-751e-4b39-92b1-0ca89522d2d0,a13f3116-f74d-4435-b248-5b458d9fead4,TPHT_000441,Cảm biến ánh sáng nền,98c88d39-bf0f-43c7-83a2-ca5d266ba54f,,t,,,hoat_dong,2026-07-11,,f59bf0bd-520b-4245-80db-dc71b7187bf1,,2026-07-13 14:15:40.080084+00,2026-07-17 02:25:30.805543+00,e96be350-6615-441a-91f5-53ad976e91b3,1ce915ed-07e9-4b65-9209-2652ffd9b681,,,
8dc2ac0a-81e4-4282-a322-4f61bbd3da85,4fbd5536-e530-4f9b-97d3-d194186c33de,TPHT_000442,Anten định hướng,ae03f513-6763-46f8-913d-91a103966947,,t,,,hoat_dong,2026-07-11,,141337b4-f2fa-4438-808f-0d10cfeedb85,,2026-07-13 14:15:40.080084+00,2026-07-17 02:25:30.805543+00,38e5eeb4-1688-47ea-ac85-5fd68d617ea5,1ce915ed-07e9-4b65-9209-2652ffd9b681,,,
8e33d4d9-4284-47fb-86b4-c3e69c41d1c4,7f40beb2-5d47-4f4a-b7df-35cd1cca56ae,TPHT_000443,AWOS D-AW21,660f73b4-1975-4bde-8c87-810a23ef6e2c,,t,,,hoat_dong,2026-07-11,,e43c5d4b-3c3c-4486-89da-73e9ac747ab4,,2026-07-13 14:15:40.080084+00,2026-07-17 02:25:30.805543+00,e96be350-6615-441a-91f5-53ad976e91b3,1ce915ed-07e9-4b65-9209-2652ffd9b681,,,
8f0c1a1a-ad35-4c69-ab9a-b70bf4507abc,7f40beb2-5d47-4f4a-b7df-35cd1cca56ae,TPHT_000444,AWOS D-AW21,accf1740-4c18-4b9a-895f-59d85ba593b5,,t,,,hoat_dong,2026-07-11,,e43c5d4b-3c3c-4486-89da-73e9ac747ab4,,2026-07-13 14:15:40.080084+00,2026-07-17 02:25:30.805543+00,e96be350-6615-441a-91f5-53ad976e91b3,1ce915ed-07e9-4b65-9209-2652ffd9b681,,,
8f9ee9db-2c9a-401e-be67-30621786e4b7,a0625061-0c6d-4e0b-b438-d696787ad746,TPHT_000445,Đo nhiệt độ độ ẩm,98c88d39-bf0f-43c7-83a2-ca5d266ba54f,,t,,,hoat_dong,2026-07-11,,65ac5e26-b0a7-487e-a72d-3f0dfc3facc2,,2026-07-13 14:15:40.080084+00,2026-07-17 02:25:30.805543+00,e96be350-6615-441a-91f5-53ad976e91b3,1ce915ed-07e9-4b65-9209-2652ffd9b681,,,
8fa59606-e71e-4095-b352-08b64638715b,2236fe1c-6896-4157-a310-ae0e094233f6,TPHT_000446,Bộ chuyển đổi tín hiệu RS232-Fiber,ae03f513-6763-46f8-913d-91a103966947,,t,,,hoat_dong,2026-07-11,,8b408897-b25d-4ece-91ba-d97dfacec283,,2026-07-13 14:15:40.080084+00,2026-07-17 02:25:30.805543+00,e96be350-6615-441a-91f5-53ad976e91b3,1ce915ed-07e9-4b65-9209-2652ffd9b681,,,
90e8adca-64d2-474f-8630-254ae099550c,a0625061-0c6d-4e0b-b438-d696787ad746,TPHT_000448,Modem UHF,ae03f513-6763-46f8-913d-91a103966947,,t,,,hoat_dong,2026-07-11,,65ac5e26-b0a7-487e-a72d-3f0dfc3facc2,,2026-07-13 14:15:40.080084+00,2026-07-17 02:25:30.805543+00,e96be350-6615-441a-91f5-53ad976e91b3,1ce915ed-07e9-4b65-9209-2652ffd9b681,,,
90f9f3f8-a909-426d-8a3f-12099e9baba2,7f40beb2-5d47-4f4a-b7df-35cd1cca56ae,TPHT_000449,AWOS D-AW21,83e7d93e-2f76-4d4f-a6bc-08926383aba1,,t,,,hoat_dong,2026-07-11,,e43c5d4b-3c3c-4486-89da-73e9ac747ab4,,2026-07-13 14:15:40.080084+00,2026-07-17 02:25:30.805543+00,e96be350-6615-441a-91f5-53ad976e91b3,1ce915ed-07e9-4b65-9209-2652ffd9b681,,,
91422fbd-6274-481c-9e57-3beeab449cd8,4fbd5536-e530-4f9b-97d3-d194186c33de,TPHT_000450,Cảm biến độ cao trần mây,98c88d39-bf0f-43c7-83a2-ca5d266ba54f,,t,,,hoat_dong,2026-07-11,,141337b4-f2fa-4438-808f-0d10cfeedb85,,2026-07-13 14:15:40.080084+00,2026-07-17 02:25:30.805543+00,ffd5b794-82b9-4fd3-9057-3579b9140d1d,1ce915ed-07e9-4b65-9209-2652ffd9b681,,,
917d564e-c113-4294-9b47-348e0d93371f,a13f3116-f74d-4435-b248-5b458d9fead4,TPHT_000451,Ống sợi thủy tinh,1ef69ec2-6298-4c48-b931-aea3fa48c0fc,,t,,,hoat_dong,2026-07-11,,f59bf0bd-520b-4245-80db-dc71b7187bf1,,2026-07-13 14:15:40.080084+00,2026-07-17 02:25:30.805543+00,e96be350-6615-441a-91f5-53ad976e91b3,1ce915ed-07e9-4b65-9209-2652ffd9b681,,,
91bd10a6-3d31-45f0-809a-26bdda45dc67,ebc4a136-c5e7-4f7d-abfc-e3ddea655b8c,TPHT_000452,Switch 2,ae03f513-6763-46f8-913d-91a103966947,,t,,,hoat_dong,2026-07-11,,46e84da7-5a8b-4a79-aa46-2fb4bae1ff26,,2026-07-13 14:15:40.080084+00,2026-07-17 02:25:30.805543+00,e96be350-6615-441a-91f5-53ad976e91b3,1ce915ed-07e9-4b65-9209-2652ffd9b681,,,
91f4d654-7d3a-4c43-9ef1-8dd51e6e5986,5ae20f2b-30dc-409c-95db-68b98b79c94e,TPHT_000453,Sensor đo gió siêu âm,98c88d39-bf0f-43c7-83a2-ca5d266ba54f,,t,,,hoat_dong,2026-07-11,,f59bf0bd-520b-4245-80db-dc71b7187bf1,,2026-07-13 14:15:40.080084+00,2026-07-17 02:25:30.805543+00,92aa329a-4ad2-4bf1-b2fe-c33ff194335c,1ce915ed-07e9-4b65-9209-2652ffd9b681,,,
922a4513-5b80-4542-9449-9791708e1755,a0625061-0c6d-4e0b-b438-d696787ad746,TPHT_000454,Thiết bị Serial to Ethernet,ae03f513-6763-46f8-913d-91a103966947,,t,,,hoat_dong,2026-07-11,,65ac5e26-b0a7-487e-a72d-3f0dfc3facc2,,2026-07-13 14:15:40.080084+00,2026-07-17 02:25:30.805543+00,7edb2f00-60da-46ad-8aed-873d4708393d,1ce915ed-07e9-4b65-9209-2652ffd9b681,,,
928ef651-e2b0-4c8a-8a2b-8333e89e2711,ebc4a136-c5e7-4f7d-abfc-e3ddea655b8c,TPHT_000455,Cảm biến đo dông,98c88d39-bf0f-43c7-83a2-ca5d266ba54f,,t,,,hoat_dong,2026-07-11,,46e84da7-5a8b-4a79-aa46-2fb4bae1ff26,,2026-07-13 14:15:40.080084+00,2026-07-17 02:25:30.805543+00,e96be350-6615-441a-91f5-53ad976e91b3,1ce915ed-07e9-4b65-9209-2652ffd9b681,,,
929ef135-b76f-4af4-8a47-b6f0d4d5ac69,4fbd5536-e530-4f9b-97d3-d194186c33de,TPHT_000456,Màn hình hiển thị số liệu độ - độ ẩm - khí áp,83e7d93e-2f76-4d4f-a6bc-08926383aba1,,t,,,hoat_dong,2026-07-11,,141337b4-f2fa-4438-808f-0d10cfeedb85,,2026-07-13 14:15:40.080084+00,2026-07-17 02:25:30.805543+00,9a6b88fa-8dcb-422b-9b9e-a029e372a564,1ce915ed-07e9-4b65-9209-2652ffd9b681,,,
938a3158-7959-4594-b135-1d1a98caed4d,aaed0d44-f2d3-4e13-bc69-9198c8527c70,TPHT_000458,Máy thu phát,9c934580-6f7d-466b-a585-7ebba4ba4b31,,t,,,hoat_dong,2026-07-13,,581d9350-905f-46da-b45e-c2d8aba4d868,,2026-07-13 14:15:40.080084+00,2026-07-17 02:25:30.805543+00,f2fc02ce-e02e-4841-b1ca-76109939c834,1ce915ed-07e9-4b65-9209-2652ffd9b681,,,
941c35c4-2c5a-458d-ba63-bbe628ab39b7,5ae20f2b-30dc-409c-95db-68b98b79c94e,TPHT_000459,Bộ chia KVM,1ef69ec2-6298-4c48-b931-aea3fa48c0fc,,t,,,hoat_dong,2026-07-11,,f59bf0bd-520b-4245-80db-dc71b7187bf1,,2026-07-13 14:15:40.080084+00,2026-07-17 02:25:30.805543+00,e96be350-6615-441a-91f5-53ad976e91b3,1ce915ed-07e9-4b65-9209-2652ffd9b681,,,
94626d25-44cf-4a7a-ac52-e2fa1686bc80,2236fe1c-6896-4157-a310-ae0e094233f6,TPHT_000460,Radio Modem MR400,ae03f513-6763-46f8-913d-91a103966947,,t,,,hoat_dong,2026-07-11,,8b408897-b25d-4ece-91ba-d97dfacec283,,2026-07-13 14:15:40.080084+00,2026-07-17 02:25:30.805543+00,e96be350-6615-441a-91f5-53ad976e91b3,1ce915ed-07e9-4b65-9209-2652ffd9b681,,,
9464bbfd-08cb-49b5-b436-ebba4891916c,ebc4a136-c5e7-4f7d-abfc-e3ddea655b8c,TPHT_000461,Cắt lọc sét nguồn AC,660f73b4-1975-4bde-8c87-810a23ef6e2c,,t,,,hoat_dong,2026-07-11,,46e84da7-5a8b-4a79-aa46-2fb4bae1ff26,,2026-07-13 14:15:40.080084+00,2026-07-17 02:25:30.805543+00,e96be350-6615-441a-91f5-53ad976e91b3,1ce915ed-07e9-4b65-9209-2652ffd9b681,,,
94bb38f8-50ea-4fba-b5be-8f842ab9f611,5ae20f2b-30dc-409c-95db-68b98b79c94e,TPHT_000462,Cảm biến đo khí áp Thies 1.1006.54.080,98c88d39-bf0f-43c7-83a2-ca5d266ba54f,,t,,,hoat_dong,2026-07-11,,f59bf0bd-520b-4245-80db-dc71b7187bf1,,2026-07-13 14:15:40.080084+00,2026-07-17 02:25:30.805543+00,e96be350-6615-441a-91f5-53ad976e91b3,1ce915ed-07e9-4b65-9209-2652ffd9b681,,,
9522ab08-ffb5-48d0-8620-5dcbb1ef6e39,ce27df84-7054-4032-bfe7-efdb0bd119f4,TPHT_000463,Thiết bị Serial server,ae03f513-6763-46f8-913d-91a103966947,,t,,,hoat_dong,2026-07-11,,581d9350-905f-46da-b45e-c2d8aba4d868,,2026-07-13 14:15:40.080084+00,2026-07-17 02:25:30.805543+00,e96be350-6615-441a-91f5-53ad976e91b3,1ce915ed-07e9-4b65-9209-2652ffd9b681,,,
955f9e91-26b9-4dbc-aa5a-b9dff8ac14ea,7f40beb2-5d47-4f4a-b7df-35cd1cca56ae,TPHT_000464,AWOS D-AW21,660f73b4-1975-4bde-8c87-810a23ef6e2c,,t,,,hoat_dong,2026-07-11,,e43c5d4b-3c3c-4486-89da-73e9ac747ab4,,2026-07-13 14:15:40.080084+00,2026-07-17 02:25:30.805543+00,e96be350-6615-441a-91f5-53ad976e91b3,1ce915ed-07e9-4b65-9209-2652ffd9b681,,,
964c2f3d-6a8b-4f2a-8b7c-3cdbd2de3b1e,4fbd5536-e530-4f9b-97d3-d194186c33de,TPHT_000465,Chống sét RF  - UHF,660f73b4-1975-4bde-8c87-810a23ef6e2c,,t,,,hoat_dong,2026-07-11,,141337b4-f2fa-4438-808f-0d10cfeedb85,,2026-07-13 14:15:40.080084+00,2026-07-17 02:25:30.805543+00,f099f53a-5ef4-4039-ba41-1ea298f0ae5d,1ce915ed-07e9-4b65-9209-2652ffd9b681,,,
970daafb-cf75-44e2-829c-f512106dcee0,ce27df84-7054-4032-bfe7-efdb0bd119f4,TPHT_000466,Cắt sét nguồn AC,660f73b4-1975-4bde-8c87-810a23ef6e2c,,t,,,hoat_dong,2026-07-11,,581d9350-905f-46da-b45e-c2d8aba4d868,,2026-07-13 14:15:40.080084+00,2026-07-17 02:25:30.805543+00,e96be350-6615-441a-91f5-53ad976e91b3,1ce915ed-07e9-4b65-9209-2652ffd9b681,,,
978859cd-54ad-40ea-a2a9-5ce538193055,2236fe1c-6896-4157-a310-ae0e094233f6,TPHT_000467,Thiết bị cắt lọc sét 1 pha,660f73b4-1975-4bde-8c87-810a23ef6e2c,,t,,,hoat_dong,2026-07-11,,8b408897-b25d-4ece-91ba-d97dfacec283,,2026-07-13 14:15:40.080084+00,2026-07-17 02:25:30.805543+00,e96be350-6615-441a-91f5-53ad976e91b3,1ce915ed-07e9-4b65-9209-2652ffd9b681,,,
97c2fe28-c205-445d-9bb1-52d69058e78b,4fbd5536-e530-4f9b-97d3-d194186c33de,TPHT_000468,Cắt sét nguồn 220VAC -  UHF,660f73b4-1975-4bde-8c87-810a23ef6e2c,,t,,,hoat_dong,2026-07-11,,141337b4-f2fa-4438-808f-0d10cfeedb85,,2026-07-13 14:15:40.080084+00,2026-07-17 02:25:30.805543+00,ffd5b794-82b9-4fd3-9057-3579b9140d1d,1ce915ed-07e9-4b65-9209-2652ffd9b681,,,
97d30a72-4022-4605-834b-1d7824622543,5ae20f2b-30dc-409c-95db-68b98b79c94e,TPHT_000469,Adapter AC/DC 12V MDR-60-12,accf1740-4c18-4b9a-895f-59d85ba593b5,,t,,,hoat_dong,2026-07-11,,f59bf0bd-520b-4245-80db-dc71b7187bf1,,2026-07-13 14:15:40.080084+00,2026-07-17 02:25:30.805543+00,e96be350-6615-441a-91f5-53ad976e91b3,1ce915ed-07e9-4b65-9209-2652ffd9b681,,,
97f0d526-cde1-4808-9ce5-4fc758ce159f,ebc4a136-c5e7-4f7d-abfc-e3ddea655b8c,TPHT_000470,Thiết bị serial to Ethernet,ae03f513-6763-46f8-913d-91a103966947,,t,,,hoat_dong,2026-07-11,,46e84da7-5a8b-4a79-aa46-2fb4bae1ff26,,2026-07-13 14:15:40.080084+00,2026-07-17 02:25:30.805543+00,e96be350-6615-441a-91f5-53ad976e91b3,1ce915ed-07e9-4b65-9209-2652ffd9b681,,,
97f3ce09-9985-475e-8a3a-3df524e261c3,2236fe1c-6896-4157-a310-ae0e094233f6,TPHT_000471,Thiết bị cắt lọc sét 1 pha,660f73b4-1975-4bde-8c87-810a23ef6e2c,,t,,,hoat_dong,2026-07-11,,8b408897-b25d-4ece-91ba-d97dfacec283,,2026-07-13 14:15:40.080084+00,2026-07-17 02:25:30.805543+00,e96be350-6615-441a-91f5-53ad976e91b3,1ce915ed-07e9-4b65-9209-2652ffd9b681,,,
984f8ef9-b4e7-4cac-ae22-1b9a2d38824b,a13f3116-f74d-4435-b248-5b458d9fead4,TPHT_000472,Ống sợi thủy tinh,1ef69ec2-6298-4c48-b931-aea3fa48c0fc,,t,,,hoat_dong,2026-07-11,,f59bf0bd-520b-4245-80db-dc71b7187bf1,,2026-07-13 14:15:40.080084+00,2026-07-17 02:25:30.805543+00,e96be350-6615-441a-91f5-53ad976e91b3,1ce915ed-07e9-4b65-9209-2652ffd9b681,,,
98cf6fc7-aeeb-4c3b-aca2-531e22f19e87,5ae20f2b-30dc-409c-95db-68b98b79c94e,TPHT_000473,Sensor đo dông 6500-AC,98c88d39-bf0f-43c7-83a2-ca5d266ba54f,,t,,,hoat_dong,2026-07-11,,f59bf0bd-520b-4245-80db-dc71b7187bf1,,2026-07-13 14:15:40.080084+00,2026-07-17 02:25:30.805543+00,92aa329a-4ad2-4bf1-b2fe-c33ff194335c,1ce915ed-07e9-4b65-9209-2652ffd9b681,,,
98dcfbed-8598-4f8c-94f3-ec6c1b5273cc,ebc4a136-c5e7-4f7d-abfc-e3ddea655b8c,TPHT_000474,Modem UHF,ae03f513-6763-46f8-913d-91a103966947,,t,,,hoat_dong,2026-07-11,,46e84da7-5a8b-4a79-aa46-2fb4bae1ff26,,2026-07-13 14:15:40.080084+00,2026-07-17 02:25:30.805543+00,e96be350-6615-441a-91f5-53ad976e91b3,1ce915ed-07e9-4b65-9209-2652ffd9b681,,,
9937d46e-af6c-4106-9008-ac672c36a527,a13f3116-f74d-4435-b248-5b458d9fead4,TPHT_000475,"Phần mềm xử lý số liệu cho hệ thống máy chủ AWOS và phần mềm khai thác dùng cho nhân viên quan trắc, kiểm soát viên không lưu và nhân viên kỹ thuật",83e7d93e-2f76-4d4f-a6bc-08926383aba1,,t,,,hoat_dong,2026-07-11,,f59bf0bd-520b-4245-80db-dc71b7187bf1,,2026-07-13 14:15:40.080084+00,2026-07-17 02:25:30.805543+00,e96be350-6615-441a-91f5-53ad976e91b3,1ce915ed-07e9-4b65-9209-2652ffd9b681,,,
9939a047-2e0f-4185-b938-aac9da827ee4,ebc4a136-c5e7-4f7d-abfc-e3ddea655b8c,TPHT_000476,Cảm biến nhiệt ẩm,98c88d39-bf0f-43c7-83a2-ca5d266ba54f,,t,,,hoat_dong,2026-07-11,,46e84da7-5a8b-4a79-aa46-2fb4bae1ff26,,2026-07-13 14:15:40.080084+00,2026-07-17 02:25:30.805543+00,e96be350-6615-441a-91f5-53ad976e91b3,1ce915ed-07e9-4b65-9209-2652ffd9b681,,,
99506c58-90df-4d12-95da-3c04d2f75b07,a0625061-0c6d-4e0b-b438-d696787ad746,TPHT_000477,Chống sét LAN,660f73b4-1975-4bde-8c87-810a23ef6e2c,,t,,,hoat_dong,2026-07-11,,65ac5e26-b0a7-487e-a72d-3f0dfc3facc2,,2026-07-13 14:15:40.080084+00,2026-07-17 02:25:30.805543+00,e96be350-6615-441a-91f5-53ad976e91b3,1ce915ed-07e9-4b65-9209-2652ffd9b681,,,
99d5dd9b-526e-49bb-80c6-3c8fd9ef54de,7f40beb2-5d47-4f4a-b7df-35cd1cca56ae,TPHT_000478,AWOS D-AW21,accf1740-4c18-4b9a-895f-59d85ba593b5,,t,,,hoat_dong,2026-07-11,,e43c5d4b-3c3c-4486-89da-73e9ac747ab4,,2026-07-13 14:15:40.080084+00,2026-07-17 02:25:30.805543+00,e96be350-6615-441a-91f5-53ad976e91b3,1ce915ed-07e9-4b65-9209-2652ffd9b681,,,
9af340fd-559a-4efb-9da6-cc33478f6d0e,ce27df84-7054-4032-bfe7-efdb0bd119f4,TPHT_000479,Cắt sét nguồn AC,660f73b4-1975-4bde-8c87-810a23ef6e2c,,t,,,hoat_dong,2026-07-11,,581d9350-905f-46da-b45e-c2d8aba4d868,,2026-07-13 14:15:40.080084+00,2026-07-17 02:25:30.805543+00,e96be350-6615-441a-91f5-53ad976e91b3,1ce915ed-07e9-4b65-9209-2652ffd9b681,,,
9afdcd3b-7bf9-4a5e-8a66-b8b981b131fd,5ae20f2b-30dc-409c-95db-68b98b79c94e,TPHT_000480,Chống sét RF cho modem,ae03f513-6763-46f8-913d-91a103966947,,t,,,hoat_dong,2026-07-11,,f59bf0bd-520b-4245-80db-dc71b7187bf1,,2026-07-13 14:15:40.080084+00,2026-07-17 02:25:30.805543+00,e96be350-6615-441a-91f5-53ad976e91b3,1ce915ed-07e9-4b65-9209-2652ffd9b681,,,
9b013884-5e29-47d7-a4c6-d506f38bc99d,a13f3116-f74d-4435-b248-5b458d9fead4,TPHT_000481,"Chống sét bao gồm kim thu sét gắn trên cột 10m, / cáp thoát sét, bộ xử lý đầu cáp (đầu trên, đầu dưới), ống sợi thủy tinh là phụ kiện đồng bộ cùng nhà sản xuất với cáp thoát sét",1ef69ec2-6298-4c48-b931-aea3fa48c0fc,,t,,,hoat_dong,2026-07-11,,f59bf0bd-520b-4245-80db-dc71b7187bf1,,2026-07-13 14:15:40.080084+00,2026-07-17 02:25:30.805543+00,e96be350-6615-441a-91f5-53ad976e91b3,1ce915ed-07e9-4b65-9209-2652ffd9b681,,,
9b16f03c-2a91-482d-9b42-16b8939ee6b2,4fbd5536-e530-4f9b-97d3-d194186c33de,TPHT_000482,Ắc quy dự phòng,accf1740-4c18-4b9a-895f-59d85ba593b5,,t,,,hoat_dong,2026-07-11,,141337b4-f2fa-4438-808f-0d10cfeedb85,,2026-07-13 14:15:40.080084+00,2026-07-17 02:25:30.805543+00,38e5eeb4-1688-47ea-ac85-5fd68d617ea5,1ce915ed-07e9-4b65-9209-2652ffd9b681,,,
9b5316fe-2b04-40fd-98b7-41db94070fec,ebc4a136-c5e7-4f7d-abfc-e3ddea655b8c,TPHT_000483,Chống sét RF,660f73b4-1975-4bde-8c87-810a23ef6e2c,,t,,,hoat_dong,2026-07-11,,46e84da7-5a8b-4a79-aa46-2fb4bae1ff26,,2026-07-13 14:15:40.080084+00,2026-07-17 02:25:30.805543+00,e96be350-6615-441a-91f5-53ad976e91b3,1ce915ed-07e9-4b65-9209-2652ffd9b681,,,
9b8f7370-f010-4362-a844-52064bdf3ce3,2236fe1c-6896-4157-a310-ae0e094233f6,TPHT_000484,Chống sét đường tín hiệu,660f73b4-1975-4bde-8c87-810a23ef6e2c,,t,,,hoat_dong,2026-07-11,,8b408897-b25d-4ece-91ba-d97dfacec283,,2026-07-13 14:15:40.080084+00,2026-07-17 02:25:30.805543+00,c6b9108a-b830-42a6-b3b8-9e6dd5196202,1ce915ed-07e9-4b65-9209-2652ffd9b681,,,
9c3ae167-8bcd-4183-811b-0f603e11bb77,ebc4a136-c5e7-4f7d-abfc-e3ddea655b8c,TPHT_000485,Modem UHF,ae03f513-6763-46f8-913d-91a103966947,,t,,,hoat_dong,2026-07-11,,46e84da7-5a8b-4a79-aa46-2fb4bae1ff26,,2026-07-13 14:15:40.080084+00,2026-07-17 02:25:30.805543+00,e96be350-6615-441a-91f5-53ad976e91b3,1ce915ed-07e9-4b65-9209-2652ffd9b681,,,
9c8ad8bc-a369-4c4f-a204-fbb6333e509c,4fbd5536-e530-4f9b-97d3-d194186c33de,TPHT_000486,Ắc quy dự phòng,accf1740-4c18-4b9a-895f-59d85ba593b5,,t,,,hoat_dong,2026-07-11,,141337b4-f2fa-4438-808f-0d10cfeedb85,,2026-07-13 14:15:40.080084+00,2026-07-17 02:25:30.805543+00,ffd5b794-82b9-4fd3-9057-3579b9140d1d,1ce915ed-07e9-4b65-9209-2652ffd9b681,,,
9d23f86a-74e5-4b00-9268-cebe14723cae,ebc4a136-c5e7-4f7d-abfc-e3ddea655b8c,TPHT_000487,Cắt lọc sét nguồn AC,660f73b4-1975-4bde-8c87-810a23ef6e2c,,t,,,hoat_dong,2026-07-11,,46e84da7-5a8b-4a79-aa46-2fb4bae1ff26,,2026-07-13 14:15:40.080084+00,2026-07-17 02:25:30.805543+00,e96be350-6615-441a-91f5-53ad976e91b3,1ce915ed-07e9-4b65-9209-2652ffd9b681,,,
9e0c3067-9eb6-49e1-909e-28ef0c94fa82,5ae20f2b-30dc-409c-95db-68b98b79c94e,TPHT_000488,Cảm biến đo khí áp PTB330,98c88d39-bf0f-43c7-83a2-ca5d266ba54f,,t,,,hoat_dong,2026-07-11,,f59bf0bd-520b-4245-80db-dc71b7187bf1,,2026-07-13 14:15:40.080084+00,2026-07-17 02:25:30.805543+00,e96be350-6615-441a-91f5-53ad976e91b3,1ce915ed-07e9-4b65-9209-2652ffd9b681,,,
9e45313f-0315-48f7-9f18-e1f28bfc37f5,4fbd5536-e530-4f9b-97d3-d194186c33de,TPHT_000489,Cảm biến tầm nhìn,98c88d39-bf0f-43c7-83a2-ca5d266ba54f,,t,,,hoat_dong,2026-07-11,,141337b4-f2fa-4438-808f-0d10cfeedb85,,2026-07-13 14:15:40.080084+00,2026-07-17 02:25:30.805543+00,f099f53a-5ef4-4039-ba41-1ea298f0ae5d,1ce915ed-07e9-4b65-9209-2652ffd9b681,,,
9e69f014-96ae-41d6-820c-dbce649e92db,7f40beb2-5d47-4f4a-b7df-35cd1cca56ae,TPHT_000490,AWOS D-AW21,ae03f513-6763-46f8-913d-91a103966947,,t,,,hoat_dong,2026-07-11,,e43c5d4b-3c3c-4486-89da-73e9ac747ab4,,2026-07-13 14:15:40.080084+00,2026-07-17 02:25:30.805543+00,e96be350-6615-441a-91f5-53ad976e91b3,1ce915ed-07e9-4b65-9209-2652ffd9b681,,,
9f089d60-b83e-402e-8753-9f7fad4fbd09,2236fe1c-6896-4157-a310-ae0e094233f6,TPHT_000491,RS232/485 Converter,ae03f513-6763-46f8-913d-91a103966947,,t,,,hoat_dong,2026-07-11,,8b408897-b25d-4ece-91ba-d97dfacec283,,2026-07-13 14:15:40.080084+00,2026-07-17 02:25:30.805543+00,e96be350-6615-441a-91f5-53ad976e91b3,1ce915ed-07e9-4b65-9209-2652ffd9b681,,,
9f818dd1-3f7a-4054-8d51-4aa33d3c1f4b,ce27df84-7054-4032-bfe7-efdb0bd119f4,TPHT_000492,Chống sét đường tín hiệu RS485,660f73b4-1975-4bde-8c87-810a23ef6e2c,,t,,,hoat_dong,2026-07-11,,581d9350-905f-46da-b45e-c2d8aba4d868,,2026-07-13 14:15:40.080084+00,2026-07-17 02:25:30.805543+00,e96be350-6615-441a-91f5-53ad976e91b3,1ce915ed-07e9-4b65-9209-2652ffd9b681,,,
9fcef4b7-9823-46b2-8825-b3be72bb77cf,7f40beb2-5d47-4f4a-b7df-35cd1cca56ae,TPHT_000493,AWOS D-AW21,,,t,,,hoat_dong,2026-07-11,,e43c5d4b-3c3c-4486-89da-73e9ac747ab4,,2026-07-13 14:15:40.080084+00,2026-07-17 02:25:30.805543+00,e96be350-6615-441a-91f5-53ad976e91b3,1ce915ed-07e9-4b65-9209-2652ffd9b681,,,
9ff58e5f-756c-4960-b9f8-13eb10d2610f,a13f3116-f74d-4435-b248-5b458d9fead4,TPHT_000494,"Thiết bị kết nối bộ thu thập xử lý dữ liệu trung tâm với các trạm, các đầu cuối qua đường truyền quang (chuyển đổi serial-Ethernet, Ethernet-Optical, serial- Optical, Switch)",ae03f513-6763-46f8-913d-91a103966947,,t,,,hoat_dong,2026-07-11,,f59bf0bd-520b-4245-80db-dc71b7187bf1,,2026-07-13 14:15:40.080084+00,2026-07-17 02:25:30.805543+00,e96be350-6615-441a-91f5-53ad976e91b3,1ce915ed-07e9-4b65-9209-2652ffd9b681,,,
9ffa838f-d27e-4442-b8ba-d0d32a591875,2236fe1c-6896-4157-a310-ae0e094233f6,TPHT_000495,RS232/485 Converter,ae03f513-6763-46f8-913d-91a103966947,,t,,,hoat_dong,2026-07-11,,8b408897-b25d-4ece-91ba-d97dfacec283,,2026-07-13 14:15:40.080084+00,2026-07-17 02:25:30.805543+00,e96be350-6615-441a-91f5-53ad976e91b3,1ce915ed-07e9-4b65-9209-2652ffd9b681,,,
a048385c-d92e-4aae-91da-bbde58190aed,a13f3116-f74d-4435-b248-5b458d9fead4,TPHT_000496,Bộ xử lý đầu dưới,660f73b4-1975-4bde-8c87-810a23ef6e2c,,t,,,hoat_dong,2026-07-11,,f59bf0bd-520b-4245-80db-dc71b7187bf1,,2026-07-13 14:15:40.080084+00,2026-07-17 02:25:30.805543+00,e96be350-6615-441a-91f5-53ad976e91b3,1ce915ed-07e9-4b65-9209-2652ffd9b681,,,
a0b9e708-1f38-47eb-b935-15aae78bac49,2236fe1c-6896-4157-a310-ae0e094233f6,TPHT_000497,Radio Modem MR400,ae03f513-6763-46f8-913d-91a103966947,,t,,,hoat_dong,2026-07-11,,8b408897-b25d-4ece-91ba-d97dfacec283,,2026-07-13 14:15:40.080084+00,2026-07-17 02:25:30.805543+00,e96be350-6615-441a-91f5-53ad976e91b3,1ce915ed-07e9-4b65-9209-2652ffd9b681,,,
a0c5e8b0-7b6b-4959-b119-0c7db54e75d0,5ae20f2b-30dc-409c-95db-68b98b79c94e,TPHT_000498,PC OPT - GCU,1ef69ec2-6298-4c48-b931-aea3fa48c0fc,,t,,,hoat_dong,2026-07-11,,f59bf0bd-520b-4245-80db-dc71b7187bf1,,2026-07-13 14:15:40.080084+00,2026-07-17 02:25:30.805543+00,e96be350-6615-441a-91f5-53ad976e91b3,1ce915ed-07e9-4b65-9209-2652ffd9b681,,,
a0f851f2-e6c5-4c8f-ac40-5ac7a5a3b4b3,a13f3116-f74d-4435-b248-5b458d9fead4,TPHT_000499,Cáp,1ef69ec2-6298-4c48-b931-aea3fa48c0fc,,t,,,hoat_dong,2026-07-11,,f59bf0bd-520b-4245-80db-dc71b7187bf1,,2026-07-13 14:15:40.080084+00,2026-07-17 02:25:30.805543+00,e96be350-6615-441a-91f5-53ad976e91b3,1ce915ed-07e9-4b65-9209-2652ffd9b681,,,
a12408c1-884e-4fed-b0f8-1f8d19594cbf,2236fe1c-6896-4157-a310-ae0e094233f6,TPHT_000500,Chống sét đường tín hiệu,660f73b4-1975-4bde-8c87-810a23ef6e2c,,t,,,hoat_dong,2026-07-11,,8b408897-b25d-4ece-91ba-d97dfacec283,,2026-07-13 14:15:40.080084+00,2026-07-17 02:25:30.805543+00,e96be350-6615-441a-91f5-53ad976e91b3,1ce915ed-07e9-4b65-9209-2652ffd9b681,,,
a19b1e32-0780-4316-9a48-b23bec943fe6,5ae20f2b-30dc-409c-95db-68b98b79c94e,TPHT_000501,Thiết bị giao tiếp đường truyền Nport IA5250A-T,ae03f513-6763-46f8-913d-91a103966947,,t,,,hoat_dong,2026-07-11,,f59bf0bd-520b-4245-80db-dc71b7187bf1,,2026-07-13 14:15:40.080084+00,2026-07-17 02:25:30.805543+00,e96be350-6615-441a-91f5-53ad976e91b3,1ce915ed-07e9-4b65-9209-2652ffd9b681,,,
a2a36391-25d6-4f36-93e8-94b8d5d51719,ebc4a136-c5e7-4f7d-abfc-e3ddea655b8c,TPHT_000502,Chống sét tín hiệu RS232,660f73b4-1975-4bde-8c87-810a23ef6e2c,,t,,,hoat_dong,2026-07-11,,46e84da7-5a8b-4a79-aa46-2fb4bae1ff26,,2026-07-13 14:15:40.080084+00,2026-07-17 02:25:30.805543+00,e96be350-6615-441a-91f5-53ad976e91b3,1ce915ed-07e9-4b65-9209-2652ffd9b681,,,
a2db4853-6e45-420f-a906-e08020dc2f08,2236fe1c-6896-4157-a310-ae0e094233f6,TPHT_000503,Thiết bị cắt lọc sét 1 pha,660f73b4-1975-4bde-8c87-810a23ef6e2c,,t,,,hoat_dong,2026-07-11,,8b408897-b25d-4ece-91ba-d97dfacec283,,2026-07-13 14:15:40.080084+00,2026-07-17 02:25:30.805543+00,e96be350-6615-441a-91f5-53ad976e91b3,1ce915ed-07e9-4b65-9209-2652ffd9b681,,,
a36340ad-24c3-4e41-bfd7-918ce30ce4b7,2236fe1c-6896-4157-a310-ae0e094233f6,TPHT_000504,Thiết bị bảo vệ quá áp,accf1740-4c18-4b9a-895f-59d85ba593b5,,t,,,hoat_dong,2026-07-11,,8b408897-b25d-4ece-91ba-d97dfacec283,,2026-07-13 14:15:40.080084+00,2026-07-17 02:25:30.805543+00,e96be350-6615-441a-91f5-53ad976e91b3,1ce915ed-07e9-4b65-9209-2652ffd9b681,,,
a39ce934-f09a-4edb-a756-e92d9a2c4192,ebc4a136-c5e7-4f7d-abfc-e3ddea655b8c,TPHT_000505,Nguồn AC/DC,accf1740-4c18-4b9a-895f-59d85ba593b5,,t,,,hoat_dong,2026-07-11,,46e84da7-5a8b-4a79-aa46-2fb4bae1ff26,,2026-07-13 14:15:40.080084+00,2026-07-17 02:25:30.805543+00,e96be350-6615-441a-91f5-53ad976e91b3,1ce915ed-07e9-4b65-9209-2652ffd9b681,,,
a44a1de6-ebd9-4c7e-9426-fb08758d0b53,5ae20f2b-30dc-409c-95db-68b98b79c94e,TPHT_000506,Thiết bị chống sét LAN 24 port,660f73b4-1975-4bde-8c87-810a23ef6e2c,,t,,,hoat_dong,2026-07-11,,f59bf0bd-520b-4245-80db-dc71b7187bf1,,2026-07-13 14:15:40.080084+00,2026-07-17 02:25:30.805543+00,e96be350-6615-441a-91f5-53ad976e91b3,1ce915ed-07e9-4b65-9209-2652ffd9b681,,,
a4cb8364-9d0d-4cca-a014-d6584f151845,7f40beb2-5d47-4f4a-b7df-35cd1cca56ae,TPHT_000507,AWOS D-AW21,accf1740-4c18-4b9a-895f-59d85ba593b5,,t,,,hoat_dong,2026-07-11,,e43c5d4b-3c3c-4486-89da-73e9ac747ab4,,2026-07-13 14:15:40.080084+00,2026-07-17 02:25:30.805543+00,e96be350-6615-441a-91f5-53ad976e91b3,1ce915ed-07e9-4b65-9209-2652ffd9b681,,,
a4e16afb-b1df-44d2-95cd-2835fb561074,a13f3116-f74d-4435-b248-5b458d9fead4,TPHT_000508,Modem vô tuyến (Modem vô tuyến,ae03f513-6763-46f8-913d-91a103966947,,t,,,hoat_dong,2026-07-11,,f59bf0bd-520b-4245-80db-dc71b7187bf1,,2026-07-13 14:15:40.080084+00,2026-07-17 02:25:30.805543+00,e96be350-6615-441a-91f5-53ad976e91b3,1ce915ed-07e9-4b65-9209-2652ffd9b681,,,
279e0fbd-6855-425f-8a5a-d15a82908f41,7f40beb2-5d47-4f4a-b7df-35cd1cca56ae,TPHT_000136,AWOS D-AW21,ae03f513-6763-46f8-913d-91a103966947,,t,,,hoat_dong,2026-07-11,,e43c5d4b-3c3c-4486-89da-73e9ac747ab4,,2026-07-13 14:15:40.080084+00,2026-07-17 02:25:30.805543+00,5f93c2d7-9b77-4f40-bc2f-17b835588de6,1ce915ed-07e9-4b65-9209-2652ffd9b681,,,
3e94ffc6-1d1d-4de5-8ce3-3f224acc3109,5ae20f2b-30dc-409c-95db-68b98b79c94e,TPHT_000208,CONVERTER QUANG,ae03f513-6763-46f8-913d-91a103966947,,t,,,hoat_dong,2026-07-11,,f59bf0bd-520b-4245-80db-dc71b7187bf1,,2026-07-13 14:15:40.080084+00,2026-07-17 02:25:30.805543+00,c7122de2-902a-46b3-854d-12feb6f43716,1ce915ed-07e9-4b65-9209-2652ffd9b681,,,
a5080451-152d-4580-9a02-7122ed5bcbb8,7f40beb2-5d47-4f4a-b7df-35cd1cca56ae,TPHT_000509,AWOS D-AW21,accf1740-4c18-4b9a-895f-59d85ba593b5,,t,,,hoat_dong,2026-07-11,,e43c5d4b-3c3c-4486-89da-73e9ac747ab4,,2026-07-13 14:15:40.080084+00,2026-07-17 02:25:30.805543+00,e96be350-6615-441a-91f5-53ad976e91b3,1ce915ed-07e9-4b65-9209-2652ffd9b681,,,
a525dd17-e123-448b-8180-5decfe38df69,7f40beb2-5d47-4f4a-b7df-35cd1cca56ae,TPHT_000510,AWOS D-AW21,,,t,,,hoat_dong,2026-07-11,,e43c5d4b-3c3c-4486-89da-73e9ac747ab4,,2026-07-13 14:15:40.080084+00,2026-07-17 02:25:30.805543+00,e96be350-6615-441a-91f5-53ad976e91b3,1ce915ed-07e9-4b65-9209-2652ffd9b681,,,
a540f238-d43a-4a31-8865-15fe6fa20c3d,a13f3116-f74d-4435-b248-5b458d9fead4,TPHT_000511,Trạm RWAY 02 R,1ef69ec2-6298-4c48-b931-aea3fa48c0fc,,t,,,hoat_dong,2026-07-11,,f59bf0bd-520b-4245-80db-dc71b7187bf1,,2026-07-13 14:15:40.080084+00,2026-07-17 02:25:30.805543+00,e96be350-6615-441a-91f5-53ad976e91b3,1ce915ed-07e9-4b65-9209-2652ffd9b681,,,
a548fc69-f0db-49b0-9e0e-8e1da8e45674,8b1b85e4-de60-436d-bb4a-052a4ca1d056,TPHT_000512,"- Thiết bị có 32 kênh gồm 2 card giao diện thoại mỗi card 16 kênh, - Operation system windown 10 -64 bit bản quyền, inter i5 CPU with 16 GB RAM - Nguồn 1+1, 220VAC; - Lưu trữ 2x2TB HDD RAID 1; - Bao gồm 1 RDX catridge 1TB - Thiết bị giao tiết với người sử dụng rackmount KVM switch kinan XL1908 (xuất xứ Trung Quốc).",83e7d93e-2f76-4d4f-a6bc-08926383aba1,,t,,,hoat_dong,2026-07-12,,581d9350-905f-46da-b45e-c2d8aba4d868,,2026-07-13 14:15:40.080084+00,2026-07-17 02:25:30.805543+00,03818fa3-ee05-4dfe-92f0-b6f752b0b97a,1ce915ed-07e9-4b65-9209-2652ffd9b681,,,
a56f41f9-8144-419a-a475-8ef6e6f1cf64,a0625061-0c6d-4e0b-b438-d696787ad746,TPHT_000513,Switch tích hợp cổng quang,ae03f513-6763-46f8-913d-91a103966947,,t,,,hoat_dong,2026-07-11,,65ac5e26-b0a7-487e-a72d-3f0dfc3facc2,,2026-07-13 14:15:40.080084+00,2026-07-17 02:25:30.805543+00,e96be350-6615-441a-91f5-53ad976e91b3,1ce915ed-07e9-4b65-9209-2652ffd9b681,,,
a6a0e523-77d6-4dd1-9117-e50d246c274b,4fbd5536-e530-4f9b-97d3-d194186c33de,TPHT_000514,Bộ Charger,accf1740-4c18-4b9a-895f-59d85ba593b5,,t,,,hoat_dong,2026-07-11,,141337b4-f2fa-4438-808f-0d10cfeedb85,,2026-07-13 14:15:40.080084+00,2026-07-17 02:25:30.805543+00,38e5eeb4-1688-47ea-ac85-5fd68d617ea5,1ce915ed-07e9-4b65-9209-2652ffd9b681,,,
a6e9967c-0861-4e59-b3ca-ec1dd3d6077c,2236fe1c-6896-4157-a310-ae0e094233f6,TPHT_000515,Cảm biến tầm nhìn,98c88d39-bf0f-43c7-83a2-ca5d266ba54f,,t,,,hoat_dong,2026-07-11,,8b408897-b25d-4ece-91ba-d97dfacec283,,2026-07-13 14:15:40.080084+00,2026-07-17 02:25:30.805543+00,e96be350-6615-441a-91f5-53ad976e91b3,1ce915ed-07e9-4b65-9209-2652ffd9b681,,,
a72b87b9-752f-4db4-813c-6e05f6ac0e9f,ce27df84-7054-4032-bfe7-efdb0bd119f4,TPHT_000516,Màn hình hiển thị số liệu gió 27,83e7d93e-2f76-4d4f-a6bc-08926383aba1,,t,,,hoat_dong,2026-07-11,,581d9350-905f-46da-b45e-c2d8aba4d868,,2026-07-13 14:15:40.080084+00,2026-07-17 02:25:30.805543+00,e96be350-6615-441a-91f5-53ad976e91b3,1ce915ed-07e9-4b65-9209-2652ffd9b681,,,
a7ddab47-c461-4c46-a9d8-9eac22c4faa8,a0625061-0c6d-4e0b-b438-d696787ad746,TPHT_000518,Cắt lọc sét nguồn AC,660f73b4-1975-4bde-8c87-810a23ef6e2c,,t,,,hoat_dong,2026-07-11,,65ac5e26-b0a7-487e-a72d-3f0dfc3facc2,,2026-07-13 14:15:40.080084+00,2026-07-17 02:25:30.805543+00,3f302563-bdbb-443d-911f-b0058e38db42,1ce915ed-07e9-4b65-9209-2652ffd9b681,,,
a92521dd-5c3a-4bc2-8eeb-8deae52bf31e,42c99ea1-6512-4826-878d-beb1868c3108,TPHT_000520,Máy phát MAIN,954b8685-0b5a-45b3-9172-43b93da5faef,,t,0,,hoat_dong,2026-07-13,,581d9350-905f-46da-b45e-c2d8aba4d868,,2026-07-13 14:15:40.080084+00,2026-07-17 02:25:30.805543+00,03818fa3-ee05-4dfe-92f0-b6f752b0b97a,1ce915ed-07e9-4b65-9209-2652ffd9b681,,,
a94dc408-5834-452e-a709-50ed0bc3853b,5ae20f2b-30dc-409c-95db-68b98b79c94e,TPHT_000521,Sensor đo nhiệt độ HMP155D,98c88d39-bf0f-43c7-83a2-ca5d266ba54f,,t,,,hoat_dong,2026-07-11,,f59bf0bd-520b-4245-80db-dc71b7187bf1,,2026-07-13 14:15:40.080084+00,2026-07-17 02:25:30.805543+00,92aa329a-4ad2-4bf1-b2fe-c33ff194335c,1ce915ed-07e9-4b65-9209-2652ffd9b681,,,
a969b858-f422-42d0-9b1b-de7f51601d93,ebc4a136-c5e7-4f7d-abfc-e3ddea655b8c,TPHT_000522,Nguồn AC/DC,accf1740-4c18-4b9a-895f-59d85ba593b5,,t,,,hoat_dong,2026-07-11,,46e84da7-5a8b-4a79-aa46-2fb4bae1ff26,,2026-07-13 14:15:40.080084+00,2026-07-17 02:25:30.805543+00,e96be350-6615-441a-91f5-53ad976e91b3,1ce915ed-07e9-4b65-9209-2652ffd9b681,,,
a9c40b18-094b-4ada-a8ea-e2c9233f38d3,5ae20f2b-30dc-409c-95db-68b98b79c94e,TPHT_000523,Converter IA5250,ae03f513-6763-46f8-913d-91a103966947,,t,,,hoat_dong,2026-07-11,,f59bf0bd-520b-4245-80db-dc71b7187bf1,,2026-07-13 14:15:40.080084+00,2026-07-17 02:25:30.805543+00,e96be350-6615-441a-91f5-53ad976e91b3,1ce915ed-07e9-4b65-9209-2652ffd9b681,,,
aa6ab70e-f6d1-44ef-b7c9-2a94d02d9da0,7f40beb2-5d47-4f4a-b7df-35cd1cca56ae,TPHT_000524,AWOS D-AW21,98c88d39-bf0f-43c7-83a2-ca5d266ba54f,,t,,,hoat_dong,2026-07-11,,e43c5d4b-3c3c-4486-89da-73e9ac747ab4,,2026-07-13 14:15:40.080084+00,2026-07-17 02:25:30.805543+00,e96be350-6615-441a-91f5-53ad976e91b3,1ce915ed-07e9-4b65-9209-2652ffd9b681,,,
aa8dd086-4558-4603-a0f9-2d014bc6aac9,ebc4a136-c5e7-4f7d-abfc-e3ddea655b8c,TPHT_000525,Cảm biến đo tầm nhìn,98c88d39-bf0f-43c7-83a2-ca5d266ba54f,,t,,,hoat_dong,2026-07-11,,46e84da7-5a8b-4a79-aa46-2fb4bae1ff26,,2026-07-13 14:15:40.080084+00,2026-07-17 02:25:30.805543+00,e96be350-6615-441a-91f5-53ad976e91b3,1ce915ed-07e9-4b65-9209-2652ffd9b681,,,
ab9e2098-69c2-4e99-ab98-cc9950d3790c,a13f3116-f74d-4435-b248-5b458d9fead4,TPHT_000526,Cảm biến đo nhiệt độ và độ ẩm,98c88d39-bf0f-43c7-83a2-ca5d266ba54f,,t,,,hoat_dong,2026-07-11,,f59bf0bd-520b-4245-80db-dc71b7187bf1,,2026-07-13 14:15:40.080084+00,2026-07-17 02:25:30.805543+00,e96be350-6615-441a-91f5-53ad976e91b3,1ce915ed-07e9-4b65-9209-2652ffd9b681,,,
abd5a062-855c-49c1-b820-86be75d2f991,7f40beb2-5d47-4f4a-b7df-35cd1cca56ae,TPHT_000527,AWOS D-AW21,accf1740-4c18-4b9a-895f-59d85ba593b5,,t,,,hoat_dong,2026-07-11,,e43c5d4b-3c3c-4486-89da-73e9ac747ab4,,2026-07-13 14:15:40.080084+00,2026-07-17 02:25:30.805543+00,e96be350-6615-441a-91f5-53ad976e91b3,1ce915ed-07e9-4b65-9209-2652ffd9b681,,,
ac4e50fe-1acc-4d32-aeed-3226cb61202c,5ae20f2b-30dc-409c-95db-68b98b79c94e,TPHT_000528,Lều Khí tượng HY-LKT01,1ef69ec2-6298-4c48-b931-aea3fa48c0fc,,t,,,hoat_dong,2026-07-11,,f59bf0bd-520b-4245-80db-dc71b7187bf1,,2026-07-13 14:15:40.080084+00,2026-07-17 02:25:30.805543+00,e96be350-6615-441a-91f5-53ad976e91b3,1ce915ed-07e9-4b65-9209-2652ffd9b681,,,
ac95f760-3b89-4c8d-bbf8-a8e7d6401afe,a0625061-0c6d-4e0b-b438-d696787ad746,TPHT_000529,Nguồn AC/DC,accf1740-4c18-4b9a-895f-59d85ba593b5,,t,,,hoat_dong,2026-07-11,,65ac5e26-b0a7-487e-a72d-3f0dfc3facc2,,2026-07-13 14:15:40.080084+00,2026-07-17 02:25:30.805543+00,7edb2f00-60da-46ad-8aed-873d4708393d,1ce915ed-07e9-4b65-9209-2652ffd9b681,,,
acca320e-6a97-4e61-9e0b-3a0f57334022,4fbd5536-e530-4f9b-97d3-d194186c33de,TPHT_000530,Cắt sét nguồn 220VAC -  UHF,660f73b4-1975-4bde-8c87-810a23ef6e2c,,t,,,hoat_dong,2026-07-11,,141337b4-f2fa-4438-808f-0d10cfeedb85,,2026-07-13 14:15:40.080084+00,2026-07-17 02:25:30.805543+00,38e5eeb4-1688-47ea-ac85-5fd68d617ea5,1ce915ed-07e9-4b65-9209-2652ffd9b681,,,
acdc846c-5403-4529-993a-c138d2539482,4fbd5536-e530-4f9b-97d3-d194186c33de,TPHT_000531,Thiết bị chuyển đổi Serial/Fiber,ae03f513-6763-46f8-913d-91a103966947,,t,,,hoat_dong,2026-07-11,,141337b4-f2fa-4438-808f-0d10cfeedb85,,2026-07-13 14:15:40.080084+00,2026-07-17 02:25:30.805543+00,e96be350-6615-441a-91f5-53ad976e91b3,1ce915ed-07e9-4b65-9209-2652ffd9b681,,,
ae042530-a580-40af-8ef5-9707a9fe8d65,7f40beb2-5d47-4f4a-b7df-35cd1cca56ae,TPHT_000533,AWOS D-AW21,98c88d39-bf0f-43c7-83a2-ca5d266ba54f,,t,,,hoat_dong,2026-07-11,,e43c5d4b-3c3c-4486-89da-73e9ac747ab4,,2026-07-13 14:15:40.080084+00,2026-07-17 02:25:30.805543+00,e96be350-6615-441a-91f5-53ad976e91b3,1ce915ed-07e9-4b65-9209-2652ffd9b681,,,
aee2df96-b533-41aa-9e8d-9d6940bc29de,5ae20f2b-30dc-409c-95db-68b98b79c94e,TPHT_000534,Bộ nguồn AC/DC,accf1740-4c18-4b9a-895f-59d85ba593b5,,t,,,hoat_dong,2026-07-11,,f59bf0bd-520b-4245-80db-dc71b7187bf1,,2026-07-13 14:15:40.080084+00,2026-07-17 02:25:30.805543+00,e96be350-6615-441a-91f5-53ad976e91b3,1ce915ed-07e9-4b65-9209-2652ffd9b681,,,
af226513-8000-4411-8480-70cc4a12d098,a13f3116-f74d-4435-b248-5b458d9fead4,TPHT_000535,"Chống sét bao gồm kim thu sét gắn trên cột 10m, / cáp thoát sét, bộ xử lý đầu cáp (đầu trên, đầu dưới), ống sợi thủy tinh là phụ kiện đồng bộ cùng nhà sản xuất với cáp thoát sét",1ef69ec2-6298-4c48-b931-aea3fa48c0fc,,t,,,hoat_dong,2026-07-11,,f59bf0bd-520b-4245-80db-dc71b7187bf1,,2026-07-13 14:15:40.080084+00,2026-07-17 02:25:30.805543+00,e96be350-6615-441a-91f5-53ad976e91b3,1ce915ed-07e9-4b65-9209-2652ffd9b681,,,
afe950cd-cfa0-4ec3-b3a9-43100ccb30a1,a13f3116-f74d-4435-b248-5b458d9fead4,TPHT_000536,Bộ xử lý đầu dưới,660f73b4-1975-4bde-8c87-810a23ef6e2c,,t,,,hoat_dong,2026-07-11,,f59bf0bd-520b-4245-80db-dc71b7187bf1,,2026-07-13 14:15:40.080084+00,2026-07-17 02:25:30.805543+00,e96be350-6615-441a-91f5-53ad976e91b3,1ce915ed-07e9-4b65-9209-2652ffd9b681,,,
4b8559a6-662f-472f-a58b-49a652d5c7a3,c430bc01-239f-4a2a-b408-76aa06bf23ac,QA5_TP_1784866551_1_2,QA5 thành phần 1784866551.1.2,98c88d39-bf0f-43c7-83a2-ca5d266ba54f,,t,2,Permission regression 5 rounds,hoat_dong,,,c3231147-e403-4afa-838f-04026ffa8f7d,7b178d3c-127b-4bdd-a77c-a3013cdf365b,2026-07-24 04:15:56.375428+00,2026-07-24 04:15:56.375428+00,,,,,
b1328738-e5b7-4a90-bf80-74a6ce8b4a7f,2236fe1c-6896-4157-a310-ae0e094233f6,TPHT_000537,Thiết bị bảo vệ quá áp,accf1740-4c18-4b9a-895f-59d85ba593b5,,t,,,hoat_dong,2026-07-11,,8b408897-b25d-4ece-91ba-d97dfacec283,,2026-07-13 14:15:40.080084+00,2026-07-17 02:25:30.805543+00,e96be350-6615-441a-91f5-53ad976e91b3,1ce915ed-07e9-4b65-9209-2652ffd9b681,,,
b164e23f-8834-4db8-99f7-85bdb3633a07,7f40beb2-5d47-4f4a-b7df-35cd1cca56ae,TPHT_000538,AWOS D-AW21,98c88d39-bf0f-43c7-83a2-ca5d266ba54f,,t,,,hoat_dong,2026-07-11,,e43c5d4b-3c3c-4486-89da-73e9ac747ab4,,2026-07-13 14:15:40.080084+00,2026-07-17 02:25:30.805543+00,e96be350-6615-441a-91f5-53ad976e91b3,1ce915ed-07e9-4b65-9209-2652ffd9b681,,,
b19f62f8-5c3a-42c7-9af2-12432df37fb6,ce27df84-7054-4032-bfe7-efdb0bd119f4,TPHT_000539,AC/DC converter,accf1740-4c18-4b9a-895f-59d85ba593b5,,t,,,hoat_dong,2026-07-11,,581d9350-905f-46da-b45e-c2d8aba4d868,,2026-07-13 14:15:40.080084+00,2026-07-17 02:25:30.805543+00,e96be350-6615-441a-91f5-53ad976e91b3,1ce915ed-07e9-4b65-9209-2652ffd9b681,,,
b381e721-28ed-443d-9a3f-267aeebb32e7,7f40beb2-5d47-4f4a-b7df-35cd1cca56ae,TPHT_000541,AWOS D-AW21,660f73b4-1975-4bde-8c87-810a23ef6e2c,,t,,,hoat_dong,2026-07-11,,e43c5d4b-3c3c-4486-89da-73e9ac747ab4,,2026-07-13 14:15:40.080084+00,2026-07-17 02:25:30.805543+00,e96be350-6615-441a-91f5-53ad976e91b3,1ce915ed-07e9-4b65-9209-2652ffd9b681,,,
b3be5e1f-7bf0-41f7-a136-7085864d0b37,42c99ea1-6512-4826-878d-beb1868c3108,TPHT_000542,Máy thu ULTIMATE_BACKUP,032cd7d8-5028-42f1-86b5-cf3122e3a430,,t,5,,hoat_dong,2026-07-13,,581d9350-905f-46da-b45e-c2d8aba4d868,,2026-07-13 14:15:40.080084+00,2026-07-17 02:25:30.805543+00,8d0b92cb-6a62-4fbe-9b51-9399ee0e1843,1ce915ed-07e9-4b65-9209-2652ffd9b681,,,
b3d50bda-ace1-4090-a8ee-fcd318f2c90a,a13f3116-f74d-4435-b248-5b458d9fead4,TPHT_000543,Bộ thu thập số liệu (Data logger) / Phụ kiện lắp đặt: / + Cáp bảo trì / + Bộ hiển thị LCD,ae03f513-6763-46f8-913d-91a103966947,,t,,,hoat_dong,2026-07-11,,f59bf0bd-520b-4245-80db-dc71b7187bf1,,2026-07-13 14:15:40.080084+00,2026-07-17 02:25:30.805543+00,e96be350-6615-441a-91f5-53ad976e91b3,1ce915ed-07e9-4b65-9209-2652ffd9b681,,,
b3f147ce-fb5b-4554-a5bf-87907babd3bd,4fbd5536-e530-4f9b-97d3-d194186c33de,TPHT_000544,Cảm biến gió,98c88d39-bf0f-43c7-83a2-ca5d266ba54f,,t,,,hoat_dong,2026-07-11,,141337b4-f2fa-4438-808f-0d10cfeedb85,,2026-07-13 14:15:40.080084+00,2026-07-17 02:25:30.805543+00,38e5eeb4-1688-47ea-ac85-5fd68d617ea5,1ce915ed-07e9-4b65-9209-2652ffd9b681,,,
060e4484-4a4c-4a82-93b2-319f0ba442ab,ebc4a136-c5e7-4f7d-abfc-e3ddea655b8c,TPHT_000015,Sensor khí áp,98c88d39-bf0f-43c7-83a2-ca5d266ba54f,,t,,,hoat_dong,2026-07-11,,46e84da7-5a8b-4a79-aa46-2fb4bae1ff26,,2026-07-13 14:15:40.080084+00,2026-07-17 02:25:30.805543+00,ff3511ef-1568-4f81-9c59-21d71703e354,1ce915ed-07e9-4b65-9209-2652ffd9b681,,,
118994ea-0a85-43dc-83dd-fc2642cdcd94,ce27df84-7054-4032-bfe7-efdb0bd119f4,TPHT_000047,Switch,ae03f513-6763-46f8-913d-91a103966947,,t,,,hoat_dong,2026-07-11,,581d9350-905f-46da-b45e-c2d8aba4d868,,2026-07-13 14:15:40.080084+00,2026-07-17 02:25:30.805543+00,03818fa3-ee05-4dfe-92f0-b6f752b0b97a,1ce915ed-07e9-4b65-9209-2652ffd9b681,,,
12f1c36f-90d7-46ac-9e62-77d6598bb001,5ae20f2b-30dc-409c-95db-68b98b79c94e,TPHT_000054,Trạm đo trần mây đầu 20,1ef69ec2-6298-4c48-b931-aea3fa48c0fc,,t,,,hoat_dong,2026-07-11,,f59bf0bd-520b-4245-80db-dc71b7187bf1,,2026-07-13 14:15:40.080084+00,2026-07-17 02:25:30.805543+00,92aa329a-4ad2-4bf1-b2fe-c33ff194335c,1ce915ed-07e9-4b65-9209-2652ffd9b681,,,
1924523c-5318-4de9-988d-f767dd8387da,5ae20f2b-30dc-409c-95db-68b98b79c94e,TPHT_000086,Sensor đo độ mưa 915 RG,98c88d39-bf0f-43c7-83a2-ca5d266ba54f,,t,,,hoat_dong,2026-07-11,,f59bf0bd-520b-4245-80db-dc71b7187bf1,,2026-07-13 14:15:40.080084+00,2026-07-17 02:25:30.805543+00,92aa329a-4ad2-4bf1-b2fe-c33ff194335c,1ce915ed-07e9-4b65-9209-2652ffd9b681,,,
250ecd27-c739-4bd6-a5c3-0ed1e4a2617c,5ae20f2b-30dc-409c-95db-68b98b79c94e,TPHT_000126,"Cột, túi gió đầu 02",1ef69ec2-6298-4c48-b931-aea3fa48c0fc,,t,,,hoat_dong,2026-07-11,,f59bf0bd-520b-4245-80db-dc71b7187bf1,,2026-07-13 14:15:40.080084+00,2026-07-17 02:25:30.805543+00,92aa329a-4ad2-4bf1-b2fe-c33ff194335c,1ce915ed-07e9-4b65-9209-2652ffd9b681,,,
306dc1ec-9083-40e7-be80-fb0ffae39b10,5ae20f2b-30dc-409c-95db-68b98b79c94e,TPHT_000168,Server M,83e7d93e-2f76-4d4f-a6bc-08926383aba1,,t,,,hoat_dong,2026-07-11,,f59bf0bd-520b-4245-80db-dc71b7187bf1,,2026-07-13 14:15:40.080084+00,2026-07-17 02:25:30.805543+00,c7122de2-902a-46b3-854d-12feb6f43716,1ce915ed-07e9-4b65-9209-2652ffd9b681,,,
44ffc022-6a28-48bc-ada4-8e3e106b7225,5ae20f2b-30dc-409c-95db-68b98b79c94e,TPHT_000226,"Cột, túi gió đầu 20",1ef69ec2-6298-4c48-b931-aea3fa48c0fc,,t,,,hoat_dong,2026-07-11,,f59bf0bd-520b-4245-80db-dc71b7187bf1,,2026-07-13 14:15:40.080084+00,2026-07-17 02:25:30.805543+00,92aa329a-4ad2-4bf1-b2fe-c33ff194335c,1ce915ed-07e9-4b65-9209-2652ffd9b681,,,
490d5de4-4534-42d8-bace-f13be8f13d46,ebc4a136-c5e7-4f7d-abfc-e3ddea655b8c,TPHT_000239,Màn hình hiển thị số liệu Gió dp,83e7d93e-2f76-4d4f-a6bc-08926383aba1,,t,,,hoat_dong,2026-07-11,,46e84da7-5a8b-4a79-aa46-2fb4bae1ff26,,2026-07-13 14:15:40.080084+00,2026-07-17 02:25:30.805543+00,ff3511ef-1568-4f81-9c59-21d71703e354,1ce915ed-07e9-4b65-9209-2652ffd9b681,,,
4b0dfaef-20fa-4b27-9da7-51ba0635c785,5ae20f2b-30dc-409c-95db-68b98b79c94e,TPHT_000243,CONVERTER QUANG,ae03f513-6763-46f8-913d-91a103966947,,t,,,hoat_dong,2026-07-11,,f59bf0bd-520b-4245-80db-dc71b7187bf1,,2026-07-13 14:15:40.080084+00,2026-07-17 02:25:30.805543+00,92aa329a-4ad2-4bf1-b2fe-c33ff194335c,1ce915ed-07e9-4b65-9209-2652ffd9b681,,,
52c475c7-421a-4510-9b93-014e11b67347,5ae20f2b-30dc-409c-95db-68b98b79c94e,TPHT_000270,Sensor đo gió 4.3820.00.300,98c88d39-bf0f-43c7-83a2-ca5d266ba54f,,t,,,hoat_dong,2026-07-11,,f59bf0bd-520b-4245-80db-dc71b7187bf1,,2026-07-13 14:15:40.080084+00,2026-07-17 02:25:30.805543+00,92aa329a-4ad2-4bf1-b2fe-c33ff194335c,1ce915ed-07e9-4b65-9209-2652ffd9b681,,,
6d118229-4bde-4a9b-9678-05c9fde917be,5ae20f2b-30dc-409c-95db-68b98b79c94e,TPHT_000341,CONVERTER QUANG,ae03f513-6763-46f8-913d-91a103966947,,t,,,hoat_dong,2026-07-11,,f59bf0bd-520b-4245-80db-dc71b7187bf1,,2026-07-13 14:15:40.080084+00,2026-07-17 02:25:30.805543+00,92aa329a-4ad2-4bf1-b2fe-c33ff194335c,1ce915ed-07e9-4b65-9209-2652ffd9b681,,,
7f5545bd-8b57-4a33-9206-8503ae05c511,ebc4a136-c5e7-4f7d-abfc-e3ddea655b8c,TPHT_000413,Nguồn AC/DC,accf1740-4c18-4b9a-895f-59d85ba593b5,,t,,,hoat_dong,2026-07-11,,46e84da7-5a8b-4a79-aa46-2fb4bae1ff26,,2026-07-13 14:15:40.080084+00,2026-07-17 02:25:30.805543+00,ff3511ef-1568-4f81-9c59-21d71703e354,1ce915ed-07e9-4b65-9209-2652ffd9b681,,,
53cfe575-ba5f-4bc0-b28d-91f608f49d90,5fdb9e8a-0bf0-4fdf-9d81-0f68c03722ae,QA5_TP_1784866551_2_1,QA5 thành phần 1784866551.2.1,98c88d39-bf0f-43c7-83a2-ca5d266ba54f,,t,1,Permission regression 5 rounds,hoat_dong,,,c3231147-e403-4afa-838f-04026ffa8f7d,7b178d3c-127b-4bdd-a77c-a3013cdf365b,2026-07-24 04:16:06.127725+00,2026-07-24 04:16:06.127725+00,,,,,
a74db3c4-296a-48ed-8890-91994b127abb,5ae20f2b-30dc-409c-95db-68b98b79c94e,TPHT_000517,2023,ae03f513-6763-46f8-913d-91a103966947,,t,,,hoat_dong,2026-07-11,,f59bf0bd-520b-4245-80db-dc71b7187bf1,,2026-07-13 14:15:40.080084+00,2026-07-17 02:25:30.805543+00,2b0a43bb-0add-4ef6-8830-898890900c6d,1ce915ed-07e9-4b65-9209-2652ffd9b681,,,
a9109750-d8b7-423e-99cf-441dca12918f,ce27df84-7054-4032-bfe7-efdb0bd119f4,TPHT_000519,Router,ae03f513-6763-46f8-913d-91a103966947,,t,,,hoat_dong,2026-07-11,,581d9350-905f-46da-b45e-c2d8aba4d868,,2026-07-13 14:15:40.080084+00,2026-07-17 02:25:30.805543+00,03818fa3-ee05-4dfe-92f0-b6f752b0b97a,1ce915ed-07e9-4b65-9209-2652ffd9b681,,,
ad1d13c6-4e39-452e-a714-6d5b1764cc06,ce27df84-7054-4032-bfe7-efdb0bd119f4,TPHT_000532,Switch,ae03f513-6763-46f8-913d-91a103966947,,t,,,hoat_dong,2026-07-11,,581d9350-905f-46da-b45e-c2d8aba4d868,,2026-07-13 14:15:40.080084+00,2026-07-17 02:25:30.805543+00,03818fa3-ee05-4dfe-92f0-b6f752b0b97a,1ce915ed-07e9-4b65-9209-2652ffd9b681,,,
b318abc8-93e1-482e-ad24-5979e76a7be5,5ae20f2b-30dc-409c-95db-68b98b79c94e,TPHT_000540,Data Taker DT80,ae03f513-6763-46f8-913d-91a103966947,,t,,,hoat_dong,2026-07-11,,f59bf0bd-520b-4245-80db-dc71b7187bf1,,2026-07-13 14:15:40.080084+00,2026-07-17 02:25:30.805543+00,92aa329a-4ad2-4bf1-b2fe-c33ff194335c,1ce915ed-07e9-4b65-9209-2652ffd9b681,,,
3bc40d78-b337-40b7-8be5-a8e583543d87,5fdb9e8a-0bf0-4fdf-9d81-0f68c03722ae,QA5_TP_1784866551_2_2,QA5 thành phần 1784866551.2.2,98c88d39-bf0f-43c7-83a2-ca5d266ba54f,,t,2,Permission regression 5 rounds,hoat_dong,,,c3231147-e403-4afa-838f-04026ffa8f7d,7b178d3c-127b-4bdd-a77c-a3013cdf365b,2026-07-24 04:16:07.521773+00,2026-07-24 04:16:07.521773+00,,,,,
b876d04b-cbef-4dc3-9b40-a77b8aae2bcd,67c9ce16-0967-4ed3-910a-e2ce6d99154a,QA5_TP_1784866551_3_1,QA5 thành phần 1784866551.3.1,98c88d39-bf0f-43c7-83a2-ca5d266ba54f,,t,1,Permission regression 5 rounds,hoat_dong,,,c3231147-e403-4afa-838f-04026ffa8f7d,7b178d3c-127b-4bdd-a77c-a3013cdf365b,2026-07-24 04:16:17.553074+00,2026-07-24 04:16:17.553074+00,,,,,
0addbd7c-43b7-4dac-9ef8-7f18215f3e50,ce27df84-7054-4032-bfe7-efdb0bd119f4,TPHT_000030,Modem Hub UHF,ae03f513-6763-46f8-913d-91a103966947,,t,,,hoat_dong,2026-07-11,,581d9350-905f-46da-b45e-c2d8aba4d868,,2026-07-13 14:15:40.080084+00,2026-07-17 02:25:30.805543+00,03818fa3-ee05-4dfe-92f0-b6f752b0b97a,1ce915ed-07e9-4b65-9209-2652ffd9b681,,,
17284717-16cc-4ce8-9675-9b3e7ab2a53e,ce27df84-7054-4032-bfe7-efdb0bd119f4,TPHT_000080,Chống sét RF,660f73b4-1975-4bde-8c87-810a23ef6e2c,,t,,,hoat_dong,2026-07-11,,581d9350-905f-46da-b45e-c2d8aba4d868,,2026-07-13 14:15:40.080084+00,2026-07-17 02:25:30.805543+00,03818fa3-ee05-4dfe-92f0-b6f752b0b97a,1ce915ed-07e9-4b65-9209-2652ffd9b681,,,
20c9db55-6fe2-4850-a34f-3a1a97e01bbc,ce27df84-7054-4032-bfe7-efdb0bd119f4,TPHT_000113,Media Converter,ae03f513-6763-46f8-913d-91a103966947,,t,,,hoat_dong,2026-07-11,,581d9350-905f-46da-b45e-c2d8aba4d868,,2026-07-13 14:15:40.080084+00,2026-07-17 02:25:30.805543+00,03818fa3-ee05-4dfe-92f0-b6f752b0b97a,1ce915ed-07e9-4b65-9209-2652ffd9b681,,,
259bb6d3-b802-43c9-8a94-7517adae18a2,a0625061-0c6d-4e0b-b438-d696787ad746,TPHT_000129,Cảm biến đo hướng và đo tốc độ gió,98c88d39-bf0f-43c7-83a2-ca5d266ba54f,,t,,,hoat_dong,2026-07-11,,65ac5e26-b0a7-487e-a72d-3f0dfc3facc2,,2026-07-13 14:15:40.080084+00,2026-07-17 02:25:30.805543+00,7edb2f00-60da-46ad-8aed-873d4708393d,1ce915ed-07e9-4b65-9209-2652ffd9b681,,,
309bf122-d0cd-4aee-8716-86cdfec12e2a,7f40beb2-5d47-4f4a-b7df-35cd1cca56ae,TPHT_000171,AWOS D-AW21,ae03f513-6763-46f8-913d-91a103966947,,t,,,hoat_dong,2026-07-11,,e43c5d4b-3c3c-4486-89da-73e9ac747ab4,,2026-07-13 14:15:40.080084+00,2026-07-17 02:25:30.805543+00,5f93c2d7-9b77-4f40-bc2f-17b835588de6,1ce915ed-07e9-4b65-9209-2652ffd9b681,,,
31a5eb79-cea3-414c-bcdc-5241549451d8,ce27df84-7054-4032-bfe7-efdb0bd119f4,TPHT_000173,AWOS-901,ae03f513-6763-46f8-913d-91a103966947,,t,,,hoat_dong,2026-07-11,,581d9350-905f-46da-b45e-c2d8aba4d868,,2026-07-13 14:15:40.080084+00,2026-07-17 02:25:30.805543+00,03818fa3-ee05-4dfe-92f0-b6f752b0b97a,1ce915ed-07e9-4b65-9209-2652ffd9b681,,,
4d6eb5aa-30bd-476c-ad32-e84f7e788238,7f40beb2-5d47-4f4a-b7df-35cd1cca56ae,TPHT_000254,AWOS D-AW21,ae03f513-6763-46f8-913d-91a103966947,,t,,,hoat_dong,2026-07-11,,e43c5d4b-3c3c-4486-89da-73e9ac747ab4,,2026-07-13 14:15:40.080084+00,2026-07-17 02:25:30.805543+00,5f93c2d7-9b77-4f40-bc2f-17b835588de6,1ce915ed-07e9-4b65-9209-2652ffd9b681,,,
54cfe0dd-40f0-490d-ad96-b8e77f678a3b,7f40beb2-5d47-4f4a-b7df-35cd1cca56ae,TPHT_000275,AWOS D-AW21,accf1740-4c18-4b9a-895f-59d85ba593b5,,t,,,hoat_dong,2026-07-11,,e43c5d4b-3c3c-4486-89da-73e9ac747ab4,,2026-07-13 14:15:40.080084+00,2026-07-17 02:25:30.805543+00,5f93c2d7-9b77-4f40-bc2f-17b835588de6,1ce915ed-07e9-4b65-9209-2652ffd9b681,,,
7c80e4bb-ae3b-4ce2-845c-ad2195c90c76,ce27df84-7054-4032-bfe7-efdb0bd119f4,TPHT_000401,Thiết bị Serial server,ae03f513-6763-46f8-913d-91a103966947,,t,,,hoat_dong,2026-07-11,,581d9350-905f-46da-b45e-c2d8aba4d868,,2026-07-13 14:15:40.080084+00,2026-07-17 02:25:30.805543+00,03818fa3-ee05-4dfe-92f0-b6f752b0b97a,1ce915ed-07e9-4b65-9209-2652ffd9b681,,,
903b9aa2-3baa-42fd-8e54-6ad64b1cb4b9,ce27df84-7054-4032-bfe7-efdb0bd119f4,TPHT_000447,Media Converter,ae03f513-6763-46f8-913d-91a103966947,,t,,,hoat_dong,2026-07-11,,581d9350-905f-46da-b45e-c2d8aba4d868,,2026-07-13 14:15:40.080084+00,2026-07-17 02:25:30.805543+00,03818fa3-ee05-4dfe-92f0-b6f752b0b97a,1ce915ed-07e9-4b65-9209-2652ffd9b681,,,
92b83ae8-0107-4a52-90fb-2c10676c3e7d,7f40beb2-5d47-4f4a-b7df-35cd1cca56ae,TPHT_000457,AWOS D-AW21,98c88d39-bf0f-43c7-83a2-ca5d266ba54f,,t,,,hoat_dong,2026-07-11,,e43c5d4b-3c3c-4486-89da-73e9ac747ab4,,2026-07-13 14:15:40.080084+00,2026-07-17 02:25:30.805543+00,5f93c2d7-9b77-4f40-bc2f-17b835588de6,1ce915ed-07e9-4b65-9209-2652ffd9b681,,,
b40f0f63-3816-459c-85cc-556b6730b684,7f40beb2-5d47-4f4a-b7df-35cd1cca56ae,TPHT_000545,AWOS D-AW21,,,t,,,hoat_dong,2026-07-11,,e43c5d4b-3c3c-4486-89da-73e9ac747ab4,,2026-07-13 14:15:40.080084+00,2026-07-17 02:25:30.805543+00,e96be350-6615-441a-91f5-53ad976e91b3,1ce915ed-07e9-4b65-9209-2652ffd9b681,,,
b4aaa7d6-a69b-41ae-a45e-0acc09ef982b,ce27df84-7054-4032-bfe7-efdb0bd119f4,TPHT_000546,Cảm biến đo mưa,98c88d39-bf0f-43c7-83a2-ca5d266ba54f,,t,,,hoat_dong,2026-07-11,,581d9350-905f-46da-b45e-c2d8aba4d868,,2026-07-13 14:15:40.080084+00,2026-07-17 02:25:30.805543+00,e96be350-6615-441a-91f5-53ad976e91b3,1ce915ed-07e9-4b65-9209-2652ffd9b681,,,
b4ed5d85-5402-4b32-a3df-5503d0604a7d,5ae20f2b-30dc-409c-95db-68b98b79c94e,TPHT_000547,Ắc quy cấp nguồn cho modem UHF,ae03f513-6763-46f8-913d-91a103966947,,t,,,hoat_dong,2026-07-11,,f59bf0bd-520b-4245-80db-dc71b7187bf1,,2026-07-13 14:15:40.080084+00,2026-07-17 02:25:30.805543+00,e96be350-6615-441a-91f5-53ad976e91b3,1ce915ed-07e9-4b65-9209-2652ffd9b681,,,
b4fe05e6-2a91-44c8-b920-c04f4a3ffd05,4fbd5536-e530-4f9b-97d3-d194186c33de,TPHT_000548,Cắt lọc sét nguồn AC - Tủ thiết bị,660f73b4-1975-4bde-8c87-810a23ef6e2c,,t,,,hoat_dong,2026-07-11,,141337b4-f2fa-4438-808f-0d10cfeedb85,,2026-07-13 14:15:40.080084+00,2026-07-17 02:25:30.805543+00,66b78574-4d8b-4d58-8ca7-67b06ef335b2,1ce915ed-07e9-4b65-9209-2652ffd9b681,,,
b5179890-74ad-4cea-a6c5-01f6a07aabcf,2236fe1c-6896-4157-a310-ae0e094233f6,TPHT_000549,Chống sét đường tín hiệu,660f73b4-1975-4bde-8c87-810a23ef6e2c,,t,,,hoat_dong,2026-07-11,,8b408897-b25d-4ece-91ba-d97dfacec283,,2026-07-13 14:15:40.080084+00,2026-07-17 02:25:30.805543+00,e96be350-6615-441a-91f5-53ad976e91b3,1ce915ed-07e9-4b65-9209-2652ffd9b681,,,
b51d9461-98be-48ac-a3c2-8c97b7e73fc6,ce27df84-7054-4032-bfe7-efdb0bd119f4,TPHT_000550,Media Converter,ae03f513-6763-46f8-913d-91a103966947,,t,,,hoat_dong,2026-07-11,,581d9350-905f-46da-b45e-c2d8aba4d868,,2026-07-13 14:15:40.080084+00,2026-07-17 02:25:30.805543+00,e96be350-6615-441a-91f5-53ad976e91b3,1ce915ed-07e9-4b65-9209-2652ffd9b681,,,
b52b732d-3631-48c8-ad6c-62c3ea47557a,ebc4a136-c5e7-4f7d-abfc-e3ddea655b8c,TPHT_000551,Chống sét đường tín hiệu,660f73b4-1975-4bde-8c87-810a23ef6e2c,,t,,,hoat_dong,2026-07-11,,46e84da7-5a8b-4a79-aa46-2fb4bae1ff26,,2026-07-13 14:15:40.080084+00,2026-07-17 02:25:30.805543+00,e96be350-6615-441a-91f5-53ad976e91b3,1ce915ed-07e9-4b65-9209-2652ffd9b681,,,
b5418e8f-96dc-4849-bc83-dd163dbd3592,ebc4a136-c5e7-4f7d-abfc-e3ddea655b8c,TPHT_000552,Converter Serial to Fiber (X3),ae03f513-6763-46f8-913d-91a103966947,,t,,,hoat_dong,2026-07-11,,46e84da7-5a8b-4a79-aa46-2fb4bae1ff26,,2026-07-13 14:15:40.080084+00,2026-07-17 02:25:30.805543+00,e96be350-6615-441a-91f5-53ad976e91b3,1ce915ed-07e9-4b65-9209-2652ffd9b681,,,
b59996e3-a0ab-4054-95fd-ec8b51932fd5,7f40beb2-5d47-4f4a-b7df-35cd1cca56ae,TPHT_000553,AWOS D-AW21,98c88d39-bf0f-43c7-83a2-ca5d266ba54f,,t,,,hoat_dong,2026-07-11,,e43c5d4b-3c3c-4486-89da-73e9ac747ab4,,2026-07-13 14:15:40.080084+00,2026-07-17 02:25:30.805543+00,5f93c2d7-9b77-4f40-bc2f-17b835588de6,1ce915ed-07e9-4b65-9209-2652ffd9b681,,,
b5cf1232-aae1-4b4a-a173-b3ceaf487f47,7f40beb2-5d47-4f4a-b7df-35cd1cca56ae,TPHT_000554,AWOS D-AW21,98c88d39-bf0f-43c7-83a2-ca5d266ba54f,,t,,,hoat_dong,2026-07-11,,e43c5d4b-3c3c-4486-89da-73e9ac747ab4,,2026-07-13 14:15:40.080084+00,2026-07-17 02:25:30.805543+00,e96be350-6615-441a-91f5-53ad976e91b3,1ce915ed-07e9-4b65-9209-2652ffd9b681,,,
b5f01edb-0cf8-4fcd-9f17-c4581d53f01a,ebc4a136-c5e7-4f7d-abfc-e3ddea655b8c,TPHT_000555,Thiết bị Serial to Ethernet,ae03f513-6763-46f8-913d-91a103966947,,t,,,hoat_dong,2026-07-11,,46e84da7-5a8b-4a79-aa46-2fb4bae1ff26,,2026-07-13 14:15:40.080084+00,2026-07-17 02:25:30.805543+00,e96be350-6615-441a-91f5-53ad976e91b3,1ce915ed-07e9-4b65-9209-2652ffd9b681,,,
03df2574-4839-4f74-ae49-6651293ef05f,a0625061-0c6d-4e0b-b438-d696787ad746,TPHT_000012,Cắt lọc sét nguồn AC,660f73b4-1975-4bde-8c87-810a23ef6e2c,,t,,,hoat_dong,2026-07-11,,65ac5e26-b0a7-487e-a72d-3f0dfc3facc2,,2026-07-13 14:15:40.080084+00,2026-07-17 02:25:30.805543+00,3f302563-bdbb-443d-911f-b0058e38db42,1ce915ed-07e9-4b65-9209-2652ffd9b681,,,
0755185f-7a67-4fce-b7cb-75cfd4b55c4f,a0625061-0c6d-4e0b-b438-d696787ad746,TPHT_000017,Switch tích hợp cổng quang đầu 35,ae03f513-6763-46f8-913d-91a103966947,,t,,,hoat_dong,2026-07-11,,65ac5e26-b0a7-487e-a72d-3f0dfc3facc2,,2026-07-13 14:15:40.080084+00,2026-07-17 02:25:30.805543+00,3f302563-bdbb-443d-911f-b0058e38db42,1ce915ed-07e9-4b65-9209-2652ffd9b681,,,
ccd14ba3-d572-4ea3-8857-c6be6e2f8f56,5fdb9e8a-0bf0-4fdf-9d81-0f68c03722ae,QA5_TP_1784866551_2_3,QA5 thành phần 1784866551.2.3,98c88d39-bf0f-43c7-83a2-ca5d266ba54f,,t,3,Permission regression 5 rounds,hoat_dong,,,c3231147-e403-4afa-838f-04026ffa8f7d,7b178d3c-127b-4bdd-a77c-a3013cdf365b,2026-07-24 04:16:08.40787+00,2026-07-24 04:16:08.40787+00,,,,,
12d257f4-b07f-43fd-8ee1-315c925a2799,a0625061-0c6d-4e0b-b438-d696787ad746,TPHT_000053,Modem UHF,ae03f513-6763-46f8-913d-91a103966947,,t,,,hoat_dong,2026-07-11,,65ac5e26-b0a7-487e-a72d-3f0dfc3facc2,,2026-07-13 14:15:40.080084+00,2026-07-17 02:25:30.805543+00,7edb2f00-60da-46ad-8aed-873d4708393d,1ce915ed-07e9-4b65-9209-2652ffd9b681,,,
14790a26-0237-4d3b-a17e-1508b2449aa1,a0625061-0c6d-4e0b-b438-d696787ad746,TPHT_000064,ModemHub UHF,ae03f513-6763-46f8-913d-91a103966947,,t,,,hoat_dong,2026-07-11,,65ac5e26-b0a7-487e-a72d-3f0dfc3facc2,,2026-07-13 14:15:40.080084+00,2026-07-17 02:25:30.805543+00,3b1c9f72-6395-4ad0-a387-c7630195267a,1ce915ed-07e9-4b65-9209-2652ffd9b681,,,
684a08bb-42e0-407c-bcd6-8d0be07fb777,67c9ce16-0967-4ed3-910a-e2ce6d99154a,QA5_TP_1784866551_3_3,QA5 thành phần 1784866551.3.3,98c88d39-bf0f-43c7-83a2-ca5d266ba54f,,t,3,Permission regression 5 rounds,hoat_dong,,,c3231147-e403-4afa-838f-04026ffa8f7d,7b178d3c-127b-4bdd-a77c-a3013cdf365b,2026-07-24 04:16:20.898001+00,2026-07-24 04:16:20.898001+00,,,,,
16fb397b-ecea-47c6-b7fe-b3f76ed33552,a0625061-0c6d-4e0b-b438-d696787ad746,TPHT_000079,Nguồn AC/DC,accf1740-4c18-4b9a-895f-59d85ba593b5,,t,,,hoat_dong,2026-07-11,,65ac5e26-b0a7-487e-a72d-3f0dfc3facc2,,2026-07-13 14:15:40.080084+00,2026-07-17 02:25:30.805543+00,3f302563-bdbb-443d-911f-b0058e38db42,1ce915ed-07e9-4b65-9209-2652ffd9b681,,,
1b4e5dca-df2d-4455-bbfd-47c54c977306,a0625061-0c6d-4e0b-b438-d696787ad746,TPHT_000095,Cắt lọc sét AC đèn cao không,660f73b4-1975-4bde-8c87-810a23ef6e2c,,t,,,hoat_dong,2026-07-11,,65ac5e26-b0a7-487e-a72d-3f0dfc3facc2,,2026-07-13 14:15:40.080084+00,2026-07-17 02:25:30.805543+00,3f302563-bdbb-443d-911f-b0058e38db42,1ce915ed-07e9-4b65-9209-2652ffd9b681,,,
3049cd42-b45c-4c95-9073-2c18c3567371,ce27df84-7054-4032-bfe7-efdb0bd119f4,TPHT_000166,Chống sét giao tiếp Ethernet,660f73b4-1975-4bde-8c87-810a23ef6e2c,,t,,,hoat_dong,2026-07-11,,581d9350-905f-46da-b45e-c2d8aba4d868,,2026-07-13 14:15:40.080084+00,2026-07-17 02:25:30.805543+00,03818fa3-ee05-4dfe-92f0-b6f752b0b97a,1ce915ed-07e9-4b65-9209-2652ffd9b681,,,
3e144711-33a0-486f-8cf8-b6cef8e2c0bb,a0625061-0c6d-4e0b-b438-d696787ad746,TPHT_000207,Switch tích hợp cổng quang,ae03f513-6763-46f8-913d-91a103966947,,t,,,hoat_dong,2026-07-11,,65ac5e26-b0a7-487e-a72d-3f0dfc3facc2,,2026-07-13 14:15:40.080084+00,2026-07-17 02:25:30.805543+00,7edb2f00-60da-46ad-8aed-873d4708393d,1ce915ed-07e9-4b65-9209-2652ffd9b681,,,
42c1e02d-f722-468a-b02c-d0c51e028c2f,a0625061-0c6d-4e0b-b438-d696787ad746,TPHT_000222,Chống sét RF,660f73b4-1975-4bde-8c87-810a23ef6e2c,,t,,,hoat_dong,2026-07-11,,65ac5e26-b0a7-487e-a72d-3f0dfc3facc2,,2026-07-13 14:15:40.080084+00,2026-07-17 02:25:30.805543+00,3f302563-bdbb-443d-911f-b0058e38db42,1ce915ed-07e9-4b65-9209-2652ffd9b681,,,
04a4a935-3c06-4b4d-adef-0a7d062da29d,a13f3116-f74d-4435-b248-5b458d9fead4,TPHT_000013,Bộ kiểm tra hiệu chỉnh cho cảm biến ánh sáng nền (dùng chung cho cả 2 cảm biến),98c88d39-bf0f-43c7-83a2-ca5d266ba54f,,t,,,hoat_dong,2026-07-11,,f59bf0bd-520b-4245-80db-dc71b7187bf1,,2026-07-13 14:15:40.080084+00,2026-07-17 02:25:30.805543+00,e96be350-6615-441a-91f5-53ad976e91b3,1ce915ed-07e9-4b65-9209-2652ffd9b681,,,
13c17150-2952-4275-a342-e39279e09a80,a0625061-0c6d-4e0b-b438-d696787ad746,TPHT_000060,Chống sét LAN,660f73b4-1975-4bde-8c87-810a23ef6e2c,,t,,,hoat_dong,2026-07-11,,65ac5e26-b0a7-487e-a72d-3f0dfc3facc2,,2026-07-13 14:15:40.080084+00,2026-07-17 02:25:30.805543+00,7edb2f00-60da-46ad-8aed-873d4708393d,1ce915ed-07e9-4b65-9209-2652ffd9b681,,,
1d365522-2716-47e7-9217-9a77018a134e,a13f3116-f74d-4435-b248-5b458d9fead4,TPHT_000104,"Chống sét bao gồm kim thu sét gắn trên cột 10m, / cáp thoát sét, bộ xử lý đầu cáp (đầu trên, đầu dưới), ống sợi thủy tinh là phụ kiện đồng bộ cùng nhà sản xuất với cáp thoát sét",1ef69ec2-6298-4c48-b931-aea3fa48c0fc,,t,,,hoat_dong,2026-07-11,,f59bf0bd-520b-4245-80db-dc71b7187bf1,,2026-07-13 14:15:40.080084+00,2026-07-17 02:25:30.805543+00,e96be350-6615-441a-91f5-53ad976e91b3,1ce915ed-07e9-4b65-9209-2652ffd9b681,,,
e061466c-49f0-45a8-bd53-be0c96b5ebce,67c9ce16-0967-4ed3-910a-e2ce6d99154a,QA5_TP_1784866551_3_2,QA5 thành phần 1784866551.3.2,98c88d39-bf0f-43c7-83a2-ca5d266ba54f,,t,2,Permission regression 5 rounds,hoat_dong,,,c3231147-e403-4afa-838f-04026ffa8f7d,7b178d3c-127b-4bdd-a77c-a3013cdf365b,2026-07-24 04:16:19.053837+00,2026-07-24 04:16:19.053837+00,,,,,
cfc87403-4d61-468a-b502-b181f6ab8f4e,55a0b1b0-f232-4253-b2d6-c8681b8c0e30,QA5_TP_1784866551_4_3,QA5 thành phần 1784866551.4.3,98c88d39-bf0f-43c7-83a2-ca5d266ba54f,,t,3,Permission regression 5 rounds,hoat_dong,,,c3231147-e403-4afa-838f-04026ffa8f7d,7b178d3c-127b-4bdd-a77c-a3013cdf365b,2026-07-24 04:16:34.24853+00,2026-07-24 04:16:34.24853+00,,,,,
b57b67cc-271d-43f7-9eda-4c11f5af9a86,00e96085-5ef0-4a8a-8942-dc6235b1b86a,QA5_TP_1784866551_5_3,QA5 thành phần 1784866551.5.3,98c88d39-bf0f-43c7-83a2-ca5d266ba54f,,t,3,Permission regression 5 rounds,hoat_dong,,,c3231147-e403-4afa-838f-04026ffa8f7d,7b178d3c-127b-4bdd-a77c-a3013cdf365b,2026-07-24 04:17:08.435723+00,2026-07-24 04:17:08.435723+00,,,,,
d5db0c00-a5a1-4078-bce2-06a9b5419d3f,2ff61646-a8e8-40ac-a328-9671e72ea0d5,TPHT_000830,cấu hình chính - dự phòng,,,f,2,,hoat_dong,,,141337b4-f2fa-4438-808f-0d10cfeedb85,,2026-07-14 14:07:17.375345+00,2026-07-17 07:27:24.789697+00,e96be350-6615-441a-91f5-53ad976e91b3,,,,
674b5489-9600-4515-87cf-703413c19c56,55a0b1b0-f232-4253-b2d6-c8681b8c0e30,QA5_TP_1784866551_4_1,QA5 thành phần 1784866551.4.1,98c88d39-bf0f-43c7-83a2-ca5d266ba54f,,t,1,Permission regression 5 rounds,hoat_dong,,,c3231147-e403-4afa-838f-04026ffa8f7d,7b178d3c-127b-4bdd-a77c-a3013cdf365b,2026-07-24 04:16:33.139016+00,2026-07-24 04:16:33.139016+00,,,,,
5664a3d3-57c8-44f6-8cdf-a428b009433a,55a0b1b0-f232-4253-b2d6-c8681b8c0e30,QA5_TP_1784866551_4_2,QA5 thành phần 1784866551.4.2,98c88d39-bf0f-43c7-83a2-ca5d266ba54f,,t,2,Permission regression 5 rounds,hoat_dong,,,c3231147-e403-4afa-838f-04026ffa8f7d,7b178d3c-127b-4bdd-a77c-a3013cdf365b,2026-07-24 04:16:33.541042+00,2026-07-24 04:16:33.541042+00,,,,,
98f9c67e-896d-4c24-a861-b8f1f208da91,2ff61646-a8e8-40ac-a328-9671e72ea0d5,TPHT_000831,"AM 118,25 MHz",,,f,3,,hoat_dong,,,141337b4-f2fa-4438-808f-0d10cfeedb85,,2026-07-14 14:07:17.512838+00,2026-07-17 07:27:24.789697+00,e96be350-6615-441a-91f5-53ad976e91b3,,,,
a3b5ca88-0564-4597-bf7c-f4ee7c26e437,00e96085-5ef0-4a8a-8942-dc6235b1b86a,QA5_TP_1784866551_5_1,QA5 thành phần 1784866551.5.1,98c88d39-bf0f-43c7-83a2-ca5d266ba54f,,t,1,Permission regression 5 rounds,hoat_dong,,,c3231147-e403-4afa-838f-04026ffa8f7d,7b178d3c-127b-4bdd-a77c-a3013cdf365b,2026-07-24 04:16:48.297018+00,2026-07-24 04:16:48.297018+00,,,,,
13d70d92-bae7-4da2-8394-dd9bad7ebf44,00e96085-5ef0-4a8a-8942-dc6235b1b86a,QA5_TP_1784866551_5_2,QA5 thành phần 1784866551.5.2,98c88d39-bf0f-43c7-83a2-ca5d266ba54f,,t,2,Permission regression 5 rounds,hoat_dong,,,c3231147-e403-4afa-838f-04026ffa8f7d,7b178d3c-127b-4bdd-a77c-a3013cdf365b,2026-07-24 04:16:54.305689+00,2026-07-24 04:16:54.305689+00,,,,,
5d2ca664-84c9-46fe-abc2-fe5f4018eaed,77e611b4-bebe-4d1b-8223-a1536015a91a,TPHT_001009,Park Air T6,,,f,2,,hoat_dong,,,38692b13-0732-44b4-86e7-c9b91bb0077c,,2026-07-14 14:07:43.527286+00,2026-07-17 07:27:24.789697+00,e96be350-6615-441a-91f5-53ad976e91b3,,,,
8e483dea-d08c-4d33-883b-14f20320e99d,688f3252-355d-48f5-93c2-813d7a9ce198,TPHT_000836,"AM 121,5 MHz",,,f,3,,hoat_dong,,,141337b4-f2fa-4438-808f-0d10cfeedb85,,2026-07-14 14:07:18.200318+00,2026-07-17 07:27:24.789697+00,e96be350-6615-441a-91f5-53ad976e91b3,,,,
2c43a162-a496-4531-85cb-c5ca86b607b2,77e611b4-bebe-4d1b-8223-a1536015a91a,TPHT_001010,SX 2025,,,f,3,,hoat_dong,,,38692b13-0732-44b4-86e7-c9b91bb0077c,,2026-07-14 14:07:43.664974+00,2026-07-17 07:27:24.789697+00,e96be350-6615-441a-91f5-53ad976e91b3,,,,
c76b9f77-2f84-434d-a91f-1529a0892ad8,688f3252-355d-48f5-93c2-813d7a9ce198,TPHT_000837,công suất 50W/7W,,,f,4,,hoat_dong,,,141337b4-f2fa-4438-808f-0d10cfeedb85,,2026-07-14 14:07:18.337549+00,2026-07-17 07:27:24.789697+00,e96be350-6615-441a-91f5-53ad976e91b3,,,,
91338c0a-889a-4878-a20a-0b6f20555709,cc8602d3-1b8b-47c2-8423-f6102cdf80ae,TPHT_000839,Liên lạc thoại không - địa,,,f,1,,hoat_dong,,,141337b4-f2fa-4438-808f-0d10cfeedb85,,2026-07-14 14:07:18.61446+00,2026-07-17 07:27:24.789697+00,e96be350-6615-441a-91f5-53ad976e91b3,,,,
6daad2b1-e63f-4848-b14b-ee30c7bfa9ef,cc8602d3-1b8b-47c2-8423-f6102cdf80ae,TPHT_000840,cấu hình chính - dự phòng,,,f,2,,hoat_dong,,,141337b4-f2fa-4438-808f-0d10cfeedb85,,2026-07-14 14:07:18.752872+00,2026-07-17 07:27:24.789697+00,e96be350-6615-441a-91f5-53ad976e91b3,,,,
bdc7d9c0-57f3-40ce-853c-8d6616f1f44f,cc8602d3-1b8b-47c2-8423-f6102cdf80ae,TPHT_000841,"AM 123,3 MHz (offset -5 kHz)",,,f,3,,hoat_dong,,,141337b4-f2fa-4438-808f-0d10cfeedb85,,2026-07-14 14:07:18.892033+00,2026-07-17 07:27:24.789697+00,e96be350-6615-441a-91f5-53ad976e91b3,,,,
69e97573-62ac-4c61-88e8-2d4823c59791,cc8602d3-1b8b-47c2-8423-f6102cdf80ae,TPHT_000842,công suất 50W,,,f,4,,hoat_dong,,,141337b4-f2fa-4438-808f-0d10cfeedb85,,2026-07-14 14:07:19.030313+00,2026-07-17 07:27:24.789697+00,e96be350-6615-441a-91f5-53ad976e91b3,,,,
4b067c5a-8ea5-4725-9d32-5c31c8c36391,f1857ffb-e969-465d-b690-c958b1950afc,TPHT_000843,Liên lạc thoại không - địa,,,f,1,,hoat_dong,,,141337b4-f2fa-4438-808f-0d10cfeedb85,,2026-07-14 14:07:19.168405+00,2026-07-17 07:27:24.789697+00,e96be350-6615-441a-91f5-53ad976e91b3,,,,
b7f5d6d3-d3de-4b75-b73e-601f6d7c160c,f1857ffb-e969-465d-b690-c958b1950afc,TPHT_000844,cấu hình chính - dự phòng,,,f,2,,hoat_dong,,,141337b4-f2fa-4438-808f-0d10cfeedb85,,2026-07-14 14:07:19.306941+00,2026-07-17 07:27:24.789697+00,e96be350-6615-441a-91f5-53ad976e91b3,,,,
c89eaa04-0452-40f1-9f68-606d94543fb5,f1857ffb-e969-465d-b690-c958b1950afc,TPHT_000845,"AM 124,55 MHz",,,f,3,,hoat_dong,,,141337b4-f2fa-4438-808f-0d10cfeedb85,,2026-07-14 14:07:19.443711+00,2026-07-17 07:27:24.789697+00,e96be350-6615-441a-91f5-53ad976e91b3,,,,
1ae77a25-7ee2-418b-b29d-b5f4c9852dd0,f1857ffb-e969-465d-b690-c958b1950afc,TPHT_000846,công suất tối đa 50W,,,f,4,,hoat_dong,,,141337b4-f2fa-4438-808f-0d10cfeedb85,,2026-07-14 14:07:19.580762+00,2026-07-17 07:27:24.789697+00,e96be350-6615-441a-91f5-53ad976e91b3,,,,
622d31fd-572f-48cc-a9ee-cede2839b67b,4a7558f6-cf8d-44ef-8273-f1a431844b28,TPHT_000847,Liên lạc thoại không - địa,,,f,1,,hoat_dong,,,141337b4-f2fa-4438-808f-0d10cfeedb85,,2026-07-14 14:07:19.716811+00,2026-07-17 07:27:24.789697+00,e96be350-6615-441a-91f5-53ad976e91b3,,,,
1aaa034a-3148-4a07-bdc9-f5c30a546fb1,4a7558f6-cf8d-44ef-8273-f1a431844b28,TPHT_000848,cấu hình chính - dự phòng,,,f,2,,hoat_dong,,,141337b4-f2fa-4438-808f-0d10cfeedb85,,2026-07-14 14:07:19.853988+00,2026-07-17 07:27:24.789697+00,e96be350-6615-441a-91f5-53ad976e91b3,,,,
4945e479-5d8e-48aa-8673-406c77caa83e,4a7558f6-cf8d-44ef-8273-f1a431844b28,TPHT_000849,"AM 121,5 MHz",,,f,3,,hoat_dong,,,141337b4-f2fa-4438-808f-0d10cfeedb85,,2026-07-14 14:07:19.990263+00,2026-07-17 07:27:24.789697+00,e96be350-6615-441a-91f5-53ad976e91b3,,,,
91eaab6f-6f07-4b3f-b2f6-d61ee0af5c87,4a7558f6-cf8d-44ef-8273-f1a431844b28,TPHT_000850,công suất 50W,,,f,4,,hoat_dong,,,141337b4-f2fa-4438-808f-0d10cfeedb85,,2026-07-14 14:07:20.126759+00,2026-07-17 07:27:24.789697+00,e96be350-6615-441a-91f5-53ad976e91b3,,,,
bef77cc7-943c-49fd-a07a-3e39a58155c3,fc891ab6-c9f2-4508-81bd-1db46eb70aaf,TPHT_000851,02 thiết bị ghi âm 32 kênh,,,f,1,,hoat_dong,,,141337b4-f2fa-4438-808f-0d10cfeedb85,,2026-07-14 14:07:20.264167+00,2026-07-17 07:27:24.789697+00,e96be350-6615-441a-91f5-53ad976e91b3,,,,
6c633d9c-a83e-455a-a46c-c2ec2c274fdd,fc891ab6-c9f2-4508-81bd-1db46eb70aaf,TPHT_000852,VoiceCollect MD-x lưu RAID-1 2x2TB và RDX 1TB,,,f,2,,hoat_dong,,,141337b4-f2fa-4438-808f-0d10cfeedb85,,2026-07-14 14:07:20.400328+00,2026-07-17 07:27:24.789697+00,e96be350-6615-441a-91f5-53ad976e91b3,,,,
c4dda6a0-e9e5-44e2-9682-de94d4a62995,fc891ab6-c9f2-4508-81bd-1db46eb70aaf,TPHT_000853,AR-16-A lưu RAID-1 2x500GB và DVD-RAM,,,f,3,,hoat_dong,,,141337b4-f2fa-4438-808f-0d10cfeedb85,,2026-07-14 14:07:20.537465+00,2026-07-17 07:27:24.789697+00,e96be350-6615-441a-91f5-53ad976e91b3,,,,
3708bb42-1f13-47bc-bb3a-0c039040bfa8,4fbd5536-e530-4f9b-97d3-d194186c33de,TPHT_000854,Các thành phần và tính năng kỹ thuật theo phụ lục kèm giấy phép,,,f,1,,hoat_dong,,,141337b4-f2fa-4438-808f-0d10cfeedb85,,2026-07-14 14:07:20.675648+00,2026-07-17 07:27:24.789697+00,e96be350-6615-441a-91f5-53ad976e91b3,,,,
cb907de5-8d0a-497e-8a15-af13b7f1f26c,1048831c-985f-452d-a1ea-8e832d6eb690,TPHT_000855,WindObserver GILL,,,f,1,,hoat_dong,,,141337b4-f2fa-4438-808f-0d10cfeedb85,,2026-07-14 14:07:20.813697+00,2026-07-17 07:27:24.789697+00,e96be350-6615-441a-91f5-53ad976e91b3,,,,
4c4f502b-0752-4cca-bc21-e4af801d5e70,1048831c-985f-452d-a1ea-8e832d6eb690,TPHT_000856,khí áp PTB 330,,,f,2,,hoat_dong,,,141337b4-f2fa-4438-808f-0d10cfeedb85,,2026-07-14 14:07:20.950805+00,2026-07-17 07:27:24.789697+00,e96be350-6615-441a-91f5-53ad976e91b3,,,,
404c25e7-c121-4337-95a5-42f7839bd09b,1048831c-985f-452d-a1ea-8e832d6eb690,TPHT_000857,nhiệt kế thủy tinh chất lỏng WQG-11,,,f,3,,hoat_dong,,,141337b4-f2fa-4438-808f-0d10cfeedb85,,2026-07-14 14:07:21.087936+00,2026-07-17 07:27:24.789697+00,e96be350-6615-441a-91f5-53ad976e91b3,,,,
d11cfce5-d5c2-4327-b35c-292075a27ca4,1048831c-985f-452d-a1ea-8e832d6eb690,TPHT_000858,"Thiết bị điện tử đo nhiệt độ, độ ẩm và khí áp hiển thị số",,,f,1,,hoat_dong,,,141337b4-f2fa-4438-808f-0d10cfeedb85,,2026-07-14 14:07:21.2238+00,2026-07-17 07:27:24.789697+00,e96be350-6615-441a-91f5-53ad976e91b3,,,,
1a4302bf-e81e-43f7-aae4-1fc25d2b0b82,1b3bf7aa-db38-4e39-8990-37542b798b5f,TPHT_000859,01 server cấu hình/giám sát,,,f,1,,hoat_dong,,,141337b4-f2fa-4438-808f-0d10cfeedb85,,2026-07-14 14:07:21.360363+00,2026-07-17 07:27:24.789697+00,e96be350-6615-441a-91f5-53ad976e91b3,,,,
5881e5eb-5fa0-4bff-8669-2d7a2a26f0f8,1b3bf7aa-db38-4e39-8990-37542b798b5f,TPHT_000860,04 bảng điều khiển,,,f,2,,hoat_dong,,,141337b4-f2fa-4438-808f-0d10cfeedb85,,2026-07-14 14:07:21.497637+00,2026-07-17 07:27:24.789697+00,e96be350-6615-441a-91f5-53ad976e91b3,,,,
a8eaf455-0e2f-4361-af66-94d6a92b9ce2,1b3bf7aa-db38-4e39-8990-37542b798b5f,TPHT_000861,01 workstation,,,f,3,,hoat_dong,,,141337b4-f2fa-4438-808f-0d10cfeedb85,,2026-07-14 14:07:21.634915+00,2026-07-17 07:27:24.789697+00,e96be350-6615-441a-91f5-53ad976e91b3,,,,
a901620a-828f-4fef-adde-a204f8797755,1b3bf7aa-db38-4e39-8990-37542b798b5f,TPHT_000862,02 khối giao tiếp radio 4 dây E&M,,,f,4,,hoat_dong,,,141337b4-f2fa-4438-808f-0d10cfeedb85,,2026-07-14 14:07:21.771824+00,2026-07-17 07:27:24.789697+00,e96be350-6615-441a-91f5-53ad976e91b3,,,,
5fb97a15-40a0-4dda-aba5-a6b8b60d89d6,1b3bf7aa-db38-4e39-8990-37542b798b5f,TPHT_000863,01 khối giao tiếp telephone,,,f,5,,hoat_dong,,,141337b4-f2fa-4438-808f-0d10cfeedb85,,2026-07-14 14:07:21.908815+00,2026-07-17 07:27:24.789697+00,e96be350-6615-441a-91f5-53ad976e91b3,,,,
85c1ea09-e419-45c5-b3bc-3432b58d0e1a,1b3bf7aa-db38-4e39-8990-37542b798b5f,TPHT_000864,02 switch chính/dự phòng,,,f,6,,hoat_dong,,,141337b4-f2fa-4438-808f-0d10cfeedb85,,2026-07-14 14:07:22.045066+00,2026-07-17 07:27:24.789697+00,e96be350-6615-441a-91f5-53ad976e91b3,,,,
9c2f1fc3-418c-4d9a-8dc8-4a28005e6f01,1b4a53cd-3661-4222-9fa9-7bedea9738c0,TPHT_000865,02 máy thu ADS-B độc lập 1090 MHz,,,f,1,,hoat_dong,,,141337b4-f2fa-4438-808f-0d10cfeedb85,,2026-07-14 14:07:22.183467+00,2026-07-17 07:27:24.789697+00,e96be350-6615-441a-91f5-53ad976e91b3,,,,
272be1ba-858f-4593-b8e9-694488c6b667,1b4a53cd-3661-4222-9fa9-7bedea9738c0,TPHT_000867,RCMS từ xa tại Đội CNTT,,,f,3,,hoat_dong,,,141337b4-f2fa-4438-808f-0d10cfeedb85,,2026-07-14 14:07:22.457605+00,2026-07-17 07:27:24.789697+00,e96be350-6615-441a-91f5-53ad976e91b3,,,,
feb374ca-18cf-4f44-9e27-3ebba0ba5892,1b4a53cd-3661-4222-9fa9-7bedea9738c0,TPHT_000868,kết nối các hệ thống xử lý ADS-B,,,f,4,,hoat_dong,,,141337b4-f2fa-4438-808f-0d10cfeedb85,,2026-07-14 14:07:22.593266+00,2026-07-17 07:27:24.789697+00,e96be350-6615-441a-91f5-53ad976e91b3,,,,
80d9bbee-45b1-42b4-b60c-87f0efb99ac7,e2f73bec-33d4-43be-b628-2a40bdf01221,TPHT_000869,Liên lạc thoại không - địa,,,f,1,,hoat_dong,,,f59bf0bd-520b-4245-80db-dc71b7187bf1,,2026-07-14 14:07:22.732632+00,2026-07-17 07:27:24.789697+00,e96be350-6615-441a-91f5-53ad976e91b3,,,,
11adcefd-bcc0-493a-8322-830a4a5d4b16,e2f73bec-33d4-43be-b628-2a40bdf01221,TPHT_000870,cấu hình chính - dự phòng,,,f,2,,hoat_dong,,,f59bf0bd-520b-4245-80db-dc71b7187bf1,,2026-07-14 14:07:22.870535+00,2026-07-17 07:27:24.789697+00,e96be350-6615-441a-91f5-53ad976e91b3,,,,
71891d76-f293-4778-aeee-def023d96a66,e2f73bec-33d4-43be-b628-2a40bdf01221,TPHT_000871,"AM 118,2 MHz",,,f,3,,hoat_dong,,,f59bf0bd-520b-4245-80db-dc71b7187bf1,,2026-07-14 14:07:23.005918+00,2026-07-17 07:27:24.789697+00,e96be350-6615-441a-91f5-53ad976e91b3,,,,
9795ef5f-c935-42f0-a37d-268a5906a34d,e2f73bec-33d4-43be-b628-2a40bdf01221,TPHT_000872,công suất 50W,,,f,4,,hoat_dong,,,f59bf0bd-520b-4245-80db-dc71b7187bf1,,2026-07-14 14:07:23.142339+00,2026-07-17 07:27:24.789697+00,e96be350-6615-441a-91f5-53ad976e91b3,,,,
8b91e489-8de0-4b6d-8bc7-36295222a4b3,e2f73bec-33d4-43be-b628-2a40bdf01221,TPHT_000873,phân cực đứng,,,f,5,,hoat_dong,,,f59bf0bd-520b-4245-80db-dc71b7187bf1,,2026-07-14 14:07:23.278541+00,2026-07-17 07:27:24.789697+00,e96be350-6615-441a-91f5-53ad976e91b3,,,,
de750d11-e522-4260-a2dc-d0c10b5fe435,e2f73bec-33d4-43be-b628-2a40bdf01221,TPHT_000874,ăng ten cao 10 m,,,f,6,,hoat_dong,,,f59bf0bd-520b-4245-80db-dc71b7187bf1,,2026-07-14 14:07:23.414528+00,2026-07-17 07:27:24.789697+00,e96be350-6615-441a-91f5-53ad976e91b3,,,,
26d31122-7e73-4374-aa76-075ef2754d79,6cba7a87-8f90-4d07-8bea-2f196ccfa6b6,TPHT_000875,Liên lạc thoại không - địa,,,f,1,,hoat_dong,,,f59bf0bd-520b-4245-80db-dc71b7187bf1,,2026-07-14 14:07:23.551769+00,2026-07-17 07:27:24.789697+00,e96be350-6615-441a-91f5-53ad976e91b3,,,,
d0f8ce90-7cd7-4384-8318-499e6b12f2f3,6cba7a87-8f90-4d07-8bea-2f196ccfa6b6,TPHT_000876,cấu hình chính - dự phòng,,,f,2,,hoat_dong,,,f59bf0bd-520b-4245-80db-dc71b7187bf1,,2026-07-14 14:07:23.688739+00,2026-07-17 07:27:24.789697+00,e96be350-6615-441a-91f5-53ad976e91b3,,,,
46904a75-dcd8-4153-af19-9ef0785b0b17,6cba7a87-8f90-4d07-8bea-2f196ccfa6b6,TPHT_000877,"AM 127,9 MHz",,,f,3,,hoat_dong,,,f59bf0bd-520b-4245-80db-dc71b7187bf1,,2026-07-14 14:07:23.825892+00,2026-07-17 07:27:24.789697+00,e96be350-6615-441a-91f5-53ad976e91b3,,,,
92204090-303c-4b85-8d9e-fd818844bb59,6cba7a87-8f90-4d07-8bea-2f196ccfa6b6,TPHT_000878,công suất tối đa 50W,,,f,4,,hoat_dong,,,f59bf0bd-520b-4245-80db-dc71b7187bf1,,2026-07-14 14:07:23.962932+00,2026-07-17 07:27:24.789697+00,e96be350-6615-441a-91f5-53ad976e91b3,,,,
7e221809-c99f-46c9-8906-969e5b25e88e,6cba7a87-8f90-4d07-8bea-2f196ccfa6b6,TPHT_000879,phân cực đứng,,,f,5,,hoat_dong,,,f59bf0bd-520b-4245-80db-dc71b7187bf1,,2026-07-14 14:07:24.100974+00,2026-07-17 07:27:24.789697+00,e96be350-6615-441a-91f5-53ad976e91b3,,,,
4f636c64-5fdb-416b-9ef7-8dc5adbc3280,6cba7a87-8f90-4d07-8bea-2f196ccfa6b6,TPHT_000880,ăng ten cao 8 m,,,f,6,,hoat_dong,,,f59bf0bd-520b-4245-80db-dc71b7187bf1,,2026-07-14 14:07:24.23858+00,2026-07-17 07:27:24.789697+00,e96be350-6615-441a-91f5-53ad976e91b3,,,,
2c7b874c-4019-4db2-a0e3-ec126961155f,0ce7ee20-8254-4462-a388-b0a989109c17,TPHT_000881,Liên lạc thoại không - địa,,,f,1,,hoat_dong,,,f59bf0bd-520b-4245-80db-dc71b7187bf1,,2026-07-14 14:07:24.37582+00,2026-07-17 07:27:24.789697+00,e96be350-6615-441a-91f5-53ad976e91b3,,,,
bfcb5f08-621f-46cd-9244-01febdc2486e,0ce7ee20-8254-4462-a388-b0a989109c17,TPHT_000882,cấu hình chính - dự phòng,,,f,2,,hoat_dong,,,f59bf0bd-520b-4245-80db-dc71b7187bf1,,2026-07-14 14:07:24.511716+00,2026-07-17 07:27:24.789697+00,e96be350-6615-441a-91f5-53ad976e91b3,,,,
0f332f2a-1251-405f-934d-e11c6c238a0c,0ce7ee20-8254-4462-a388-b0a989109c17,TPHT_000883,"AM 124,35 MHz",,,f,3,,hoat_dong,,,f59bf0bd-520b-4245-80db-dc71b7187bf1,,2026-07-14 14:07:24.649222+00,2026-07-17 07:27:24.789697+00,e96be350-6615-441a-91f5-53ad976e91b3,,,,
cdca13a2-d504-4bd7-bad3-9bd7e8b3c50c,0ce7ee20-8254-4462-a388-b0a989109c17,TPHT_000884,công suất 50W,,,f,4,,hoat_dong,,,f59bf0bd-520b-4245-80db-dc71b7187bf1,,2026-07-14 14:07:24.785456+00,2026-07-17 07:27:24.789697+00,e96be350-6615-441a-91f5-53ad976e91b3,,,,
0157c38a-4cfe-407a-b241-12b0fc17fc6d,0ce7ee20-8254-4462-a388-b0a989109c17,TPHT_000885,phân cực đứng,,,f,5,,hoat_dong,,,f59bf0bd-520b-4245-80db-dc71b7187bf1,,2026-07-14 14:07:24.922928+00,2026-07-17 07:27:24.789697+00,e96be350-6615-441a-91f5-53ad976e91b3,,,,
e3185892-81c7-4503-8d5a-85bebaccaa13,0ce7ee20-8254-4462-a388-b0a989109c17,TPHT_000886,ăng ten cao 15 m,,,f,6,,hoat_dong,,,f59bf0bd-520b-4245-80db-dc71b7187bf1,,2026-07-14 14:07:25.059489+00,2026-07-17 07:27:24.789697+00,e96be350-6615-441a-91f5-53ad976e91b3,,,,
599df366-8aac-4625-a38e-e40f127a79ef,12ae8cb7-c2ed-40fd-ad8f-ba6fdea2131b,TPHT_000887,Liên lạc thoại không - địa,,,f,1,,hoat_dong,,,f59bf0bd-520b-4245-80db-dc71b7187bf1,,2026-07-14 14:07:25.196226+00,2026-07-17 07:27:24.789697+00,e96be350-6615-441a-91f5-53ad976e91b3,,,,
545c8f01-06ef-4bb6-b32f-582884b52a52,12ae8cb7-c2ed-40fd-ad8f-ba6fdea2131b,TPHT_000888,cấu hình chính - dự phòng,,,f,2,,hoat_dong,,,f59bf0bd-520b-4245-80db-dc71b7187bf1,,2026-07-14 14:07:25.332658+00,2026-07-17 07:27:24.789697+00,e96be350-6615-441a-91f5-53ad976e91b3,,,,
14094bed-7c39-4fa7-8440-fb6d8c48476a,12ae8cb7-c2ed-40fd-ad8f-ba6fdea2131b,TPHT_000889,"AM 121,5 MHz",,,f,3,,hoat_dong,,,f59bf0bd-520b-4245-80db-dc71b7187bf1,,2026-07-14 14:07:25.470018+00,2026-07-17 07:27:24.789697+00,e96be350-6615-441a-91f5-53ad976e91b3,,,,
6f4bb65b-c8df-40f0-a052-d18cb2fe05d6,12ae8cb7-c2ed-40fd-ad8f-ba6fdea2131b,TPHT_000890,công suất 50W,,,f,4,,hoat_dong,,,f59bf0bd-520b-4245-80db-dc71b7187bf1,,2026-07-14 14:07:25.605359+00,2026-07-17 07:27:24.789697+00,e96be350-6615-441a-91f5-53ad976e91b3,,,,
3c74ec0b-ad18-4388-82cc-8efde3b19158,12ae8cb7-c2ed-40fd-ad8f-ba6fdea2131b,TPHT_000891,phân cực đứng,,,f,5,,hoat_dong,,,f59bf0bd-520b-4245-80db-dc71b7187bf1,,2026-07-14 14:07:25.741619+00,2026-07-17 07:27:24.789697+00,e96be350-6615-441a-91f5-53ad976e91b3,,,,
ac7ed12d-7a4d-4b1d-b826-1d603fd1162b,12ae8cb7-c2ed-40fd-ad8f-ba6fdea2131b,TPHT_000892,ăng ten cao 15 m,,,f,6,,hoat_dong,,,f59bf0bd-520b-4245-80db-dc71b7187bf1,,2026-07-14 14:07:25.879048+00,2026-07-17 07:27:24.789697+00,e96be350-6615-441a-91f5-53ad976e91b3,,,,
4d094dad-1071-40f9-872f-4b9fe5493627,0f5f4e80-ae06-4210-ac84-b9a5a5909825,TPHT_000893,02 phần lõi chuyển mạch song song,,,f,1,,hoat_dong,,,f59bf0bd-520b-4245-80db-dc71b7187bf1,,2026-07-14 14:07:26.016898+00,2026-07-17 07:27:24.789697+00,e96be350-6615-441a-91f5-53ad976e91b3,,,,
761dc432-7c02-4e30-b60a-985b4c5183c7,0f5f4e80-ae06-4210-ac84-b9a5a5909825,TPHT_000894,01 server và 01 máy tính giám sát,,,f,2,,hoat_dong,,,f59bf0bd-520b-4245-80db-dc71b7187bf1,,2026-07-14 14:07:26.154059+00,2026-07-17 07:27:24.789697+00,e96be350-6615-441a-91f5-53ad976e91b3,,,,
988864a5-19bd-43b2-a2f3-b802883e4df9,0f5f4e80-ae06-4210-ac84-b9a5a5909825,TPHT_000895,15 giao tiếp vô tuyến/thoại,,,f,3,,hoat_dong,,,f59bf0bd-520b-4245-80db-dc71b7187bf1,,2026-07-14 14:07:26.290714+00,2026-07-17 07:27:24.789697+00,e96be350-6615-441a-91f5-53ad976e91b3,,,,
b369bdbf-caac-4682-bb51-b1a8297581f1,0f5f4e80-ae06-4210-ac84-b9a5a5909825,TPHT_000896,13 đầu cuối khai thác (APP/TWR/GCU/kíp trưởng/trực KT),,,f,4,,hoat_dong,,,f59bf0bd-520b-4245-80db-dc71b7187bf1,,2026-07-14 14:07:26.428159+00,2026-07-17 07:27:24.789697+00,e96be350-6615-441a-91f5-53ad976e91b3,,,,
9f8371a7-6fcd-4c48-8ee1-696a137d91f3,84d8fc04-de52-4ea1-b9fb-21d080b27ae5,TPHT_000897,AR-32-A/Attech 48 kênh,,,f,1,,hoat_dong,,,f59bf0bd-520b-4245-80db-dc71b7187bf1,,2026-07-14 14:07:26.563649+00,2026-07-17 07:27:24.789697+00,e96be350-6615-441a-91f5-53ad976e91b3,,,,
d5a400ef-9a26-468c-b7d2-b7d36bd1a8ae,84d8fc04-de52-4ea1-b9fb-21d080b27ae5,TPHT_000898,lưu trữ 02 ổ cứng 2x1TB,,,f,2,,hoat_dong,,,f59bf0bd-520b-4245-80db-dc71b7187bf1,,2026-07-14 14:07:26.701905+00,2026-07-17 07:27:24.789697+00,e96be350-6615-441a-91f5-53ad976e91b3,,,,
a09a09e0-dd20-4516-a6db-0e32d0e5cdb4,84d8fc04-de52-4ea1-b9fb-21d080b27ae5,TPHT_000899,DVD-RAM 4.7GB,,,f,3,,hoat_dong,,,f59bf0bd-520b-4245-80db-dc71b7187bf1,,2026-07-14 14:07:26.839095+00,2026-07-17 07:27:24.789697+00,e96be350-6615-441a-91f5-53ad976e91b3,,,,
93d6228f-ebd8-4842-a1a1-efe0a5f14f32,6796d9c4-efc7-400f-84f4-ac0e804526d8,TPHT_000901,"Ghi âm: 02 máy song song, mỗi máy 16 kênh thoại, 2x4TB",,,f,1,,hoat_dong,,,f59bf0bd-520b-4245-80db-dc71b7187bf1,,2026-07-14 14:07:27.11266+00,2026-07-17 07:27:24.789697+00,e96be350-6615-441a-91f5-53ad976e91b3,,,,
3c44282b-baf6-4d09-aeee-2bdbda6c01d7,6796d9c4-efc7-400f-84f4-ac0e804526d8,TPHT_000902,"Ghi hình: 02 máy, 8 kênh (mỗi máy 4 kênh), 2x4TB",,,f,2,,hoat_dong,,,f59bf0bd-520b-4245-80db-dc71b7187bf1,,2026-07-14 14:07:27.249303+00,2026-07-17 07:27:24.789697+00,e96be350-6615-441a-91f5-53ad976e91b3,,,,
6b3cc6e6-baf4-401a-88ca-25148ec20bdc,5ae20f2b-30dc-409c-95db-68b98b79c94e,TPHT_000903,Tính năng kỹ thuật theo phụ lục kèm giấy phép. Mã: MET.AWS.00001,,,f,1,,hoat_dong,,,f59bf0bd-520b-4245-80db-dc71b7187bf1,,2026-07-14 14:07:27.385655+00,2026-07-17 07:27:24.789697+00,e96be350-6615-441a-91f5-53ad976e91b3,,,,
0fe32d27-e7e6-4ce7-abf2-d03704591508,a13f3116-f74d-4435-b248-5b458d9fead4,TPHT_000904,Tính năng kỹ thuật theo phụ lục kèm giấy phép,,,f,1,,hoat_dong,,,f59bf0bd-520b-4245-80db-dc71b7187bf1,,2026-07-14 14:07:27.523522+00,2026-07-17 07:27:24.789697+00,e96be350-6615-441a-91f5-53ad976e91b3,,,,
add309a1-2e38-4189-93f4-1eb1f5b00321,d7005685-24f9-45d4-bcce-f24d9962cf97,TPHT_000905,Khí áp PTB 330,,,f,1,,hoat_dong,,,f59bf0bd-520b-4245-80db-dc71b7187bf1,,2026-07-14 14:07:27.663897+00,2026-07-17 07:27:24.789697+00,e96be350-6615-441a-91f5-53ad976e91b3,,,,
0a481afd-0069-46f1-b321-2c8e42b8d091,d7005685-24f9-45d4-bcce-f24d9962cf97,TPHT_000906,Gió WindObserver (GILL),,,f,2,,hoat_dong,,,f59bf0bd-520b-4245-80db-dc71b7187bf1,,2026-07-14 14:07:27.80007+00,2026-07-17 07:27:24.789697+00,e96be350-6615-441a-91f5-53ad976e91b3,,,,
152008a6-fa84-4cc1-9c73-21798da64a36,d7005685-24f9-45d4-bcce-f24d9962cf97,TPHT_000907,"Thiết bị điện tử đo nhiệt độ, độ ẩm và khí áp hiển thị số",,,f,1,,hoat_dong,,,f59bf0bd-520b-4245-80db-dc71b7187bf1,,2026-07-14 14:07:27.9375+00,2026-07-17 07:27:24.789697+00,e96be350-6615-441a-91f5-53ad976e91b3,,,,
6afa9275-1113-4aeb-991c-e92acd61566a,bb5b5939-4377-41f0-bd28-b143c61eac15,TPHT_000908,"Máy chủ xử lý dữ liệu (HP-DL380p G8/G6), share devices, workstation Z400",,,f,1,,hoat_dong,,,f59bf0bd-520b-4245-80db-dc71b7187bf1,,2026-07-14 14:07:28.073632+00,2026-07-17 07:27:24.789697+00,e96be350-6615-441a-91f5-53ad976e91b3,,,,
d579c7e3-1fa0-4de5-a969-34fa24612a99,bb5b5939-4377-41f0-bd28-b143c61eac15,TPHT_000909,chi tiết serial theo phụ lục 1,,,f,2,,hoat_dong,,,f59bf0bd-520b-4245-80db-dc71b7187bf1,,2026-07-14 14:07:28.209695+00,2026-07-17 07:27:24.789697+00,e96be350-6615-441a-91f5-53ad976e91b3,,,,
2ac9601a-acfd-4f89-97c7-06a7c3b3f600,2bc88761-ea6c-4d35-828a-28a98e701956,TPHT_000910,"02 máy phát, 01 máy thu, 02 máy chủ hot/standby",,,f,1,,hoat_dong,,,f59bf0bd-520b-4245-80db-dc71b7187bf1,,2026-07-14 14:07:28.347677+00,2026-07-17 07:27:24.789697+00,e96be350-6615-441a-91f5-53ad976e91b3,,,,
c8649682-4701-4646-a227-413d992262a4,2bc88761-ea6c-4d35-828a-28a98e701956,TPHT_000911,04 máy tính đầu cuối,,,f,2,,hoat_dong,,,f59bf0bd-520b-4245-80db-dc71b7187bf1,,2026-07-14 14:07:28.483676+00,2026-07-17 07:27:24.789697+00,e96be350-6615-441a-91f5-53ad976e91b3,,,,
c343cd3a-33ad-44cb-8782-dd056bf3422c,2bc88761-ea6c-4d35-828a-28a98e701956,TPHT_000912,tần số 126.425 MHz,,,f,3,,hoat_dong,,,f59bf0bd-520b-4245-80db-dc71b7187bf1,,2026-07-14 14:07:28.621198+00,2026-07-17 07:27:24.789697+00,e96be350-6615-441a-91f5-53ad976e91b3,,,,
657869fb-aad1-40cc-96e7-c45cf46e6e09,2bc88761-ea6c-4d35-828a-28a98e701956,TPHT_000913,50W,,,f,4,,hoat_dong,,,f59bf0bd-520b-4245-80db-dc71b7187bf1,,2026-07-14 14:07:28.758674+00,2026-07-17 07:27:24.789697+00,e96be350-6615-441a-91f5-53ad976e91b3,,,,
322777bd-23ff-4703-98c2-f616b2dc073f,2ff61646-a8e8-40ac-a328-9671e72ea0d5,TPHT_000833,phân cực đứng,,,f,5,,hoat_dong,,,141337b4-f2fa-4438-808f-0d10cfeedb85,,2026-07-14 14:07:17.789383+00,2026-07-17 07:27:24.789697+00,e96be350-6615-441a-91f5-53ad976e91b3,,,,
3e5d1e6a-8c25-4cda-a389-423c4bca4060,2bc88761-ea6c-4d35-828a-28a98e701956,TPHT_000914,phần mềm ATIS-FlexIDS,,,f,5,,hoat_dong,,,f59bf0bd-520b-4245-80db-dc71b7187bf1,,2026-07-14 14:07:28.896513+00,2026-07-17 07:27:24.789697+00,e96be350-6615-441a-91f5-53ad976e91b3,,,,
afa64c49-42ef-468e-b885-26bd0e2067b8,2bc88761-ea6c-4d35-828a-28a98e701956,TPHT_000915,kết nối Datalink ATCC Hà Nội,,,f,6,,hoat_dong,,,f59bf0bd-520b-4245-80db-dc71b7187bf1,,2026-07-14 14:07:29.034425+00,2026-07-17 07:27:24.789697+00,e96be350-6615-441a-91f5-53ad976e91b3,,,,
60cfa381-d778-410e-a136-c840abc10007,bc31dd94-29dd-488d-b4f4-a1238f70c857,TPHT_000916,Liên lạc thoại không - địa,,,f,1,,hoat_dong,,,c3231147-e403-4afa-838f-04026ffa8f7d,,2026-07-14 14:07:29.170646+00,2026-07-17 07:27:24.789697+00,e96be350-6615-441a-91f5-53ad976e91b3,,,,
c574a978-0e40-4e91-b67b-5cef3bf76c02,bc31dd94-29dd-488d-b4f4-a1238f70c857,TPHT_000917,"AM 118,35 MHz",,,f,2,,hoat_dong,,,c3231147-e403-4afa-838f-04026ffa8f7d,,2026-07-14 14:07:29.308352+00,2026-07-17 07:27:24.789697+00,e96be350-6615-441a-91f5-53ad976e91b3,,,,
0df7fa95-8c2d-47ba-82f3-32d835df452b,bc31dd94-29dd-488d-b4f4-a1238f70c857,TPHT_000918,cấu hình chính - dự phòng,,,f,3,,hoat_dong,,,c3231147-e403-4afa-838f-04026ffa8f7d,,2026-07-14 14:07:29.445573+00,2026-07-17 07:27:24.789697+00,e96be350-6615-441a-91f5-53ad976e91b3,,,,
6e2a4f8f-f36a-4fda-9f12-82720f808315,8a8e370a-fd38-4a5b-97a3-13b54178e74c,TPHT_000919,Liên lạc thoại không - địa,,,f,1,,hoat_dong,,,c3231147-e403-4afa-838f-04026ffa8f7d,,2026-07-14 14:07:29.994219+00,2026-07-17 07:27:24.789697+00,e96be350-6615-441a-91f5-53ad976e91b3,,,,
d38c4f86-638e-4c42-8210-471e87c24713,8a8e370a-fd38-4a5b-97a3-13b54178e74c,TPHT_000920,"AM 125,3 MHz",,,f,2,,hoat_dong,,,c3231147-e403-4afa-838f-04026ffa8f7d,,2026-07-14 14:07:30.131864+00,2026-07-17 07:27:24.789697+00,e96be350-6615-441a-91f5-53ad976e91b3,,,,
5e977f53-46e6-4142-b822-504320fcd45b,8a8e370a-fd38-4a5b-97a3-13b54178e74c,TPHT_000921,cấu hình chính - dự phòng,,,f,3,,hoat_dong,,,c3231147-e403-4afa-838f-04026ffa8f7d,,2026-07-14 14:07:30.267894+00,2026-07-17 07:27:24.789697+00,e96be350-6615-441a-91f5-53ad976e91b3,,,,
def4ea42-9550-4b79-bf1d-04638db15885,64e6ccdc-ae7d-4e06-80e4-c0f6a7a70346,TPHT_000922,Liên lạc thoại không - địa,,,f,1,,hoat_dong,,,c3231147-e403-4afa-838f-04026ffa8f7d,,2026-07-14 14:07:30.404828+00,2026-07-17 07:27:24.789697+00,e96be350-6615-441a-91f5-53ad976e91b3,,,,
6189fb1e-3153-4669-98c8-3513fdeafc5c,64e6ccdc-ae7d-4e06-80e4-c0f6a7a70346,TPHT_000923,"AM 120,45 MHz",,,f,2,,hoat_dong,,,c3231147-e403-4afa-838f-04026ffa8f7d,,2026-07-14 14:07:30.542005+00,2026-07-17 07:27:24.789697+00,e96be350-6615-441a-91f5-53ad976e91b3,,,,
13c3655f-50d4-4947-bbb7-17c4cccacd0b,2ff61646-a8e8-40ac-a328-9671e72ea0d5,TPHT_000832,công suất 50W/7W,,,f,4,,hoat_dong,,,141337b4-f2fa-4438-808f-0d10cfeedb85,,2026-07-14 14:07:17.652422+00,2026-07-17 07:27:24.789697+00,e96be350-6615-441a-91f5-53ad976e91b3,,,,
d95aa4bd-b38b-4f2c-b12a-88f0520fc2af,64e6ccdc-ae7d-4e06-80e4-c0f6a7a70346,TPHT_000924,cấu hình chính - dự phòng,,,f,3,,hoat_dong,,,c3231147-e403-4afa-838f-04026ffa8f7d,,2026-07-14 14:07:30.680882+00,2026-07-17 07:27:24.789697+00,e96be350-6615-441a-91f5-53ad976e91b3,,,,
c1740d1c-3f01-4bb1-a69f-ef305e5f0741,537ab6d4-f60f-4495-b4a0-9b3d3a3caf51,TPHT_000925,Liên lạc thoại không - địa,,,f,1,,hoat_dong,,,c3231147-e403-4afa-838f-04026ffa8f7d,,2026-07-14 14:07:30.817614+00,2026-07-17 07:27:24.789697+00,e96be350-6615-441a-91f5-53ad976e91b3,,,,
97edfb25-e2de-4a6d-9d8e-4873f2c6a143,537ab6d4-f60f-4495-b4a0-9b3d3a3caf51,TPHT_000926,"AM 125,45 MHz",,,f,2,,hoat_dong,,,c3231147-e403-4afa-838f-04026ffa8f7d,,2026-07-14 14:07:30.953032+00,2026-07-17 07:27:24.789697+00,e96be350-6615-441a-91f5-53ad976e91b3,,,,
54cb043f-c9ea-4c4e-9d5b-bd6b019a1f88,537ab6d4-f60f-4495-b4a0-9b3d3a3caf51,TPHT_000927,cấu hình chính - dự phòng,,,f,3,,hoat_dong,,,c3231147-e403-4afa-838f-04026ffa8f7d,,2026-07-14 14:07:31.090842+00,2026-07-17 07:27:24.789697+00,e96be350-6615-441a-91f5-53ad976e91b3,,,,
60cf5690-d1a6-4d57-9f58-bc9ee02d3ab6,b0668377-a642-432b-bf11-d54e738b91ed,TPHT_000928,Liên lạc thoại không - địa,,,f,1,,hoat_dong,,,c3231147-e403-4afa-838f-04026ffa8f7d,,2026-07-14 14:07:31.226772+00,2026-07-17 07:27:24.789697+00,e96be350-6615-441a-91f5-53ad976e91b3,,,,
530b253f-1924-426f-b543-dca2ae557779,b0668377-a642-432b-bf11-d54e738b91ed,TPHT_000929,"AM 121,5 MHz",,,f,2,,hoat_dong,,,c3231147-e403-4afa-838f-04026ffa8f7d,,2026-07-14 14:07:31.361467+00,2026-07-17 07:27:24.789697+00,e96be350-6615-441a-91f5-53ad976e91b3,,,,
5f116453-0bbf-4dd9-8266-b2459a64dd51,b0668377-a642-432b-bf11-d54e738b91ed,TPHT_000930,cấu hình chính - dự phòng,,,f,3,,hoat_dong,,,c3231147-e403-4afa-838f-04026ffa8f7d,,2026-07-14 14:07:31.498903+00,2026-07-17 07:27:24.789697+00,e96be350-6615-441a-91f5-53ad976e91b3,,,,
70e36da9-5a66-49a5-8d85-d9668ed24814,bbce7c36-88e7-4b62-a983-f9fabe61eb04,TPHT_000931,Liên lạc thoại không - địa,,,f,1,,hoat_dong,,,c3231147-e403-4afa-838f-04026ffa8f7d,,2026-07-14 14:07:31.634611+00,2026-07-17 07:27:24.789697+00,e96be350-6615-441a-91f5-53ad976e91b3,,,,
436c9963-43a3-49a5-a2dc-f99287f7ed8f,bbce7c36-88e7-4b62-a983-f9fabe61eb04,TPHT_000932,"AM 121,6 MHz",,,f,2,,hoat_dong,,,c3231147-e403-4afa-838f-04026ffa8f7d,,2026-07-14 14:07:31.771996+00,2026-07-17 07:27:24.789697+00,e96be350-6615-441a-91f5-53ad976e91b3,,,,
80a7f1bb-e32f-48b5-9e98-0568d557dfc2,bbce7c36-88e7-4b62-a983-f9fabe61eb04,TPHT_000933,cấu hình chính - dự phòng,,,f,3,,hoat_dong,,,c3231147-e403-4afa-838f-04026ffa8f7d,,2026-07-14 14:07:31.908769+00,2026-07-17 07:27:24.789697+00,e96be350-6615-441a-91f5-53ad976e91b3,,,,
f7c5942b-fd3b-4673-9169-6da978f8ef70,987abb41-d80b-48cb-bf7b-a97bf0971ac6,TPHT_000934,Liên lạc thoại không - địa,,,f,1,,hoat_dong,,,c3231147-e403-4afa-838f-04026ffa8f7d,,2026-07-14 14:07:32.04544+00,2026-07-17 07:27:24.789697+00,e96be350-6615-441a-91f5-53ad976e91b3,,,,
ed3c0c6c-a157-471c-b566-c5f870d27958,987abb41-d80b-48cb-bf7b-a97bf0971ac6,TPHT_000935,"AM 121,9 MHz",,,f,2,,hoat_dong,,,c3231147-e403-4afa-838f-04026ffa8f7d,,2026-07-14 14:07:32.18488+00,2026-07-17 07:27:24.789697+00,e96be350-6615-441a-91f5-53ad976e91b3,,,,
f6d2211d-1ab0-4149-a259-d6eabd0daa6a,987abb41-d80b-48cb-bf7b-a97bf0971ac6,TPHT_000936,cấu hình chính - dự phòng,,,f,3,,hoat_dong,,,c3231147-e403-4afa-838f-04026ffa8f7d,,2026-07-14 14:07:32.320648+00,2026-07-17 07:27:24.789697+00,e96be350-6615-441a-91f5-53ad976e91b3,,,,
83b1e45e-5c49-403b-bf32-25408fe924d4,8b240798-7f64-41e7-a779-47ad6a0a45d6,TPHT_000937,Liên lạc thoại không - địa,,,f,1,,hoat_dong,,,c3231147-e403-4afa-838f-04026ffa8f7d,,2026-07-14 14:07:32.456502+00,2026-07-17 07:27:24.789697+00,e96be350-6615-441a-91f5-53ad976e91b3,,,,
29ac73d0-8038-4c1e-9a78-98979ec77b0d,8b240798-7f64-41e7-a779-47ad6a0a45d6,TPHT_000938,"AM 121,5 MHz (TKCN)",,,f,2,,hoat_dong,,,c3231147-e403-4afa-838f-04026ffa8f7d,,2026-07-14 14:07:32.592459+00,2026-07-17 07:27:24.789697+00,e96be350-6615-441a-91f5-53ad976e91b3,,,,
eb77243e-27f3-49b0-850d-967398350eba,8b240798-7f64-41e7-a779-47ad6a0a45d6,TPHT_000939,ICOM IC-A200,,,f,3,,hoat_dong,,,c3231147-e403-4afa-838f-04026ffa8f7d,,2026-07-14 14:07:32.728336+00,2026-07-17 07:27:24.789697+00,e96be350-6615-441a-91f5-53ad976e91b3,,,,
d1188ecd-eac6-4ae2-82f9-bf44d720429c,360d66e6-53bf-43dc-93ad-ee1cfb942ed4,TPHT_000940,Hệ thống chuyển mạch thoại Frequentis VCS3020X Rel 8.0,,,f,1,,hoat_dong,,,c3231147-e403-4afa-838f-04026ffa8f7d,,2026-07-14 14:07:32.864079+00,2026-07-17 07:27:24.789697+00,e96be350-6615-441a-91f5-53ad976e91b3,,,,
0d8a563d-5cbd-45be-bfec-4c1e99526466,bb6ca168-63d0-4054-bbff-94fecc06d7bd,TPHT_000941,Thiết bị ghi âm Atis Advantage PL4600,,,f,1,,hoat_dong,,,c3231147-e403-4afa-838f-04026ffa8f7d,,2026-07-14 14:07:33.001456+00,2026-07-17 07:27:24.789697+00,e96be350-6615-441a-91f5-53ad976e91b3,,,,
5d5b6e26-3696-4d20-a6a2-368ea641dc3c,bb6ca168-63d0-4054-bbff-94fecc06d7bd,TPHT_000942,02 serial chính/dự phòng,,,f,2,,hoat_dong,,,c3231147-e403-4afa-838f-04026ffa8f7d,,2026-07-14 14:07:33.137288+00,2026-07-17 07:27:24.789697+00,e96be350-6615-441a-91f5-53ad976e91b3,,,,
26b08d6f-1f21-46e0-ba87-a6d3d9cd16bf,75979ae0-c2f6-40c3-aa1a-935b6f8c3b9b,TPHT_000943,RDP + ADS-B Aircon,,,f,1,,hoat_dong,,,c3231147-e403-4afa-838f-04026ffa8f7d,,2026-07-14 14:07:33.275202+00,2026-07-17 07:27:24.789697+00,e96be350-6615-441a-91f5-53ad976e91b3,,,,
9c00ebf3-8dcf-4528-925f-e3dd37ffbc93,75979ae0-c2f6-40c3-aa1a-935b6f8c3b9b,TPHT_000944,chi tiết serial theo phụ lục 1,,,f,2,,hoat_dong,,,c3231147-e403-4afa-838f-04026ffa8f7d,,2026-07-14 14:07:33.412433+00,2026-07-17 07:27:24.789697+00,e96be350-6615-441a-91f5-53ad976e91b3,,,,
1ef71f04-83d1-4b58-a722-2cbcc073d21b,a0625061-0c6d-4e0b-b438-d696787ad746,TPHT_000945,Tính năng kỹ thuật theo phụ lục kèm giấy phép,,,f,1,,hoat_dong,,,65ac5e26-b0a7-487e-a72d-3f0dfc3facc2,,2026-07-14 14:07:33.548484+00,2026-07-17 07:27:24.789697+00,e96be350-6615-441a-91f5-53ad976e91b3,,,,
c6c2a365-4f55-4d2f-a576-af6212e5e39a,c55cf610-3503-410f-8d34-8b270ffd64b5,TPHT_000946,Hệ thống máy tính tự động thu thập/xử lý số liệu khí tượng cơ bản (GTS),,,f,1,,hoat_dong,,,c3231147-e403-4afa-838f-04026ffa8f7d,,2026-07-14 14:07:33.68456+00,2026-07-17 07:27:24.789697+00,e96be350-6615-441a-91f5-53ad976e91b3,,,,
273acb03-bd89-428b-b0a2-e3b38cac72d1,04c0eae7-fa31-4855-95cb-156499e9a279,TPHT_000947,WindObserver GILL,,,f,1,,hoat_dong,,,c3231147-e403-4afa-838f-04026ffa8f7d,,2026-07-14 14:07:33.821988+00,2026-07-17 07:27:24.789697+00,e96be350-6615-441a-91f5-53ad976e91b3,,,,
e083fc05-2461-421c-92e1-9489a87ddfd3,04c0eae7-fa31-4855-95cb-156499e9a279,TPHT_000949,nhiệt kế thủy tinh chất lỏng WQG-11,,,f,3,,hoat_dong,,,c3231147-e403-4afa-838f-04026ffa8f7d,,2026-07-14 14:07:34.096951+00,2026-07-17 07:27:24.789697+00,e96be350-6615-441a-91f5-53ad976e91b3,,,,
92f4ac40-1d4f-4448-afd9-3813c4d0f8c3,b2c5fd88-d84e-4563-8a10-448a336072ca,TPHT_000950,METEOR 60DX10-S + LLWAS-3,,,f,1,,hoat_dong,,,c3231147-e403-4afa-838f-04026ffa8f7d,,2026-07-14 14:07:34.233618+00,2026-07-17 07:27:24.789697+00,e96be350-6615-441a-91f5-53ad976e91b3,,,,
ac756e63-ea59-46d7-a124-cf08f3bd0761,b2c5fd88-d84e-4563-8a10-448a336072ca,TPHT_000951,chi tiết theo phụ lục,,,f,2,,hoat_dong,,,c3231147-e403-4afa-838f-04026ffa8f7d,,2026-07-14 14:07:34.372444+00,2026-07-17 07:27:24.789697+00,e96be350-6615-441a-91f5-53ad976e91b3,,,,
2e6a9e97-6b40-4b57-af8a-bf7da15b14b5,04c0eae7-fa31-4855-95cb-156499e9a279,TPHT_000952,Khí áp điện tử PA21,,,f,1,,hoat_dong,,,c3231147-e403-4afa-838f-04026ffa8f7d,,2026-07-14 14:07:34.508533+00,2026-07-17 07:27:24.789697+00,e96be350-6615-441a-91f5-53ad976e91b3,,,,
c1281bc2-8d16-470e-b175-caa175a5cc3f,04c0eae7-fa31-4855-95cb-156499e9a279,TPHT_000953,phạm vi đo 500–1100 hPa,,,f,2,,hoat_dong,,,c3231147-e403-4afa-838f-04026ffa8f7d,,2026-07-14 14:07:34.644685+00,2026-07-17 07:27:24.789697+00,e96be350-6615-441a-91f5-53ad976e91b3,,,,
58ea0f8c-f948-4e11-b33b-0d87d100655e,24edc9ca-96ca-4472-9080-6668cdd7bc1d,TPHT_000956,Hệ thống huấn luyện giả định SCANSIM,,,f,1,,hoat_dong,,,c3231147-e403-4afa-838f-04026ffa8f7d,,2026-07-14 14:07:35.464867+00,2026-07-17 07:27:24.789697+00,e96be350-6615-441a-91f5-53ad976e91b3,,,,
adc5a698-b643-490a-92e5-39927a22427e,24edc9ca-96ca-4472-9080-6668cdd7bc1d,TPHT_000957,chi tiết theo phụ lục,,,f,2,,hoat_dong,,,c3231147-e403-4afa-838f-04026ffa8f7d,,2026-07-14 14:07:35.600918+00,2026-07-17 07:27:24.789697+00,e96be350-6615-441a-91f5-53ad976e91b3,,,,
82f1bd47-f4e8-42cf-8229-4311c4765f3d,f87f1213-cb02-4a00-91dd-46be015405df,TPHT_000958,MAXSIM,,,f,1,,hoat_dong,,,c3231147-e403-4afa-838f-04026ffa8f7d,,2026-07-14 14:07:35.736892+00,2026-07-17 07:27:24.789697+00,e96be350-6615-441a-91f5-53ad976e91b3,,,,
5861990c-62a8-4b1d-bbdc-8aaa22196093,f87f1213-cb02-4a00-91dd-46be015405df,TPHT_000959,chi tiết serial/cấu hình theo phụ lục,,,f,2,,hoat_dong,,,c3231147-e403-4afa-838f-04026ffa8f7d,,2026-07-14 14:07:35.875433+00,2026-07-17 07:27:24.789697+00,e96be350-6615-441a-91f5-53ad976e91b3,,,,
2173faf3-20ec-4c72-b44f-67744bc83f90,1e44141b-e2de-49d2-930b-5886ba6a3b38,TPHT_000960,MAGS CPMS Server X11,,,f,1,,hoat_dong,,,c3231147-e403-4afa-838f-04026ffa8f7d,,2026-07-14 14:07:36.013472+00,2026-07-17 07:27:24.789697+00,e96be350-6615-441a-91f5-53ad976e91b3,,,,
1526213c-ca11-4fae-a6eb-f2051f6fea57,1e44141b-e2de-49d2-930b-5886ba6a3b38,TPHT_000961,02 serial server,,,f,2,,hoat_dong,,,c3231147-e403-4afa-838f-04026ffa8f7d,,2026-07-14 14:07:36.15117+00,2026-07-17 07:27:24.789697+00,e96be350-6615-441a-91f5-53ad976e91b3,,,,
933ff475-bb46-47c9-9af2-482866c6a12e,8b25c26d-d3bd-4e3b-bbf8-8d50e93e9e34,TPHT_000962,D-ATIS,,,f,1,,hoat_dong,,,c3231147-e403-4afa-838f-04026ffa8f7d,,2026-07-14 14:07:36.288682+00,2026-07-17 07:27:24.789697+00,e96be350-6615-441a-91f5-53ad976e91b3,,,,
9539c8bb-9ab6-4a45-b853-6c2dbec7eec2,8b25c26d-d3bd-4e3b-bbf8-8d50e93e9e34,TPHT_000963,tần số ~128.525 MHz theo GP,,,f,2,,hoat_dong,,,c3231147-e403-4afa-838f-04026ffa8f7d,,2026-07-14 14:07:36.424567+00,2026-07-17 07:27:24.789697+00,e96be350-6615-441a-91f5-53ad976e91b3,,,,
7b0d6916-0c70-4af8-bdaa-102e1b7bc775,8b25c26d-d3bd-4e3b-bbf8-8d50e93e9e34,TPHT_000964,cấu hình chính/dự phòng,,,f,3,,hoat_dong,,,c3231147-e403-4afa-838f-04026ffa8f7d,,2026-07-14 14:07:36.561868+00,2026-07-17 07:27:24.789697+00,e96be350-6615-441a-91f5-53ad976e91b3,,,,
e670b368-792f-427c-b111-de3ee1520968,de1459f1-dcb1-4665-9ba9-5540417f6d01,TPHT_000965,Hệ thống chuyển mạch thoại R&S VCS-4G,,,f,1,,hoat_dong,,,581d9350-905f-46da-b45e-c2d8aba4d868,,2026-07-14 14:07:37.518075+00,2026-07-17 07:27:24.789697+00,e96be350-6615-441a-91f5-53ad976e91b3,,,,
db3883f5-234f-441c-9d83-e634b1692ade,b3a13c3a-8bb8-4f1f-9e90-b84f811a641f,TPHT_000966,VoiceCollect MD-x + AR-16-A Standard,,,f,1,,hoat_dong,,,581d9350-905f-46da-b45e-c2d8aba4d868,,2026-07-14 14:07:37.65551+00,2026-07-17 07:27:24.789697+00,e96be350-6615-441a-91f5-53ad976e91b3,,,,
7fa22b21-ce2a-4347-ad22-4a08e02f076c,ce27df84-7054-4032-bfe7-efdb0bd119f4,TPHT_000967,AWOS 900,,,f,1,,hoat_dong,,,581d9350-905f-46da-b45e-c2d8aba4d868,,2026-07-14 14:07:37.792475+00,2026-07-17 07:27:24.789697+00,e96be350-6615-441a-91f5-53ad976e91b3,,,,
47d38af7-7423-4aa2-9f2b-5104fd68cd0d,ce27df84-7054-4032-bfe7-efdb0bd119f4,TPHT_000968,serial JG94L44,,,f,2,,hoat_dong,,,581d9350-905f-46da-b45e-c2d8aba4d868,,2026-07-14 14:07:37.926975+00,2026-07-17 07:27:24.789697+00,e96be350-6615-441a-91f5-53ad976e91b3,,,,
dbd87a65-366d-4f67-a1ca-2294a8faf642,ce27df84-7054-4032-bfe7-efdb0bd119f4,TPHT_000969,HG94L44,,,f,3,,hoat_dong,,,581d9350-905f-46da-b45e-c2d8aba4d868,,2026-07-14 14:07:38.064329+00,2026-07-17 07:27:24.789697+00,e96be350-6615-441a-91f5-53ad976e91b3,,,,
81c46a6f-4b3c-4006-b686-2fc7aa96375e,9c312ced-118b-4ce3-8f00-45b7c41e6453,TPHT_000970,WindObserver GILL,,,f,1,,hoat_dong,,,581d9350-905f-46da-b45e-c2d8aba4d868,,2026-07-14 14:07:38.199052+00,2026-07-17 07:27:24.789697+00,e96be350-6615-441a-91f5-53ad976e91b3,,,,
ef99c1cb-7c41-46b3-9c22-191f2e1f2a91,9c312ced-118b-4ce3-8f00-45b7c41e6453,TPHT_000971,khí áp PTB 330,,,f,2,,hoat_dong,,,581d9350-905f-46da-b45e-c2d8aba4d868,,2026-07-14 14:07:38.334732+00,2026-07-17 07:27:24.789697+00,e96be350-6615-441a-91f5-53ad976e91b3,,,,
1fa49cdc-4fb8-45cb-88b8-23592af20b89,9c312ced-118b-4ce3-8f00-45b7c41e6453,TPHT_000972,"Thiết bị điện tử đo nhiệt độ, độ ẩm và khí áp hiển thị số",,,f,1,,hoat_dong,,,581d9350-905f-46da-b45e-c2d8aba4d868,,2026-07-14 14:07:38.470719+00,2026-07-17 07:27:24.789697+00,e96be350-6615-441a-91f5-53ad976e91b3,,,,
9e26ca90-7990-4dce-ae0a-f1f8e5dfeccb,6999e9e0-f9cf-4e26-9bef-30c362be5d7f,TPHT_000974,Liên lạc thoại không - địa,,,f,1,,hoat_dong,,,46e84da7-5a8b-4a79-aa46-2fb4bae1ff26,,2026-07-14 14:07:38.741899+00,2026-07-17 07:27:24.789697+00,e96be350-6615-441a-91f5-53ad976e91b3,,,,
a66cda50-1190-4d0f-856b-d0b56e2d144f,6999e9e0-f9cf-4e26-9bef-30c362be5d7f,TPHT_000975,"AM 118,6 MHz",,,f,2,,hoat_dong,,,46e84da7-5a8b-4a79-aa46-2fb4bae1ff26,,2026-07-14 14:07:38.879094+00,2026-07-17 07:27:24.789697+00,e96be350-6615-441a-91f5-53ad976e91b3,,,,
74e2b1cc-8e47-4913-89aa-cf546c786c5e,af393d08-e9e7-4a13-92aa-fead8e88592d,TPHT_000976,Liên lạc thoại không - địa,,,f,1,,hoat_dong,,,46e84da7-5a8b-4a79-aa46-2fb4bae1ff26,,2026-07-14 14:07:39.015277+00,2026-07-17 07:27:24.789697+00,e96be350-6615-441a-91f5-53ad976e91b3,,,,
1cefe98d-735d-4f9b-b7dc-cc1c317c5497,af393d08-e9e7-4a13-92aa-fead8e88592d,TPHT_000977,"AM 121,5 MHz",,,f,2,,hoat_dong,,,46e84da7-5a8b-4a79-aa46-2fb4bae1ff26,,2026-07-14 14:07:39.151445+00,2026-07-17 07:27:24.789697+00,e96be350-6615-441a-91f5-53ad976e91b3,,,,
e767f9c4-af20-4de1-bd9c-731c0165a171,f43c362d-33d4-4b9c-bc1e-39eb55a17f15,TPHT_000978,Hệ thống chuyển mạch thoại R&S VCS-4G,,,f,1,,hoat_dong,,,46e84da7-5a8b-4a79-aa46-2fb4bae1ff26,,2026-07-14 14:07:39.289521+00,2026-07-17 07:27:24.789697+00,e96be350-6615-441a-91f5-53ad976e91b3,,,,
19e16d2b-f1f7-4110-bcc7-39cc10eb3075,2b254fef-8e00-4957-b0c8-e2adb4c97cc9,TPHT_000979,VoiceCollect MD-x + AR-16-A Standard,,,f,1,,hoat_dong,,,46e84da7-5a8b-4a79-aa46-2fb4bae1ff26,,2026-07-14 14:07:39.42806+00,2026-07-17 07:27:24.789697+00,e96be350-6615-441a-91f5-53ad976e91b3,,,,
02e8a591-1c45-43b2-8297-971dec088557,ebc4a136-c5e7-4f7d-abfc-e3ddea655b8c,TPHT_000980,IMS,,,f,1,,hoat_dong,,,46e84da7-5a8b-4a79-aa46-2fb4bae1ff26,,2026-07-14 14:07:39.564164+00,2026-07-17 07:27:24.789697+00,e96be350-6615-441a-91f5-53ad976e91b3,,,,
e1268dfb-6c07-45e7-bb9c-f319eb05b7dc,ebc4a136-c5e7-4f7d-abfc-e3ddea655b8c,TPHT_000981,24/24h từ 03/5/2024,,,f,2,,hoat_dong,,,46e84da7-5a8b-4a79-aa46-2fb4bae1ff26,,2026-07-14 14:07:39.700384+00,2026-07-17 07:27:24.789697+00,e96be350-6615-441a-91f5-53ad976e91b3,,,,
8f6c8a2c-40bf-48f8-bc06-5a1ccc6a3872,33e70531-bcbc-4083-be08-066c9e79394d,TPHT_000982,WindObserver GILL,,,f,1,,hoat_dong,,,46e84da7-5a8b-4a79-aa46-2fb4bae1ff26,,2026-07-14 14:07:39.836683+00,2026-07-17 07:27:24.789697+00,e96be350-6615-441a-91f5-53ad976e91b3,,,,
cc603c00-5334-4fbe-8ce4-9810cafa7e94,33e70531-bcbc-4083-be08-066c9e79394d,TPHT_000983,PTB 330,,,f,2,,hoat_dong,,,46e84da7-5a8b-4a79-aa46-2fb4bae1ff26,,2026-07-14 14:07:39.973001+00,2026-07-17 07:27:24.789697+00,e96be350-6615-441a-91f5-53ad976e91b3,,,,
da77ede9-979d-4f53-a9ff-b7302fdf6d99,33e70531-bcbc-4083-be08-066c9e79394d,TPHT_000984,WQG-11,,,f,3,,hoat_dong,,,46e84da7-5a8b-4a79-aa46-2fb4bae1ff26,,2026-07-14 14:07:40.107614+00,2026-07-17 07:27:24.789697+00,e96be350-6615-441a-91f5-53ad976e91b3,,,,
4fa40049-2c84-47e5-98d7-3b9924501e58,33e70531-bcbc-4083-be08-066c9e79394d,TPHT_000985,"Thiết bị điện tử đo nhiệt độ, độ ẩm và khí áp hiển thị số",,,f,1,,hoat_dong,,,46e84da7-5a8b-4a79-aa46-2fb4bae1ff26,,2026-07-14 14:07:40.246278+00,2026-07-17 07:27:24.789697+00,e96be350-6615-441a-91f5-53ad976e91b3,,,,
b76aab01-f996-4cd0-9ab0-da582ef2c9e3,b898fe53-66b6-4bac-8d9d-b58b4b79d722,TPHT_000986,02 máy thu ADS-B AX 680,,,f,1,,hoat_dong,,,46e84da7-5a8b-4a79-aa46-2fb4bae1ff26,,2026-07-14 14:07:40.382413+00,2026-07-17 07:27:24.789697+00,e96be350-6615-441a-91f5-53ad976e91b3,,,,
0232aa01-c058-4a82-a1e0-6a6a20bce9dd,fe67be5d-51e7-4cb3-b681-24042d17834c,TPHT_000987,Liên lạc thoại không - địa,,,f,1,,hoat_dong,,,8b408897-b25d-4ece-91ba-d97dfacec283,,2026-07-14 14:07:40.518306+00,2026-07-17 07:27:24.789697+00,e96be350-6615-441a-91f5-53ad976e91b3,,,,
f58b1a08-839c-4f96-bd2f-ae016eb9cf21,fe67be5d-51e7-4cb3-b681-24042d17834c,TPHT_000988,"AM 118,1 MHz",,,f,2,,hoat_dong,,,8b408897-b25d-4ece-91ba-d97dfacec283,,2026-07-14 14:07:40.654954+00,2026-07-17 07:27:24.789697+00,e96be350-6615-441a-91f5-53ad976e91b3,,,,
95270af3-84e4-467c-ac37-afc5c5767d4d,8ae676d1-679e-445e-aa85-cfe278d295ba,TPHT_000989,Liên lạc thoại không - địa,,,f,1,,hoat_dong,,,8b408897-b25d-4ece-91ba-d97dfacec283,,2026-07-14 14:07:40.791607+00,2026-07-17 07:27:24.789697+00,e96be350-6615-441a-91f5-53ad976e91b3,,,,
2e2a8c99-6637-4e9a-9fdb-4360c8af8c46,8ae676d1-679e-445e-aa85-cfe278d295ba,TPHT_000990,"AM 121,5 MHz",,,f,2,,hoat_dong,,,8b408897-b25d-4ece-91ba-d97dfacec283,,2026-07-14 14:07:40.927892+00,2026-07-17 07:27:24.789697+00,e96be350-6615-441a-91f5-53ad976e91b3,,,,
a33ecdd5-644f-4219-a5bc-2e5679f6103a,988abbb5-6f25-4a47-8322-876cb0829381,TPHT_000991,Hệ thống chuyển mạch thoại R&S VCS-4G,,,f,1,,hoat_dong,,,8b408897-b25d-4ece-91ba-d97dfacec283,,2026-07-14 14:07:41.063622+00,2026-07-17 07:27:24.789697+00,e96be350-6615-441a-91f5-53ad976e91b3,,,,
40b8f6f6-ab41-47a6-9290-23e1a7c43c3a,10203ebd-7f22-4bef-bae0-e74e34adc72f,TPHT_000992,VoiceCollect MD-x + AR-16-A Standard,,,f,1,,hoat_dong,,,8b408897-b25d-4ece-91ba-d97dfacec283,,2026-07-14 14:07:41.199083+00,2026-07-17 07:27:24.789697+00,e96be350-6615-441a-91f5-53ad976e91b3,,,,
826bd8d8-3b4d-4b38-a60b-c73e9a556436,2236fe1c-6896-4157-a310-ae0e094233f6,TPHT_000993,IMS,,,f,1,,hoat_dong,,,8b408897-b25d-4ece-91ba-d97dfacec283,,2026-07-14 14:07:41.334749+00,2026-07-17 07:27:24.789697+00,e96be350-6615-441a-91f5-53ad976e91b3,,,,
897d8cae-1c5f-461b-ae8e-5f0dcd816bfa,2236fe1c-6896-4157-a310-ae0e094233f6,TPHT_000994,24/24h từ 03/5/2024,,,f,2,,hoat_dong,,,8b408897-b25d-4ece-91ba-d97dfacec283,,2026-07-14 14:07:41.471899+00,2026-07-17 07:27:24.789697+00,e96be350-6615-441a-91f5-53ad976e91b3,,,,
4e2e648d-ebfa-49d1-9592-90e11b6e461e,a96041a8-8fbe-4fed-8a98-b9d60c8600c7,TPHT_000995,WindObserver GILL,,,f,1,,hoat_dong,,,8b408897-b25d-4ece-91ba-d97dfacec283,,2026-07-14 14:07:41.607817+00,2026-07-17 07:27:24.789697+00,e96be350-6615-441a-91f5-53ad976e91b3,,,,
e09eab51-311e-415b-872e-21cab7768fab,a96041a8-8fbe-4fed-8a98-b9d60c8600c7,TPHT_000996,PTB 330,,,f,2,,hoat_dong,,,8b408897-b25d-4ece-91ba-d97dfacec283,,2026-07-14 14:07:41.7453+00,2026-07-17 07:27:24.789697+00,e96be350-6615-441a-91f5-53ad976e91b3,,,,
a0bede87-e225-4e43-8348-ef09f70d6065,a96041a8-8fbe-4fed-8a98-b9d60c8600c7,TPHT_000997,WQG-11,,,f,3,,hoat_dong,,,8b408897-b25d-4ece-91ba-d97dfacec283,,2026-07-14 14:07:41.881901+00,2026-07-17 07:27:24.789697+00,e96be350-6615-441a-91f5-53ad976e91b3,,,,
865f8235-a807-48a6-a15b-fcf245edc055,a96041a8-8fbe-4fed-8a98-b9d60c8600c7,TPHT_000998,"Thiết bị điện tử đo nhiệt độ, độ ẩm và khí áp hiển thị số",,,f,1,,hoat_dong,,,8b408897-b25d-4ece-91ba-d97dfacec283,,2026-07-14 14:07:42.017916+00,2026-07-17 07:27:24.789697+00,e96be350-6615-441a-91f5-53ad976e91b3,,,,
f23f8449-3174-4df3-aa52-41bcb5534527,62705194-97b3-4e07-9574-12672daa21cf,TPHT_000999,02 máy thu ADS-B AX 680,,,f,1,,hoat_dong,,,8b408897-b25d-4ece-91ba-d97dfacec283,,2026-07-14 14:07:42.154644+00,2026-07-17 07:27:24.789697+00,e96be350-6615-441a-91f5-53ad976e91b3,,,,
8e38b48d-3d0e-4f85-a7d3-05d2c24c695e,76c379ec-e45d-48b7-b808-27c8ecfca5c0,TPHT_001000,Attech AR-16-A Standard,,,f,1,,hoat_dong,,,e43c5d4b-3c3c-4486-89da-73e9ac747ab4,,2026-07-14 14:07:42.297261+00,2026-07-17 07:27:24.789697+00,e96be350-6615-441a-91f5-53ad976e91b3,,,,
f2e533c9-be52-4290-8ef9-d2c9cd14ed4a,76c379ec-e45d-48b7-b808-27c8ecfca5c0,TPHT_001001,02 máy chính/dự phòng,,,f,2,,hoat_dong,,,e43c5d4b-3c3c-4486-89da-73e9ac747ab4,,2026-07-14 14:07:42.43342+00,2026-07-17 07:27:24.789697+00,e96be350-6615-441a-91f5-53ad976e91b3,,,,
8703c2bc-243e-4621-9d3d-41773e17cfb2,4fea5c20-230a-4be7-a878-2a88882474c5,TPHT_001002,"AM 134,05 MHz",,,f,1,,hoat_dong,,,38692b13-0732-44b4-86e7-c9b91bb0077c,,2026-07-14 14:07:42.572373+00,2026-07-17 07:27:24.789697+00,e96be350-6615-441a-91f5-53ad976e91b3,,,,
5c5bc4e7-9f3b-4875-a3d6-66753792c0d8,4fea5c20-230a-4be7-a878-2a88882474c5,TPHT_001003,Park Air T6,,,f,2,,hoat_dong,,,38692b13-0732-44b4-86e7-c9b91bb0077c,,2026-07-14 14:07:42.708418+00,2026-07-17 07:27:24.789697+00,e96be350-6615-441a-91f5-53ad976e91b3,,,,
a4b553ba-956c-4512-848e-83090f825e34,4fea5c20-230a-4be7-a878-2a88882474c5,TPHT_001004,SX 2025,,,f,3,,hoat_dong,,,38692b13-0732-44b4-86e7-c9b91bb0077c,,2026-07-14 14:07:42.845691+00,2026-07-17 07:27:24.789697+00,e96be350-6615-441a-91f5-53ad976e91b3,,,,
626b4871-9267-41d3-b23e-1c32dbacffe7,77e611b4-bebe-4d1b-8223-a1536015a91a,TPHT_001011,"AM 125,375 MHz",,,f,1,,hoat_dong,,,38692b13-0732-44b4-86e7-c9b91bb0077c,,2026-07-14 14:07:43.801006+00,2026-07-17 07:27:24.789697+00,e96be350-6615-441a-91f5-53ad976e91b3,,,,
53689072-2984-4f13-a76f-5b8ac1b06986,77e611b4-bebe-4d1b-8223-a1536015a91a,TPHT_001012,Park Air T6,,,f,2,,hoat_dong,,,38692b13-0732-44b4-86e7-c9b91bb0077c,,2026-07-14 14:07:43.938621+00,2026-07-17 07:27:24.789697+00,e96be350-6615-441a-91f5-53ad976e91b3,,,,
0e6a27aa-feb5-4391-b198-4aaf7d1d9611,77e611b4-bebe-4d1b-8223-a1536015a91a,TPHT_001013,SX 2013,,,f,3,,hoat_dong,,,38692b13-0732-44b4-86e7-c9b91bb0077c,,2026-07-14 14:07:44.075295+00,2026-07-17 07:27:24.789697+00,e96be350-6615-441a-91f5-53ad976e91b3,,,,
589ef855-2180-46b1-893d-7b36b4558da3,7abf263b-d89e-463f-9199-b1d07eb60ed6,TPHT_001014,"AM 120,1 MHz",,,f,1,,hoat_dong,,,38692b13-0732-44b4-86e7-c9b91bb0077c,,2026-07-14 14:07:44.211454+00,2026-07-17 07:27:24.789697+00,e96be350-6615-441a-91f5-53ad976e91b3,,,,
799ed59d-c032-4a37-9697-3c1b32a3977c,7abf263b-d89e-463f-9199-b1d07eb60ed6,TPHT_001015,Jotron,,,f,2,,hoat_dong,,,38692b13-0732-44b4-86e7-c9b91bb0077c,,2026-07-14 14:07:44.347949+00,2026-07-17 07:27:24.789697+00,e96be350-6615-441a-91f5-53ad976e91b3,,,,
e048d198-7943-460c-bb41-9e16178d768f,7abf263b-d89e-463f-9199-b1d07eb60ed6,TPHT_001016,SX 2020,,,f,3,,hoat_dong,,,38692b13-0732-44b4-86e7-c9b91bb0077c,,2026-07-14 14:07:44.483811+00,2026-07-17 07:27:24.789697+00,e96be350-6615-441a-91f5-53ad976e91b3,,,,
9f49438b-a347-4fd1-8297-e470ed3546e5,873a9c5c-16e9-4955-aa06-b2ac255110cf,TPHT_001017,"AM 128,775 MHz",,,f,1,,hoat_dong,,,38692b13-0732-44b4-86e7-c9b91bb0077c,,2026-07-14 14:07:44.619815+00,2026-07-17 07:27:24.789697+00,e96be350-6615-441a-91f5-53ad976e91b3,,,,
427028ed-688a-4b70-89a1-6a6b7ed6d159,873a9c5c-16e9-4955-aa06-b2ac255110cf,TPHT_001018,R&S,,,f,2,,hoat_dong,,,38692b13-0732-44b4-86e7-c9b91bb0077c,,2026-07-14 14:07:44.755795+00,2026-07-17 07:27:24.789697+00,e96be350-6615-441a-91f5-53ad976e91b3,,,,
4dce065f-4138-446f-b516-ecac696930c4,873a9c5c-16e9-4955-aa06-b2ac255110cf,TPHT_001019,SX 2016,,,f,3,,hoat_dong,,,38692b13-0732-44b4-86e7-c9b91bb0077c,,2026-07-14 14:07:44.89202+00,2026-07-17 07:27:24.789697+00,e96be350-6615-441a-91f5-53ad976e91b3,,,,
36f50d18-d8b1-4619-8f1f-beae1874bcbe,7e234c94-71fa-4af2-9f0e-fb0996d441ba,TPHT_001020,"AM 120,7 MHz",,,f,1,,hoat_dong,,,38692b13-0732-44b4-86e7-c9b91bb0077c,,2026-07-14 14:07:45.030009+00,2026-07-17 07:27:24.789697+00,e96be350-6615-441a-91f5-53ad976e91b3,,,,
a5888ab9-293e-4912-b226-508bfabb290d,0b7e4c54-e070-4966-a436-6ec34964c371,TPHT_001038,MSSR Indra IRS-20MP/S 2NA,,,f,1,,hoat_dong,,,b91944b0-f556-47dd-ae34-c9c8368a18fc,,2026-07-14 14:07:47.489273+00,2026-07-17 13:27:02.489939+00,e96be350-6615-441a-91f5-53ad976e91b3,,2026-07-17 13:27:02.489939+00,,
77894765-154c-4713-b33f-7815ba065147,688f3252-355d-48f5-93c2-813d7a9ce198,TPHT_000834,Liên lạc thoại không - địa,,,f,1,,hoat_dong,,,141337b4-f2fa-4438-808f-0d10cfeedb85,,2026-07-14 14:07:17.924959+00,2026-07-17 07:27:24.789697+00,e96be350-6615-441a-91f5-53ad976e91b3,,,,
d43b6fee-1047-4c3d-b265-150e2dc33f23,7e234c94-71fa-4af2-9f0e-fb0996d441ba,TPHT_001021,Park Air T6,,,f,2,,hoat_dong,,,38692b13-0732-44b4-86e7-c9b91bb0077c,,2026-07-14 14:07:45.1667+00,2026-07-17 07:27:24.789697+00,e96be350-6615-441a-91f5-53ad976e91b3,,,,
bcdd57aa-a2f1-425c-9b00-e4a65a9fbe47,7e234c94-71fa-4af2-9f0e-fb0996d441ba,TPHT_001022,SX 2025,,,f,3,,hoat_dong,,,38692b13-0732-44b4-86e7-c9b91bb0077c,,2026-07-14 14:07:45.304247+00,2026-07-17 07:27:24.789697+00,e96be350-6615-441a-91f5-53ad976e91b3,,,,
406c1aed-e943-4923-ae3b-7d696ff023be,7e234c94-71fa-4af2-9f0e-fb0996d441ba,TPHT_001023,"AM 120,7 MHz",,,f,1,,hoat_dong,,,38692b13-0732-44b4-86e7-c9b91bb0077c,,2026-07-14 14:07:45.44019+00,2026-07-17 07:27:24.789697+00,e96be350-6615-441a-91f5-53ad976e91b3,,,,
ac8e3846-eddf-48dc-9c80-19adc2df98e5,7e234c94-71fa-4af2-9f0e-fb0996d441ba,TPHT_001024,Jotron,,,f,2,,hoat_dong,,,38692b13-0732-44b4-86e7-c9b91bb0077c,,2026-07-14 14:07:45.577617+00,2026-07-17 07:27:24.789697+00,e96be350-6615-441a-91f5-53ad976e91b3,,,,
54adcd8c-0ca8-412b-be35-b4f051f7cb98,7e234c94-71fa-4af2-9f0e-fb0996d441ba,TPHT_001025,SX 2017,,,f,3,,hoat_dong,,,38692b13-0732-44b4-86e7-c9b91bb0077c,,2026-07-14 14:07:45.713786+00,2026-07-17 07:27:24.789697+00,e96be350-6615-441a-91f5-53ad976e91b3,,,,
f9a0e0b4-ad56-4c89-adb4-a2eb5f38e68a,c6622ed5-a311-43b5-a527-900edfc6d197,TPHT_001026,"AM 133,15 MHz",,,f,1,,hoat_dong,,,38692b13-0732-44b4-86e7-c9b91bb0077c,,2026-07-14 14:07:45.849804+00,2026-07-17 07:27:24.789697+00,e96be350-6615-441a-91f5-53ad976e91b3,,,,
55251285-2a56-4876-ac2b-25591c7b1eb1,c6622ed5-a311-43b5-a527-900edfc6d197,TPHT_001027,Park Air T6,,,f,2,,hoat_dong,,,38692b13-0732-44b4-86e7-c9b91bb0077c,,2026-07-14 14:07:45.987413+00,2026-07-17 07:27:24.789697+00,e96be350-6615-441a-91f5-53ad976e91b3,,,,
22763303-dc95-4d04-b343-28b079a1525f,c6622ed5-a311-43b5-a527-900edfc6d197,TPHT_001028,SX 2025,,,f,3,,hoat_dong,,,38692b13-0732-44b4-86e7-c9b91bb0077c,,2026-07-14 14:07:46.125153+00,2026-07-17 07:27:24.789697+00,e96be350-6615-441a-91f5-53ad976e91b3,,,,
830bbceb-0eaf-45dc-a39d-5d359628249f,c6622ed5-a311-43b5-a527-900edfc6d197,TPHT_001029,"AM 133,15 MHz",,,f,1,,hoat_dong,,,38692b13-0732-44b4-86e7-c9b91bb0077c,,2026-07-14 14:07:46.260895+00,2026-07-17 07:27:24.789697+00,e96be350-6615-441a-91f5-53ad976e91b3,,,,
e41320f4-52ea-4e1a-a86b-24391de33cfd,c6622ed5-a311-43b5-a527-900edfc6d197,TPHT_001030,Jotron,,,f,2,,hoat_dong,,,38692b13-0732-44b4-86e7-c9b91bb0077c,,2026-07-14 14:07:46.397206+00,2026-07-17 07:27:24.789697+00,e96be350-6615-441a-91f5-53ad976e91b3,,,,
2e460ab4-aae7-4e23-b1a6-f5e8191e20bc,c6622ed5-a311-43b5-a527-900edfc6d197,TPHT_001031,SX 2009,,,f,3,,hoat_dong,,,38692b13-0732-44b4-86e7-c9b91bb0077c,,2026-07-14 14:07:46.534585+00,2026-07-17 07:27:24.789697+00,e96be350-6615-441a-91f5-53ad976e91b3,,,,
035f9b72-c9a5-4dfd-8552-4338fb88b79b,fc69e4ff-4f6c-4b87-bddc-57d948cc91a5,TPHT_001032,"AM 121,5 MHz",,,f,1,,hoat_dong,,,38692b13-0732-44b4-86e7-c9b91bb0077c,,2026-07-14 14:07:46.671534+00,2026-07-17 07:27:24.789697+00,e96be350-6615-441a-91f5-53ad976e91b3,,,,
065e4fc3-c527-4635-918c-7dc205fa7452,fc69e4ff-4f6c-4b87-bddc-57d948cc91a5,TPHT_001033,Park Air T6,,,f,2,,hoat_dong,,,38692b13-0732-44b4-86e7-c9b91bb0077c,,2026-07-14 14:07:46.807782+00,2026-07-17 07:27:24.789697+00,e96be350-6615-441a-91f5-53ad976e91b3,,,,
afba5fb2-ec5c-4549-bdb9-4d08ec97533f,fc69e4ff-4f6c-4b87-bddc-57d948cc91a5,TPHT_001034,SX 2025,,,f,3,,hoat_dong,,,38692b13-0732-44b4-86e7-c9b91bb0077c,,2026-07-14 14:07:46.943672+00,2026-07-17 07:27:24.789697+00,e96be350-6615-441a-91f5-53ad976e91b3,,,,
f6ce8142-0cca-4202-bbee-c611733bd5ec,fc69e4ff-4f6c-4b87-bddc-57d948cc91a5,TPHT_001035,"AM 121,5 MHz",,,f,1,,hoat_dong,,,38692b13-0732-44b4-86e7-c9b91bb0077c,,2026-07-14 14:07:47.079912+00,2026-07-17 07:27:24.789697+00,e96be350-6615-441a-91f5-53ad976e91b3,,,,
b150eeb6-586c-484b-84ce-615b9569ed60,fc69e4ff-4f6c-4b87-bddc-57d948cc91a5,TPHT_001036,Jotron,,,f,2,,hoat_dong,,,38692b13-0732-44b4-86e7-c9b91bb0077c,,2026-07-14 14:07:47.216045+00,2026-07-17 07:27:24.789697+00,e96be350-6615-441a-91f5-53ad976e91b3,,,,
bd555812-835a-4a16-a338-3cd44867a932,fc69e4ff-4f6c-4b87-bddc-57d948cc91a5,TPHT_001037,SX 2009,,,f,3,,hoat_dong,,,38692b13-0732-44b4-86e7-c9b91bb0077c,,2026-07-14 14:07:47.353297+00,2026-07-17 07:27:24.789697+00,e96be350-6615-441a-91f5-53ad976e91b3,,,,
8f3074ed-aa8a-489f-b8f8-8d93ba606967,2895b9ad-dab8-49c8-a26a-47241cef0c2e,TPHT_001039,"AM 123,3 MHz",,,f,1,,hoat_dong,,,b91944b0-f556-47dd-ae34-c9c8368a18fc,,2026-07-14 14:07:47.626163+00,2026-07-17 07:27:24.789697+00,e96be350-6615-441a-91f5-53ad976e91b3,,,,
e0eb4160-f23f-4536-b802-1e4db9c4f7eb,2895b9ad-dab8-49c8-a26a-47241cef0c2e,TPHT_001040,R&S,,,f,2,,hoat_dong,,,b91944b0-f556-47dd-ae34-c9c8368a18fc,,2026-07-14 14:07:47.764948+00,2026-07-17 07:27:24.789697+00,e96be350-6615-441a-91f5-53ad976e91b3,,,,
0c408ba3-b49e-4f54-af4a-ccf5aeb5d38e,2895b9ad-dab8-49c8-a26a-47241cef0c2e,TPHT_001041,SX 2016,,,f,3,,hoat_dong,,,b91944b0-f556-47dd-ae34-c9c8368a18fc,,2026-07-14 14:07:47.902065+00,2026-07-17 07:27:24.789697+00,e96be350-6615-441a-91f5-53ad976e91b3,,,,
674c8830-3d0e-4084-a8ab-0908941cefc5,a7a81f1c-f0f3-400b-83b5-26b1cdb68193,TPHT_001042,"AM 124,55 MHz",,,f,1,,hoat_dong,,,b91944b0-f556-47dd-ae34-c9c8368a18fc,,2026-07-14 14:07:48.037744+00,2026-07-17 07:27:24.789697+00,e96be350-6615-441a-91f5-53ad976e91b3,,,,
ee950dcb-dd49-4297-b9d0-97a9728557b2,c4dd13e1-79a1-450e-9fe6-544c2d4f40ff,TPHT_001043,"AM 121,5 MHz",,,f,1,,hoat_dong,,,b91944b0-f556-47dd-ae34-c9c8368a18fc,,2026-07-14 14:07:48.174662+00,2026-07-17 07:27:24.789697+00,e96be350-6615-441a-91f5-53ad976e91b3,,,,
36f9a107-0cff-4b59-9066-92588af2fb05,c4dd13e1-79a1-450e-9fe6-544c2d4f40ff,TPHT_001044,Jotron,,,f,2,,hoat_dong,,,b91944b0-f556-47dd-ae34-c9c8368a18fc,,2026-07-14 14:07:48.310216+00,2026-07-17 07:27:24.789697+00,e96be350-6615-441a-91f5-53ad976e91b3,,,,
1d20ddde-41e4-425f-8794-138ce86b67d9,0a05b9c3-b63a-4f0d-b26a-8067e9646539,TPHT_001045,"AM 125,9 MHz",,,f,1,,hoat_dong,,,b91944b0-f556-47dd-ae34-c9c8368a18fc,,2026-07-14 14:07:48.445636+00,2026-07-17 07:27:24.789697+00,e96be350-6615-441a-91f5-53ad976e91b3,,,,
6c5fe075-da57-4cc6-8b7f-7bf887910c54,0a05b9c3-b63a-4f0d-b26a-8067e9646539,TPHT_001046,Park Air T6,,,f,2,,hoat_dong,,,b91944b0-f556-47dd-ae34-c9c8368a18fc,,2026-07-14 14:07:48.581609+00,2026-07-17 07:27:24.789697+00,e96be350-6615-441a-91f5-53ad976e91b3,,,,
b5ccbe37-1f6a-49f2-b792-6db42fcfd70c,0a05b9c3-b63a-4f0d-b26a-8067e9646539,TPHT_001047,"AM 125,9 MHz",,,f,1,,hoat_dong,,,b91944b0-f556-47dd-ae34-c9c8368a18fc,,2026-07-14 14:07:48.716872+00,2026-07-17 07:27:24.789697+00,e96be350-6615-441a-91f5-53ad976e91b3,,,,
2ebaf406-58e9-4c4a-8166-725bf0e8e94d,0a05b9c3-b63a-4f0d-b26a-8067e9646539,TPHT_001048,thiết bị cũ SX 1989,,,f,2,,hoat_dong,,,b91944b0-f556-47dd-ae34-c9c8368a18fc,,2026-07-14 14:07:48.852916+00,2026-07-17 07:27:24.789697+00,e96be350-6615-441a-91f5-53ad976e91b3,,,,
c711bd7b-c823-45f9-a238-7ab3a6496950,f9f78cdb-9a18-4c5c-82e9-7d454956170f,TPHT_001049,"AM 134,425 MHz",,,f,1,,hoat_dong,,,b91944b0-f556-47dd-ae34-c9c8368a18fc,,2026-07-14 14:07:48.988482+00,2026-07-17 07:27:24.789697+00,e96be350-6615-441a-91f5-53ad976e91b3,,,,
95b6981e-1919-4300-a022-5057e4770d62,f9f78cdb-9a18-4c5c-82e9-7d454956170f,TPHT_001050,Park Air T6,,,f,2,,hoat_dong,,,b91944b0-f556-47dd-ae34-c9c8368a18fc,,2026-07-14 14:07:49.124895+00,2026-07-17 07:27:24.789697+00,e96be350-6615-441a-91f5-53ad976e91b3,,,,
68c75dff-a6aa-4640-996e-e661ff31336d,80c99472-da15-4433-934b-20349ce0e252,TPHT_001051,PSR TRAC2000,,,f,1,,hoat_dong,,,b91944b0-f556-47dd-ae34-c9c8368a18fc,,2026-07-14 14:07:49.261084+00,2026-07-17 07:27:24.789697+00,e96be350-6615-441a-91f5-53ad976e91b3,,,,
50de41f9-5d3b-49ab-99c6-138bebd82cdf,fc3e7503-3a66-4f08-8fec-157327b85499,TPHT_001052,SSR RSM 970,,,f,1,,hoat_dong,,,b91944b0-f556-47dd-ae34-c9c8368a18fc,,2026-07-14 14:07:49.396906+00,2026-07-17 07:27:24.789697+00,e96be350-6615-441a-91f5-53ad976e91b3,,,,
4d8bc1c2-bc5a-4f54-af8e-d0ebe8ad0c9e,6042b0f8-e55f-48c4-83ac-e583bdb96b5c,TPHT_001053,PSR Indra,,,f,1,,hoat_dong,,,b91944b0-f556-47dd-ae34-c9c8368a18fc,,2026-07-14 14:07:49.532602+00,2026-07-17 07:27:24.789697+00,e96be350-6615-441a-91f5-53ad976e91b3,,,,
520cea9c-5a6b-4647-84cb-5675fcc1dd03,166da49c-c77b-40eb-86a5-78870d4f7936,TPHT_001054,"AM 118,9 MHz",,,f,1,,hoat_dong,,,e43c5d4b-3c3c-4486-89da-73e9ac747ab4,,2026-07-14 14:07:49.668439+00,2026-07-17 07:27:24.789697+00,e96be350-6615-441a-91f5-53ad976e91b3,,,,
8a1e68ab-216d-4a0b-b27f-2bc261f024a8,6c79f710-a99f-490f-b05c-276218edd4c0,TPHT_001056,VCCS MULTIFONO M800IP (SITTI),,,f,1,,hoat_dong,,,e43c5d4b-3c3c-4486-89da-73e9ac747ab4,,2026-07-14 14:07:49.942675+00,2026-07-17 07:27:24.789697+00,e96be350-6615-441a-91f5-53ad976e91b3,,,,
531950a2-d72c-4e5c-994c-b3a5ebe3d222,7f40beb2-5d47-4f4a-b7df-35cd1cca56ae,TPHT_001057,D-AW21,,,f,1,,hoat_dong,,,e43c5d4b-3c3c-4486-89da-73e9ac747ab4,,2026-07-14 14:07:50.08047+00,2026-07-17 07:27:24.789697+00,e96be350-6615-441a-91f5-53ad976e91b3,,,,
9a91dee7-682f-48fb-9d6a-36928455eca0,67854a57-f71b-46cf-b2da-cf2c5f62117d,TPHT_001058,AW11 Vaisala,,,f,1,,hoat_dong,,,e43c5d4b-3c3c-4486-89da-73e9ac747ab4,,2026-07-14 14:07:50.219028+00,2026-07-17 07:27:24.789697+00,e96be350-6615-441a-91f5-53ad976e91b3,,,,
c80960c2-2b93-4afb-b990-059e68883460,89f3eb33-479e-4e7a-9c5c-a50dfe97154c,TPHT_001059,WindObserver,,,f,1,,hoat_dong,,,e43c5d4b-3c3c-4486-89da-73e9ac747ab4,,2026-07-14 14:07:50.354972+00,2026-07-17 07:27:24.789697+00,e96be350-6615-441a-91f5-53ad976e91b3,,,,
99c461bb-436c-40a5-9a3b-573d143146ea,89f3eb33-479e-4e7a-9c5c-a50dfe97154c,TPHT_001060,PTB 330,,,f,2,,hoat_dong,,,e43c5d4b-3c3c-4486-89da-73e9ac747ab4,,2026-07-14 14:07:50.491321+00,2026-07-17 07:27:24.789697+00,e96be350-6615-441a-91f5-53ad976e91b3,,,,
8b909fa3-0cea-4068-aedf-2cef56d99286,89f3eb33-479e-4e7a-9c5c-a50dfe97154c,TPHT_001061,WQG-11,,,f,3,,hoat_dong,,,e43c5d4b-3c3c-4486-89da-73e9ac747ab4,,2026-07-14 14:07:50.629214+00,2026-07-17 07:27:24.789697+00,e96be350-6615-441a-91f5-53ad976e91b3,,,,
50e2903c-ab35-429d-8a8c-802befe801f8,89f3eb33-479e-4e7a-9c5c-a50dfe97154c,TPHT_001062,"Thiết bị điện tử đo nhiệt độ, độ ẩm và khí áp",,,f,1,,hoat_dong,,,e43c5d4b-3c3c-4486-89da-73e9ac747ab4,,2026-07-14 14:07:50.766743+00,2026-07-17 07:27:24.789697+00,e96be350-6615-441a-91f5-53ad976e91b3,,,,
6c34893f-e537-491f-b9c3-eba9fa200d3a,fe37911b-555f-46c0-bdd5-4724e57a9a9e,TPHT_001063,02 máy thu ADS-B AX 680,,,f,1,,hoat_dong,,,e43c5d4b-3c3c-4486-89da-73e9ac747ab4,,2026-07-14 14:07:50.905314+00,2026-07-17 07:27:24.789697+00,e96be350-6615-441a-91f5-53ad976e91b3,,,,
0b6fecc5-e0be-4ddf-a6aa-95572e06d071,4a7558f6-cf8d-44ef-8273-f1a431844b28,TPHT_001065,Máy thu phát VHF thoại không - địa,,,t,,"Model: Máy phát: Park Air T6T; Máy thu: Park Air T6R | Serial: Máy chính: 173711 (T6T), 173702 (T6R); Máy dự phòng: 173710 (T6T), 173703 (T6R) | Mục đích: Liên lạc trên tần số khẩn nguy 121,5 MHz (Phân khu 4 - ACC HAN) | Nguồn: GP 4215/GP-CHK",hoat_dong,,,141337b4-f2fa-4438-808f-0d10cfeedb85,,2026-07-14 14:32:36.52979+00,2026-07-17 07:27:24.789697+00,e96be350-6615-441a-91f5-53ad976e91b3,,,,
20c9f515-ed1b-403c-b17d-a72cef8cca87,688f3252-355d-48f5-93c2-813d7a9ce198,TPHT_000835,cấu hình chính - dự phòng,,,f,2,,hoat_dong,,,141337b4-f2fa-4438-808f-0d10cfeedb85,,2026-07-14 14:07:18.062597+00,2026-07-17 07:27:24.789697+00,e96be350-6615-441a-91f5-53ad976e91b3,,,,
0b804ce5-d01b-4311-af27-41cd9704d3eb,4fea5c20-230a-4be7-a878-2a88882474c5,TPHT_001066,Máy thu phát VHF thoại không - địa,,,t,,Model: Máy phát: T6-TV; máy thu: T6-RV | Serial: Máy chính: 407046 (T6TV); 407013 (T6RV); Máy dự phòng: 407045 (T6TV); 407019 (T6RV) | Mục đích: Điều hành bay (Phân khu 1 ACC HCM) | Nguồn: GP 6276/GP-CHK,hoat_dong,,,38692b13-0732-44b4-86e7-c9b91bb0077c,,2026-07-14 14:32:36.52979+00,2026-07-17 07:27:24.789697+00,e96be350-6615-441a-91f5-53ad976e91b3,,,,
0dcc6963-2570-4e0c-8101-3de9fadc4bff,f87f1213-cb02-4a00-91dd-46be015405df,TPHT_001067,Hệ thống huấn luyện giả định không lưu (Simulator),,,t,,Model: MAXSIM | Serial: Tại Phụ lục 1 kèm theo | Mục đích: Huấn luyện và kiểm tra thực hành | Nguồn: GP 2700/GP-CHK,hoat_dong,,,c3231147-e403-4afa-838f-04026ffa8f7d,,2026-07-14 14:32:36.52979+00,2026-07-17 07:27:24.789697+00,e96be350-6615-441a-91f5-53ad976e91b3,,,,
10488965-e81b-4919-aee9-7dc57fedcb4e,6999e9e0-f9cf-4e26-9bef-30c362be5d7f,TPHT_001068,Máy thu phát VHF thoại không - địa,,,t,,"Model: Máy phát: SU4200, TA-7650; máy thu: EU4200C, RA-7203 | Serial: Máy chính: 105886 (SU4200), 105833 (EU4200C). Máy dự phòng: 105885 (SU4200); 10198, 10199 (TA-7650); 105830 (EU4200C)… | Mục đích: Điều hành bay (TWR Phù Cát) | Nguồn: GP 617/GP-CHK",hoat_dong,,,46e84da7-5a8b-4a79-aa46-2fb4bae1ff26,,2026-07-14 14:32:36.52979+00,2026-07-17 07:27:24.789697+00,e96be350-6615-441a-91f5-53ad976e91b3,,,,
12b46e92-62f4-4c3e-a88d-e1951da570fb,04c0eae7-fa31-4855-95cb-156499e9a279,TPHT_001070,"Thiết bị đo đạc quan trắc thông dụng (đo nhiệt độ, độ ẩm, đo gió hiển thị số và khí áp hiển thị số)",,,t,,Model: Thiết bị thủ công | Serial: Gió WindObserver (GILL): 2302006; Khí áp PTB 330: V0821321; Nhiệt kế WQG-11: 59 | Mục đích: Làm dự phòng đo các yếu tố khí tượng và cung cấp số liệu phục vụ hoạt động bay | Nguồn: GP 4851/GP-CHK,hoat_dong,,,c3231147-e403-4afa-838f-04026ffa8f7d,,2026-07-14 14:32:36.52979+00,2026-07-17 07:27:24.789697+00,e96be350-6615-441a-91f5-53ad976e91b3,,,,
1ae2ba8b-2105-431e-9772-ddcefe52eeee,1048831c-985f-452d-a1ea-8e832d6eb690,TPHT_001072,"Thiết bị đo đạc quan trắc thông dụng (đo nhiệt độ, độ ẩm, đo gió hiển thị số và khí áp hiển thị số)",,,t,,Model: Thiết bị thủ công | Serial: Gió WindObserver (GILL): 2302004; Khí áp PTB 330: V0821322; Nhiệt kế WQG-11: 50 và 57 | Mục đích: Làm dự phòng đo các yếu tố khí tượng và cung cấp số liệu phục vụ hoạt động bay | Nguồn: GP 4853/GP-CHK,hoat_dong,,,141337b4-f2fa-4438-808f-0d10cfeedb85,,2026-07-14 14:32:36.52979+00,2026-07-17 07:27:24.789697+00,e96be350-6615-441a-91f5-53ad976e91b3,,,,
1ba18947-3c46-49aa-9fbd-2951ea85ccf6,77e611b4-bebe-4d1b-8223-a1536015a91a,TPHT_001073,Máy thu phát VHF thoại không - địa,,,t,,Model: Máy phát: Park Air T6T; Máy thu: Park Air T6R | Serial: Máy chính: 6U11301 (T6T); 6U16872 (T6R); Máy dự phòng: 173709 (T6T); 6U16864 (T6R) | Mục đích: Điều hành bay (Dự phòng Phân khu 1 - ACC HCM) | Nguồn: GP 6824/GP-CHK,hoat_dong,,,38692b13-0732-44b4-86e7-c9b91bb0077c,,2026-07-14 14:32:36.52979+00,2026-07-17 07:27:24.789697+00,e96be350-6615-441a-91f5-53ad976e91b3,,,,
1f2e95ff-ef7e-4d98-8019-a98758c6271e,988abbb5-6f25-4a47-8322-876cb0829381,TPHT_001074,Hệ thống chuyển mạch thoại (VCCS),,,t,,Model: R&S VCS-4G | Serial: 6424049796863 | Mục đích: Phục vụ điều hành bay | Nguồn: GP 2832/GP-CHK,hoat_dong,,,8b408897-b25d-4ece-91ba-d97dfacec283,,2026-07-14 14:32:36.52979+00,2026-07-17 07:27:24.789697+00,e96be350-6615-441a-91f5-53ad976e91b3,,,,
1f844845-4f32-4876-bde4-1eb1613b12b7,0a05b9c3-b63a-4f0d-b26a-8067e9646539,TPHT_001075,Máy thu phát VHF thoại không - địa,,,t,,"Model: Hãng Park Air: Máy phát T6T, Máy thu T6R | Serial: Tại Phụ lục kèm theo | Mục đích: Điều hành bay (Phân khu 3, ACC Hà Nội) | Nguồn: GP 1977/GP-CHK",hoat_dong,,,b91944b0-f556-47dd-ae34-c9c8368a18fc,,2026-07-14 14:32:36.52979+00,2026-07-17 07:27:24.789697+00,e96be350-6615-441a-91f5-53ad976e91b3,,,,
21a0f948-6cd2-4ac2-8e2f-59500be42e13,10203ebd-7f22-4bef-bae0-e74e34adc72f,TPHT_001076,Thiết bị ghi âm,,,t,,Model: ATIS UHER VoiceCollect MD-x và ATTECH AR-16-A Standard | Serial: Máy chính: 049002-400443; máy dự phòng: 032 | Mục đích: Ghi âm liên lạc thoại không - địa (A/G) và địa - địa (G/G) | Nguồn: GP 3624/GP-CHK,hoat_dong,,,8b408897-b25d-4ece-91ba-d97dfacec283,,2026-07-14 14:32:36.52979+00,2026-07-17 07:27:24.789697+00,e96be350-6615-441a-91f5-53ad976e91b3,,,,
21c66a93-e415-449d-8596-93939b876465,d7005685-24f9-45d4-bcce-f24d9962cf97,TPHT_001077,Thiết bị đo đạc quan trắc thông dụng (đo gió hiển thị số và khí áp hiển thị số),,,t,,"Model: Thiết bị điện tử đo nhiệt độ, độ ẩm và khí áp hiển thị số 1.1006.54.080 | Serial: 09230014 | Mục đích: Làm dự phòng đo các yếu tố khí tượng và cung cấp số liệu phục vụ hoạt động bay | Nguồn: GP 974/GP-CHK",hoat_dong,,,f59bf0bd-520b-4245-80db-dc71b7187bf1,,2026-07-14 14:32:36.52979+00,2026-07-17 07:27:24.789697+00,e96be350-6615-441a-91f5-53ad976e91b3,,,,
25eb73e4-de17-48a5-9d14-1cd3ec851230,fc3e7503-3a66-4f08-8fec-157327b85499,TPHT_001078,Hệ thống ra đa giám sát thứ cấp (SSR),,,t,,Model: RSM 970 | Serial: Máy chính: 021/32; Máy dự phòng: 019/32 | Mục đích: Phục vụ điều hành bay FIR HCM/HAN và APP Đà Nẵng | Nguồn: GP 605/GP-CHK,hoat_dong,,,b91944b0-f556-47dd-ae34-c9c8368a18fc,,2026-07-14 14:32:36.52979+00,2026-07-17 07:27:24.789697+00,e96be350-6615-441a-91f5-53ad976e91b3,,,,
2769eb05-4424-4dde-accb-5b5c412de692,f43c362d-33d4-4b9c-bc1e-39eb55a17f15,TPHT_001079,Hệ thống chuyển mạch thoại (VCCS),,,t,,Model: R&S VCS-4G | Serial: 6424049796887 | Mục đích: Phục vụ điều hành bay | Nguồn: GP 616/GP-CHK,hoat_dong,,,46e84da7-5a8b-4a79-aa46-2fb4bae1ff26,,2026-07-14 14:32:36.52979+00,2026-07-17 07:27:24.789697+00,e96be350-6615-441a-91f5-53ad976e91b3,,,,
28af8b07-16ff-47a8-b88d-753cdc643a3c,fc69e4ff-4f6c-4b87-bddc-57d948cc91a5,TPHT_001080,Máy thu phát VHF thoại không - địa,,,t,,"Model: Máy phát: Jotron TA-7650; Máy thu: Jotron RA-7203 | Serial: Máy chính: 01163 (TA-7650); 01198 (RA-7203); máy dự phòng: 06135 (TA-7650); 00898 (RA-7203) | Mục đích: Liên lạc trên tần số khẩn nguy 121,5 MHz (Phân khu 1, 2, 5, 6 - ACC HCM) | Nguồn: GP 4027/GP-CHK",hoat_dong,,,38692b13-0732-44b4-86e7-c9b91bb0077c,,2026-07-14 14:32:36.52979+00,2026-07-17 07:27:24.789697+00,e96be350-6615-441a-91f5-53ad976e91b3,,,,
29d125ab-c9ab-4eb6-82f5-d0af9071a2e3,e2f73bec-33d4-43be-b628-2a40bdf01221,TPHT_001082,Máy thu phát VHF thoại không - địa,,,t,,"Model: Máy thu phát: XU4200; máy phát: TA-7650; máy thu: RA-7203 | Serial: Máy chính: 100107 (XU4200); máy dự phòng: 100231, 104268, 104270 (XU4200); 20939 (TA-7650), 21051 (RA-7203) | Mục đích: Điều hành bay (TWR Cam Ranh) | Nguồn: GP 619/GP-CHK",hoat_dong,,,f59bf0bd-520b-4245-80db-dc71b7187bf1,,2026-07-14 14:32:36.52979+00,2026-07-17 07:27:24.789697+00,e96be350-6615-441a-91f5-53ad976e91b3,,,,
2b357f41-ddb6-4fdd-9598-ec188313d5fd,a13f3116-f74d-4435-b248-5b458d9fead4,TPHT_001083,Hệ thống quan trắc thời tiết tự động AVIMET,,,t,,Model: AVIMET | Serial: 9S7KB94; 7PKXW84 | Mục đích: Quan trắc và báo cáo thời tiết sân bay phục vụ hoạt động bay | Nguồn: GP 733/GP-CHK,hoat_dong,,,f59bf0bd-520b-4245-80db-dc71b7187bf1,,2026-07-14 14:32:36.52979+00,2026-07-17 07:27:24.789697+00,e96be350-6615-441a-91f5-53ad976e91b3,,,,
2c470d81-ed80-4c68-a0b5-f7f06518e41a,873a9c5c-16e9-4955-aa06-b2ac255110cf,TPHT_001084,Máy thu phát VHF thoại không - địa,,,t,,"Model: Máy phát: R&S SU4200; Máy thu: EU4200C | Serial: Máy chính: 105889 (SU4200), 105834 (EU4200C); Máy dự phòng: 105890 (SU4200); 105835 (EU4200C) | Mục đích: Điều hành bay (Phân khu 6 - ACC HCM) | Nguồn: GP 4733/GP-CHK",hoat_dong,,,38692b13-0732-44b4-86e7-c9b91bb0077c,,2026-07-14 14:32:36.52979+00,2026-07-17 07:27:24.789697+00,e96be350-6615-441a-91f5-53ad976e91b3,,,,
2ef6d555-7127-4363-bce8-b80ef4dc3dfd,471b378d-483c-4b6d-bb60-93cf31d813d8,TPHT_001085,Hệ thống ra đa giám sát thứ cấp (SSR),,,t,,"Model: RSM 970 | Serial: Máy chính: C0112/88; Máy dự phòng: 021/92 | Mục đích: Phục vụ điều hành bay trong vùng thông báo bay Hồ Chí Minh, Hà Nội và khu vực kiểm soát tiếp cận Sân bay Đà Nẵng | Nguồn: GP 618/GP-CHK",hoat_dong,,,38692b13-0732-44b4-86e7-c9b91bb0077c,,2026-07-14 14:32:36.52979+00,2026-07-17 07:27:24.789697+00,e96be350-6615-441a-91f5-53ad976e91b3,,,,
3017b614-5c70-4f51-8ef0-3e5f1811b1ae,0f5f4e80-ae06-4210-ac84-b9a5a5909825,TPHT_001086,Hệ thống chuyển mạch thoại (VCCS),,,t,,Model: Frequentis VCS3020X | Serial: VCS 3020X Rel 8.0 | Mục đích: Phục vụ điều hành bay | Nguồn: GP 2834/GP-CHK,hoat_dong,,,f59bf0bd-520b-4245-80db-dc71b7187bf1,,2026-07-14 14:32:36.52979+00,2026-07-17 07:27:24.789697+00,e96be350-6615-441a-91f5-53ad976e91b3,,,,
313ae2b4-a82f-421f-8c73-ee352c589c8a,62705194-97b3-4e07-9574-12672daa21cf,TPHT_001087,Trạm thu dữ liệu giám sát phụ thuộc tự động - quảng bá (ADS-B),,,t,,"Model: Máy thu ADS-B AX 680 | Serial: 00946/2138425, 00947/2138426 | Mục đích: Hỗ trợ điều hành bay TWR Pleiku; tăng cường dự phòng tầm phủ ra đa giám sát | Nguồn: GP 732/GP-CHK",hoat_dong,,,8b408897-b25d-4ece-91ba-d97dfacec283,,2026-07-14 14:32:36.52979+00,2026-07-17 07:27:24.789697+00,e96be350-6615-441a-91f5-53ad976e91b3,,,,
337f4a8c-a226-4642-9920-7cbfa95071e6,8ae676d1-679e-445e-aa85-cfe278d295ba,TPHT_001088,Máy thu phát VHF thoại không - địa,,,t,,"Model: Máy phát: SU4200, TA-7650; máy thu: EU4200C, RA-7203; máy thu phát: IC-A200 | Serial: Máy chính: 105883 (SU4200), 105828 (EU4200C); máy dự phòng: 105882, 105884 (SU4200); 105827, 105829 (EU4200C); 19714 (TA-7650)… | Mục đích: Liên lạc trên tần số khẩn nguy 121,5 MHz (TWR Pleiku) | Nguồn: GP 3620/GP-CHK",hoat_dong,,,8b408897-b25d-4ece-91ba-d97dfacec283,,2026-07-14 14:32:36.52979+00,2026-07-17 07:27:24.789697+00,e96be350-6615-441a-91f5-53ad976e91b3,,,,
37741b2b-133a-4e2b-91ee-93ff925efbc6,1e44141b-e2de-49d2-930b-5886ba6a3b38,TPHT_001089,Hệ thống xử lý dữ liệu ADS-B,,,t,,"Model: MAGS CPMS Server X11 | Serial: E263363X2201174, E263363X22011227 | Mục đích: Nhận và xử lý dữ liệu ADS-B phục vụ điều hành bay | Nguồn: GP 4897/GP-CHK",hoat_dong,,,c3231147-e403-4afa-838f-04026ffa8f7d,,2026-07-14 14:32:36.52979+00,2026-07-17 07:27:24.789697+00,e96be350-6615-441a-91f5-53ad976e91b3,,,,
397c9424-7062-421c-8985-f4751f3554d5,a96041a8-8fbe-4fed-8a98-b9d60c8600c7,TPHT_001090,"Thiết bị đo đạc quan trắc thông dụng (đo nhiệt độ, độ ẩm, đo gió hiển thị số và khí áp hiển thị số)",,,t,,Model: Thiết bị thủ công | Serial: Gió WindObserver (GILL): 2302014; Khí áp PTB 330: V0821324; Nhiệt kế WQG-11: 51 và 99 | Mục đích: Làm dự phòng đo các yếu tố khí tượng và cung cấp số liệu phục vụ hoạt động bay | Nguồn: GP 4856/GP-CHK,hoat_dong,,,8b408897-b25d-4ece-91ba-d97dfacec283,,2026-07-14 14:32:36.52979+00,2026-07-17 07:27:24.789697+00,e96be350-6615-441a-91f5-53ad976e91b3,,,,
40ede39d-daf0-49ce-9f7b-6e6f415bb2f3,2bc88761-ea6c-4d35-828a-28a98e701956,TPHT_001091,Hệ thống thông báo tin tức bán tự động tại khu vực sân bay (D-ATIS),,,t,,"Model: Máy phát Jotron TA-7650; Máy thu: EU4200C | Serial: Máy chính: 18175; Máy dự phòng: 18172; Máy thu: 105801 | Mục đích: Phát thanh bằng lời và phát dữ liệu về điều kiện thời tiết, phương thức tiếp cận, cất cánh và tình trạng đường cất, hạ cánh tại Cảng | Nguồn: GP 606/GP-CHK",hoat_dong,,,f59bf0bd-520b-4245-80db-dc71b7187bf1,,2026-07-14 14:32:36.52979+00,2026-07-17 07:27:24.789697+00,e96be350-6615-441a-91f5-53ad976e91b3,,,,
45a76d19-688a-4292-bbc0-75d361b8191b,b2c5fd88-d84e-4563-8a10-448a336072ca,TPHT_001092,Hệ thống radar thời tiết Doppler METEOR 60DX10-S tích hợp với hệ thống cảnh báo gió đứt LLWAS,,,t,,"Model: Ra đa thời tiết Doppler phân cực kép; LLWAS-3 6 cảm biến gió | Serial: 1711217 | Mục đích: Phát hiện vùng mây nguy hiểm CB/TCU, mưa dông, gió đứt hỗ trợ dự báo/cảnh báo thời tiết | Nguồn: GP 4449/GP-CHK",hoat_dong,,,c3231147-e403-4afa-838f-04026ffa8f7d,,2026-07-14 14:32:36.52979+00,2026-07-17 07:27:24.789697+00,e96be350-6615-441a-91f5-53ad976e91b3,,,,
4640c155-578a-4035-8de6-e9a5aa808680,fe37911b-555f-46c0-bdd5-4724e57a9a9e,TPHT_001093,Trạm thu dữ liệu giám sát phụ thuộc tự động - quảng bá (ADS-B),,,t,,"Model: Máy thu ADS-B AX 680 | Serial: 00862/2138442, 00860/2138441 | Mục đích: Hỗ trợ điều hành bay TWR Tuy Hòa; dự phòng tầm phủ ra đa cho ACC HCM | Nguồn: GP 3314/GP-CHK",hoat_dong,,,e43c5d4b-3c3c-4486-89da-73e9ac747ab4,,2026-07-14 14:32:36.52979+00,2026-07-17 07:27:24.789697+00,e96be350-6615-441a-91f5-53ad976e91b3,,,,
4c5eee0c-dc41-452d-b024-01fd8ae1a964,33e70531-bcbc-4083-be08-066c9e79394d,TPHT_001094,"Thiết bị đo đạc quan trắc thông dụng (đo nhiệt độ, độ ẩm, đo gió hiển thị số và khí áp hiển thị số)",,,t,,Model: Thiết bị thủ công | Serial: Gió WindObserver (GILL): 2302016; Khí áp PTB 330: V0821316; Nhiệt kế WQG-11: 60 và 41 | Mục đích: Làm dự phòng đo các yếu tố khí tượng và cung cấp số liệu phục vụ hoạt động bay | Nguồn: GP 4855/GP-CHK,hoat_dong,,,46e84da7-5a8b-4a79-aa46-2fb4bae1ff26,,2026-07-14 14:32:36.52979+00,2026-07-17 07:27:24.789697+00,e96be350-6615-441a-91f5-53ad976e91b3,,,,
4df3aef7-4d0a-426a-8428-5c71c660ec68,bbce7c36-88e7-4b62-a983-f9fabe61eb04,TPHT_001095,Máy thu phát VHF thoại không - địa,,,t,,"Model: Máy phát: SU4200; Máy thu: EU4200C | Serial: Máy chính: 106629 (SU4200); 106539 (EU4200C); Máy dự phòng: 106626, 106627, 105862, 105858… | Mục đích: Kiểm soát tàu bay lăn (GCU DAN) | Nguồn: GP 5856/GP-CHK",hoat_dong,,,c3231147-e403-4afa-838f-04026ffa8f7d,,2026-07-14 14:32:36.52979+00,2026-07-17 07:27:24.789697+00,e96be350-6615-441a-91f5-53ad976e91b3,,,,
4e54ea05-68a0-481b-8be3-85785c639c82,c6622ed5-a311-43b5-a527-900edfc6d197,TPHT_001096,Máy thu phát VHF thoại không - địa,,,t,,Model: Máy phát: T6-TV; máy thu: T6-RV | Serial: Máy chính: 407044 (T6TV); 407017 (T6RV); Máy dự phòng: 407031 (T6TV); 407016 (T6RV) | Mục đích: Điều hành bay (Phân khu 5 ACC HCM) | Nguồn: GP 6289/GP-CHK,hoat_dong,,,38692b13-0732-44b4-86e7-c9b91bb0077c,,2026-07-14 14:32:36.52979+00,2026-07-17 07:27:24.789697+00,e96be350-6615-441a-91f5-53ad976e91b3,,,,
563a3a03-7054-4745-8a8f-8f1370c7a09a,9c312ced-118b-4ce3-8f00-45b7c41e6453,TPHT_001098,Thiết bị đo đạc quan trắc thông dụng (đo gió hiển thị số và khí áp hiển thị số),,,t,,"Model: Thiết bị điện tử đo nhiệt độ, độ ẩm và khí áp hiển thị số 1.1006.54.080 | Serial: 09230013 | Mục đích: Làm dự phòng đo các yếu tố khí tượng và cung cấp số liệu phục vụ hoạt động bay | Nguồn: GP 973/GP-CHK",hoat_dong,,,581d9350-905f-46da-b45e-c2d8aba4d868,,2026-07-14 14:32:36.52979+00,2026-07-17 07:27:24.789697+00,e96be350-6615-441a-91f5-53ad976e91b3,,,,
58336405-b170-406a-a856-ae020b46acb8,a7a81f1c-f0f3-400b-83b5-26b1cdb68193,TPHT_001099,Máy thu phát VHF thoại không - địa,,,t,,"Model: Máy phát: Park Air B6350, Jotron TA7650; Máy thu: Park Air B6100 | Serial: Máy chính: 3S9312 (B6350); 274262 (B6100); máy dự phòng: 01236 (TA7650); 3S13596 (B6100) | Mục đích: Điều hành bay (Dự phòng phân khu 4 - ACC HAN) | Nguồn: GP 4028/GP-CHK",hoat_dong,,,b91944b0-f556-47dd-ae34-c9c8368a18fc,,2026-07-14 14:32:36.52979+00,2026-07-17 07:27:24.789697+00,e96be350-6615-441a-91f5-53ad976e91b3,,,,
58ea8c1b-9eef-4dd7-a0dc-8874aa11acb8,b3a13c3a-8bb8-4f1f-9e90-b84f811a641f,TPHT_001100,Thiết bị ghi âm,,,t,,Model: ATIS UHER VoiceCollect MD-x và ATTECH RECODER AR-16-A Standard | Serial: Máy chính: 049002-400442; máy dự phòng: 015 | Mục đích: Ghi âm liên lạc thoại không - địa (A/G) và địa - địa (G/G) | Nguồn: GP 3623/GP-CHK,hoat_dong,,,581d9350-905f-46da-b45e-c2d8aba4d868,,2026-07-14 14:32:36.52979+00,2026-07-17 07:27:24.789697+00,e96be350-6615-441a-91f5-53ad976e91b3,,,,
5b6eca87-e74f-406d-a524-29544bb192fa,c55cf610-3503-410f-8d34-8b270ffd64b5,TPHT_001101,"Hệ thống thu thập, xử lý số liệu khí tượng cơ bản (GTS)",,,t,,"Model: Máy tính thông tin điền đồ, máy vẽ | Serial: Không áp dụng | Mục đích: Tạo các bản đồ, giản đồ thời tiết phục vụ công tác dự báo, cảnh báo thời tiết sân bay | Nguồn: GP 1061/GP-CHK",hoat_dong,,,c3231147-e403-4afa-838f-04026ffa8f7d,,2026-07-14 14:32:36.52979+00,2026-07-17 07:27:24.789697+00,e96be350-6615-441a-91f5-53ad976e91b3,,,,
5d731066-f2f6-4985-ae17-a767e0803c6e,7abf263b-d89e-463f-9199-b1d07eb60ed6,TPHT_001102,Máy thu phát VHF thoại không - địa,,,t,,Model: Máy phát: TA-7650; Máy thu: RA-7203 | Serial: Máy chính: 11320 (TA-7650); 12404 (RA-7203); Máy dự phòng: 11319 (TA-7650); 12403 (RA-7203) | Mục đích: Điều hành bay (Phân khu 2 - ACC HCM) | Nguồn: GP 6823/GP-CHK,hoat_dong,,,38692b13-0732-44b4-86e7-c9b91bb0077c,,2026-07-14 14:32:36.52979+00,2026-07-17 07:27:24.789697+00,e96be350-6615-441a-91f5-53ad976e91b3,,,,
5f9c39ed-c34c-4085-a59b-0e933466b044,bb6ca168-63d0-4054-bbff-94fecc06d7bd,TPHT_001103,Ghi âm,,,t,,Model: Atis Advantage PL4600 | Serial: 4K80PL11301701 / 4K80PL11301702 | Mục đích: Ghi âm liên lạc thoại không - địa (A/G) và điểm nối điểm (G/G) | Nguồn: GP 4730/GP-CHK,hoat_dong,,,c3231147-e403-4afa-838f-04026ffa8f7d,,2026-07-14 14:32:36.52979+00,2026-07-17 07:27:24.789697+00,e96be350-6615-441a-91f5-53ad976e91b3,,,,
61663235-860e-4a2d-9456-2fc25ef4e7a8,de1459f1-dcb1-4665-9ba9-5540417f6d01,TPHT_001104,Hệ thống chuyển mạch thoại (VCCS),,,t,,Model: R&S VCS-4G | Serial: 6424049796894 | Mục đích: Phục vụ điều hành bay | Nguồn: GP 2833/GP-CHK,hoat_dong,,,581d9350-905f-46da-b45e-c2d8aba4d868,,2026-07-14 14:32:36.52979+00,2026-07-17 07:27:24.789697+00,e96be350-6615-441a-91f5-53ad976e91b3,,,,
6180b87e-18a5-434f-927b-a90ca3b63998,360d66e6-53bf-43dc-93ad-ee1cfb942ed4,TPHT_001105,Hệ thống chuyển mạch thoại (VCCS),,,t,,Model: Frequentis VCS3020X | Serial: VCS 3020X Rel 8.0 | Mục đích: Phục vụ điều hành bay | Nguồn: GP 615/GP-CHK,hoat_dong,,,c3231147-e403-4afa-838f-04026ffa8f7d,,2026-07-14 14:32:36.52979+00,2026-07-17 07:27:24.789697+00,e96be350-6615-441a-91f5-53ad976e91b3,,,,
6a817121-de86-4e4c-b109-9d735ad07084,1048831c-985f-452d-a1ea-8e832d6eb690,TPHT_001106,"Thiết bị đo đạc quan trắc thông dụng (đo nhiệt độ, độ ẩm, đo gió hiển thị số và khí áp hiển thị số)",,,t,,"Model: Thiết bị điện tử đo nhiệt độ, độ ẩm và khí áp hiển thị số 1.1006.54.080 | Serial: 09230017 | Mục đích: Làm dự phòng đo các yếu tố khí tượng và cung cấp số liệu phục vụ hoạt động bay | Nguồn: GP 971/GP-CHK",hoat_dong,,,141337b4-f2fa-4438-808f-0d10cfeedb85,,2026-07-14 14:32:36.52979+00,2026-07-17 07:27:24.789697+00,e96be350-6615-441a-91f5-53ad976e91b3,,,,
6cbcc68b-5668-4b8b-9d54-a56bc2b39a97,89f3eb33-479e-4e7a-9c5c-a50dfe97154c,TPHT_001107,"Thiết bị đo đạc quan trắc thông dụng (thiết bị điện tử đo nhiệt độ, độ ẩm và khí áp hiển thị số)",,,t,,"Model: Thiết bị điện tử đo nhiệt độ, độ ẩm và khí áp hiển thị số 1.1006.54.080 | Serial: 09230019 | Mục đích: Làm dự phòng đo các yếu tố khí tượng và cung cấp số liệu phục vụ hoạt động bay | Nguồn: GP 970/GP-CHK",hoat_dong,,,e43c5d4b-3c3c-4486-89da-73e9ac747ab4,,2026-07-14 14:32:36.52979+00,2026-07-17 07:27:24.789697+00,e96be350-6615-441a-91f5-53ad976e91b3,,,,
6d175e9f-b09f-49a8-9047-a6d7c3c82a88,5ae20f2b-30dc-409c-95db-68b98b79c94e,TPHT_001108,Hệ thống quan trắc thời tiết tự động OPTIMET,,,t,,Model: OPTIMET | Serial: BJQ8B2S; CJQ8B2S | Mục đích: Quan trắc và báo cáo thời tiết sân bay phục vụ hoạt động bay | Nguồn: GP 992/GP-CHK,hoat_dong,,,f59bf0bd-520b-4245-80db-dc71b7187bf1,,2026-07-14 14:32:36.52979+00,2026-07-17 07:27:24.789697+00,e96be350-6615-441a-91f5-53ad976e91b3,,,,
6d9f649c-9761-4535-8597-0e0de7d1f309,6796d9c4-efc7-400f-84f4-ac0e804526d8,TPHT_001109,Ghi âm và ghi hình,,,t,,Model: Attech - VVR - V1 | Serial: Máy chính: 001; máy dự phòng: 002 | Mục đích: Phục vụ điều hành bay | Nguồn: GP 4026/GP-CHK,hoat_dong,,,f59bf0bd-520b-4245-80db-dc71b7187bf1,,2026-07-14 14:32:36.52979+00,2026-07-17 07:27:24.789697+00,e96be350-6615-441a-91f5-53ad976e91b3,,,,
6eeab1b2-7d29-40ba-af97-9cfe8b2ae986,0a05b9c3-b63a-4f0d-b26a-8067e9646539,TPHT_001110,Máy thu phát VHF thoại không - địa,,,t,,"Model: Máy phát SU451 & VU490; Máy thu RA5002 | Serial: Máy chính: 329043/011 (SU451); 323701/040 (VU490); 441 (RA5002). Máy dự phòng: 329746/087 (SU451); 323701/007 (VU490); 440 (RA5002) | Mục đích: Điều hành bay (Phân khu 3, ACC HAN - Dự phòng) | Nguồn: GP 2953/GP-CHK",hoat_dong,,,b91944b0-f556-47dd-ae34-c9c8368a18fc,,2026-07-14 14:32:36.52979+00,2026-07-17 07:27:24.789697+00,e96be350-6615-441a-91f5-53ad976e91b3,,,,
72972984-0a04-4272-a9b1-9f4312bbac36,9c312ced-118b-4ce3-8f00-45b7c41e6453,TPHT_001111,Thiết bị đo đạc quan trắc thông dụng (đo gió hiển thị số và khí áp hiển thị số),,,t,,Model: Thiết bị thủ công | Serial: Gió WindObserver (GILL): 2302019; Khí áp PTB 330: V0821315 | Mục đích: Làm dự phòng đo các yếu tố khí tượng và cung cấp số liệu phục vụ hoạt động bay | Nguồn: GP 4854/GP-CHK,hoat_dong,,,581d9350-905f-46da-b45e-c2d8aba4d868,,2026-07-14 14:32:36.52979+00,2026-07-17 07:27:24.789697+00,e96be350-6615-441a-91f5-53ad976e91b3,,,,
7618df22-9f59-44c4-ad28-13fbfc4fb4cc,4fea5c20-230a-4be7-a878-2a88882474c5,TPHT_001112,Máy thu phát VHF thoại không - địa,,,t,,Model: Máy phát: Jotron TA-7650; Máy thu: Jotron RA-7203 | Serial: Máy chính: 06731 (TA7650); 07565 (RA7203); Máy dự phòng: 06730 (TA7650); 07564 (RA7203) | Mục đích: Điều hành bay (Phân khu 1 - ACC HCM) | Nguồn: GP 6826/GP-CHK,hoat_dong,,,38692b13-0732-44b4-86e7-c9b91bb0077c,,2026-07-14 14:32:36.52979+00,2026-07-17 07:27:24.789697+00,e96be350-6615-441a-91f5-53ad976e91b3,,,,
776acdf6-54c4-44c7-a9c9-9b53d517cf6f,8a8e370a-fd38-4a5b-97a3-13b54178e74c,TPHT_001113,Máy thu phát VHF thoại không - địa,,,t,,"Model: Máy phát: TA-7650, SU4200; Máy thu: RA-7203, EU4200C | Serial: Máy chính: 01162 (TA-7650), 00884 (RA-7203); Máy dự phòng: 00901, 6134, 11324, 11321 (TA-7650) và các máy thu/phát dự phòng | Mục đích: Điều hành bay (CTL DAN) | Nguồn: GP 3810/GP-CHK",hoat_dong,,,c3231147-e403-4afa-838f-04026ffa8f7d,,2026-07-14 14:32:36.52979+00,2026-07-17 07:27:24.789697+00,e96be350-6615-441a-91f5-53ad976e91b3,,,,
79e5c5ad-cf9d-4dff-9148-9cf7b28ab035,688f3252-355d-48f5-93c2-813d7a9ce198,TPHT_001114,Máy thu phát VHF thoại không - địa,,,t,,"Model: Máy phát: SU4200, TA-7650; Máy thu: EU4200C, RA-7203; Máy thu phát: IC-A200 | Serial: Máy chính: 105879 (SU4200), 105824 (EU4200C). Máy dự phòng: 105878, 105880 (SU4200), 105822, 105823 (EU4200C); 20938 (TA-7650), 21050 (RA-7203); 14248 (IC-A200) | Mục đích: Liên lạc trên tần số khẩn nguy 121,5 MHz (TWR Chu Lai) | Nguồn: GP 624/GP-CHK",hoat_dong,,,141337b4-f2fa-4438-808f-0d10cfeedb85,,2026-07-14 14:32:36.52979+00,2026-07-17 07:27:24.789697+00,e96be350-6615-441a-91f5-53ad976e91b3,,,,
7d61bc2a-4774-49f1-9029-eed11dbeb27f,b898fe53-66b6-4bac-8d9d-b58b4b79d722,TPHT_001115,Trạm thu dữ liệu giám sát phụ thuộc tự động - quảng bá (ADS-B),,,t,,"Model: Máy thu ADS-B AX 680 | Serial: 00942/2138427, 00917/2138428 | Mục đích: Hỗ trợ điều hành bay TWR Phù Cát; phục vụ CTL/APP Đà Nẵng, ACC Hà Nội, ACC Hồ Chí Minh | Nguồn: GP 4893/GP-CHK",hoat_dong,,,46e84da7-5a8b-4a79-aa46-2fb4bae1ff26,,2026-07-14 14:32:36.52979+00,2026-07-17 07:27:24.789697+00,e96be350-6615-441a-91f5-53ad976e91b3,,,,
7da2c253-ff7c-4879-8863-e1e02f4d14e0,bc31dd94-29dd-488d-b4f4-a1238f70c857,TPHT_001116,Máy thu phát VHF thoại không - địa,,,t,,"Model: Máy phát: TA-7625, SU4200; Máy thu: RA-7203, EU4200C | Serial: Máy chính: 00791 (TA-7625), 00817 (RA-7203); Máy dự phòng: 00836 (TA-7625), 00814 (RA-7203); 1058xx (SU4200/EU4200C) | Mục đích: Điều hành bay (TWR DAN) | Nguồn: GP 5853/GP-CHK",hoat_dong,,,c3231147-e403-4afa-838f-04026ffa8f7d,,2026-07-14 14:32:36.52979+00,2026-07-17 07:27:24.789697+00,e96be350-6615-441a-91f5-53ad976e91b3,,,,
828c3b82-9612-46f1-8d36-d46f50880b48,b0668377-a642-432b-bf11-d54e738b91ed,TPHT_001117,Máy thu phát VHF thoại không - địa,,,t,,"Model: Máy phát: Jotron TA-7625, TA-7650, SU4200; Máy thu: Jotron RA-7203, EU4200C | Serial: Máy chính: 00837 (TA-7625), 00816 (RA-7203); Máy dự phòng: 00790 (TA-7625), 6134 (TA-7650)… | Mục đích: Liên lạc trên tần số khẩn nguy 121,5 MHz (CTL/APP/TWR/GCU DAN) | Nguồn: GP 5855/GP-CHK",hoat_dong,,,c3231147-e403-4afa-838f-04026ffa8f7d,,2026-07-14 14:32:36.52979+00,2026-07-17 07:27:24.789697+00,e96be350-6615-441a-91f5-53ad976e91b3,,,,
828dd7c0-b38d-42e4-8443-83226fb3c9e1,0b7e4c54-e070-4966-a436-6ec34964c371,TPHT_001118,Hệ thống ra đa giám sát thứ cấp (MSSR),,,t,,Model: Indra MSSR IRS-20MP/S 2NA | Serial: 1440-0020 | Mục đích: Phục vụ điều hành bay FIR HCM/HAN và APP Đà Nẵng | Nguồn: GP 5089/GP-CHK,hoat_dong,,,b91944b0-f556-47dd-ae34-c9c8368a18fc,,2026-07-14 14:32:36.52979+00,2026-07-17 07:27:24.789697+00,e96be350-6615-441a-91f5-53ad976e91b3,,,,
8746abe2-8dea-4391-a0bd-3ed8beb807d2,f1857ffb-e969-465d-b690-c958b1950afc,TPHT_001119,Máy thu phát VHF thoại không - địa,,,t,,"Model: Máy phát: Park Air T6T; Máy thu: Park Air T6R | Serial: Máy chính: 6U11305 (T6T), 6U16861 (T6R). Máy dự phòng: 6U11310 (T6T), 6U16867 (T6R) | Mục đích: Điều hành bay (dự phòng Phân khu 4 - ACC HAN) | Nguồn: GP 4548/GP-CHK",hoat_dong,,,141337b4-f2fa-4438-808f-0d10cfeedb85,,2026-07-14 14:32:36.52979+00,2026-07-17 07:27:24.789697+00,e96be350-6615-441a-91f5-53ad976e91b3,,,,
87ed0814-23da-42cd-89aa-35447eae02fb,1b4a53cd-3661-4222-9fa9-7bedea9738c0,TPHT_001120,Trạm thu dữ liệu giám sát phụ thuộc tự động - quảng bá (ADS-B),,,t,,"Model: Máy thu ADS-B AX 680 | Serial: Receiver/Site Monitor: 00913/2138429, 00915/2138430 | Mục đích: Hỗ trợ điều hành bay TWR Chu Lai; tăng cường dự phòng tầm phủ ra đa giám sát cho CTL/APP Đà Nẵng, ACC Hà Nội, ACC Hồ Chí Minh | Nguồn: GP 4892/GP-CHK",hoat_dong,,,141337b4-f2fa-4438-808f-0d10cfeedb85,,2026-07-14 14:32:36.52979+00,2026-07-17 07:27:24.789697+00,e96be350-6615-441a-91f5-53ad976e91b3,,,,
882d19ea-c2e7-41f6-a11c-6dd7a5ac2cfc,987abb41-d80b-48cb-bf7b-a97bf0971ac6,TPHT_001121,Máy thu phát VHF thoại không - địa,,,t,,"Model: Máy phát: SU4200; Máy thu: EU4200C | Serial: Máy chính: 106628 (SU4200); 106540 (EU4200C); Máy dự phòng: 106626, 106627, 105862, 105858… | Mục đích: Kiểm soát tàu bay lăn (GCU DAN) | Nguồn: GP 5857/GP-CHK",hoat_dong,,,c3231147-e403-4afa-838f-04026ffa8f7d,,2026-07-14 14:32:36.52979+00,2026-07-17 07:27:24.789697+00,e96be350-6615-441a-91f5-53ad976e91b3,,,,
8b808543-5f6a-4c9a-9a66-3ca4a4d20d31,7f40beb2-5d47-4f4a-b7df-35cd1cca56ae,TPHT_001122,Hệ thống quan trắc khí tượng tự động D-AW21,,,t,,Model: D-AW21 | Serial: 3NC3QY3; 4NC3QY3 | Mục đích: Quan trắc và báo cáo thời tiết sân bay phục vụ hoạt động bay | Nguồn: GP 1206/GP-CHK,hoat_dong,,,e43c5d4b-3c3c-4486-89da-73e9ac747ab4,,2026-07-14 14:32:36.52979+00,2026-07-17 07:27:24.789697+00,e96be350-6615-441a-91f5-53ad976e91b3,,,,
8cd16746-ab63-432b-800b-d3f9492dfb63,64e6ccdc-ae7d-4e06-80e4-c0f6a7a70346,TPHT_001123,Máy thu phát VHF thoại không - địa,,,t,,"Model: Máy phát: SU4200, TA-7650; Máy thu: EU4200C, RA-7203 | Serial: Máy chính: 105870 (SU4200); 105817 (EU4200C); Máy dự phòng: 105866, 105856, 105857, 105860… | Mục đích: Điều hành bay (APP DAN) | Nguồn: GP 5854/GP-CHK",hoat_dong,,,c3231147-e403-4afa-838f-04026ffa8f7d,,2026-07-14 14:32:36.52979+00,2026-07-17 07:27:24.789697+00,e96be350-6615-441a-91f5-53ad976e91b3,,,,
8dcc8cb9-58a7-4ef6-906b-8204f7f7d698,84d8fc04-de52-4ea1-b9fb-21d080b27ae5,TPHT_001124,Thiết bị ghi âm,,,t,,Model: AR-32-A/Attech | Serial: Máy chính: 002; Máy dự phòng: 003 | Mục đích: Ghi âm liên lạc thoại không - địa (A/G) và địa - địa (G/G) | Nguồn: GP 2835/GP-CHK,hoat_dong,,,f59bf0bd-520b-4245-80db-dc71b7187bf1,,2026-07-14 14:32:36.52979+00,2026-07-17 07:27:24.789697+00,e96be350-6615-441a-91f5-53ad976e91b3,,,,
914f4433-a37d-4896-bde6-a8b34e6c8349,bb5b5939-4377-41f0-bd28-b143c61eac15,TPHT_001125,Hệ thống xử lý dữ liệu ra đa (RDP),,,t,,"Model: Hệ thống xử lý dữ liệu ra đa, ADS-B | Serial: Tại Phụ lục 1 kèm theo | Mục đích: Phục vụ điều hành bay (APP/TWR Cam Ranh) | Nguồn: GP 3781/GP-CHK",hoat_dong,,,f59bf0bd-520b-4245-80db-dc71b7187bf1,,2026-07-14 14:32:36.52979+00,2026-07-17 07:27:24.789697+00,e96be350-6615-441a-91f5-53ad976e91b3,,,,
c46ff28c-7407-451b-a8fa-a50e7969741c,75979ae0-c2f6-40c3-aa1a-935b6f8c3b9b,TPHT_001146,Hệ thống xử lý dữ liệu ra đa (RDP),,,t,,"Model: Hệ thống xử lý dữ liệu ra đa, ADS-B Aircon | Serial: Tại Phụ lục 1 kèm theo | Mục đích: Phục vụ điều hành bay (CTL/APP/TWR Đà Nẵng) | Nguồn: GP 1510/GP-CHK",hoat_dong,,,c3231147-e403-4afa-838f-04026ffa8f7d,,2026-07-14 14:32:36.52979+00,2026-07-17 07:27:24.789697+00,e96be350-6615-441a-91f5-53ad976e91b3,,,,
916b3865-807a-47ee-a2cc-38ca097f683a,c6622ed5-a311-43b5-a527-900edfc6d197,TPHT_001126,Máy thu phát VHF thoại không - địa,,,t,,"Model: Máy phát: Jotron TA-7650, PAV-200; Máy thu: Jotron RA-7203 | Serial: Máy chính: 06141 (TA-7650), 00120 (PAV-200), 00880 (RA-7203); máy dự phòng: 01237 (TA-7650), 00119 (PAV-200), 06886 (RA-7203) | Mục đích: Điều hành bay (Dự phòng Phân khu 5 - ACC HCM) | Nguồn: GP 4029/GP-CHK",hoat_dong,,,38692b13-0732-44b4-86e7-c9b91bb0077c,,2026-07-14 14:32:36.52979+00,2026-07-17 07:27:24.789697+00,e96be350-6615-441a-91f5-53ad976e91b3,,,,
9388f12c-6705-450b-8a2f-67ecae536cbe,1b3bf7aa-db38-4e39-8990-37542b798b5f,TPHT_001127,Hệ thống chuyển mạch thoại (VCCS),,,t,,Model: R&S VCS-4G | Serial: 6424049796870 | Mục đích: Phục vụ điều hành bay | Nguồn: GP 5852/GP-CHK,hoat_dong,,,141337b4-f2fa-4438-808f-0d10cfeedb85,,2026-07-14 14:32:36.52979+00,2026-07-17 07:27:24.789697+00,e96be350-6615-441a-91f5-53ad976e91b3,,,,
99ea6985-ea05-404d-9a35-31d3faf67e04,a96041a8-8fbe-4fed-8a98-b9d60c8600c7,TPHT_001128,"Thiết bị đo đạc quan trắc thông dụng (đo nhiệt độ, độ ẩm, đo gió hiển thị số và khí áp hiển thị số)",,,t,,"Model: Thiết bị điện tử đo nhiệt độ, độ ẩm và khí áp hiển thị số 1.1006.54.080 | Serial: 09230016 | Mục đích: Làm dự phòng đo các yếu tố khí tượng và cung cấp số liệu phục vụ hoạt động bay | Nguồn: GP 972/GP-CHK",hoat_dong,,,8b408897-b25d-4ece-91ba-d97dfacec283,,2026-07-14 14:32:36.52979+00,2026-07-17 07:27:24.789697+00,e96be350-6615-441a-91f5-53ad976e91b3,,,,
9dd6a310-b848-4848-8cec-ca2c097e7471,2ff61646-a8e8-40ac-a328-9671e72ea0d5,TPHT_001130,Máy thu phát VHF thoại không - địa,,,t,,"Model: Máy phát: SU4200, TA-7650; Máy thu: EU4200C, RA-7203; Máy thu phát: IC-A200 | Serial: Máy chính: 105877 (SU4200), 105825 (EU4200C). Máy dự phòng: 105878, 105880 (SU4200), 105822, 105823 (EU4200C); 20938 (TA-7650), 21050 (RA-7203); 14248 (IC-A200) | Mục đích: Điều hành bay (TWR Chu Lai) | Nguồn: GP 622/GP-CHK",hoat_dong,,,141337b4-f2fa-4438-808f-0d10cfeedb85,,2026-07-14 14:32:36.52979+00,2026-07-17 07:27:24.789697+00,e96be350-6615-441a-91f5-53ad976e91b3,,,,
9e77a1be-a622-4cac-a9a7-f945d23d59f5,67854a57-f71b-46cf-b2da-cf2c5f62117d,TPHT_001131,Hệ thống quan trắc khí tượng tự động AW11,,,t,,Model: AW11 | Serial: T53202 | Mục đích: Quan trắc và báo cáo thời tiết sân bay phục vụ hoạt động bay | Nguồn: GP 4342/GP-CHK,hoat_dong,,,e43c5d4b-3c3c-4486-89da-73e9ac747ab4,,2026-07-14 14:32:36.52979+00,2026-07-17 07:27:24.789697+00,e96be350-6615-441a-91f5-53ad976e91b3,,,,
9e77bb8e-c5f0-49fa-86eb-05dabaf0f370,2895b9ad-dab8-49c8-a26a-47241cef0c2e,TPHT_001132,Máy thu phát VHF thoại không - địa,,,t,,"Model: Máy phát: SU4200; Máy thu: EU4200C | Serial: Tại Phụ lục kèm theo | Mục đích: Điều hành bay (Phân khu 4, ACC Hà Nội) | Nguồn: GP 1970/GP-CHK",hoat_dong,,,b91944b0-f556-47dd-ae34-c9c8368a18fc,,2026-07-14 14:32:36.52979+00,2026-07-17 07:27:24.789697+00,e96be350-6615-441a-91f5-53ad976e91b3,,,,
a1c39d12-2790-42fa-a00b-e8cf45dfcf77,33e70531-bcbc-4083-be08-066c9e79394d,TPHT_001133,"Thiết bị đo đạc quan trắc thông dụng (thiết bị điện tử đo nhiệt độ, độ ẩm và khí áp hiển thị số)",,,t,,"Model: Thiết bị điện tử đo nhiệt độ, độ ẩm và khí áp hiển thị số 1.1006.54.080 | Serial: 09230015 | Mục đích: Làm dự phòng đo các yếu tố khí tượng và cung cấp số liệu phục vụ hoạt động bay | Nguồn: GP 969/GP-CHK",hoat_dong,,,46e84da7-5a8b-4a79-aa46-2fb4bae1ff26,,2026-07-14 14:32:36.52979+00,2026-07-17 07:27:24.789697+00,e96be350-6615-441a-91f5-53ad976e91b3,,,,
a3e7607f-368c-458d-8838-aadcaec4754b,6cba7a87-8f90-4d07-8bea-2f196ccfa6b6,TPHT_001135,Máy thu phát VHF thoại không - địa,,,t,,"Model: Máy phát: Park Air T6T; máy thu: Park Air T6R; máy thu phát: Park Air T6TR, XU-4200 | Serial: Máy chính: 274264 (T6T); 274157 (T6R); Máy dự phòng: 274265 (T6T); 173704 (T6R); 274268 (T6TR); 104268 (XU4200) | Mục đích: Điều hành bay (APP Cam Ranh) | Nguồn: GP 5415/GP-CHK",hoat_dong,,,f59bf0bd-520b-4245-80db-dc71b7187bf1,,2026-07-14 14:32:36.52979+00,2026-07-17 07:27:24.789697+00,e96be350-6615-441a-91f5-53ad976e91b3,,,,
a4b95181-7360-4a2b-ae26-6432ccce8ec7,4fbd5536-e530-4f9b-97d3-d194186c33de,TPHT_001136,Hệ thống quan trắc thời tiết tự động IMS,,,t,,Model: IMS | Serial: TX000843; 1M31X63 | Mục đích: Quan trắc và báo cáo thời tiết sân bay phục vụ hoạt động bay | Nguồn: GP 608/GP-CHK,hoat_dong,,,141337b4-f2fa-4438-808f-0d10cfeedb85,,2026-07-14 14:32:36.52979+00,2026-07-17 07:27:24.789697+00,e96be350-6615-441a-91f5-53ad976e91b3,,,,
a5635254-bf04-43b9-83ad-058af7386ff2,ce27df84-7054-4032-bfe7-efdb0bd119f4,TPHT_001137,Hệ thống quan trắc khí tượng tự động AWOS 900,,,t,,Model: AWOS 900 | Serial: JG94L44; HG94L44 | Mục đích: Quan trắc và báo cáo thời tiết sân bay phục vụ điều hành bay | Nguồn: GP 1018/GP-CHK,hoat_dong,,,581d9350-905f-46da-b45e-c2d8aba4d868,,2026-07-14 14:32:36.52979+00,2026-07-17 07:27:24.789697+00,e96be350-6615-441a-91f5-53ad976e91b3,,,,
a5cf542d-9ffd-4d8f-8667-ef7fc1df0361,537ab6d4-f60f-4495-b4a0-9b3d3a3caf51,TPHT_001138,Máy thu phát VHF thoại không - địa,,,t,,"Model: Máy phát: SU4200, TA-7650; Máy thu: EU4200C, RA-7203 | Serial: Máy chính: 105871 (SU4200), 105816 (EU4200C); Máy dự phòng: 105872, 105859, 105860… | Mục đích: Điều hành bay (CTL/APP DAN) | Nguồn: GP 5858/GP-CHK",hoat_dong,,,c3231147-e403-4afa-838f-04026ffa8f7d,,2026-07-14 14:32:36.52979+00,2026-07-17 07:27:24.789697+00,e96be350-6615-441a-91f5-53ad976e91b3,,,,
9eb82319-89e7-49fe-adbc-8b2c581e45ed,1e44141b-e2de-49d2-930b-5886ba6a3b38,TPHT_W9JTAZZP,a2 test,,,t,,a2,hoat_dong,,,c3231147-e403-4afa-838f-04026ffa8f7d,7b178d3c-127b-4bdd-a77c-a3013cdf365b,2026-07-23 04:21:46.123941+00,2026-07-23 04:31:41.888128+00,,,,,
a670966e-7930-4baf-beca-ef5edad14770,89f3eb33-479e-4e7a-9c5c-a50dfe97154c,TPHT_001139,"Thiết bị đo đạc quan trắc thông dụng (đo nhiệt độ, độ ẩm, đo gió hiển thị số và khí áp hiển thị số)",,,t,,Model: Thiết bị thủ công | Serial: Gió WindObserver (GILL): 2302009; Khí áp PTB 330: V0821329; Nhiệt kế WQG-11: 1 và 24 | Mục đích: Làm dự phòng đo các yếu tố khí tượng và cung cấp số liệu phục vụ hoạt động bay | Nguồn: GP 4857/GP-CHK,hoat_dong,,,e43c5d4b-3c3c-4486-89da-73e9ac747ab4,,2026-07-14 14:32:36.52979+00,2026-07-17 07:27:24.789697+00,e96be350-6615-441a-91f5-53ad976e91b3,,,,
aac49319-0e14-4a38-9e57-16462a64b53f,7e234c94-71fa-4af2-9f0e-fb0996d441ba,TPHT_001140,Máy thu phát VHF thoại không - địa,,,t,,Model: Máy phát: T6-TV; máy thu: T6-RV | Serial: Máy chính: 407043 (T6TV); 407014 (T6RV); Máy dự phòng: 407042 (T6TV); 407022 (T6RV) | Mục đích: Điều hành bay (Phân khu 5 ACC HCM) | Nguồn: GP 6288/GP-CHK,hoat_dong,,,38692b13-0732-44b4-86e7-c9b91bb0077c,,2026-07-14 14:32:36.52979+00,2026-07-17 07:27:24.789697+00,e96be350-6615-441a-91f5-53ad976e91b3,,,,
b5d44473-45f1-45ca-b11a-863b631634fd,8b240798-7f64-41e7-a779-47ad6a0a45d6,TPHT_001141,Máy thu phát VHF thoại không - địa,,,t,,Model: Máy thu phát ICOM IC-A200 | Serial: 02737/03338 | Mục đích: Liên lạc phục vụ công tác tìm kiếm cứu nạn | Nguồn: GP 627/GP-CHK,hoat_dong,,,c3231147-e403-4afa-838f-04026ffa8f7d,,2026-07-14 14:32:36.52979+00,2026-07-17 07:27:24.789697+00,e96be350-6615-441a-91f5-53ad976e91b3,,,,
b69837c6-3531-438e-8094-1a5b7886fdb2,fe67be5d-51e7-4cb3-b681-24042d17834c,TPHT_001142,Máy thu phát VHF thoại không - địa,,,t,,"Model: Máy phát: SU4200, TA-7650; máy thu: EU4200C, RA-7203; máy thu phát: IC-A200 | Serial: Máy chính: 105881 (SU4200), 105826 (EU4200C); máy dự phòng: 105882, 105884 (SU4200); 105827, 105829 (EU4200C); 19714 (TA-7650)… | Mục đích: Điều hành bay (TWR Pleiku) | Nguồn: GP 3619/GP-CHK",hoat_dong,,,8b408897-b25d-4ece-91ba-d97dfacec283,,2026-07-14 14:32:36.52979+00,2026-07-17 07:27:24.789697+00,e96be350-6615-441a-91f5-53ad976e91b3,,,,
b7c8af78-cb8c-4bee-bb99-f6e913a86c13,76c379ec-e45d-48b7-b808-27c8ecfca5c0,TPHT_001143,Ghi âm,,,t,,Model: Attech Recoder AR-16-A Standard | Serial: Máy chính: 037; Máy dự phòng: 034 | Mục đích: Ghi âm liên lạc thoại không - địa (A/G) và điểm nối điểm (G/G) | Nguồn: GP 5083/GP-CHK,hoat_dong,,,e43c5d4b-3c3c-4486-89da-73e9ac747ab4,,2026-07-14 14:32:36.52979+00,2026-07-17 07:27:24.789697+00,e96be350-6615-441a-91f5-53ad976e91b3,,,,
bf85911f-bebd-4188-b47b-c677939b65e3,f9f78cdb-9a18-4c5c-82e9-7d454956170f,TPHT_001144,Máy thu phát VHF thoại không - địa,,,t,,Model: Máy phát: Park Air T6T; Máy thu: Park Air T6R | Serial: Máy chính: 6U11311 (T6T); 6U16873 (T6R). Máy dự phòng: 6U11307 (T6T); 6U16865 (T6R) | Mục đích: Điều hành bay (Dự phòng phân khu 3 - ACC Hà Nội) | Nguồn: GP 2829/GP-CHK,hoat_dong,,,b91944b0-f556-47dd-ae34-c9c8368a18fc,,2026-07-14 14:32:36.52979+00,2026-07-17 07:27:24.789697+00,e96be350-6615-441a-91f5-53ad976e91b3,,,,
c2096059-113f-4854-8fd9-7db134651b82,a0625061-0c6d-4e0b-b438-d696787ad746,TPHT_001145,Hệ thống quan trắc thời tiết tự động OPTIMET,,,t,,Model: OPTIMET | Serial: GL9W82S; HL9W82S | Mục đích: Quan trắc và báo cáo thời tiết sân bay phục vụ hoạt động bay | Nguồn: GP 2141/GP-CHK,hoat_dong,,,65ac5e26-b0a7-487e-a72d-3f0dfc3facc2,,2026-07-14 14:32:36.52979+00,2026-07-17 07:27:24.789697+00,e96be350-6615-441a-91f5-53ad976e91b3,,,,
c749dec9-07ff-4e58-bdc8-5a44c2eb1169,77e611b4-bebe-4d1b-8223-a1536015a91a,TPHT_001147,Máy thu phát VHF thoại không - địa,,,t,,Model: Máy phát: T6-TV; máy thu: T6-RV | Serial: Máy chính: 407048 (T6TV); 407057 (T6RV); Máy dự phòng: 407049 (T6TV); 407020 (T6RV) | Mục đích: Điều hành bay (Phân khu 1 ACC HCM) | Nguồn: GP 6278/GP-CHK,hoat_dong,,,38692b13-0732-44b4-86e7-c9b91bb0077c,,2026-07-14 14:32:36.52979+00,2026-07-17 07:27:24.789697+00,e96be350-6615-441a-91f5-53ad976e91b3,,,,
c92d25d8-ac36-40b6-9772-5b112c551dad,8b25c26d-d3bd-4e3b-bbf8-8d50e93e9e34,TPHT_001149,Hệ thống thông báo tin tức bán tự động tại khu vực sân bay (D-ATIS),,,t,,"Model: Máy phát Jotron TA-7650; Máy thu: EU4200C | Serial: Máy chính: 18176; Máy dự phòng: 18173; Máy thu: 105800 | Mục đích: Phát thanh bằng lời và phát dữ liệu về điều kiện thời tiết, phương thức tiếp cận, cất/hạ cánh | Nguồn: GP 607/GP-CHK",hoat_dong,,,c3231147-e403-4afa-838f-04026ffa8f7d,,2026-07-14 14:32:36.52979+00,2026-07-17 07:27:24.789697+00,e96be350-6615-441a-91f5-53ad976e91b3,,,,
cc3f4fef-19d7-4812-af09-c649cc5f6c5c,fc891ab6-c9f2-4508-81bd-1db46eb70aaf,TPHT_001150,Ghi âm,,,t,,Model: Atis Uher VoiceCollect MD-x và Attech AR-16-A Standard | Serial: Máy chính: 049002-401228; Máy dự phòng: 033 | Mục đích: Ghi âm liên lạc thoại không - địa (A/G) và địa - địa (G/G) | Nguồn: GP 602/GP-CHK,hoat_dong,,,141337b4-f2fa-4438-808f-0d10cfeedb85,,2026-07-14 14:32:36.52979+00,2026-07-17 07:27:24.789697+00,e96be350-6615-441a-91f5-53ad976e91b3,,,,
cc9e02ff-d5e3-4bfc-bf1f-c8c620fe1136,0ce7ee20-8254-4462-a388-b0a989109c17,TPHT_001151,Máy thu phát VHF thoại không - địa,,,t,,"Model: Máy phát: Park Air T6T, Jotron TA-7650; máy thu: Park Air T6R, Jotron RA-7203; máy thu phát: Park Air T6TR; R&S XU4200 | Serial: Máy chính: 274266 (T6T); 274159 (T6R). Máy dự phòng: 274267 (T6T), 274156 (T6R), 20939 (TA-7650), 21051 (RA-7203), 274268 (T6TR); 104270, 104268 (XU4200) | Mục đích: Điều hành bay (APP/TWR Cam Ranh - Dự phòng) | Nguồn: GP 625/GP-CHK",hoat_dong,,,f59bf0bd-520b-4245-80db-dc71b7187bf1,,2026-07-14 14:32:36.52979+00,2026-07-17 07:27:24.789697+00,e96be350-6615-441a-91f5-53ad976e91b3,,,,
ccac4e90-f3a1-4816-be0c-79891e05bab4,04c0eae7-fa31-4855-95cb-156499e9a279,TPHT_001152,Thiết bị đo đạc quan trắc thông dụng,,,t,,Model: Khí áp điện tử PA21 | Serial: S01402 | Mục đích: Làm dự phòng đo các yếu tố khí tượng và cung cấp số liệu phục vụ hoạt động bay | Nguồn: GP 2698/GP-CHK,hoat_dong,,,c3231147-e403-4afa-838f-04026ffa8f7d,,2026-07-14 14:32:36.52979+00,2026-07-17 07:27:24.789697+00,e96be350-6615-441a-91f5-53ad976e91b3,,,,
cdd4af57-9f3e-4347-a989-c3c1d76179cb,cc8602d3-1b8b-47c2-8423-f6102cdf80ae,TPHT_001153,Máy thu phát VHF thoại không - địa,,,t,,"Model: Máy phát: Park Air T6T, S5200VT; Máy thu: Park Air T6R, EU4200C | Serial: Máy chính: 6U11312 (T6T), 6U16868 (T6R); Máy dự phòng: 6U11314 (T6T), 6U16875 (T6R); 100439 (S5200VT), 100159 (EU4200C) | Mục đích: Điều hành bay (Phân khu 4 - ACC HAN) | Nguồn: GP 6812/GP-CHK",hoat_dong,,,141337b4-f2fa-4438-808f-0d10cfeedb85,,2026-07-14 14:32:36.52979+00,2026-07-17 07:27:24.789697+00,e96be350-6615-441a-91f5-53ad976e91b3,,,,
d21856f1-797e-457a-9dbe-07634c8021fb,2b254fef-8e00-4957-b0c8-e2adb4c97cc9,TPHT_001154,Ghi âm,,,t,,Model: Atis Uher VoiceCollect MD-x và Attech Recoder AR-16-A Standard | Serial: Máy chính: 049002-401229; Máy dự phòng: 001 | Mục đích: Ghi âm liên lạc thoại không - địa (A/G) và địa - địa (G/G) | Nguồn: GP 603/GP-CHK,hoat_dong,,,46e84da7-5a8b-4a79-aa46-2fb4bae1ff26,,2026-07-14 14:32:36.52979+00,2026-07-17 07:27:24.789697+00,e96be350-6615-441a-91f5-53ad976e91b3,,,,
da7ff924-d33f-456c-ab41-4259934bd4c5,7e234c94-71fa-4af2-9f0e-fb0996d441ba,TPHT_001155,Máy thu phát VHF thoại không - địa,,,t,,"Model: Máy phát: Jotron TA-7650/PAV200; Máy thu: Jotron RA-7203 | Serial: Máy chính: 00254 (PAV200), 7068 (TA7650); 8010 (RA7203); Máy dự phòng: 00253 (PAV200), 7069 (TA7650); 8011 (RA7203) | Mục đích: Điều hành bay (Phân khu 5 - ACC HCM) | Nguồn: GP 6542/GP-CHK",hoat_dong,,,38692b13-0732-44b4-86e7-c9b91bb0077c,,2026-07-14 14:32:36.52979+00,2026-07-17 07:27:24.789697+00,e96be350-6615-441a-91f5-53ad976e91b3,,,,
df231915-5b70-46d9-828a-6d859b8c70ec,2236fe1c-6896-4157-a310-ae0e094233f6,TPHT_001156,Hệ thống quan trắc thời tiết tự động IMS,,,t,,Model: IMS | Serial: YLGS021708; YLGS021707 | Mục đích: Quan trắc và báo cáo thời tiết sân bay phục vụ điều hành bay | Nguồn: GP 2146/GP-CHK,hoat_dong,,,8b408897-b25d-4ece-91ba-d97dfacec283,,2026-07-14 14:32:36.52979+00,2026-07-17 07:27:24.789697+00,e96be350-6615-441a-91f5-53ad976e91b3,,,,
e787301d-2bed-44d9-957b-3f1f04a27a9e,24edc9ca-96ca-4472-9080-6668cdd7bc1d,TPHT_001157,Hệ thống huấn luyện giả định không lưu (SIM),,,t,,Model: Hệ thống mô phỏng phục vụ huấn luyện | Serial: Không | Mục đích: Phục vụ huấn luyện kiểm soát viên không lưu APP/TWR thuộc Công ty QLB miền Trung | Nguồn: GP 2660/GP-CHK,hoat_dong,,,c3231147-e403-4afa-838f-04026ffa8f7d,,2026-07-14 14:32:36.52979+00,2026-07-17 07:27:24.789697+00,e96be350-6615-441a-91f5-53ad976e91b3,,,,
ed7777e3-fccb-44a2-8e6d-f9cac778c513,12ae8cb7-c2ed-40fd-ad8f-ba6fdea2131b,TPHT_001158,Máy thu phát VHF thoại không - địa,,,t,,"Model: Máy thu phát R&S XU4200, Park Air T6TR; Máy phát: Jotron TA-7650; máy thu Jotron RA-7203 | Serial: Máy chính: 104269 (XU4200). Máy dự phòng: 100100, 104268, 104270 (XU4200); 274268 (T6TR); 19712, 20939 (TA-7650), 19739, 21051 (RA-7203) | Mục đích: Liên lạc trên tần số khẩn nguy 121,5 MHz (APP/TWR/GCU Cam Ranh) | Nguồn: GP 623/GP-CHK",hoat_dong,,,f59bf0bd-520b-4245-80db-dc71b7187bf1,,2026-07-14 14:32:36.52979+00,2026-07-17 07:27:24.789697+00,e96be350-6615-441a-91f5-53ad976e91b3,,,,
f1766edc-9252-4c17-a579-bbd55dd93043,38cbcd04-2410-4ada-93ab-35156e468f9e,TPHT_001159,Máy thu phát VHF thoại không - địa,,,t,,"Model: Máy thu/phát: T6T/T6R, TA-7650/RA-7203; máy thu phát ICOM IC-A200 | Serial: Máy chính: 166197 (T6T), 166180 (T6R); máy dự phòng: 166194 (T6T), 166182 (T6R); 19715 (TA-7650), 19742 (RA-7203); 12786, 12335 (IC-A200) | Mục đích: Liên lạc trên tần số khẩn nguy 121,5 MHz (TWR Tuy Hòa) | Nguồn: GP 3618/GP-CHK",hoat_dong,,,e43c5d4b-3c3c-4486-89da-73e9ac747ab4,,2026-07-14 14:32:36.52979+00,2026-07-17 07:27:24.789697+00,e96be350-6615-441a-91f5-53ad976e91b3,,,,
f1e4cba0-eeee-42af-a5ae-a3e2e4d7d5c2,6042b0f8-e55f-48c4-83ac-e583bdb96b5c,TPHT_001160,Hệ thống ra đa giám sát sơ cấp (PSR),,,t,,Model: Indra PSR | Serial: 14390010 | Mục đích: Phục vụ điều hành bay FIR HAN/HCM và APP Đà Nẵng | Nguồn: GP 2955/GP-CHK,hoat_dong,,,b91944b0-f556-47dd-ae34-c9c8368a18fc,,2026-07-14 14:32:36.52979+00,2026-07-17 07:27:24.789697+00,e96be350-6615-441a-91f5-53ad976e91b3,,,,
f88c1d7c-5ea8-4e58-9064-0cb49633fb11,166da49c-c77b-40eb-86a5-78870d4f7936,TPHT_001161,Máy thu phát VHF thoại không - địa,,,t,,"Model: Máy thu/phát: T6R/T6T, TA-7650/RA-7203; máy thu phát ICOM IC-A200 | Serial: Máy chính: 166195 (T6T), 166179 (T6R); máy dự phòng: 166196 (T6T), 166181 (T6R); 19715 (TA-7650), 19742 (RA-7203); 12786, 12335 (IC-A200) | Mục đích: Điều hành bay (TWR Tuy Hòa) | Nguồn: GP 3617/GP-CHK",hoat_dong,,,e43c5d4b-3c3c-4486-89da-73e9ac747ab4,,2026-07-14 14:32:36.52979+00,2026-07-17 07:27:24.789697+00,e96be350-6615-441a-91f5-53ad976e91b3,,,,
fa438afd-df45-4d4d-8f8d-5e7ec5d5766e,fc69e4ff-4f6c-4b87-bddc-57d948cc91a5,TPHT_001162,Máy thu phát VHF thoại không - địa,,,t,,"Model: Máy phát: T6-TV; máy thu: T6-RV | Serial: Máy chính: 407041 (T6TV); 407012 (T6RV); Máy dự phòng: 407047 (T6TV); 407015 (T6RV) | Mục đích: Liên lạc trên tần số khẩn nguy 121,5 MHz (Phân khu 1, 5 ACC HCM) | Nguồn: GP 6301/GP-CHK",hoat_dong,,,38692b13-0732-44b4-86e7-c9b91bb0077c,,2026-07-14 14:32:36.52979+00,2026-07-17 07:27:24.789697+00,e96be350-6615-441a-91f5-53ad976e91b3,,,,
fb27e070-5647-4633-8580-043e5b509d54,d7005685-24f9-45d4-bcce-f24d9962cf97,TPHT_001163,Thiết bị đo đạc quan trắc thông dụng (đo gió hiển thị số và khí áp hiển thị số),,,t,,Model: Thiết bị thủ công | Serial: Gió WindObserver (GILL): 2302007; Khí áp PTB 330: V0821325 | Mục đích: Làm dự phòng đo các yếu tố khí tượng và cung cấp số liệu phục vụ hoạt động bay | Nguồn: GP 4852/GP-CHK,hoat_dong,,,f59bf0bd-520b-4245-80db-dc71b7187bf1,,2026-07-14 14:32:36.52979+00,2026-07-17 07:27:24.789697+00,e96be350-6615-441a-91f5-53ad976e91b3,,,,
be140401-9143-4356-bae3-01bf93bd92ed,f15adfa7-b2c7-4747-b0bd-9cfa10394ac4,TPHT_001167,Máy phát MAIN,954b8685-0b5a-45b3-9172-43b93da5faef,,t,0,,hoat_dong,,,c3231147-e403-4afa-838f-04026ffa8f7d,201c530d-d2f1-4683-a888-5e42b77a95c6,2026-07-15 09:22:41.852198+00,2026-07-17 07:27:24.789697+00,e96be350-6615-441a-91f5-53ad976e91b3,,,,
a3498f83-8eec-45bf-ba61-e6869d423cd7,42c99ea1-6512-4826-878d-beb1868c3108,TPHT_000828,Máy thu phát ULTIMATE_BACKUP,9c934580-6f7d-466b-a585-7ebba4ba4b31,,t,6,,hoat_dong,,,581d9350-905f-46da-b45e-c2d8aba4d868,201c530d-d2f1-4683-a888-5e42b77a95c6,2026-07-14 08:05:03.07447+00,2026-07-17 07:27:24.789697+00,8d0b92cb-6a62-4fbe-9b51-9399ee0e1843,,,,
0a50f466-3058-48c2-a4e6-a9723f9b47fd,7f40beb2-5d47-4f4a-b7df-35cd1cca56ae,TPHT_000024,AWOS D-AW21,660f73b4-1975-4bde-8c87-810a23ef6e2c,,t,,,hoat_dong,2026-07-11,,e43c5d4b-3c3c-4486-89da-73e9ac747ab4,,2026-07-13 14:15:40.080084+00,2026-07-17 02:25:30.805543+00,e96be350-6615-441a-91f5-53ad976e91b3,1ce915ed-07e9-4b65-9209-2652ffd9b681,,,
0e607bca-2a18-4af8-8807-d527707389b2,a0625061-0c6d-4e0b-b438-d696787ad746,TPHT_000041,Cắt lọc sét nguồn AC,660f73b4-1975-4bde-8c87-810a23ef6e2c,,t,,,hoat_dong,2026-07-11,,65ac5e26-b0a7-487e-a72d-3f0dfc3facc2,,2026-07-13 14:15:40.080084+00,2026-07-17 02:25:30.805543+00,e96be350-6615-441a-91f5-53ad976e91b3,1ce915ed-07e9-4b65-9209-2652ffd9b681,,,
13ae0029-272f-4ac3-bff4-42db3e2ca33e,7f40beb2-5d47-4f4a-b7df-35cd1cca56ae,TPHT_000059,AWOS D-AW21,660f73b4-1975-4bde-8c87-810a23ef6e2c,,t,,,hoat_dong,2026-07-11,,e43c5d4b-3c3c-4486-89da-73e9ac747ab4,,2026-07-13 14:15:40.080084+00,2026-07-17 02:25:30.805543+00,e96be350-6615-441a-91f5-53ad976e91b3,1ce915ed-07e9-4b65-9209-2652ffd9b681,,,
18c109a6-fb20-44c3-bed7-cf2bf6884bb8,a0625061-0c6d-4e0b-b438-d696787ad746,TPHT_000083,Chống sét RF,660f73b4-1975-4bde-8c87-810a23ef6e2c,,t,,,hoat_dong,2026-07-11,,65ac5e26-b0a7-487e-a72d-3f0dfc3facc2,,2026-07-13 14:15:40.080084+00,2026-07-17 02:25:30.805543+00,e96be350-6615-441a-91f5-53ad976e91b3,1ce915ed-07e9-4b65-9209-2652ffd9b681,,,
1b6639e8-b17c-408a-b6b3-9435b3e372bd,7f40beb2-5d47-4f4a-b7df-35cd1cca56ae,TPHT_000096,AWOS D-AW21,660f73b4-1975-4bde-8c87-810a23ef6e2c,,t,,,hoat_dong,2026-07-11,,e43c5d4b-3c3c-4486-89da-73e9ac747ab4,,2026-07-13 14:15:40.080084+00,2026-07-17 02:25:30.805543+00,e96be350-6615-441a-91f5-53ad976e91b3,1ce915ed-07e9-4b65-9209-2652ffd9b681,,,
21caf321-d675-43ad-ae1a-def01cb68e3e,7f40beb2-5d47-4f4a-b7df-35cd1cca56ae,TPHT_000117,AWOS D-AW21,660f73b4-1975-4bde-8c87-810a23ef6e2c,,t,,,hoat_dong,2026-07-11,,e43c5d4b-3c3c-4486-89da-73e9ac747ab4,,2026-07-13 14:15:40.080084+00,2026-07-17 02:25:30.805543+00,e96be350-6615-441a-91f5-53ad976e91b3,1ce915ed-07e9-4b65-9209-2652ffd9b681,,,
27b14ae4-a4fc-4e37-a5cd-99e2f8dbcd5d,a0625061-0c6d-4e0b-b438-d696787ad746,TPHT_000137,Cắt lọc sét AC,660f73b4-1975-4bde-8c87-810a23ef6e2c,,t,,,hoat_dong,2026-07-11,,65ac5e26-b0a7-487e-a72d-3f0dfc3facc2,,2026-07-13 14:15:40.080084+00,2026-07-17 02:25:30.805543+00,e96be350-6615-441a-91f5-53ad976e91b3,1ce915ed-07e9-4b65-9209-2652ffd9b681,,,
b6639116-1e86-4bda-8d1f-64bb31fc524d,ebc4a136-c5e7-4f7d-abfc-e3ddea655b8c,TPHT_000556,Chống sét đường tín hiệu,660f73b4-1975-4bde-8c87-810a23ef6e2c,,t,,,hoat_dong,2026-07-11,,46e84da7-5a8b-4a79-aa46-2fb4bae1ff26,,2026-07-13 14:15:40.080084+00,2026-07-17 02:25:30.805543+00,e96be350-6615-441a-91f5-53ad976e91b3,1ce915ed-07e9-4b65-9209-2652ffd9b681,,,
b669619e-5ca2-4aad-aefe-dfb5825c8b6e,5ae20f2b-30dc-409c-95db-68b98b79c94e,TPHT_000557,Anten UHF,ae03f513-6763-46f8-913d-91a103966947,,t,,,hoat_dong,2026-07-11,,f59bf0bd-520b-4245-80db-dc71b7187bf1,,2026-07-13 14:15:40.080084+00,2026-07-17 02:25:30.805543+00,e96be350-6615-441a-91f5-53ad976e91b3,1ce915ed-07e9-4b65-9209-2652ffd9b681,,,
b6b1f499-5cae-4eed-b317-1163b89d6913,a0625061-0c6d-4e0b-b438-d696787ad746,TPHT_000558,Thiết bị Serial to Ethernet,ae03f513-6763-46f8-913d-91a103966947,,t,,,hoat_dong,2026-07-11,,65ac5e26-b0a7-487e-a72d-3f0dfc3facc2,,2026-07-13 14:15:40.080084+00,2026-07-17 02:25:30.805543+00,e96be350-6615-441a-91f5-53ad976e91b3,1ce915ed-07e9-4b65-9209-2652ffd9b681,,,
b7057667-f38c-4bde-9873-44fcaf68564c,2236fe1c-6896-4157-a310-ae0e094233f6,TPHT_000559,Bộ chuyển đổi AC/DC,accf1740-4c18-4b9a-895f-59d85ba593b5,,t,,,hoat_dong,2026-07-11,,8b408897-b25d-4ece-91ba-d97dfacec283,,2026-07-13 14:15:40.080084+00,2026-07-17 02:25:30.805543+00,e96be350-6615-441a-91f5-53ad976e91b3,1ce915ed-07e9-4b65-9209-2652ffd9b681,,,
b7068995-2066-499f-a075-e92966e48624,5ae20f2b-30dc-409c-95db-68b98b79c94e,TPHT_000560,Ắc quy cấp nguồn cho modem UHF,ae03f513-6763-46f8-913d-91a103966947,,t,,,hoat_dong,2026-07-11,,f59bf0bd-520b-4245-80db-dc71b7187bf1,,2026-07-13 14:15:40.080084+00,2026-07-17 02:25:30.805543+00,e96be350-6615-441a-91f5-53ad976e91b3,1ce915ed-07e9-4b65-9209-2652ffd9b681,,,
b7f1bf18-c499-4ba8-8d02-a58f3a351176,5ae20f2b-30dc-409c-95db-68b98b79c94e,TPHT_000561,2023,83e7d93e-2f76-4d4f-a6bc-08926383aba1,,t,,,hoat_dong,2026-07-11,,f59bf0bd-520b-4245-80db-dc71b7187bf1,,2026-07-13 14:15:40.080084+00,2026-07-17 02:25:30.805543+00,2b0a43bb-0add-4ef6-8830-898890900c6d,1ce915ed-07e9-4b65-9209-2652ffd9b681,,,
b7fcf30c-b19a-4e8a-bf1d-4399f66999ea,ebc4a136-c5e7-4f7d-abfc-e3ddea655b8c,TPHT_000562,Chống sét nguồn AC,660f73b4-1975-4bde-8c87-810a23ef6e2c,,t,,,hoat_dong,2026-07-11,,46e84da7-5a8b-4a79-aa46-2fb4bae1ff26,,2026-07-13 14:15:40.080084+00,2026-07-17 02:25:30.805543+00,e96be350-6615-441a-91f5-53ad976e91b3,1ce915ed-07e9-4b65-9209-2652ffd9b681,,,
b83e2abb-5086-40da-90d6-7c4f2d57ed6d,ebc4a136-c5e7-4f7d-abfc-e3ddea655b8c,TPHT_000563,Nguồn AC/DC,accf1740-4c18-4b9a-895f-59d85ba593b5,,t,,,hoat_dong,2026-07-11,,46e84da7-5a8b-4a79-aa46-2fb4bae1ff26,,2026-07-13 14:15:40.080084+00,2026-07-17 02:25:30.805543+00,e96be350-6615-441a-91f5-53ad976e91b3,1ce915ed-07e9-4b65-9209-2652ffd9b681,,,
b86650fd-c4f1-43b2-beb0-cf54dcd8ab3f,2236fe1c-6896-4157-a310-ae0e094233f6,TPHT_000564,Bộ chuyển đổi tín hiệu RS232-Fiber,ae03f513-6763-46f8-913d-91a103966947,,t,,,hoat_dong,2026-07-11,,8b408897-b25d-4ece-91ba-d97dfacec283,,2026-07-13 14:15:40.080084+00,2026-07-17 02:25:30.805543+00,e96be350-6615-441a-91f5-53ad976e91b3,1ce915ed-07e9-4b65-9209-2652ffd9b681,,,
b94e7c3f-9531-47a4-b88e-1eb53598809b,4fbd5536-e530-4f9b-97d3-d194186c33de,TPHT_000565,Chống sét giao tiếp Ethernet-UHF,660f73b4-1975-4bde-8c87-810a23ef6e2c,,t,,,hoat_dong,2026-07-11,,141337b4-f2fa-4438-808f-0d10cfeedb85,,2026-07-13 14:15:40.080084+00,2026-07-17 02:25:30.805543+00,66b78574-4d8b-4d58-8ca7-67b06ef335b2,1ce915ed-07e9-4b65-9209-2652ffd9b681,,,
ba69c74e-4b8f-41f7-8b7c-29c7982b84d6,4fbd5536-e530-4f9b-97d3-d194186c33de,TPHT_000566,Anten định hướng,ae03f513-6763-46f8-913d-91a103966947,,t,,,hoat_dong,2026-07-11,,141337b4-f2fa-4438-808f-0d10cfeedb85,,2026-07-13 14:15:40.080084+00,2026-07-17 02:25:30.805543+00,ffd5b794-82b9-4fd3-9057-3579b9140d1d,1ce915ed-07e9-4b65-9209-2652ffd9b681,,,
ba73ca4f-7cc2-4388-aa4a-b876fafd27d7,7f40beb2-5d47-4f4a-b7df-35cd1cca56ae,TPHT_000567,Thiết bị thu phát vô tuyến,ae03f513-6763-46f8-913d-91a103966947,,t,,,hoat_dong,2026-07-11,,e43c5d4b-3c3c-4486-89da-73e9ac747ab4,,2026-07-13 14:15:40.080084+00,2026-07-17 02:25:30.805543+00,e96be350-6615-441a-91f5-53ad976e91b3,1ce915ed-07e9-4b65-9209-2652ffd9b681,,,
bac2fbe9-ddf8-4a70-af33-f51a1d3910bb,a13f3116-f74d-4435-b248-5b458d9fead4,TPHT_000568,Đèn chớp báo chướng ngại,1ef69ec2-6298-4c48-b931-aea3fa48c0fc,,t,,,hoat_dong,2026-07-11,,f59bf0bd-520b-4245-80db-dc71b7187bf1,,2026-07-13 14:15:40.080084+00,2026-07-17 02:25:30.805543+00,e96be350-6615-441a-91f5-53ad976e91b3,1ce915ed-07e9-4b65-9209-2652ffd9b681,,,
bb1183bb-28ae-481c-bc6a-831e4fe64144,a0625061-0c6d-4e0b-b438-d696787ad746,TPHT_000569,Chống sét LAN,660f73b4-1975-4bde-8c87-810a23ef6e2c,,t,,,hoat_dong,2026-07-11,,65ac5e26-b0a7-487e-a72d-3f0dfc3facc2,,2026-07-13 14:15:40.080084+00,2026-07-17 02:25:30.805543+00,e96be350-6615-441a-91f5-53ad976e91b3,1ce915ed-07e9-4b65-9209-2652ffd9b681,,,
bb1f34e4-d042-4896-9692-f6bed4524d60,ebc4a136-c5e7-4f7d-abfc-e3ddea655b8c,TPHT_000570,Nguồn AC/DC,accf1740-4c18-4b9a-895f-59d85ba593b5,,t,,,hoat_dong,2026-07-11,,46e84da7-5a8b-4a79-aa46-2fb4bae1ff26,,2026-07-13 14:15:40.080084+00,2026-07-17 02:25:30.805543+00,e96be350-6615-441a-91f5-53ad976e91b3,1ce915ed-07e9-4b65-9209-2652ffd9b681,,,
bb4e4ae6-1b53-411e-9b52-59e9a934665e,a0625061-0c6d-4e0b-b438-d696787ad746,TPHT_000571,Cắt lọc sét nguồn AC,660f73b4-1975-4bde-8c87-810a23ef6e2c,,t,,,hoat_dong,2026-07-11,,65ac5e26-b0a7-487e-a72d-3f0dfc3facc2,,2026-07-13 14:15:40.080084+00,2026-07-17 02:25:30.805543+00,e96be350-6615-441a-91f5-53ad976e91b3,1ce915ed-07e9-4b65-9209-2652ffd9b681,,,
bc12a508-f4a1-426a-8488-2ce6e0cee09a,5ae20f2b-30dc-409c-95db-68b98b79c94e,TPHT_000572,GPS,1ef69ec2-6298-4c48-b931-aea3fa48c0fc,,t,,,hoat_dong,2026-07-11,,f59bf0bd-520b-4245-80db-dc71b7187bf1,,2026-07-13 14:15:40.080084+00,2026-07-17 02:25:30.805543+00,c7122de2-902a-46b3-854d-12feb6f43716,1ce915ed-07e9-4b65-9209-2652ffd9b681,,,
bc3161f2-8b34-40e8-a21f-d67541d7018a,7f40beb2-5d47-4f4a-b7df-35cd1cca56ae,TPHT_000573,Màn hình hiển thị số liệu độ - độ ẩm - khí áp,83e7d93e-2f76-4d4f-a6bc-08926383aba1,,t,,,hoat_dong,2026-07-11,,e43c5d4b-3c3c-4486-89da-73e9ac747ab4,,2026-07-13 14:15:40.080084+00,2026-07-17 02:25:30.805543+00,e96be350-6615-441a-91f5-53ad976e91b3,1ce915ed-07e9-4b65-9209-2652ffd9b681,,,
bc9cde08-4408-4184-8266-bfc6f45facb4,ebc4a136-c5e7-4f7d-abfc-e3ddea655b8c,TPHT_000574,Chống sét đường tín hiệu(x3),660f73b4-1975-4bde-8c87-810a23ef6e2c,,t,,,hoat_dong,2026-07-11,,46e84da7-5a8b-4a79-aa46-2fb4bae1ff26,,2026-07-13 14:15:40.080084+00,2026-07-17 02:25:30.805543+00,e96be350-6615-441a-91f5-53ad976e91b3,1ce915ed-07e9-4b65-9209-2652ffd9b681,,,
bccf3ad7-f9a9-43f7-9561-b6293f38d0c9,ce27df84-7054-4032-bfe7-efdb0bd119f4,TPHT_000575,Modem Hub UHF,ae03f513-6763-46f8-913d-91a103966947,,t,,,hoat_dong,2026-07-11,,581d9350-905f-46da-b45e-c2d8aba4d868,,2026-07-13 14:15:40.080084+00,2026-07-17 02:25:30.805543+00,e96be350-6615-441a-91f5-53ad976e91b3,1ce915ed-07e9-4b65-9209-2652ffd9b681,,,
bcfad56d-dd46-481b-981c-81dd49a8a7df,a13f3116-f74d-4435-b248-5b458d9fead4,TPHT_000576,Ống sợi thủy tinh,1ef69ec2-6298-4c48-b931-aea3fa48c0fc,,t,,,hoat_dong,2026-07-11,,f59bf0bd-520b-4245-80db-dc71b7187bf1,,2026-07-13 14:15:40.080084+00,2026-07-17 02:25:30.805543+00,e96be350-6615-441a-91f5-53ad976e91b3,1ce915ed-07e9-4b65-9209-2652ffd9b681,,,
bda4bf8a-31bc-4b5c-b2ee-44c0abe9c0e3,ebc4a136-c5e7-4f7d-abfc-e3ddea655b8c,TPHT_000577,Thiết bị serial to Ethernet,ae03f513-6763-46f8-913d-91a103966947,,t,,,hoat_dong,2026-07-11,,46e84da7-5a8b-4a79-aa46-2fb4bae1ff26,,2026-07-13 14:15:40.080084+00,2026-07-17 02:25:30.805543+00,e96be350-6615-441a-91f5-53ad976e91b3,1ce915ed-07e9-4b65-9209-2652ffd9b681,,,
bda5371a-bec1-4770-b59e-e766a87a617b,a0625061-0c6d-4e0b-b438-d696787ad746,TPHT_000578,Switch 1,83e7d93e-2f76-4d4f-a6bc-08926383aba1,,t,,,hoat_dong,2026-07-11,,65ac5e26-b0a7-487e-a72d-3f0dfc3facc2,,2026-07-13 14:15:40.080084+00,2026-07-17 02:25:30.805543+00,3b1c9f72-6395-4ad0-a387-c7630195267a,1ce915ed-07e9-4b65-9209-2652ffd9b681,,,
bddcea13-59d1-4464-8b22-f02b3f404305,7f40beb2-5d47-4f4a-b7df-35cd1cca56ae,TPHT_000579,AWOS D-AW21,ae03f513-6763-46f8-913d-91a103966947,,t,,,hoat_dong,2026-07-11,,e43c5d4b-3c3c-4486-89da-73e9ac747ab4,,2026-07-13 14:15:40.080084+00,2026-07-17 02:25:30.805543+00,5f93c2d7-9b77-4f40-bc2f-17b835588de6,1ce915ed-07e9-4b65-9209-2652ffd9b681,,,
be400f3f-be44-4773-92ca-a8353c3afaa2,2236fe1c-6896-4157-a310-ae0e094233f6,TPHT_000580,Cảm biến ánh sáng nền,98c88d39-bf0f-43c7-83a2-ca5d266ba54f,,t,,,hoat_dong,2026-07-11,,8b408897-b25d-4ece-91ba-d97dfacec283,,2026-07-13 14:15:40.080084+00,2026-07-17 02:25:30.805543+00,e96be350-6615-441a-91f5-53ad976e91b3,1ce915ed-07e9-4b65-9209-2652ffd9b681,,,
beecde87-d27d-4638-af57-4a2538bc7f2d,2236fe1c-6896-4157-a310-ae0e094233f6,TPHT_000581,Modem Moxa 8 port,ae03f513-6763-46f8-913d-91a103966947,,t,,,hoat_dong,2026-07-11,,8b408897-b25d-4ece-91ba-d97dfacec283,,2026-07-13 14:15:40.080084+00,2026-07-17 02:25:30.805543+00,c6b9108a-b830-42a6-b3b8-9e6dd5196202,1ce915ed-07e9-4b65-9209-2652ffd9b681,,,
bf09dec2-18cf-448e-8a76-25d32dd7eca3,a13f3116-f74d-4435-b248-5b458d9fead4,TPHT_000582,Đèn chớp báo chướng ngại,1ef69ec2-6298-4c48-b931-aea3fa48c0fc,,t,,,hoat_dong,2026-07-11,,f59bf0bd-520b-4245-80db-dc71b7187bf1,,2026-07-13 14:15:40.080084+00,2026-07-17 02:25:30.805543+00,e96be350-6615-441a-91f5-53ad976e91b3,1ce915ed-07e9-4b65-9209-2652ffd9b681,,,
bf2e34b5-f64c-467b-9df6-3832b38cb5b2,a13f3116-f74d-4435-b248-5b458d9fead4,TPHT_000583,Bộ xử lý đầu dưới,660f73b4-1975-4bde-8c87-810a23ef6e2c,,t,,,hoat_dong,2026-07-11,,f59bf0bd-520b-4245-80db-dc71b7187bf1,,2026-07-13 14:15:40.080084+00,2026-07-17 02:25:30.805543+00,e96be350-6615-441a-91f5-53ad976e91b3,1ce915ed-07e9-4b65-9209-2652ffd9b681,,,
bf7be35f-b232-4071-b723-a9e5a427fe1c,7f40beb2-5d47-4f4a-b7df-35cd1cca56ae,TPHT_000584,Màn hình hiển thị số liệu độ - độ ẩm - khí áp,83e7d93e-2f76-4d4f-a6bc-08926383aba1,,t,,,hoat_dong,2026-07-11,,e43c5d4b-3c3c-4486-89da-73e9ac747ab4,,2026-07-13 14:15:40.080084+00,2026-07-17 02:25:30.805543+00,e96be350-6615-441a-91f5-53ad976e91b3,1ce915ed-07e9-4b65-9209-2652ffd9b681,,,
bfbf11bb-392f-4655-af7f-17967142643d,5ae20f2b-30dc-409c-95db-68b98b79c94e,TPHT_000585,Chống sét RF cho modem,ae03f513-6763-46f8-913d-91a103966947,,t,,,hoat_dong,2026-07-11,,f59bf0bd-520b-4245-80db-dc71b7187bf1,,2026-07-13 14:15:40.080084+00,2026-07-17 02:25:30.805543+00,e96be350-6615-441a-91f5-53ad976e91b3,1ce915ed-07e9-4b65-9209-2652ffd9b681,,,
bfe395bb-e520-4821-9354-53f983e55188,4fbd5536-e530-4f9b-97d3-d194186c33de,TPHT_000586,Cảm biến đo giông sét,98c88d39-bf0f-43c7-83a2-ca5d266ba54f,,t,,,hoat_dong,2026-07-11,,141337b4-f2fa-4438-808f-0d10cfeedb85,,2026-07-13 14:15:40.080084+00,2026-07-17 02:25:30.805543+00,f099f53a-5ef4-4039-ba41-1ea298f0ae5d,1ce915ed-07e9-4b65-9209-2652ffd9b681,,,
c0400943-c5d5-4732-a6ca-e2ae73cb997e,2236fe1c-6896-4157-a310-ae0e094233f6,TPHT_000587,Bộ chuyển đổi tín hiệu RS232-Fiber,ae03f513-6763-46f8-913d-91a103966947,,t,,,hoat_dong,2026-07-11,,8b408897-b25d-4ece-91ba-d97dfacec283,,2026-07-13 14:15:40.080084+00,2026-07-17 02:25:30.805543+00,e96be350-6615-441a-91f5-53ad976e91b3,1ce915ed-07e9-4b65-9209-2652ffd9b681,,,
c0a8d266-ffb6-46a6-af2a-16d83874455d,5ae20f2b-30dc-409c-95db-68b98b79c94e,TPHT_000588,Trạm RWAY đầu 20,1ef69ec2-6298-4c48-b931-aea3fa48c0fc,,t,,,hoat_dong,2026-07-11,,f59bf0bd-520b-4245-80db-dc71b7187bf1,,2026-07-13 14:15:40.080084+00,2026-07-17 02:25:30.805543+00,92aa329a-4ad2-4bf1-b2fe-c33ff194335c,1ce915ed-07e9-4b65-9209-2652ffd9b681,,,
c0b8cdd8-f573-48ce-aca3-c3c606e9f83a,ce27df84-7054-4032-bfe7-efdb0bd119f4,TPHT_000589,Cảm biến đo hiện tượng thời tiết,98c88d39-bf0f-43c7-83a2-ca5d266ba54f,,t,,,hoat_dong,2026-07-11,,581d9350-905f-46da-b45e-c2d8aba4d868,,2026-07-13 14:15:40.080084+00,2026-07-17 02:25:30.805543+00,e96be350-6615-441a-91f5-53ad976e91b3,1ce915ed-07e9-4b65-9209-2652ffd9b681,,,
c0ba4a8a-1920-498f-9c64-b9572ef36458,5ae20f2b-30dc-409c-95db-68b98b79c94e,TPHT_000590,KVM AMHS,1ef69ec2-6298-4c48-b931-aea3fa48c0fc,,t,,,hoat_dong,2026-07-11,,f59bf0bd-520b-4245-80db-dc71b7187bf1,,2026-07-13 14:15:40.080084+00,2026-07-17 02:25:30.805543+00,e96be350-6615-441a-91f5-53ad976e91b3,1ce915ed-07e9-4b65-9209-2652ffd9b681,,,
c124e8dc-6b6f-4436-a55e-b2531c7e00fd,5ae20f2b-30dc-409c-95db-68b98b79c94e,TPHT_000591,Ắc quy cấp nguồn cho modem UHF,ae03f513-6763-46f8-913d-91a103966947,,t,,,hoat_dong,2026-07-11,,f59bf0bd-520b-4245-80db-dc71b7187bf1,,2026-07-13 14:15:40.080084+00,2026-07-17 02:25:30.805543+00,e96be350-6615-441a-91f5-53ad976e91b3,1ce915ed-07e9-4b65-9209-2652ffd9b681,,,
c148984c-8f67-48ff-8712-bc5e91d1f3a1,a13f3116-f74d-4435-b248-5b458d9fead4,TPHT_000592,"Cảm biến đo lượng mưa (bao gồm trụ lắp đặt cao 1,5m)",98c88d39-bf0f-43c7-83a2-ca5d266ba54f,,t,,,hoat_dong,2026-07-11,,f59bf0bd-520b-4245-80db-dc71b7187bf1,,2026-07-13 14:15:40.080084+00,2026-07-17 02:25:30.805543+00,e96be350-6615-441a-91f5-53ad976e91b3,1ce915ed-07e9-4b65-9209-2652ffd9b681,,,
c1a7aa20-06b6-4e2f-b1f9-c19cad3f7379,2236fe1c-6896-4157-a310-ae0e094233f6,TPHT_000593,Cảm biến ánh sáng nền,98c88d39-bf0f-43c7-83a2-ca5d266ba54f,,t,,,hoat_dong,2026-07-11,,8b408897-b25d-4ece-91ba-d97dfacec283,,2026-07-13 14:15:40.080084+00,2026-07-17 02:25:30.805543+00,e96be350-6615-441a-91f5-53ad976e91b3,1ce915ed-07e9-4b65-9209-2652ffd9b681,,,
c1b002a7-30e5-45fb-9ca8-86715f61bc76,a0625061-0c6d-4e0b-b438-d696787ad746,TPHT_000594,Chống sét đường tín hiệu,660f73b4-1975-4bde-8c87-810a23ef6e2c,,t,,,hoat_dong,2026-07-11,,65ac5e26-b0a7-487e-a72d-3f0dfc3facc2,,2026-07-13 14:15:40.080084+00,2026-07-17 02:25:30.805543+00,e96be350-6615-441a-91f5-53ad976e91b3,1ce915ed-07e9-4b65-9209-2652ffd9b681,,,
c1bbd32f-b809-456f-a0d7-4f6fb0b7177b,4fbd5536-e530-4f9b-97d3-d194186c33de,TPHT_000595,Chống sét đường dữ liệu RS-232,660f73b4-1975-4bde-8c87-810a23ef6e2c,,t,,,hoat_dong,2026-07-11,,141337b4-f2fa-4438-808f-0d10cfeedb85,,2026-07-13 14:15:40.080084+00,2026-07-17 02:25:30.805543+00,ffd5b794-82b9-4fd3-9057-3579b9140d1d,1ce915ed-07e9-4b65-9209-2652ffd9b681,,,
c1bd66fa-1310-4d17-a800-ff2b19488d0c,ce27df84-7054-4032-bfe7-efdb0bd119f4,TPHT_000596,Server,83e7d93e-2f76-4d4f-a6bc-08926383aba1,,t,,,hoat_dong,2026-07-11,,581d9350-905f-46da-b45e-c2d8aba4d868,,2026-07-13 14:15:40.080084+00,2026-07-17 02:25:30.805543+00,03818fa3-ee05-4dfe-92f0-b6f752b0b97a,1ce915ed-07e9-4b65-9209-2652ffd9b681,,,
c1e304a4-9415-4d28-b0d0-774fb681c2a4,4fbd5536-e530-4f9b-97d3-d194186c33de,TPHT_000597,Chống sét giao tiếp Ethernet-UHF,660f73b4-1975-4bde-8c87-810a23ef6e2c,,t,,,hoat_dong,2026-07-11,,141337b4-f2fa-4438-808f-0d10cfeedb85,,2026-07-13 14:15:40.080084+00,2026-07-17 02:25:30.805543+00,f099f53a-5ef4-4039-ba41-1ea298f0ae5d,1ce915ed-07e9-4b65-9209-2652ffd9b681,,,
c2004e07-ca76-4f61-bcc4-7c1ad95c00fb,5ae20f2b-30dc-409c-95db-68b98b79c94e,TPHT_000598,Bộ nguồn AC/DC,accf1740-4c18-4b9a-895f-59d85ba593b5,,t,,,hoat_dong,2026-07-11,,f59bf0bd-520b-4245-80db-dc71b7187bf1,,2026-07-13 14:15:40.080084+00,2026-07-17 02:25:30.805543+00,e96be350-6615-441a-91f5-53ad976e91b3,1ce915ed-07e9-4b65-9209-2652ffd9b681,,,
c252eda7-94c7-4851-8eea-9056359cd57a,ebc4a136-c5e7-4f7d-abfc-e3ddea655b8c,TPHT_000599,Chống sét đường tín hiệu,660f73b4-1975-4bde-8c87-810a23ef6e2c,,t,,,hoat_dong,2026-07-11,,46e84da7-5a8b-4a79-aa46-2fb4bae1ff26,,2026-07-13 14:15:40.080084+00,2026-07-17 02:25:30.805543+00,e96be350-6615-441a-91f5-53ad976e91b3,1ce915ed-07e9-4b65-9209-2652ffd9b681,,,
c288de6c-b67a-4193-b90b-312aabd5381d,4fbd5536-e530-4f9b-97d3-d194186c33de,TPHT_000600,Bộ Charger -UHF,accf1740-4c18-4b9a-895f-59d85ba593b5,,t,,,hoat_dong,2026-07-11,,141337b4-f2fa-4438-808f-0d10cfeedb85,,2026-07-13 14:15:40.080084+00,2026-07-17 02:25:30.805543+00,38e5eeb4-1688-47ea-ac85-5fd68d617ea5,1ce915ed-07e9-4b65-9209-2652ffd9b681,,,
c2fbfca3-2854-4a97-8be8-2948c42469b8,4fbd5536-e530-4f9b-97d3-d194186c33de,TPHT_000601,Đo nhiệt độ độ ẩm,98c88d39-bf0f-43c7-83a2-ca5d266ba54f,,t,,,hoat_dong,2026-07-11,,141337b4-f2fa-4438-808f-0d10cfeedb85,,2026-07-13 14:15:40.080084+00,2026-07-17 02:25:30.805543+00,a8c4b2b6-ebfe-403b-827c-e0d8f6beac9e,1ce915ed-07e9-4b65-9209-2652ffd9b681,,,
c364cc1f-6188-478d-a892-8c58b4c24199,2236fe1c-6896-4157-a310-ae0e094233f6,TPHT_000602,Data logger AMS 111,ae03f513-6763-46f8-913d-91a103966947,,t,,,hoat_dong,2026-07-11,,8b408897-b25d-4ece-91ba-d97dfacec283,,2026-07-13 14:15:40.080084+00,2026-07-17 02:25:30.805543+00,e96be350-6615-441a-91f5-53ad976e91b3,1ce915ed-07e9-4b65-9209-2652ffd9b681,,,
c3ad054e-8253-4085-9251-6f8a82df4d80,2236fe1c-6896-4157-a310-ae0e094233f6,TPHT_000603,Thiết bị bảo vệ quá áp,accf1740-4c18-4b9a-895f-59d85ba593b5,,t,,,hoat_dong,2026-07-11,,8b408897-b25d-4ece-91ba-d97dfacec283,,2026-07-13 14:15:40.080084+00,2026-07-17 02:25:30.805543+00,e96be350-6615-441a-91f5-53ad976e91b3,1ce915ed-07e9-4b65-9209-2652ffd9b681,,,
c40c8319-7c8c-4600-83c1-ab1c4b65dc24,2236fe1c-6896-4157-a310-ae0e094233f6,TPHT_000604,Thiết bị chuyển đổi tín hiệu,ae03f513-6763-46f8-913d-91a103966947,,t,,,hoat_dong,2026-07-11,,8b408897-b25d-4ece-91ba-d97dfacec283,,2026-07-13 14:15:40.080084+00,2026-07-17 02:25:30.805543+00,c6b9108a-b830-42a6-b3b8-9e6dd5196202,1ce915ed-07e9-4b65-9209-2652ffd9b681,,,
c43103cf-b86a-473a-98f8-edc188e09e26,5ae20f2b-30dc-409c-95db-68b98b79c94e,TPHT_000605,PC Display MET,1ef69ec2-6298-4c48-b931-aea3fa48c0fc,,t,,,hoat_dong,2026-07-11,,f59bf0bd-520b-4245-80db-dc71b7187bf1,,2026-07-13 14:15:40.080084+00,2026-07-17 02:25:30.805543+00,c7122de2-902a-46b3-854d-12feb6f43716,1ce915ed-07e9-4b65-9209-2652ffd9b681,,,
c4c64ac1-a16d-496f-8586-d9860734f81d,45599b8c-56e9-4d30-9578-703ef8ecbe3f,TPHT_000606,Máy phát MAIN,954b8685-0b5a-45b3-9172-43b93da5faef,,t,0,,hoat_dong,2026-07-13,,581d9350-905f-46da-b45e-c2d8aba4d868,,2026-07-13 14:15:40.080084+00,2026-07-17 02:25:30.805543+00,03818fa3-ee05-4dfe-92f0-b6f752b0b97a,1ce915ed-07e9-4b65-9209-2652ffd9b681,,,
c5872777-202e-405c-8312-857b8fb89132,a13f3116-f74d-4435-b248-5b458d9fead4,TPHT_000607,"Trụ lắp kim thu sét an toàn - dễ gãy, cao 3m, và chân đế cột, đã được sơn theo tiêu chuẩn ICAO",1ef69ec2-6298-4c48-b931-aea3fa48c0fc,,t,,,hoat_dong,2026-07-11,,f59bf0bd-520b-4245-80db-dc71b7187bf1,,2026-07-13 14:15:40.080084+00,2026-07-17 02:25:30.805543+00,e96be350-6615-441a-91f5-53ad976e91b3,1ce915ed-07e9-4b65-9209-2652ffd9b681,,,
c5f671f5-9fad-48ac-babb-c2b99258cf77,a0625061-0c6d-4e0b-b438-d696787ad746,TPHT_000608,Cảm biến đo hướng và đo tốc độ gió,98c88d39-bf0f-43c7-83a2-ca5d266ba54f,,t,,,hoat_dong,2026-07-11,,65ac5e26-b0a7-487e-a72d-3f0dfc3facc2,,2026-07-13 14:15:40.080084+00,2026-07-17 02:25:30.805543+00,e96be350-6615-441a-91f5-53ad976e91b3,1ce915ed-07e9-4b65-9209-2652ffd9b681,,,
c5ffdd2b-bfea-487f-a8ae-dcf4f7bb60f1,2236fe1c-6896-4157-a310-ae0e094233f6,TPHT_000609,Chống sét RF,660f73b4-1975-4bde-8c87-810a23ef6e2c,,t,,,hoat_dong,2026-07-11,,8b408897-b25d-4ece-91ba-d97dfacec283,,2026-07-13 14:15:40.080084+00,2026-07-17 02:25:30.805543+00,e96be350-6615-441a-91f5-53ad976e91b3,1ce915ed-07e9-4b65-9209-2652ffd9b681,,,
c60c3a26-5550-4ab3-a1c6-e2ec9344a496,7f40beb2-5d47-4f4a-b7df-35cd1cca56ae,TPHT_000610,AWOS D-AW21,accf1740-4c18-4b9a-895f-59d85ba593b5,,t,,,hoat_dong,2026-07-11,,e43c5d4b-3c3c-4486-89da-73e9ac747ab4,,2026-07-13 14:15:40.080084+00,2026-07-17 02:25:30.805543+00,5f93c2d7-9b77-4f40-bc2f-17b835588de6,1ce915ed-07e9-4b65-9209-2652ffd9b681,,,
c6392b1d-5083-4c64-bf8a-c9f08cb462a2,5ae20f2b-30dc-409c-95db-68b98b79c94e,TPHT_000611,HUB modem STB,ae03f513-6763-46f8-913d-91a103966947,,t,,,hoat_dong,2026-07-11,,f59bf0bd-520b-4245-80db-dc71b7187bf1,,2026-07-13 14:15:40.080084+00,2026-07-17 02:25:30.805543+00,e96be350-6615-441a-91f5-53ad976e91b3,1ce915ed-07e9-4b65-9209-2652ffd9b681,,,
c6f4ce25-ed2a-46ae-8c2a-0ceee809cacf,ce27df84-7054-4032-bfe7-efdb0bd119f4,TPHT_000612,Máy tính đầu cuối,,,t,,,hoat_dong,2026-07-11,,581d9350-905f-46da-b45e-c2d8aba4d868,,2026-07-13 14:15:40.080084+00,2026-07-17 02:25:30.805543+00,e96be350-6615-441a-91f5-53ad976e91b3,1ce915ed-07e9-4b65-9209-2652ffd9b681,,,
c70b7cbb-a728-4388-bfb0-2630184df26f,ce27df84-7054-4032-bfe7-efdb0bd119f4,TPHT_000613,Nhiệt ẩm biểu,98c88d39-bf0f-43c7-83a2-ca5d266ba54f,,t,,,hoat_dong,2026-07-11,,581d9350-905f-46da-b45e-c2d8aba4d868,,2026-07-13 14:15:40.080084+00,2026-07-17 02:25:30.805543+00,e96be350-6615-441a-91f5-53ad976e91b3,1ce915ed-07e9-4b65-9209-2652ffd9b681,,,
c712245c-3382-4097-ac9d-ca7007b134ed,7f40beb2-5d47-4f4a-b7df-35cd1cca56ae,TPHT_000614,AWOS D-AW21,accf1740-4c18-4b9a-895f-59d85ba593b5,,t,,,hoat_dong,2026-07-11,,e43c5d4b-3c3c-4486-89da-73e9ac747ab4,,2026-07-13 14:15:40.080084+00,2026-07-17 02:25:30.805543+00,e96be350-6615-441a-91f5-53ad976e91b3,1ce915ed-07e9-4b65-9209-2652ffd9b681,,,
c71399ca-d8f4-40d7-af7e-e716f90861f2,a0625061-0c6d-4e0b-b438-d696787ad746,TPHT_000615,Modem UHF,ae03f513-6763-46f8-913d-91a103966947,,t,,,hoat_dong,2026-07-11,,65ac5e26-b0a7-487e-a72d-3f0dfc3facc2,,2026-07-13 14:15:40.080084+00,2026-07-17 02:25:30.805543+00,e96be350-6615-441a-91f5-53ad976e91b3,1ce915ed-07e9-4b65-9209-2652ffd9b681,,,
c756ded9-b25e-44ee-ad39-d3dea414d18a,2236fe1c-6896-4157-a310-ae0e094233f6,TPHT_000616,Thiết bị bảo vệ quá áp,accf1740-4c18-4b9a-895f-59d85ba593b5,,t,,,hoat_dong,2026-07-11,,8b408897-b25d-4ece-91ba-d97dfacec283,,2026-07-13 14:15:40.080084+00,2026-07-17 02:25:30.805543+00,e96be350-6615-441a-91f5-53ad976e91b3,1ce915ed-07e9-4b65-9209-2652ffd9b681,,,
c75ad0bd-db8f-4d3d-8702-e8165aee68fb,42c99ea1-6512-4826-878d-beb1868c3108,TPHT_000617,Máy phát STANDBY,954b8685-0b5a-45b3-9172-43b93da5faef,,t,2,,hoat_dong,2026-07-13,,581d9350-905f-46da-b45e-c2d8aba4d868,,2026-07-13 14:15:40.080084+00,2026-07-17 02:25:30.805543+00,03818fa3-ee05-4dfe-92f0-b6f752b0b97a,1ce915ed-07e9-4b65-9209-2652ffd9b681,,,
c760aaaa-3e5a-4c05-9b7d-014d2ce21cc5,7f40beb2-5d47-4f4a-b7df-35cd1cca56ae,TPHT_000618,AWOS D-AW21,83e7d93e-2f76-4d4f-a6bc-08926383aba1,,t,,,hoat_dong,2026-07-11,,e43c5d4b-3c3c-4486-89da-73e9ac747ab4,,2026-07-13 14:15:40.080084+00,2026-07-17 02:25:30.805543+00,e96be350-6615-441a-91f5-53ad976e91b3,1ce915ed-07e9-4b65-9209-2652ffd9b681,,,
c78c5822-d7fa-451f-aa0a-7e40be67013a,a0625061-0c6d-4e0b-b438-d696787ad746,TPHT_000619,Cắt lọc sét nguồn AC,660f73b4-1975-4bde-8c87-810a23ef6e2c,,t,,,hoat_dong,2026-07-11,,65ac5e26-b0a7-487e-a72d-3f0dfc3facc2,,2026-07-13 14:15:40.080084+00,2026-07-17 02:25:30.805543+00,7edb2f00-60da-46ad-8aed-873d4708393d,1ce915ed-07e9-4b65-9209-2652ffd9b681,,,
c7b4276d-ab1c-43b3-a664-c9c004a9f324,2236fe1c-6896-4157-a310-ae0e094233f6,TPHT_000620,Bộ chuyển đổi AC/DC,accf1740-4c18-4b9a-895f-59d85ba593b5,,t,,,hoat_dong,2026-07-11,,8b408897-b25d-4ece-91ba-d97dfacec283,,2026-07-13 14:15:40.080084+00,2026-07-17 02:25:30.805543+00,e96be350-6615-441a-91f5-53ad976e91b3,1ce915ed-07e9-4b65-9209-2652ffd9b681,,,
c7e67258-b750-4705-964f-b1ee0fcdf1cb,ebc4a136-c5e7-4f7d-abfc-e3ddea655b8c,TPHT_000621,Modem FSK,ae03f513-6763-46f8-913d-91a103966947,,t,,,hoat_dong,2026-07-11,,46e84da7-5a8b-4a79-aa46-2fb4bae1ff26,,2026-07-13 14:15:40.080084+00,2026-07-17 02:25:30.805543+00,e96be350-6615-441a-91f5-53ad976e91b3,1ce915ed-07e9-4b65-9209-2652ffd9b681,,,
c7fa50a1-67f0-4d12-9cc8-9fbc57e53a9d,2236fe1c-6896-4157-a310-ae0e094233f6,TPHT_000622,Bộ chuyển đổi AC/DC,accf1740-4c18-4b9a-895f-59d85ba593b5,,t,,,hoat_dong,2026-07-11,,8b408897-b25d-4ece-91ba-d97dfacec283,,2026-07-13 14:15:40.080084+00,2026-07-17 02:25:30.805543+00,e96be350-6615-441a-91f5-53ad976e91b3,1ce915ed-07e9-4b65-9209-2652ffd9b681,,,
c804098f-b9d4-4832-8dc3-6dd58c482f07,a13f3116-f74d-4435-b248-5b458d9fead4,TPHT_000623,Bộ xử lý đầu trên,660f73b4-1975-4bde-8c87-810a23ef6e2c,,t,,,hoat_dong,2026-07-11,,f59bf0bd-520b-4245-80db-dc71b7187bf1,,2026-07-13 14:15:40.080084+00,2026-07-17 02:25:30.805543+00,e96be350-6615-441a-91f5-53ad976e91b3,1ce915ed-07e9-4b65-9209-2652ffd9b681,,,
c8105208-df2f-439c-99f0-318ba85788cf,2236fe1c-6896-4157-a310-ae0e094233f6,TPHT_000624,Chống sét đường tín hiệu,660f73b4-1975-4bde-8c87-810a23ef6e2c,,t,,,hoat_dong,2026-07-11,,8b408897-b25d-4ece-91ba-d97dfacec283,,2026-07-13 14:15:40.080084+00,2026-07-17 02:25:30.805543+00,c6b9108a-b830-42a6-b3b8-9e6dd5196202,1ce915ed-07e9-4b65-9209-2652ffd9b681,,,
c8326173-f8cf-4f60-9beb-1bfb9ef57b25,5ae20f2b-30dc-409c-95db-68b98b79c94e,TPHT_000625,Thiết bị giao tiếp đường truyền Nport IA5250A-T,ae03f513-6763-46f8-913d-91a103966947,,t,,,hoat_dong,2026-07-11,,f59bf0bd-520b-4245-80db-dc71b7187bf1,,2026-07-13 14:15:40.080084+00,2026-07-17 02:25:30.805543+00,e96be350-6615-441a-91f5-53ad976e91b3,1ce915ed-07e9-4b65-9209-2652ffd9b681,,,
c85100ae-7726-408a-ac29-638df25205b1,ebc4a136-c5e7-4f7d-abfc-e3ddea655b8c,TPHT_000626,Converter Serial to Fiber,ae03f513-6763-46f8-913d-91a103966947,,t,,,hoat_dong,2026-07-11,,46e84da7-5a8b-4a79-aa46-2fb4bae1ff26,,2026-07-13 14:15:40.080084+00,2026-07-17 02:25:30.805543+00,e96be350-6615-441a-91f5-53ad976e91b3,1ce915ed-07e9-4b65-9209-2652ffd9b681,,,
c8fe614e-621a-490e-a358-c85d0fbc0283,a0625061-0c6d-4e0b-b438-d696787ad746,TPHT_000627,Chống sét LAN,660f73b4-1975-4bde-8c87-810a23ef6e2c,,t,,,hoat_dong,2026-07-11,,65ac5e26-b0a7-487e-a72d-3f0dfc3facc2,,2026-07-13 14:15:40.080084+00,2026-07-17 02:25:30.805543+00,3f302563-bdbb-443d-911f-b0058e38db42,1ce915ed-07e9-4b65-9209-2652ffd9b681,,,
c94dc631-4356-4749-8b64-48d11c09df2d,ce27df84-7054-4032-bfe7-efdb0bd119f4,TPHT_000628,Chống sét đường tín hiệu RS232,660f73b4-1975-4bde-8c87-810a23ef6e2c,,t,,,hoat_dong,2026-07-11,,581d9350-905f-46da-b45e-c2d8aba4d868,,2026-07-13 14:15:40.080084+00,2026-07-17 02:25:30.805543+00,e96be350-6615-441a-91f5-53ad976e91b3,1ce915ed-07e9-4b65-9209-2652ffd9b681,,,
c9f06b8d-d7f5-4fb0-bd3c-8e86c9da1d71,ebc4a136-c5e7-4f7d-abfc-e3ddea655b8c,TPHT_000629,Chống sét đường tín hiệu,660f73b4-1975-4bde-8c87-810a23ef6e2c,,t,,,hoat_dong,2026-07-11,,46e84da7-5a8b-4a79-aa46-2fb4bae1ff26,,2026-07-13 14:15:40.080084+00,2026-07-17 02:25:30.805543+00,e96be350-6615-441a-91f5-53ad976e91b3,1ce915ed-07e9-4b65-9209-2652ffd9b681,,,
ca22c960-6e5f-4bc2-8296-f130cf15de0e,5ae20f2b-30dc-409c-95db-68b98b79c94e,TPHT_000630,Converter Nport IA5250,ae03f513-6763-46f8-913d-91a103966947,,t,,,hoat_dong,2026-07-11,,f59bf0bd-520b-4245-80db-dc71b7187bf1,,2026-07-13 14:15:40.080084+00,2026-07-17 02:25:30.805543+00,e96be350-6615-441a-91f5-53ad976e91b3,1ce915ed-07e9-4b65-9209-2652ffd9b681,,,
ca22f729-770a-4d9b-8975-67ec36bb597c,2236fe1c-6896-4157-a310-ae0e094233f6,TPHT_000631,Thiết bị đo trần mây,98c88d39-bf0f-43c7-83a2-ca5d266ba54f,,t,,,hoat_dong,2026-07-11,,8b408897-b25d-4ece-91ba-d97dfacec283,,2026-07-13 14:15:40.080084+00,2026-07-17 02:25:30.805543+00,e96be350-6615-441a-91f5-53ad976e91b3,1ce915ed-07e9-4b65-9209-2652ffd9b681,,,
ca25e03e-5443-44fb-9a4b-fecc12748c27,7f40beb2-5d47-4f4a-b7df-35cd1cca56ae,TPHT_000632,AWOS D-AW21,ae03f513-6763-46f8-913d-91a103966947,,t,,,hoat_dong,2026-07-11,,e43c5d4b-3c3c-4486-89da-73e9ac747ab4,,2026-07-13 14:15:40.080084+00,2026-07-17 02:25:30.805543+00,e96be350-6615-441a-91f5-53ad976e91b3,1ce915ed-07e9-4b65-9209-2652ffd9b681,,,
ca635916-20b0-458f-8873-ce9f3964b315,4fbd5536-e530-4f9b-97d3-d194186c33de,TPHT_000633,Bộ chuyển đổi tín hiệu  16 cổng RS232/485/422 sang Ethernet,ae03f513-6763-46f8-913d-91a103966947,,t,,,hoat_dong,2026-07-11,,141337b4-f2fa-4438-808f-0d10cfeedb85,,2026-07-13 14:15:40.080084+00,2026-07-17 02:25:30.805543+00,86ab1273-d507-4143-8f2d-b2e86dd8cf01,1ce915ed-07e9-4b65-9209-2652ffd9b681,,,
ca854121-81c1-4d14-a92a-abc5d6850f89,5ae20f2b-30dc-409c-95db-68b98b79c94e,TPHT_000634,Cảm biến đo nhiệt độ Thies 1.1006.54.080,98c88d39-bf0f-43c7-83a2-ca5d266ba54f,,t,,,hoat_dong,2026-07-11,,f59bf0bd-520b-4245-80db-dc71b7187bf1,,2026-07-13 14:15:40.080084+00,2026-07-17 02:25:30.805543+00,e96be350-6615-441a-91f5-53ad976e91b3,1ce915ed-07e9-4b65-9209-2652ffd9b681,,,
caef6fb2-5071-4f23-a4fe-6e8d2582a820,7f40beb2-5d47-4f4a-b7df-35cd1cca56ae,TPHT_000635,Khí áp kế,98c88d39-bf0f-43c7-83a2-ca5d266ba54f,,t,,,hoat_dong,2026-07-11,,e43c5d4b-3c3c-4486-89da-73e9ac747ab4,,2026-07-13 14:15:40.080084+00,2026-07-17 02:25:30.805543+00,e96be350-6615-441a-91f5-53ad976e91b3,1ce915ed-07e9-4b65-9209-2652ffd9b681,,,
cb39f521-e62f-4fac-973a-5328ce038dd6,7f40beb2-5d47-4f4a-b7df-35cd1cca56ae,TPHT_000636,AWOS D-AW21,accf1740-4c18-4b9a-895f-59d85ba593b5,,t,,,hoat_dong,2026-07-11,,e43c5d4b-3c3c-4486-89da-73e9ac747ab4,,2026-07-13 14:15:40.080084+00,2026-07-17 02:25:30.805543+00,e96be350-6615-441a-91f5-53ad976e91b3,1ce915ed-07e9-4b65-9209-2652ffd9b681,,,
cb6b2679-1786-46a8-8261-e57b3f73302b,5ae20f2b-30dc-409c-95db-68b98b79c94e,TPHT_000637,CONVETER QUANG,1ef69ec2-6298-4c48-b931-aea3fa48c0fc,,t,,,hoat_dong,2026-07-11,,f59bf0bd-520b-4245-80db-dc71b7187bf1,,2026-07-13 14:15:40.080084+00,2026-07-17 02:25:30.805543+00,92aa329a-4ad2-4bf1-b2fe-c33ff194335c,1ce915ed-07e9-4b65-9209-2652ffd9b681,,,
cc77453c-2f9b-4267-a155-9dea6a2c9602,2236fe1c-6896-4157-a310-ae0e094233f6,TPHT_000638,Bộ chuyển đổi AC/DC,accf1740-4c18-4b9a-895f-59d85ba593b5,,t,,,hoat_dong,2026-07-11,,8b408897-b25d-4ece-91ba-d97dfacec283,,2026-07-13 14:15:40.080084+00,2026-07-17 02:25:30.805543+00,e96be350-6615-441a-91f5-53ad976e91b3,1ce915ed-07e9-4b65-9209-2652ffd9b681,,,
cc8e5ffb-61f5-42b8-8824-de4d668d0f87,ce27df84-7054-4032-bfe7-efdb0bd119f4,TPHT_000639,Media Converter,ae03f513-6763-46f8-913d-91a103966947,,t,,,hoat_dong,2026-07-11,,581d9350-905f-46da-b45e-c2d8aba4d868,,2026-07-13 14:15:40.080084+00,2026-07-17 02:25:30.805543+00,e96be350-6615-441a-91f5-53ad976e91b3,1ce915ed-07e9-4b65-9209-2652ffd9b681,,,
ccd8dbf9-95c6-4a50-8f01-b8942ef2d6ed,2236fe1c-6896-4157-a310-ae0e094233f6,TPHT_000640,Thiết bị đo gió Ultrasonic wind sensor 2D,98c88d39-bf0f-43c7-83a2-ca5d266ba54f,,t,,,hoat_dong,2026-07-11,,8b408897-b25d-4ece-91ba-d97dfacec283,,2026-07-13 14:15:40.080084+00,2026-07-17 02:25:30.805543+00,e96be350-6615-441a-91f5-53ad976e91b3,1ce915ed-07e9-4b65-9209-2652ffd9b681,,,
cd120bdb-b45d-44a7-a826-fdd4c6625977,7f40beb2-5d47-4f4a-b7df-35cd1cca56ae,TPHT_000641,AWOS D-AW21,98c88d39-bf0f-43c7-83a2-ca5d266ba54f,,t,,,hoat_dong,2026-07-11,,e43c5d4b-3c3c-4486-89da-73e9ac747ab4,,2026-07-13 14:15:40.080084+00,2026-07-17 02:25:30.805543+00,5f93c2d7-9b77-4f40-bc2f-17b835588de6,1ce915ed-07e9-4b65-9209-2652ffd9b681,,,
cdb0d971-2883-4f1b-98ab-309d996889c4,a13f3116-f74d-4435-b248-5b458d9fead4,TPHT_000642,Ống sợi thủy tinh,1ef69ec2-6298-4c48-b931-aea3fa48c0fc,,t,,,hoat_dong,2026-07-11,,f59bf0bd-520b-4245-80db-dc71b7187bf1,,2026-07-13 14:15:40.080084+00,2026-07-17 02:25:30.805543+00,e96be350-6615-441a-91f5-53ad976e91b3,1ce915ed-07e9-4b65-9209-2652ffd9b681,,,
ce342d33-efcf-4cff-b02c-19eda7f121fb,4fbd5536-e530-4f9b-97d3-d194186c33de,TPHT_000643,Thiết bị chuyển đổi Serial/Ethernet,ae03f513-6763-46f8-913d-91a103966947,,t,,,hoat_dong,2026-07-11,,141337b4-f2fa-4438-808f-0d10cfeedb85,,2026-07-13 14:15:40.080084+00,2026-07-17 02:25:30.805543+00,66b78574-4d8b-4d58-8ca7-67b06ef335b2,1ce915ed-07e9-4b65-9209-2652ffd9b681,,,
ce56a4f3-a68d-404a-aa3c-bc095e8d581a,2236fe1c-6896-4157-a310-ae0e094233f6,TPHT_000644,Radio Modem MR400,ae03f513-6763-46f8-913d-91a103966947,,t,,,hoat_dong,2026-07-11,,8b408897-b25d-4ece-91ba-d97dfacec283,,2026-07-13 14:15:40.080084+00,2026-07-17 02:25:30.805543+00,e96be350-6615-441a-91f5-53ad976e91b3,1ce915ed-07e9-4b65-9209-2652ffd9b681,,,
ce71d1ef-da0a-4ba8-b1cb-cc73b3acfdfc,4fbd5536-e530-4f9b-97d3-d194186c33de,TPHT_000645,Bộ Charger -UHF,accf1740-4c18-4b9a-895f-59d85ba593b5,,t,,,hoat_dong,2026-07-11,,141337b4-f2fa-4438-808f-0d10cfeedb85,,2026-07-13 14:15:40.080084+00,2026-07-17 02:25:30.805543+00,e96be350-6615-441a-91f5-53ad976e91b3,1ce915ed-07e9-4b65-9209-2652ffd9b681,,,
ce881ad6-74f6-4134-8af6-1c45c1f7702c,2236fe1c-6896-4157-a310-ae0e094233f6,TPHT_000646,"Đo nhiệt độ, độ ẩm",98c88d39-bf0f-43c7-83a2-ca5d266ba54f,,t,,,hoat_dong,2026-07-11,,8b408897-b25d-4ece-91ba-d97dfacec283,,2026-07-13 14:15:40.080084+00,2026-07-17 02:25:30.805543+00,e96be350-6615-441a-91f5-53ad976e91b3,1ce915ed-07e9-4b65-9209-2652ffd9b681,,,
cebb9b1e-0b60-4ec0-affa-590feb8c3229,5ae20f2b-30dc-409c-95db-68b98b79c94e,TPHT_000647,Sensor đo độ sáng nền 5000-301M6,98c88d39-bf0f-43c7-83a2-ca5d266ba54f,,t,,,hoat_dong,2026-07-11,,f59bf0bd-520b-4245-80db-dc71b7187bf1,,2026-07-13 14:15:40.080084+00,2026-07-17 02:25:30.805543+00,92aa329a-4ad2-4bf1-b2fe-c33ff194335c,1ce915ed-07e9-4b65-9209-2652ffd9b681,,,
ceda6eaf-14bb-40bd-b980-ae86660d5caa,7f40beb2-5d47-4f4a-b7df-35cd1cca56ae,TPHT_000648,AWOS D-AW21,98c88d39-bf0f-43c7-83a2-ca5d266ba54f,,t,,,hoat_dong,2026-07-11,,e43c5d4b-3c3c-4486-89da-73e9ac747ab4,,2026-07-13 14:15:40.080084+00,2026-07-17 02:25:30.805543+00,5f93c2d7-9b77-4f40-bc2f-17b835588de6,1ce915ed-07e9-4b65-9209-2652ffd9b681,,,
cef7d3b1-ac12-4861-9ddd-2237a6ea8ca1,5ae20f2b-30dc-409c-95db-68b98b79c94e,TPHT_000649,HUB modem Main,ae03f513-6763-46f8-913d-91a103966947,,t,,,hoat_dong,2026-07-11,,f59bf0bd-520b-4245-80db-dc71b7187bf1,,2026-07-13 14:15:40.080084+00,2026-07-17 02:25:30.805543+00,e96be350-6615-441a-91f5-53ad976e91b3,1ce915ed-07e9-4b65-9209-2652ffd9b681,,,
cf385c0d-987e-459e-87a2-0081cafafe41,a0625061-0c6d-4e0b-b438-d696787ad746,TPHT_000650,Nguồn AC/DC,accf1740-4c18-4b9a-895f-59d85ba593b5,,t,,,hoat_dong,2026-07-11,,65ac5e26-b0a7-487e-a72d-3f0dfc3facc2,,2026-07-13 14:15:40.080084+00,2026-07-17 02:25:30.805543+00,e96be350-6615-441a-91f5-53ad976e91b3,1ce915ed-07e9-4b65-9209-2652ffd9b681,,,
cf42a19c-e781-492c-bed4-56581843e465,2236fe1c-6896-4157-a310-ae0e094233f6,TPHT_000651,Bộ chuyển đổi tín hiệu RS232-Fiber,ae03f513-6763-46f8-913d-91a103966947,,t,,,hoat_dong,2026-07-11,,8b408897-b25d-4ece-91ba-d97dfacec283,,2026-07-13 14:15:40.080084+00,2026-07-17 02:25:30.805543+00,e96be350-6615-441a-91f5-53ad976e91b3,1ce915ed-07e9-4b65-9209-2652ffd9b681,,,
cf81cae3-5274-4d0e-b87e-14e921ca3fed,a13f3116-f74d-4435-b248-5b458d9fead4,TPHT_000652,Bộ xử lý đầu dưới,660f73b4-1975-4bde-8c87-810a23ef6e2c,,t,,,hoat_dong,2026-07-11,,f59bf0bd-520b-4245-80db-dc71b7187bf1,,2026-07-13 14:15:40.080084+00,2026-07-17 02:25:30.805543+00,e96be350-6615-441a-91f5-53ad976e91b3,1ce915ed-07e9-4b65-9209-2652ffd9b681,,,
cfbfce6b-8559-47db-a699-8a5c346eaa27,4fbd5536-e530-4f9b-97d3-d194186c33de,TPHT_000653,Máy chủ Standby,83e7d93e-2f76-4d4f-a6bc-08926383aba1,,t,,,hoat_dong,2026-07-11,,141337b4-f2fa-4438-808f-0d10cfeedb85,,2026-07-13 14:15:40.080084+00,2026-07-17 02:25:30.805543+00,86ab1273-d507-4143-8f2d-b2e86dd8cf01,1ce915ed-07e9-4b65-9209-2652ffd9b681,,,
cffff208-4cc3-44ca-b7a2-b6f8f3789a3e,5ae20f2b-30dc-409c-95db-68b98b79c94e,TPHT_000654,Adapter AC/DC 12V MDR-60-12,accf1740-4c18-4b9a-895f-59d85ba593b5,,t,,,hoat_dong,2026-07-11,,f59bf0bd-520b-4245-80db-dc71b7187bf1,,2026-07-13 14:15:40.080084+00,2026-07-17 02:25:30.805543+00,e96be350-6615-441a-91f5-53ad976e91b3,1ce915ed-07e9-4b65-9209-2652ffd9b681,,,
d00f84c5-07c8-4b9d-8c08-6fa897531e17,ebc4a136-c5e7-4f7d-abfc-e3ddea655b8c,TPHT_000655,Thiết bị Fiber to Ethernet,ae03f513-6763-46f8-913d-91a103966947,,t,,,hoat_dong,2026-07-11,,46e84da7-5a8b-4a79-aa46-2fb4bae1ff26,,2026-07-13 14:15:40.080084+00,2026-07-17 02:25:30.805543+00,e96be350-6615-441a-91f5-53ad976e91b3,1ce915ed-07e9-4b65-9209-2652ffd9b681,,,
d01ad232-6a61-40e2-949a-10a2404f021e,4fbd5536-e530-4f9b-97d3-d194186c33de,TPHT_000656,Cảm biến đo lượng mưa,98c88d39-bf0f-43c7-83a2-ca5d266ba54f,,t,,,hoat_dong,2026-07-11,,141337b4-f2fa-4438-808f-0d10cfeedb85,,2026-07-13 14:15:40.080084+00,2026-07-17 02:25:30.805543+00,f099f53a-5ef4-4039-ba41-1ea298f0ae5d,1ce915ed-07e9-4b65-9209-2652ffd9b681,,,
d0d672a8-be96-404d-9dab-418beb98c5f2,7f40beb2-5d47-4f4a-b7df-35cd1cca56ae,TPHT_000657,AWOS D-AW21,ae03f513-6763-46f8-913d-91a103966947,,t,,,hoat_dong,2026-07-11,,e43c5d4b-3c3c-4486-89da-73e9ac747ab4,,2026-07-13 14:15:40.080084+00,2026-07-17 02:25:30.805543+00,5f93c2d7-9b77-4f40-bc2f-17b835588de6,1ce915ed-07e9-4b65-9209-2652ffd9b681,,,
d13d3459-36f5-418e-a613-218be44f01a4,a0625061-0c6d-4e0b-b438-d696787ad746,TPHT_000658,Cắt lọc sét AC,660f73b4-1975-4bde-8c87-810a23ef6e2c,,t,,,hoat_dong,2026-07-11,,65ac5e26-b0a7-487e-a72d-3f0dfc3facc2,,2026-07-13 14:15:40.080084+00,2026-07-17 02:25:30.805543+00,e96be350-6615-441a-91f5-53ad976e91b3,1ce915ed-07e9-4b65-9209-2652ffd9b681,,,
d14402da-c3ee-41b8-abb9-33851e4613dd,ce27df84-7054-4032-bfe7-efdb0bd119f4,TPHT_000659,Chống sét đường tín hiệu RS485,660f73b4-1975-4bde-8c87-810a23ef6e2c,,t,,,hoat_dong,2026-07-11,,581d9350-905f-46da-b45e-c2d8aba4d868,,2026-07-13 14:15:40.080084+00,2026-07-17 02:25:30.805543+00,e96be350-6615-441a-91f5-53ad976e91b3,1ce915ed-07e9-4b65-9209-2652ffd9b681,,,
d14cd9c0-3c93-4c77-814c-5b27654507c1,7f40beb2-5d47-4f4a-b7df-35cd1cca56ae,TPHT_000660,AWOS D-AW21,660f73b4-1975-4bde-8c87-810a23ef6e2c,,t,,,hoat_dong,2026-07-11,,e43c5d4b-3c3c-4486-89da-73e9ac747ab4,,2026-07-13 14:15:40.080084+00,2026-07-17 02:25:30.805543+00,e96be350-6615-441a-91f5-53ad976e91b3,1ce915ed-07e9-4b65-9209-2652ffd9b681,,,
d1961b7f-469d-40b8-ab90-4eea0dffb6a2,5ae20f2b-30dc-409c-95db-68b98b79c94e,TPHT_000661,Chassis Etherwan,1ef69ec2-6298-4c48-b931-aea3fa48c0fc,,t,,,hoat_dong,2026-07-11,,f59bf0bd-520b-4245-80db-dc71b7187bf1,,2026-07-13 14:15:40.080084+00,2026-07-17 02:25:30.805543+00,e96be350-6615-441a-91f5-53ad976e91b3,1ce915ed-07e9-4b65-9209-2652ffd9b681,,,
d1d817ff-604c-4c8f-9feb-b04e2a3efc47,2236fe1c-6896-4157-a310-ae0e094233f6,TPHT_000662,Bộ chuyển đổi AC/DC,accf1740-4c18-4b9a-895f-59d85ba593b5,,t,,,hoat_dong,2026-07-11,,8b408897-b25d-4ece-91ba-d97dfacec283,,2026-07-13 14:15:40.080084+00,2026-07-17 02:25:30.805543+00,e96be350-6615-441a-91f5-53ad976e91b3,1ce915ed-07e9-4b65-9209-2652ffd9b681,,,
d1e9e22a-b344-443d-bb2b-04608233d893,2236fe1c-6896-4157-a310-ae0e094233f6,TPHT_000663,RLSI,ae03f513-6763-46f8-913d-91a103966947,,t,,,hoat_dong,2026-07-11,,8b408897-b25d-4ece-91ba-d97dfacec283,,2026-07-13 14:15:40.080084+00,2026-07-17 02:25:30.805543+00,e96be350-6615-441a-91f5-53ad976e91b3,1ce915ed-07e9-4b65-9209-2652ffd9b681,,,
d33fdfbc-39ab-4d66-8412-82af8bd70bd1,ebc4a136-c5e7-4f7d-abfc-e3ddea655b8c,TPHT_000664,Chống sét đường tín hiệu (X4),660f73b4-1975-4bde-8c87-810a23ef6e2c,,t,,,hoat_dong,2026-07-11,,46e84da7-5a8b-4a79-aa46-2fb4bae1ff26,,2026-07-13 14:15:40.080084+00,2026-07-17 02:25:30.805543+00,e96be350-6615-441a-91f5-53ad976e91b3,1ce915ed-07e9-4b65-9209-2652ffd9b681,,,
d37db451-71f0-4531-bb59-4c8f4261c703,a0625061-0c6d-4e0b-b438-d696787ad746,TPHT_000665,Cắt lọc sét nguồn AC,660f73b4-1975-4bde-8c87-810a23ef6e2c,,t,,,hoat_dong,2026-07-11,,65ac5e26-b0a7-487e-a72d-3f0dfc3facc2,,2026-07-13 14:15:40.080084+00,2026-07-17 02:25:30.805543+00,e96be350-6615-441a-91f5-53ad976e91b3,1ce915ed-07e9-4b65-9209-2652ffd9b681,,,
d38946ba-8200-4b36-a8b4-e30178866eda,4fbd5536-e530-4f9b-97d3-d194186c33de,TPHT_000666,Thiết bị chuyển đổi Serial/Fiber,ae03f513-6763-46f8-913d-91a103966947,,t,,,hoat_dong,2026-07-11,,141337b4-f2fa-4438-808f-0d10cfeedb85,,2026-07-13 14:15:40.080084+00,2026-07-17 02:25:30.805543+00,f099f53a-5ef4-4039-ba41-1ea298f0ae5d,1ce915ed-07e9-4b65-9209-2652ffd9b681,,,
d40afbd1-1fa6-4782-ae35-ac205d94f61e,5ae20f2b-30dc-409c-95db-68b98b79c94e,TPHT_000667,Thiết bị giao tiếp đường truyền Nport IA5250A-T,ae03f513-6763-46f8-913d-91a103966947,,t,,,hoat_dong,2026-07-11,,f59bf0bd-520b-4245-80db-dc71b7187bf1,,2026-07-13 14:15:40.080084+00,2026-07-17 02:25:30.805543+00,e96be350-6615-441a-91f5-53ad976e91b3,1ce915ed-07e9-4b65-9209-2652ffd9b681,,,
d42cd8e8-3bc7-40ad-9f32-4fca9f206441,2236fe1c-6896-4157-a310-ae0e094233f6,TPHT_000668,Radio Modem MR400,ae03f513-6763-46f8-913d-91a103966947,,t,,,hoat_dong,2026-07-11,,8b408897-b25d-4ece-91ba-d97dfacec283,,2026-07-13 14:15:40.080084+00,2026-07-17 02:25:30.805543+00,e96be350-6615-441a-91f5-53ad976e91b3,1ce915ed-07e9-4b65-9209-2652ffd9b681,,,
d46c4139-20c6-41c7-b1b2-84c4d5767e01,7f40beb2-5d47-4f4a-b7df-35cd1cca56ae,TPHT_000669,AWOS D-AW21,660f73b4-1975-4bde-8c87-810a23ef6e2c,,t,,,hoat_dong,2026-07-11,,e43c5d4b-3c3c-4486-89da-73e9ac747ab4,,2026-07-13 14:15:40.080084+00,2026-07-17 02:25:30.805543+00,5f93c2d7-9b77-4f40-bc2f-17b835588de6,1ce915ed-07e9-4b65-9209-2652ffd9b681,,,
d514dd01-5039-4186-93f1-49b9c85d7481,5ae20f2b-30dc-409c-95db-68b98b79c94e,TPHT_000670,Chống sét RF cho modem,ae03f513-6763-46f8-913d-91a103966947,,t,,,hoat_dong,2026-07-11,,f59bf0bd-520b-4245-80db-dc71b7187bf1,,2026-07-13 14:15:40.080084+00,2026-07-17 02:25:30.805543+00,e96be350-6615-441a-91f5-53ad976e91b3,1ce915ed-07e9-4b65-9209-2652ffd9b681,,,
d57d6963-976b-411b-97f8-72c84d3730bc,5ae20f2b-30dc-409c-95db-68b98b79c94e,TPHT_000671,Bộ nguồn AC/DC,accf1740-4c18-4b9a-895f-59d85ba593b5,,t,,,hoat_dong,2026-07-11,,f59bf0bd-520b-4245-80db-dc71b7187bf1,,2026-07-13 14:15:40.080084+00,2026-07-17 02:25:30.805543+00,e96be350-6615-441a-91f5-53ad976e91b3,1ce915ed-07e9-4b65-9209-2652ffd9b681,,,
d5d690fa-0852-4150-ac8d-4e0ae5805fff,ebc4a136-c5e7-4f7d-abfc-e3ddea655b8c,TPHT_000672,Switch,ae03f513-6763-46f8-913d-91a103966947,,t,,,hoat_dong,2026-07-11,,46e84da7-5a8b-4a79-aa46-2fb4bae1ff26,,2026-07-13 14:15:40.080084+00,2026-07-17 02:25:30.805543+00,e96be350-6615-441a-91f5-53ad976e91b3,1ce915ed-07e9-4b65-9209-2652ffd9b681,,,
d71c0cdd-24a6-4c54-8483-53861f7f1efb,4fbd5536-e530-4f9b-97d3-d194186c33de,TPHT_000673,Anten đa hướng,ae03f513-6763-46f8-913d-91a103966947,,t,,,hoat_dong,2026-07-11,,141337b4-f2fa-4438-808f-0d10cfeedb85,,2026-07-13 14:15:40.080084+00,2026-07-17 02:25:30.805543+00,5be98ba1-d22c-4739-aa55-9c8815e26c7c,1ce915ed-07e9-4b65-9209-2652ffd9b681,,,
d72737a2-0cdf-45c0-90ed-1f153c2d587a,a13f3116-f74d-4435-b248-5b458d9fead4,TPHT_000674,Bộ xử lý đầu trên,660f73b4-1975-4bde-8c87-810a23ef6e2c,,t,,,hoat_dong,2026-07-11,,f59bf0bd-520b-4245-80db-dc71b7187bf1,,2026-07-13 14:15:40.080084+00,2026-07-17 02:25:30.805543+00,e96be350-6615-441a-91f5-53ad976e91b3,1ce915ed-07e9-4b65-9209-2652ffd9b681,,,
d728a4bc-cfb0-4cdf-b391-631a42152c40,7f40beb2-5d47-4f4a-b7df-35cd1cca56ae,TPHT_000675,AWOS D-AW21,,,t,,,hoat_dong,2026-07-11,,e43c5d4b-3c3c-4486-89da-73e9ac747ab4,,2026-07-13 14:15:40.080084+00,2026-07-17 02:25:30.805543+00,e96be350-6615-441a-91f5-53ad976e91b3,1ce915ed-07e9-4b65-9209-2652ffd9b681,,,
d74b8564-8293-4730-ae05-8cf676a5dd17,7f40beb2-5d47-4f4a-b7df-35cd1cca56ae,TPHT_000676,Nguồn AC/DC,accf1740-4c18-4b9a-895f-59d85ba593b5,,t,,,hoat_dong,2026-07-11,,e43c5d4b-3c3c-4486-89da-73e9ac747ab4,,2026-07-13 14:15:40.080084+00,2026-07-17 02:25:30.805543+00,e96be350-6615-441a-91f5-53ad976e91b3,1ce915ed-07e9-4b65-9209-2652ffd9b681,,,
d7ecbdf8-6566-4ec6-a1f4-684406abe6fe,ce27df84-7054-4032-bfe7-efdb0bd119f4,TPHT_000677,Sensor nhiệt ẩm áp,98c88d39-bf0f-43c7-83a2-ca5d266ba54f,,t,,,hoat_dong,2026-07-11,,581d9350-905f-46da-b45e-c2d8aba4d868,,2026-07-13 14:15:40.080084+00,2026-07-17 02:25:30.805543+00,e96be350-6615-441a-91f5-53ad976e91b3,1ce915ed-07e9-4b65-9209-2652ffd9b681,,,
d852b98b-1958-485b-b8e6-28d42cfdbb37,5ae20f2b-30dc-409c-95db-68b98b79c94e,TPHT_000678,"Bộ phận sấy, sưởi thiết bị (heater/blower) 83397-00",1ef69ec2-6298-4c48-b931-aea3fa48c0fc,,t,,,hoat_dong,2026-07-11,,f59bf0bd-520b-4245-80db-dc71b7187bf1,,2026-07-13 14:15:40.080084+00,2026-07-17 02:25:30.805543+00,e96be350-6615-441a-91f5-53ad976e91b3,1ce915ed-07e9-4b65-9209-2652ffd9b681,,,
d8ad1e15-850f-4ed5-9925-9090158d69f4,2236fe1c-6896-4157-a310-ae0e094233f6,TPHT_000679,Thiết bị bảo vệ quá áp,accf1740-4c18-4b9a-895f-59d85ba593b5,,t,,,hoat_dong,2026-07-11,,8b408897-b25d-4ece-91ba-d97dfacec283,,2026-07-13 14:15:40.080084+00,2026-07-17 02:25:30.805543+00,e96be350-6615-441a-91f5-53ad976e91b3,1ce915ed-07e9-4b65-9209-2652ffd9b681,,,
d8bffa15-8ab9-45f4-b29d-25a6af75be7b,ce27df84-7054-4032-bfe7-efdb0bd119f4,TPHT_000680,Switch,ae03f513-6763-46f8-913d-91a103966947,,t,,,hoat_dong,2026-07-11,,581d9350-905f-46da-b45e-c2d8aba4d868,,2026-07-13 14:15:40.080084+00,2026-07-17 02:25:30.805543+00,03818fa3-ee05-4dfe-92f0-b6f752b0b97a,1ce915ed-07e9-4b65-9209-2652ffd9b681,,,
d8dd72e0-c288-4230-937c-0e76f9b8a528,7f40beb2-5d47-4f4a-b7df-35cd1cca56ae,TPHT_000681,AWOS D-AW21,660f73b4-1975-4bde-8c87-810a23ef6e2c,,t,,,hoat_dong,2026-07-11,,e43c5d4b-3c3c-4486-89da-73e9ac747ab4,,2026-07-13 14:15:40.080084+00,2026-07-17 02:25:30.805543+00,5f93c2d7-9b77-4f40-bc2f-17b835588de6,1ce915ed-07e9-4b65-9209-2652ffd9b681,,,
d8f6041c-ca1a-4632-bffb-819da24735f0,2236fe1c-6896-4157-a310-ae0e094233f6,TPHT_000682,Chống sét đường tín hiệu,660f73b4-1975-4bde-8c87-810a23ef6e2c,,t,,,hoat_dong,2026-07-11,,8b408897-b25d-4ece-91ba-d97dfacec283,,2026-07-13 14:15:40.080084+00,2026-07-17 02:25:30.805543+00,e96be350-6615-441a-91f5-53ad976e91b3,1ce915ed-07e9-4b65-9209-2652ffd9b681,,,
d976701a-0a8e-4efd-a39a-0ba89f99006c,2236fe1c-6896-4157-a310-ae0e094233f6,TPHT_000683,Cảm biến đo nhiệt độ và độ ẩm,98c88d39-bf0f-43c7-83a2-ca5d266ba54f,,t,,,hoat_dong,2026-07-11,,8b408897-b25d-4ece-91ba-d97dfacec283,,2026-07-13 14:15:40.080084+00,2026-07-17 02:25:30.805543+00,e96be350-6615-441a-91f5-53ad976e91b3,1ce915ed-07e9-4b65-9209-2652ffd9b681,,,
d9a5bfbd-2e34-4306-a3a8-a6f528df5fba,2236fe1c-6896-4157-a310-ae0e094233f6,TPHT_000684,RS232/485 Converter,ae03f513-6763-46f8-913d-91a103966947,,t,,,hoat_dong,2026-07-11,,8b408897-b25d-4ece-91ba-d97dfacec283,,2026-07-13 14:15:40.080084+00,2026-07-17 02:25:30.805543+00,e96be350-6615-441a-91f5-53ad976e91b3,1ce915ed-07e9-4b65-9209-2652ffd9b681,,,
d9b53239-c287-45e1-aa01-802165de1461,ebc4a136-c5e7-4f7d-abfc-e3ddea655b8c,TPHT_000685,Cảm biến gió,98c88d39-bf0f-43c7-83a2-ca5d266ba54f,,t,,,hoat_dong,2026-07-11,,46e84da7-5a8b-4a79-aa46-2fb4bae1ff26,,2026-07-13 14:15:40.080084+00,2026-07-17 02:25:30.805543+00,e96be350-6615-441a-91f5-53ad976e91b3,1ce915ed-07e9-4b65-9209-2652ffd9b681,,,
d9cd216d-8598-4344-a6bb-0ba134e98ba8,a0625061-0c6d-4e0b-b438-d696787ad746,TPHT_000686,Chống sét đường tín hiệu,660f73b4-1975-4bde-8c87-810a23ef6e2c,,t,,,hoat_dong,2026-07-11,,65ac5e26-b0a7-487e-a72d-3f0dfc3facc2,,2026-07-13 14:15:40.080084+00,2026-07-17 02:25:30.805543+00,3f302563-bdbb-443d-911f-b0058e38db42,1ce915ed-07e9-4b65-9209-2652ffd9b681,,,
da53813c-395b-410a-b0b8-21c3dfeb758d,2236fe1c-6896-4157-a310-ae0e094233f6,TPHT_000687,Thiết bị cắt lọc sét 1 pha,660f73b4-1975-4bde-8c87-810a23ef6e2c,,t,,,hoat_dong,2026-07-11,,8b408897-b25d-4ece-91ba-d97dfacec283,,2026-07-13 14:15:40.080084+00,2026-07-17 02:25:30.805543+00,e96be350-6615-441a-91f5-53ad976e91b3,1ce915ed-07e9-4b65-9209-2652ffd9b681,,,
da73ccb2-519e-478c-97dd-2ab7b07ce8b5,ebc4a136-c5e7-4f7d-abfc-e3ddea655b8c,TPHT_000688,Cảm biến đo độ cao chân mây,98c88d39-bf0f-43c7-83a2-ca5d266ba54f,,t,,,hoat_dong,2026-07-11,,46e84da7-5a8b-4a79-aa46-2fb4bae1ff26,,2026-07-13 14:15:40.080084+00,2026-07-17 02:25:30.805543+00,e96be350-6615-441a-91f5-53ad976e91b3,1ce915ed-07e9-4b65-9209-2652ffd9b681,,,
dafa7c0b-8101-4a4e-82da-55c02bb2286d,7f40beb2-5d47-4f4a-b7df-35cd1cca56ae,TPHT_000689,AWOS D-AW21,98c88d39-bf0f-43c7-83a2-ca5d266ba54f,,t,,,hoat_dong,2026-07-11,,e43c5d4b-3c3c-4486-89da-73e9ac747ab4,,2026-07-13 14:15:40.080084+00,2026-07-17 02:25:30.805543+00,5f93c2d7-9b77-4f40-bc2f-17b835588de6,1ce915ed-07e9-4b65-9209-2652ffd9b681,,,
db2fd7ec-5585-4913-868b-dfb42a384486,7f40beb2-5d47-4f4a-b7df-35cd1cca56ae,TPHT_000690,AWOS D-AW21,660f73b4-1975-4bde-8c87-810a23ef6e2c,,t,,,hoat_dong,2026-07-11,,e43c5d4b-3c3c-4486-89da-73e9ac747ab4,,2026-07-13 14:15:40.080084+00,2026-07-17 02:25:30.805543+00,e96be350-6615-441a-91f5-53ad976e91b3,1ce915ed-07e9-4b65-9209-2652ffd9b681,,,
db940260-1191-4298-b7b1-d3d8ebad7349,7f40beb2-5d47-4f4a-b7df-35cd1cca56ae,TPHT_000691,AWOS D-AW21,accf1740-4c18-4b9a-895f-59d85ba593b5,,t,,,hoat_dong,2026-07-11,,e43c5d4b-3c3c-4486-89da-73e9ac747ab4,,2026-07-13 14:15:40.080084+00,2026-07-17 02:25:30.805543+00,e96be350-6615-441a-91f5-53ad976e91b3,1ce915ed-07e9-4b65-9209-2652ffd9b681,,,
dbfa99dc-02cf-4236-bec2-832e155b7281,a0625061-0c6d-4e0b-b438-d696787ad746,TPHT_000692,Máy chủ STB,83e7d93e-2f76-4d4f-a6bc-08926383aba1,,t,,,hoat_dong,2026-07-11,,65ac5e26-b0a7-487e-a72d-3f0dfc3facc2,,2026-07-13 14:15:40.080084+00,2026-07-17 02:25:30.805543+00,3b1c9f72-6395-4ad0-a387-c7630195267a,1ce915ed-07e9-4b65-9209-2652ffd9b681,,,
dc7518e3-5bd4-486b-833e-444dfc54a9d2,a0625061-0c6d-4e0b-b438-d696787ad746,TPHT_000693,Cảm biến đo độ cao chân mây,98c88d39-bf0f-43c7-83a2-ca5d266ba54f,,t,,,hoat_dong,2026-07-11,,65ac5e26-b0a7-487e-a72d-3f0dfc3facc2,,2026-07-13 14:15:40.080084+00,2026-07-17 02:25:30.805543+00,e96be350-6615-441a-91f5-53ad976e91b3,1ce915ed-07e9-4b65-9209-2652ffd9b681,,,
dc913ae2-526f-4c5d-ba74-3c9b004fe58f,ce27df84-7054-4032-bfe7-efdb0bd119f4,TPHT_000694,Sensor khí áp,98c88d39-bf0f-43c7-83a2-ca5d266ba54f,,t,,,hoat_dong,2026-07-11,,581d9350-905f-46da-b45e-c2d8aba4d868,,2026-07-13 14:15:40.080084+00,2026-07-17 02:25:30.805543+00,e96be350-6615-441a-91f5-53ad976e91b3,1ce915ed-07e9-4b65-9209-2652ffd9b681,,,
dce71d8d-605d-4566-be69-1c1d41ff913c,ebc4a136-c5e7-4f7d-abfc-e3ddea655b8c,TPHT_000695,Converter Serial to fiber,ae03f513-6763-46f8-913d-91a103966947,,t,,,hoat_dong,2026-07-11,,46e84da7-5a8b-4a79-aa46-2fb4bae1ff26,,2026-07-13 14:15:40.080084+00,2026-07-17 02:25:30.805543+00,ff3511ef-1568-4f81-9c59-21d71703e354,1ce915ed-07e9-4b65-9209-2652ffd9b681,,,
dd3132a7-0ee4-42f0-915f-2e3f21a15e64,a13f3116-f74d-4435-b248-5b458d9fead4,TPHT_000696,Cáp,1ef69ec2-6298-4c48-b931-aea3fa48c0fc,,t,,,hoat_dong,2026-07-11,,f59bf0bd-520b-4245-80db-dc71b7187bf1,,2026-07-13 14:15:40.080084+00,2026-07-17 02:25:30.805543+00,e96be350-6615-441a-91f5-53ad976e91b3,1ce915ed-07e9-4b65-9209-2652ffd9b681,,,
ddd6b349-b8b0-4ec1-9ef6-fa4b7dbd96bf,5ae20f2b-30dc-409c-95db-68b98b79c94e,TPHT_000697,Sensor đo khí áp PTB300,98c88d39-bf0f-43c7-83a2-ca5d266ba54f,,t,,,hoat_dong,2026-07-11,,f59bf0bd-520b-4245-80db-dc71b7187bf1,,2026-07-13 14:15:40.080084+00,2026-07-17 02:25:30.805543+00,92aa329a-4ad2-4bf1-b2fe-c33ff194335c,1ce915ed-07e9-4b65-9209-2652ffd9b681,,,
de5316bd-9d3c-45fb-90c7-a5d08f4f6ad1,5ae20f2b-30dc-409c-95db-68b98b79c94e,TPHT_000698,RF Modem Client,ae03f513-6763-46f8-913d-91a103966947,,t,,,hoat_dong,2026-07-11,,f59bf0bd-520b-4245-80db-dc71b7187bf1,,2026-07-13 14:15:40.080084+00,2026-07-17 02:25:30.805543+00,e96be350-6615-441a-91f5-53ad976e91b3,1ce915ed-07e9-4b65-9209-2652ffd9b681,,,
de55aa4c-7cf9-4e80-91fd-2078bc5962c7,5ae20f2b-30dc-409c-95db-68b98b79c94e,TPHT_000699,Radio modem DTXM-460-OBN6I,ae03f513-6763-46f8-913d-91a103966947,,t,,,hoat_dong,2026-07-11,,f59bf0bd-520b-4245-80db-dc71b7187bf1,,2026-07-13 14:15:40.080084+00,2026-07-17 02:25:30.805543+00,e96be350-6615-441a-91f5-53ad976e91b3,1ce915ed-07e9-4b65-9209-2652ffd9b681,,,
de7487b0-8a28-4062-9caa-7578402aafc2,4fbd5536-e530-4f9b-97d3-d194186c33de,TPHT_000700,Thiết bị chuyển đổi Serial/Fiber,ae03f513-6763-46f8-913d-91a103966947,,t,,,hoat_dong,2026-07-11,,141337b4-f2fa-4438-808f-0d10cfeedb85,,2026-07-13 14:15:40.080084+00,2026-07-17 02:25:30.805543+00,f099f53a-5ef4-4039-ba41-1ea298f0ae5d,1ce915ed-07e9-4b65-9209-2652ffd9b681,,,
de8e5227-0ab3-42cc-9539-b3d18a5dcc81,4fbd5536-e530-4f9b-97d3-d194186c33de,TPHT_000701,Thiết bị chuyển đổi Serial/Fiber,ae03f513-6763-46f8-913d-91a103966947,,t,,,hoat_dong,2026-07-11,,141337b4-f2fa-4438-808f-0d10cfeedb85,,2026-07-13 14:15:40.080084+00,2026-07-17 02:25:30.805543+00,66b78574-4d8b-4d58-8ca7-67b06ef335b2,1ce915ed-07e9-4b65-9209-2652ffd9b681,,,
deaa94e9-aa7b-4454-b9e5-3c71ca3d143f,4fbd5536-e530-4f9b-97d3-d194186c33de,TPHT_000702,Ắc quy dự phòng,accf1740-4c18-4b9a-895f-59d85ba593b5,,t,,,hoat_dong,2026-07-11,,141337b4-f2fa-4438-808f-0d10cfeedb85,,2026-07-13 14:15:40.080084+00,2026-07-17 02:25:30.805543+00,66b78574-4d8b-4d58-8ca7-67b06ef335b2,1ce915ed-07e9-4b65-9209-2652ffd9b681,,,
dfe29157-3dd6-45c6-a606-8e46550eb552,4fbd5536-e530-4f9b-97d3-d194186c33de,TPHT_000703,Thiết bị chuyển đổi Serial/Ethernet,ae03f513-6763-46f8-913d-91a103966947,,t,,,hoat_dong,2026-07-11,,141337b4-f2fa-4438-808f-0d10cfeedb85,,2026-07-13 14:15:40.080084+00,2026-07-17 02:25:30.805543+00,f099f53a-5ef4-4039-ba41-1ea298f0ae5d,1ce915ed-07e9-4b65-9209-2652ffd9b681,,,
e0218750-7c3e-43c4-9b3b-32ea17002003,ebc4a136-c5e7-4f7d-abfc-e3ddea655b8c,TPHT_000704,Cảm biến đo ánh sáng nền,98c88d39-bf0f-43c7-83a2-ca5d266ba54f,,t,,,hoat_dong,2026-07-11,,46e84da7-5a8b-4a79-aa46-2fb4bae1ff26,,2026-07-13 14:15:40.080084+00,2026-07-17 02:25:30.805543+00,e96be350-6615-441a-91f5-53ad976e91b3,1ce915ed-07e9-4b65-9209-2652ffd9b681,,,
e118e2df-40f4-414b-bea6-dea17645f84d,ebc4a136-c5e7-4f7d-abfc-e3ddea655b8c,TPHT_000705,Cắt lọc sét nguồn AC,660f73b4-1975-4bde-8c87-810a23ef6e2c,,t,,,hoat_dong,2026-07-11,,46e84da7-5a8b-4a79-aa46-2fb4bae1ff26,,2026-07-13 14:15:40.080084+00,2026-07-17 02:25:30.805543+00,e96be350-6615-441a-91f5-53ad976e91b3,1ce915ed-07e9-4b65-9209-2652ffd9b681,,,
e136bb17-c970-4062-bcff-a1f4d04dc0c5,727fa6bc-f62a-4414-bc9c-4c0c0c2b42ff,TPHT_000706,Router Cisco 2900 Series,ae03f513-6763-46f8-913d-91a103966947,,t,2,,hoat_dong,2026-07-12,,581d9350-905f-46da-b45e-c2d8aba4d868,,2026-07-13 14:15:40.080084+00,2026-07-17 02:25:30.805543+00,c6b9108a-b830-42a6-b3b8-9e6dd5196202,1ce915ed-07e9-4b65-9209-2652ffd9b681,,,
e1b438b0-6fdb-402c-ad5e-bb3f3c439f40,a13f3116-f74d-4435-b248-5b458d9fead4,TPHT_000707,"Cảm biến đo tầm nhìn, Cảm biến xác định hiện tượng thời tiết tại sân bay",98c88d39-bf0f-43c7-83a2-ca5d266ba54f,,t,,,hoat_dong,2026-07-11,,f59bf0bd-520b-4245-80db-dc71b7187bf1,,2026-07-13 14:15:40.080084+00,2026-07-17 02:25:30.805543+00,e96be350-6615-441a-91f5-53ad976e91b3,1ce915ed-07e9-4b65-9209-2652ffd9b681,,,
e1ca607d-b7d2-4a6e-876c-1db1d91d9527,5ae20f2b-30dc-409c-95db-68b98b79c94e,TPHT_000708,Màn hình giám sát UHF,83e7d93e-2f76-4d4f-a6bc-08926383aba1,,t,,,hoat_dong,2026-07-11,,f59bf0bd-520b-4245-80db-dc71b7187bf1,,2026-07-13 14:15:40.080084+00,2026-07-17 02:25:30.805543+00,e96be350-6615-441a-91f5-53ad976e91b3,1ce915ed-07e9-4b65-9209-2652ffd9b681,,,
e1f7360e-dcfb-49af-87ca-5cbbd843e14e,2236fe1c-6896-4157-a310-ae0e094233f6,TPHT_000709,Màn hình hiển thị Nhiệt độ-Độ ẩm-Khí áp,83e7d93e-2f76-4d4f-a6bc-08926383aba1,,t,,,hoat_dong,2026-07-11,,8b408897-b25d-4ece-91ba-d97dfacec283,,2026-07-13 14:15:40.080084+00,2026-07-17 02:25:30.805543+00,ff3511ef-1568-4f81-9c59-21d71703e354,1ce915ed-07e9-4b65-9209-2652ffd9b681,,,
e2b316d8-f29a-4d67-82cf-0930de248927,7f40beb2-5d47-4f4a-b7df-35cd1cca56ae,TPHT_000710,AWOS D-AW21,ae03f513-6763-46f8-913d-91a103966947,,t,,,hoat_dong,2026-07-11,,e43c5d4b-3c3c-4486-89da-73e9ac747ab4,,2026-07-13 14:15:40.080084+00,2026-07-17 02:25:30.805543+00,e96be350-6615-441a-91f5-53ad976e91b3,1ce915ed-07e9-4b65-9209-2652ffd9b681,,,
e38e38be-178a-4254-bad8-72905f61911e,ce27df84-7054-4032-bfe7-efdb0bd119f4,TPHT_000711,Media Converter,ae03f513-6763-46f8-913d-91a103966947,,t,,,hoat_dong,2026-07-11,,581d9350-905f-46da-b45e-c2d8aba4d868,,2026-07-13 14:15:40.080084+00,2026-07-17 02:25:30.805543+00,e96be350-6615-441a-91f5-53ad976e91b3,1ce915ed-07e9-4b65-9209-2652ffd9b681,,,
e3e4486f-f363-4ad0-8ae3-0ecf72f45ebf,7f40beb2-5d47-4f4a-b7df-35cd1cca56ae,TPHT_000712,AWOS D-AW21,ae03f513-6763-46f8-913d-91a103966947,,t,,,hoat_dong,2026-07-11,,e43c5d4b-3c3c-4486-89da-73e9ac747ab4,,2026-07-13 14:15:40.080084+00,2026-07-17 02:25:30.805543+00,e96be350-6615-441a-91f5-53ad976e91b3,1ce915ed-07e9-4b65-9209-2652ffd9b681,,,
e465f7c3-a2e0-42f4-a58b-d0824db20665,a13f3116-f74d-4435-b248-5b458d9fead4,TPHT_000713,Modem vô tuyến (Modem vô tuyến,ae03f513-6763-46f8-913d-91a103966947,,t,,,hoat_dong,2026-07-11,,f59bf0bd-520b-4245-80db-dc71b7187bf1,,2026-07-13 14:15:40.080084+00,2026-07-17 02:25:30.805543+00,e96be350-6615-441a-91f5-53ad976e91b3,1ce915ed-07e9-4b65-9209-2652ffd9b681,,,
e49d444a-1448-487e-a70d-27f949b8bdb4,ebc4a136-c5e7-4f7d-abfc-e3ddea655b8c,TPHT_000714,Cắt lọc sét nguồn AC,660f73b4-1975-4bde-8c87-810a23ef6e2c,,t,,,hoat_dong,2026-07-11,,46e84da7-5a8b-4a79-aa46-2fb4bae1ff26,,2026-07-13 14:15:40.080084+00,2026-07-17 02:25:30.805543+00,e96be350-6615-441a-91f5-53ad976e91b3,1ce915ed-07e9-4b65-9209-2652ffd9b681,,,
e532da4e-cea5-4140-90ac-5a314b6018dd,7f40beb2-5d47-4f4a-b7df-35cd1cca56ae,TPHT_000715,AWOS D-AW21,98c88d39-bf0f-43c7-83a2-ca5d266ba54f,,t,,,hoat_dong,2026-07-11,,e43c5d4b-3c3c-4486-89da-73e9ac747ab4,,2026-07-13 14:15:40.080084+00,2026-07-17 02:25:30.805543+00,5f93c2d7-9b77-4f40-bc2f-17b835588de6,1ce915ed-07e9-4b65-9209-2652ffd9b681,,,
e533aa87-e7b5-45c1-a191-8d90751f39d0,2236fe1c-6896-4157-a310-ae0e094233f6,TPHT_000716,Cảm biến tầm nhìn,98c88d39-bf0f-43c7-83a2-ca5d266ba54f,,t,,,hoat_dong,2026-07-11,,8b408897-b25d-4ece-91ba-d97dfacec283,,2026-07-13 14:15:40.080084+00,2026-07-17 02:25:30.805543+00,e96be350-6615-441a-91f5-53ad976e91b3,1ce915ed-07e9-4b65-9209-2652ffd9b681,,,
e53858c8-c9f3-4e1b-a4ac-b58adcca0b3b,ebc4a136-c5e7-4f7d-abfc-e3ddea655b8c,TPHT_000717,Thiết bị Serial to Ethernet,ae03f513-6763-46f8-913d-91a103966947,,t,,,hoat_dong,2026-07-11,,46e84da7-5a8b-4a79-aa46-2fb4bae1ff26,,2026-07-13 14:15:40.080084+00,2026-07-17 02:25:30.805543+00,e96be350-6615-441a-91f5-53ad976e91b3,1ce915ed-07e9-4b65-9209-2652ffd9b681,,,
e575a85f-20ad-499d-9f39-3d283b6a9cad,a13f3116-f74d-4435-b248-5b458d9fead4,TPHT_000718,Trạm Ceilo 20L,1ef69ec2-6298-4c48-b931-aea3fa48c0fc,,t,,,hoat_dong,2026-07-11,,f59bf0bd-520b-4245-80db-dc71b7187bf1,,2026-07-13 14:15:40.080084+00,2026-07-17 02:25:30.805543+00,e96be350-6615-441a-91f5-53ad976e91b3,1ce915ed-07e9-4b65-9209-2652ffd9b681,,,
e5817c7e-38fb-4097-9226-845fd6293d68,5ae20f2b-30dc-409c-95db-68b98b79c94e,TPHT_000719,PC OPT - OBS 2,1ef69ec2-6298-4c48-b931-aea3fa48c0fc,,t,,,hoat_dong,2026-07-11,,f59bf0bd-520b-4245-80db-dc71b7187bf1,,2026-07-13 14:15:40.080084+00,2026-07-17 02:25:30.805543+00,c7122de2-902a-46b3-854d-12feb6f43716,1ce915ed-07e9-4b65-9209-2652ffd9b681,,,
e5a96d63-04f0-4f1c-9c55-8b99891c41fc,7f40beb2-5d47-4f4a-b7df-35cd1cca56ae,TPHT_000720,AWOS D-AW21,660f73b4-1975-4bde-8c87-810a23ef6e2c,,t,,,hoat_dong,2026-07-11,,e43c5d4b-3c3c-4486-89da-73e9ac747ab4,,2026-07-13 14:15:40.080084+00,2026-07-17 02:25:30.805543+00,5f93c2d7-9b77-4f40-bc2f-17b835588de6,1ce915ed-07e9-4b65-9209-2652ffd9b681,,,
e5e20737-bcce-4875-91a4-5bf654930bbe,a13f3116-f74d-4435-b248-5b458d9fead4,TPHT_000721,"Cảm biến đo hướng và tốc độ gió (kèm theo cáp tín hiệu, cáp nguồn, phụ kiện chống chim đậu, phụ kiện lắp đặt)",98c88d39-bf0f-43c7-83a2-ca5d266ba54f,,t,,,hoat_dong,2026-07-11,,f59bf0bd-520b-4245-80db-dc71b7187bf1,,2026-07-13 14:15:40.080084+00,2026-07-17 02:25:30.805543+00,e96be350-6615-441a-91f5-53ad976e91b3,1ce915ed-07e9-4b65-9209-2652ffd9b681,,,
e5ef4776-0f05-4ace-9900-43ed31a98976,4fbd5536-e530-4f9b-97d3-d194186c33de,TPHT_000722,Bộ Charger,accf1740-4c18-4b9a-895f-59d85ba593b5,,t,,,hoat_dong,2026-07-11,,141337b4-f2fa-4438-808f-0d10cfeedb85,,2026-07-13 14:15:40.080084+00,2026-07-17 02:25:30.805543+00,ffd5b794-82b9-4fd3-9057-3579b9140d1d,1ce915ed-07e9-4b65-9209-2652ffd9b681,,,
e5fcf447-6496-448f-af77-503c408cfc07,5ae20f2b-30dc-409c-95db-68b98b79c94e,TPHT_000723,Sensor đo gió 4.3820.00.300,98c88d39-bf0f-43c7-83a2-ca5d266ba54f,,t,,,hoat_dong,2026-07-11,,f59bf0bd-520b-4245-80db-dc71b7187bf1,,2026-07-13 14:15:40.080084+00,2026-07-17 02:25:30.805543+00,92aa329a-4ad2-4bf1-b2fe-c33ff194335c,1ce915ed-07e9-4b65-9209-2652ffd9b681,,,
e69b284e-9024-46a3-9259-4e77f2d5ade5,a0625061-0c6d-4e0b-b438-d696787ad746,TPHT_000724,Cảm biến đo hướng và đo tốc độ gió đầu 35,98c88d39-bf0f-43c7-83a2-ca5d266ba54f,,t,,,hoat_dong,2026-07-11,,65ac5e26-b0a7-487e-a72d-3f0dfc3facc2,,2026-07-13 14:15:40.080084+00,2026-07-17 02:25:30.805543+00,3f302563-bdbb-443d-911f-b0058e38db42,1ce915ed-07e9-4b65-9209-2652ffd9b681,,,
e6b4c32b-f73e-4787-8f35-92e46c50429c,5ae20f2b-30dc-409c-95db-68b98b79c94e,TPHT_000725,Anten,ae03f513-6763-46f8-913d-91a103966947,,t,,,hoat_dong,2026-07-11,,f59bf0bd-520b-4245-80db-dc71b7187bf1,,2026-07-13 14:15:40.080084+00,2026-07-17 02:25:30.805543+00,e96be350-6615-441a-91f5-53ad976e91b3,1ce915ed-07e9-4b65-9209-2652ffd9b681,,,
e6c37cf8-6677-4e17-9596-6ed7782622f6,ce27df84-7054-4032-bfe7-efdb0bd119f4,TPHT_000726,Thiết bị Serial server,ae03f513-6763-46f8-913d-91a103966947,,t,,,hoat_dong,2026-07-11,,581d9350-905f-46da-b45e-c2d8aba4d868,,2026-07-13 14:15:40.080084+00,2026-07-17 02:25:30.805543+00,e96be350-6615-441a-91f5-53ad976e91b3,1ce915ed-07e9-4b65-9209-2652ffd9b681,,,
e6cdcf01-1515-425a-8192-69f2be3331d0,a0625061-0c6d-4e0b-b438-d696787ad746,TPHT_000727,Cắt lọc sét nguồn AC,660f73b4-1975-4bde-8c87-810a23ef6e2c,,t,,,hoat_dong,2026-07-11,,65ac5e26-b0a7-487e-a72d-3f0dfc3facc2,,2026-07-13 14:15:40.080084+00,2026-07-17 02:25:30.805543+00,e96be350-6615-441a-91f5-53ad976e91b3,1ce915ed-07e9-4b65-9209-2652ffd9b681,,,
e6efce52-1dc3-4c10-b0d8-cdcde1e53aa2,4fbd5536-e530-4f9b-97d3-d194186c33de,TPHT_000728,"CPU core i5 8400, 2.8Ghz, RAM 4GB",83e7d93e-2f76-4d4f-a6bc-08926383aba1,,t,,,hoat_dong,2026-07-11,,141337b4-f2fa-4438-808f-0d10cfeedb85,,2026-07-13 14:15:40.080084+00,2026-07-17 02:25:30.805543+00,e96be350-6615-441a-91f5-53ad976e91b3,1ce915ed-07e9-4b65-9209-2652ffd9b681,,,
e710f844-8a4e-40af-b378-6c205ec39bfc,4fbd5536-e530-4f9b-97d3-d194186c33de,TPHT_000729,Chống sét - UHF,660f73b4-1975-4bde-8c87-810a23ef6e2c,,t,,,hoat_dong,2026-07-11,,141337b4-f2fa-4438-808f-0d10cfeedb85,,2026-07-13 14:15:40.080084+00,2026-07-17 02:25:30.805543+00,ffd5b794-82b9-4fd3-9057-3579b9140d1d,1ce915ed-07e9-4b65-9209-2652ffd9b681,,,
e76c32f1-a8d4-4b43-a08b-3fa5394819e6,5ae20f2b-30dc-409c-95db-68b98b79c94e,TPHT_000730,Server STB,83e7d93e-2f76-4d4f-a6bc-08926383aba1,,t,,,hoat_dong,2026-07-11,,f59bf0bd-520b-4245-80db-dc71b7187bf1,,2026-07-13 14:15:40.080084+00,2026-07-17 02:25:30.805543+00,c7122de2-902a-46b3-854d-12feb6f43716,1ce915ed-07e9-4b65-9209-2652ffd9b681,,,
e7dd765c-51a9-4221-9658-69441cbc7219,4fbd5536-e530-4f9b-97d3-d194186c33de,TPHT_000731,Thiết bị chuyển đổi Serial/Ethernet,ae03f513-6763-46f8-913d-91a103966947,,t,,,hoat_dong,2026-07-11,,141337b4-f2fa-4438-808f-0d10cfeedb85,,2026-07-13 14:15:40.080084+00,2026-07-17 02:25:30.805543+00,38e5eeb4-1688-47ea-ac85-5fd68d617ea5,1ce915ed-07e9-4b65-9209-2652ffd9b681,,,
e84aef10-cff1-41fa-9424-667d73eb7588,4fbd5536-e530-4f9b-97d3-d194186c33de,TPHT_000732,Bộ Charger,accf1740-4c18-4b9a-895f-59d85ba593b5,,t,,,hoat_dong,2026-07-11,,141337b4-f2fa-4438-808f-0d10cfeedb85,,2026-07-13 14:15:40.080084+00,2026-07-17 02:25:30.805543+00,66b78574-4d8b-4d58-8ca7-67b06ef335b2,1ce915ed-07e9-4b65-9209-2652ffd9b681,,,
e8b0606a-18b9-4bbd-89b7-a06b2cab3797,5ae20f2b-30dc-409c-95db-68b98b79c94e,TPHT_000733,Converter Nport 5250,ae03f513-6763-46f8-913d-91a103966947,,t,,,hoat_dong,2026-07-11,,f59bf0bd-520b-4245-80db-dc71b7187bf1,,2026-07-13 14:15:40.080084+00,2026-07-17 02:25:30.805543+00,e96be350-6615-441a-91f5-53ad976e91b3,1ce915ed-07e9-4b65-9209-2652ffd9b681,,,
e90587db-1733-4b3e-a267-6231959e2b98,ce27df84-7054-4032-bfe7-efdb0bd119f4,TPHT_000734,Cảm biến đo khí áp,98c88d39-bf0f-43c7-83a2-ca5d266ba54f,,t,,,hoat_dong,2026-07-11,,581d9350-905f-46da-b45e-c2d8aba4d868,,2026-07-13 14:15:40.080084+00,2026-07-17 02:25:30.805543+00,03818fa3-ee05-4dfe-92f0-b6f752b0b97a,1ce915ed-07e9-4b65-9209-2652ffd9b681,,,
e96d4260-7309-49f7-a24f-3dac55ad8d3c,7f40beb2-5d47-4f4a-b7df-35cd1cca56ae,TPHT_000735,Nguồn AC/DC,accf1740-4c18-4b9a-895f-59d85ba593b5,,t,,,hoat_dong,2026-07-11,,e43c5d4b-3c3c-4486-89da-73e9ac747ab4,,2026-07-13 14:15:40.080084+00,2026-07-17 02:25:30.805543+00,e96be350-6615-441a-91f5-53ad976e91b3,1ce915ed-07e9-4b65-9209-2652ffd9b681,,,
e998b952-9c27-470b-8842-4f4dd5a6655b,5ae20f2b-30dc-409c-95db-68b98b79c94e,TPHT_000736,Thiết bị giao tiếp dữ liệu Advantech UNO-137,1ef69ec2-6298-4c48-b931-aea3fa48c0fc,,t,,,hoat_dong,2026-07-11,,f59bf0bd-520b-4245-80db-dc71b7187bf1,,2026-07-13 14:15:40.080084+00,2026-07-17 02:25:30.805543+00,e96be350-6615-441a-91f5-53ad976e91b3,1ce915ed-07e9-4b65-9209-2652ffd9b681,,,
ea1af8f4-c9f8-4d44-9b08-2804e76c92b3,4fbd5536-e530-4f9b-97d3-d194186c33de,TPHT_000737,Cảm biến áp suất,98c88d39-bf0f-43c7-83a2-ca5d266ba54f,,t,,,hoat_dong,2026-07-11,,141337b4-f2fa-4438-808f-0d10cfeedb85,,2026-07-13 14:15:40.080084+00,2026-07-17 02:25:30.805543+00,f099f53a-5ef4-4039-ba41-1ea298f0ae5d,1ce915ed-07e9-4b65-9209-2652ffd9b681,,,
ea3ba88c-4c13-4718-bb71-8f7b03e86694,2236fe1c-6896-4157-a310-ae0e094233f6,TPHT_000738,Server,83e7d93e-2f76-4d4f-a6bc-08926383aba1,,t,,,hoat_dong,2026-07-11,,8b408897-b25d-4ece-91ba-d97dfacec283,,2026-07-13 14:15:40.080084+00,2026-07-17 02:25:30.805543+00,c6b9108a-b830-42a6-b3b8-9e6dd5196202,1ce915ed-07e9-4b65-9209-2652ffd9b681,,,
ea6bb08e-8419-4411-8635-eb10a710cdf8,ebc4a136-c5e7-4f7d-abfc-e3ddea655b8c,TPHT_000739,Chống sét đường tín hiệu,660f73b4-1975-4bde-8c87-810a23ef6e2c,,t,,,hoat_dong,2026-07-11,,46e84da7-5a8b-4a79-aa46-2fb4bae1ff26,,2026-07-13 14:15:40.080084+00,2026-07-17 02:25:30.805543+00,e96be350-6615-441a-91f5-53ad976e91b3,1ce915ed-07e9-4b65-9209-2652ffd9b681,,,
eaf3b6cd-6f23-4c36-a306-51a1900baaf3,a13f3116-f74d-4435-b248-5b458d9fead4,TPHT_000740,Kim thu sét,1ef69ec2-6298-4c48-b931-aea3fa48c0fc,,t,,,hoat_dong,2026-07-11,,f59bf0bd-520b-4245-80db-dc71b7187bf1,,2026-07-13 14:15:40.080084+00,2026-07-17 02:25:30.805543+00,e96be350-6615-441a-91f5-53ad976e91b3,1ce915ed-07e9-4b65-9209-2652ffd9b681,,,
eb573195-f47f-4646-936f-7d95bffee4f2,5ae20f2b-30dc-409c-95db-68b98b79c94e,TPHT_000741,Anten UHF,ae03f513-6763-46f8-913d-91a103966947,,t,,,hoat_dong,2026-07-11,,f59bf0bd-520b-4245-80db-dc71b7187bf1,,2026-07-13 14:15:40.080084+00,2026-07-17 02:25:30.805543+00,e96be350-6615-441a-91f5-53ad976e91b3,1ce915ed-07e9-4b65-9209-2652ffd9b681,,,
ec0278fe-e694-4896-aaaa-8eddacbe88f5,ce27df84-7054-4032-bfe7-efdb0bd119f4,TPHT_000742,Modem UHF,ae03f513-6763-46f8-913d-91a103966947,,t,,,hoat_dong,2026-07-11,,581d9350-905f-46da-b45e-c2d8aba4d868,,2026-07-13 14:15:40.080084+00,2026-07-17 02:25:30.805543+00,e96be350-6615-441a-91f5-53ad976e91b3,1ce915ed-07e9-4b65-9209-2652ffd9b681,,,
ec14832c-e0fa-437f-890c-8845620607e7,5ae20f2b-30dc-409c-95db-68b98b79c94e,TPHT_000743,Radio modem DTXM-460-OBN6I,ae03f513-6763-46f8-913d-91a103966947,,t,,,hoat_dong,2026-07-11,,f59bf0bd-520b-4245-80db-dc71b7187bf1,,2026-07-13 14:15:40.080084+00,2026-07-17 02:25:30.805543+00,e96be350-6615-441a-91f5-53ad976e91b3,1ce915ed-07e9-4b65-9209-2652ffd9b681,,,
ec1a297e-5460-4813-b758-76c44947e56e,a13f3116-f74d-4435-b248-5b458d9fead4,TPHT_000744,Bộ kiểm tra hiệu chỉnh cho cảm biến ánh sáng nền (dùng chung cho cả 2 cảm biến),98c88d39-bf0f-43c7-83a2-ca5d266ba54f,,t,,,hoat_dong,2026-07-11,,f59bf0bd-520b-4245-80db-dc71b7187bf1,,2026-07-13 14:15:40.080084+00,2026-07-17 02:25:30.805543+00,e96be350-6615-441a-91f5-53ad976e91b3,1ce915ed-07e9-4b65-9209-2652ffd9b681,,,
ec2193de-8e75-491a-ae2c-3f9b90a4c958,a13f3116-f74d-4435-b248-5b458d9fead4,TPHT_000745,"Trụ lắp cảm biến đo gió an toàn - dễ gãy, cao 10m, / có khớp bản lề giữa thân và chân đế cột, đã được sơn theo tiêu chuẩn ICAO",98c88d39-bf0f-43c7-83a2-ca5d266ba54f,,t,,,hoat_dong,2026-07-11,,f59bf0bd-520b-4245-80db-dc71b7187bf1,,2026-07-13 14:15:40.080084+00,2026-07-17 02:25:30.805543+00,e96be350-6615-441a-91f5-53ad976e91b3,1ce915ed-07e9-4b65-9209-2652ffd9b681,,,
ec496fb5-0d78-4850-a56e-517c0bcc25b8,ce27df84-7054-4032-bfe7-efdb0bd119f4,TPHT_000746,AC/DC converter,accf1740-4c18-4b9a-895f-59d85ba593b5,,t,,,hoat_dong,2026-07-11,,581d9350-905f-46da-b45e-c2d8aba4d868,,2026-07-13 14:15:40.080084+00,2026-07-17 02:25:30.805543+00,e96be350-6615-441a-91f5-53ad976e91b3,1ce915ed-07e9-4b65-9209-2652ffd9b681,,,
ed469352-9658-4dec-80df-b18d183de5b4,a0625061-0c6d-4e0b-b438-d696787ad746,TPHT_000747,Nguồn AC/DC,accf1740-4c18-4b9a-895f-59d85ba593b5,,t,,,hoat_dong,2026-07-11,,65ac5e26-b0a7-487e-a72d-3f0dfc3facc2,,2026-07-13 14:15:40.080084+00,2026-07-17 02:25:30.805543+00,7edb2f00-60da-46ad-8aed-873d4708393d,1ce915ed-07e9-4b65-9209-2652ffd9b681,,,
ed7dfa1e-1a8d-414b-bfa9-c62a2cda754d,4fbd5536-e530-4f9b-97d3-d194186c33de,TPHT_000748,Cảm biến đo ánh sáng nền,98c88d39-bf0f-43c7-83a2-ca5d266ba54f,,t,,,hoat_dong,2026-07-11,,141337b4-f2fa-4438-808f-0d10cfeedb85,,2026-07-13 14:15:40.080084+00,2026-07-17 02:25:30.805543+00,38e5eeb4-1688-47ea-ac85-5fd68d617ea5,1ce915ed-07e9-4b65-9209-2652ffd9b681,,,
edcdcf7f-a48b-486e-8fc9-7f0c2f43f841,a0625061-0c6d-4e0b-b438-d696787ad746,TPHT_000749,Chống sét RF,660f73b4-1975-4bde-8c87-810a23ef6e2c,,t,,,hoat_dong,2026-07-11,,65ac5e26-b0a7-487e-a72d-3f0dfc3facc2,,2026-07-13 14:15:40.080084+00,2026-07-17 02:25:30.805543+00,e96be350-6615-441a-91f5-53ad976e91b3,1ce915ed-07e9-4b65-9209-2652ffd9b681,,,
edce4133-a516-4477-a95b-80d87ddddc09,2236fe1c-6896-4157-a310-ae0e094233f6,TPHT_000750,Chống sét đường tín hiệu,660f73b4-1975-4bde-8c87-810a23ef6e2c,,t,,,hoat_dong,2026-07-11,,8b408897-b25d-4ece-91ba-d97dfacec283,,2026-07-13 14:15:40.080084+00,2026-07-17 02:25:30.805543+00,c6b9108a-b830-42a6-b3b8-9e6dd5196202,1ce915ed-07e9-4b65-9209-2652ffd9b681,,,
ee7795c9-5e89-49a8-9dce-54dd61617856,2236fe1c-6896-4157-a310-ae0e094233f6,TPHT_000752,Chống sét đường tín hiệu,660f73b4-1975-4bde-8c87-810a23ef6e2c,,t,,,hoat_dong,2026-07-11,,8b408897-b25d-4ece-91ba-d97dfacec283,,2026-07-13 14:15:40.080084+00,2026-07-17 02:25:30.805543+00,e96be350-6615-441a-91f5-53ad976e91b3,1ce915ed-07e9-4b65-9209-2652ffd9b681,,,
eecd4de1-e8ca-4142-8369-538d53dfd4cc,ce27df84-7054-4032-bfe7-efdb0bd119f4,TPHT_000753,Cắt sét nguồn AC,660f73b4-1975-4bde-8c87-810a23ef6e2c,,t,,,hoat_dong,2026-07-11,,581d9350-905f-46da-b45e-c2d8aba4d868,,2026-07-13 14:15:40.080084+00,2026-07-17 02:25:30.805543+00,e96be350-6615-441a-91f5-53ad976e91b3,1ce915ed-07e9-4b65-9209-2652ffd9b681,,,
eee6ed3c-f20b-4d57-8fa4-d90f30b888e2,7f40beb2-5d47-4f4a-b7df-35cd1cca56ae,TPHT_000754,AWOS D-AW21,ae03f513-6763-46f8-913d-91a103966947,,t,,,hoat_dong,2026-07-11,,e43c5d4b-3c3c-4486-89da-73e9ac747ab4,,2026-07-13 14:15:40.080084+00,2026-07-17 02:25:30.805543+00,e96be350-6615-441a-91f5-53ad976e91b3,1ce915ed-07e9-4b65-9209-2652ffd9b681,,,
ef05e89d-bb1c-4756-acef-91400a1aabe8,2236fe1c-6896-4157-a310-ae0e094233f6,TPHT_000755,Thiết bị đo trần mây,98c88d39-bf0f-43c7-83a2-ca5d266ba54f,,t,,,hoat_dong,2026-07-11,,8b408897-b25d-4ece-91ba-d97dfacec283,,2026-07-13 14:15:40.080084+00,2026-07-17 02:25:30.805543+00,e96be350-6615-441a-91f5-53ad976e91b3,1ce915ed-07e9-4b65-9209-2652ffd9b681,,,
ef1db6e3-b409-474b-a357-bbc69a3cacca,ce27df84-7054-4032-bfe7-efdb0bd119f4,TPHT_000756,Cảm biến đo trần mây,98c88d39-bf0f-43c7-83a2-ca5d266ba54f,,t,,,hoat_dong,2026-07-11,,581d9350-905f-46da-b45e-c2d8aba4d868,,2026-07-13 14:15:40.080084+00,2026-07-17 02:25:30.805543+00,e96be350-6615-441a-91f5-53ad976e91b3,1ce915ed-07e9-4b65-9209-2652ffd9b681,,,
ef36e917-02ed-4067-9bec-91985af1e9e2,7f40beb2-5d47-4f4a-b7df-35cd1cca56ae,TPHT_000757,AWOS D-AW21,ae03f513-6763-46f8-913d-91a103966947,,t,,,hoat_dong,2026-07-11,,e43c5d4b-3c3c-4486-89da-73e9ac747ab4,,2026-07-13 14:15:40.080084+00,2026-07-17 02:25:30.805543+00,e96be350-6615-441a-91f5-53ad976e91b3,1ce915ed-07e9-4b65-9209-2652ffd9b681,,,
ef4fe97d-31f3-4a4b-96fa-dbc32656a401,5ae20f2b-30dc-409c-95db-68b98b79c94e,TPHT_000758,Cảm biến đo tốc độ và hướng Gió WO90,98c88d39-bf0f-43c7-83a2-ca5d266ba54f,,t,,,hoat_dong,2026-07-11,,f59bf0bd-520b-4245-80db-dc71b7187bf1,,2026-07-13 14:15:40.080084+00,2026-07-17 02:25:30.805543+00,e96be350-6615-441a-91f5-53ad976e91b3,1ce915ed-07e9-4b65-9209-2652ffd9b681,,,
ef8d6620-4d3c-467a-abc1-6bacf94e8de1,ce27df84-7054-4032-bfe7-efdb0bd119f4,TPHT_000759,Modem Hub UHF,ae03f513-6763-46f8-913d-91a103966947,,t,,,hoat_dong,2026-07-11,,581d9350-905f-46da-b45e-c2d8aba4d868,,2026-07-13 14:15:40.080084+00,2026-07-17 02:25:30.805543+00,e96be350-6615-441a-91f5-53ad976e91b3,1ce915ed-07e9-4b65-9209-2652ffd9b681,,,
efafc46f-bfa2-4f44-bbb0-ba968b926059,5ae20f2b-30dc-409c-95db-68b98b79c94e,TPHT_000760,Phòng trực thiết bị /Cabin TWR/APP,1ef69ec2-6298-4c48-b931-aea3fa48c0fc,,t,,,hoat_dong,2026-07-11,,f59bf0bd-520b-4245-80db-dc71b7187bf1,,2026-07-13 14:15:40.080084+00,2026-07-17 02:25:30.805543+00,e96be350-6615-441a-91f5-53ad976e91b3,1ce915ed-07e9-4b65-9209-2652ffd9b681,,,
efb08174-2573-476b-8131-a8bc48be1db2,7f40beb2-5d47-4f4a-b7df-35cd1cca56ae,TPHT_000761,AWOS D-AW21,83e7d93e-2f76-4d4f-a6bc-08926383aba1,,t,,,hoat_dong,2026-07-11,,e43c5d4b-3c3c-4486-89da-73e9ac747ab4,,2026-07-13 14:15:40.080084+00,2026-07-17 02:25:30.805543+00,e96be350-6615-441a-91f5-53ad976e91b3,1ce915ed-07e9-4b65-9209-2652ffd9b681,,,
efc18dd6-747c-450e-8f75-f62613c55fc9,ebc4a136-c5e7-4f7d-abfc-e3ddea655b8c,TPHT_000762,Modem UHF,ae03f513-6763-46f8-913d-91a103966947,,t,,,hoat_dong,2026-07-11,,46e84da7-5a8b-4a79-aa46-2fb4bae1ff26,,2026-07-13 14:15:40.080084+00,2026-07-17 02:25:30.805543+00,e96be350-6615-441a-91f5-53ad976e91b3,1ce915ed-07e9-4b65-9209-2652ffd9b681,,,
f035436e-1316-47f6-a327-eb420496b4a3,a0625061-0c6d-4e0b-b438-d696787ad746,TPHT_000763,Chống sét đường tín hiệu,660f73b4-1975-4bde-8c87-810a23ef6e2c,,t,,,hoat_dong,2026-07-11,,65ac5e26-b0a7-487e-a72d-3f0dfc3facc2,,2026-07-13 14:15:40.080084+00,2026-07-17 02:25:30.805543+00,e96be350-6615-441a-91f5-53ad976e91b3,1ce915ed-07e9-4b65-9209-2652ffd9b681,,,
f0806898-039e-4381-b55c-5e478233cfe6,a0625061-0c6d-4e0b-b438-d696787ad746,TPHT_000764,Cắt lọc sét AC đèn cao không,660f73b4-1975-4bde-8c87-810a23ef6e2c,,t,,,hoat_dong,2026-07-11,,65ac5e26-b0a7-487e-a72d-3f0dfc3facc2,,2026-07-13 14:15:40.080084+00,2026-07-17 02:25:30.805543+00,e96be350-6615-441a-91f5-53ad976e91b3,1ce915ed-07e9-4b65-9209-2652ffd9b681,,,
f08ca3a9-4686-4aec-a965-360b217ded48,7f40beb2-5d47-4f4a-b7df-35cd1cca56ae,TPHT_000765,AWOS D-AW21,accf1740-4c18-4b9a-895f-59d85ba593b5,,t,,,hoat_dong,2026-07-11,,e43c5d4b-3c3c-4486-89da-73e9ac747ab4,,2026-07-13 14:15:40.080084+00,2026-07-17 02:25:30.805543+00,e96be350-6615-441a-91f5-53ad976e91b3,1ce915ed-07e9-4b65-9209-2652ffd9b681,,,
f0a3427c-575c-4d88-9894-e7ee65d5e921,5ae20f2b-30dc-409c-95db-68b98b79c94e,TPHT_000766,PC OPT-OBS 1,1ef69ec2-6298-4c48-b931-aea3fa48c0fc,,t,,,hoat_dong,2026-07-11,,f59bf0bd-520b-4245-80db-dc71b7187bf1,,2026-07-13 14:15:40.080084+00,2026-07-17 02:25:30.805543+00,e96be350-6615-441a-91f5-53ad976e91b3,1ce915ed-07e9-4b65-9209-2652ffd9b681,,,
f0b4229d-c6ea-446c-b396-f715d2d5d3c8,a0625061-0c6d-4e0b-b438-d696787ad746,TPHT_000767,Switch trunk 2,ae03f513-6763-46f8-913d-91a103966947,,t,,,hoat_dong,2026-07-11,,65ac5e26-b0a7-487e-a72d-3f0dfc3facc2,,2026-07-13 14:15:40.080084+00,2026-07-17 02:25:30.805543+00,3b1c9f72-6395-4ad0-a387-c7630195267a,1ce915ed-07e9-4b65-9209-2652ffd9b681,,,
f0efec2e-f1fc-4f2f-993a-8aeb27222eb0,a13f3116-f74d-4435-b248-5b458d9fead4,TPHT_000768,"Trụ lắp cảm biến đo gió an toàn - dễ gãy, cao 10m, / có khớp bản lề giữa thân và chân đế cột, đã được sơn theo tiêu chuẩn ICAO",98c88d39-bf0f-43c7-83a2-ca5d266ba54f,,t,,,hoat_dong,2026-07-11,,f59bf0bd-520b-4245-80db-dc71b7187bf1,,2026-07-13 14:15:40.080084+00,2026-07-17 02:25:30.805543+00,e96be350-6615-441a-91f5-53ad976e91b3,1ce915ed-07e9-4b65-9209-2652ffd9b681,,,
f1860d1e-2314-4e5c-8a22-3c7a2779b953,a13f3116-f74d-4435-b248-5b458d9fead4,TPHT_000769,Bộ xử lý đầu trên,660f73b4-1975-4bde-8c87-810a23ef6e2c,,t,,,hoat_dong,2026-07-11,,f59bf0bd-520b-4245-80db-dc71b7187bf1,,2026-07-13 14:15:40.080084+00,2026-07-17 02:25:30.805543+00,e96be350-6615-441a-91f5-53ad976e91b3,1ce915ed-07e9-4b65-9209-2652ffd9b681,,,
f1ca1958-ea6f-4ccd-9d52-a0b51aff9c94,7f40beb2-5d47-4f4a-b7df-35cd1cca56ae,TPHT_000770,AWOS D-AW21,98c88d39-bf0f-43c7-83a2-ca5d266ba54f,,t,,,hoat_dong,2026-07-11,,e43c5d4b-3c3c-4486-89da-73e9ac747ab4,,2026-07-13 14:15:40.080084+00,2026-07-17 02:25:30.805543+00,e96be350-6615-441a-91f5-53ad976e91b3,1ce915ed-07e9-4b65-9209-2652ffd9b681,,,
f1f7b378-5fed-4849-bfd5-41f28ca8c5b5,2236fe1c-6896-4157-a310-ae0e094233f6,TPHT_000771,Thiết bị cắt lọc sét 1 pha,660f73b4-1975-4bde-8c87-810a23ef6e2c,,t,,,hoat_dong,2026-07-11,,8b408897-b25d-4ece-91ba-d97dfacec283,,2026-07-13 14:15:40.080084+00,2026-07-17 02:25:30.805543+00,e96be350-6615-441a-91f5-53ad976e91b3,1ce915ed-07e9-4b65-9209-2652ffd9b681,,,
f2107522-95cc-4c6a-ac93-96164fd8aa1e,ce27df84-7054-4032-bfe7-efdb0bd119f4,TPHT_000772,Chống sét đường tín hiệu RS232,660f73b4-1975-4bde-8c87-810a23ef6e2c,,t,,,hoat_dong,2026-07-11,,581d9350-905f-46da-b45e-c2d8aba4d868,,2026-07-13 14:15:40.080084+00,2026-07-17 02:25:30.805543+00,e96be350-6615-441a-91f5-53ad976e91b3,1ce915ed-07e9-4b65-9209-2652ffd9b681,,,
f2ee5a92-e5a6-49f1-8c6d-fd79abc2d5c8,5ae20f2b-30dc-409c-95db-68b98b79c94e,TPHT_000773,Switch Cisco 2960 VLAN quang,ae03f513-6763-46f8-913d-91a103966947,,t,,,hoat_dong,2026-07-11,,f59bf0bd-520b-4245-80db-dc71b7187bf1,,2026-07-13 14:15:40.080084+00,2026-07-17 02:25:30.805543+00,e96be350-6615-441a-91f5-53ad976e91b3,1ce915ed-07e9-4b65-9209-2652ffd9b681,,,
f301562c-65e5-4284-b8cb-1b2d2639a044,a13f3116-f74d-4435-b248-5b458d9fead4,TPHT_000774,Đèn chớp báo chướng ngại,1ef69ec2-6298-4c48-b931-aea3fa48c0fc,,t,,,hoat_dong,2026-07-11,,f59bf0bd-520b-4245-80db-dc71b7187bf1,,2026-07-13 14:15:40.080084+00,2026-07-17 02:25:30.805543+00,e96be350-6615-441a-91f5-53ad976e91b3,1ce915ed-07e9-4b65-9209-2652ffd9b681,,,
f3dd0ca6-83af-421a-82f8-c440c8e0767b,a0625061-0c6d-4e0b-b438-d696787ad746,TPHT_000775,Cảm biến đo khí áp,98c88d39-bf0f-43c7-83a2-ca5d266ba54f,,t,,,hoat_dong,2026-07-11,,65ac5e26-b0a7-487e-a72d-3f0dfc3facc2,,2026-07-13 14:15:40.080084+00,2026-07-17 02:25:30.805543+00,e96be350-6615-441a-91f5-53ad976e91b3,1ce915ed-07e9-4b65-9209-2652ffd9b681,,,
f3ef8f26-6309-4624-a815-4a2efd986ba9,4fbd5536-e530-4f9b-97d3-d194186c33de,TPHT_000776,Thiết bị chuyển đổi Serial/Ethernet,ae03f513-6763-46f8-913d-91a103966947,,t,,,hoat_dong,2026-07-11,,141337b4-f2fa-4438-808f-0d10cfeedb85,,2026-07-13 14:15:40.080084+00,2026-07-17 02:25:30.805543+00,f099f53a-5ef4-4039-ba41-1ea298f0ae5d,1ce915ed-07e9-4b65-9209-2652ffd9b681,,,
f3fc59b8-0ad6-46dc-9a6d-856592e3b010,ebc4a136-c5e7-4f7d-abfc-e3ddea655b8c,TPHT_000777,Chống sét RF,660f73b4-1975-4bde-8c87-810a23ef6e2c,,t,,,hoat_dong,2026-07-11,,46e84da7-5a8b-4a79-aa46-2fb4bae1ff26,,2026-07-13 14:15:40.080084+00,2026-07-17 02:25:30.805543+00,e96be350-6615-441a-91f5-53ad976e91b3,1ce915ed-07e9-4b65-9209-2652ffd9b681,,,
f4f1a2cc-7b05-412e-b043-f929db414da8,7f40beb2-5d47-4f4a-b7df-35cd1cca56ae,TPHT_000778,AWOS D-AW21,1ef69ec2-6298-4c48-b931-aea3fa48c0fc,,t,,,hoat_dong,2026-07-11,,e43c5d4b-3c3c-4486-89da-73e9ac747ab4,,2026-07-13 14:15:40.080084+00,2026-07-17 02:25:30.805543+00,e96be350-6615-441a-91f5-53ad976e91b3,1ce915ed-07e9-4b65-9209-2652ffd9b681,,,
f5095849-61eb-41d1-bdc1-2fa852d73527,a0625061-0c6d-4e0b-b438-d696787ad746,TPHT_000779,Chống sét LAN,660f73b4-1975-4bde-8c87-810a23ef6e2c,,t,,,hoat_dong,2026-07-11,,65ac5e26-b0a7-487e-a72d-3f0dfc3facc2,,2026-07-13 14:15:40.080084+00,2026-07-17 02:25:30.805543+00,e96be350-6615-441a-91f5-53ad976e91b3,1ce915ed-07e9-4b65-9209-2652ffd9b681,,,
f5a3e003-2e8b-4931-aab0-f23ae6ef532a,4fbd5536-e530-4f9b-97d3-d194186c33de,TPHT_000780,Cắt sét nguồn 220VAC -  UHF,660f73b4-1975-4bde-8c87-810a23ef6e2c,,t,,,hoat_dong,2026-07-11,,141337b4-f2fa-4438-808f-0d10cfeedb85,,2026-07-13 14:15:40.080084+00,2026-07-17 02:25:30.805543+00,66b78574-4d8b-4d58-8ca7-67b06ef335b2,1ce915ed-07e9-4b65-9209-2652ffd9b681,,,
f5fc27b4-1955-4d7b-a4fc-44ef7586c7cb,45599b8c-56e9-4d30-9578-703ef8ecbe3f,TPHT_000781,Máy phát STANDBY,954b8685-0b5a-45b3-9172-43b93da5faef,,f,2,,hoat_dong,2026-07-13,,581d9350-905f-46da-b45e-c2d8aba4d868,,2026-07-13 14:15:40.080084+00,2026-07-17 02:25:30.805543+00,03818fa3-ee05-4dfe-92f0-b6f752b0b97a,1ce915ed-07e9-4b65-9209-2652ffd9b681,,,
f643eb33-6690-40cf-90ea-771de0525426,ebc4a136-c5e7-4f7d-abfc-e3ddea655b8c,TPHT_000782,Nguồn AC/DC,accf1740-4c18-4b9a-895f-59d85ba593b5,,t,,,hoat_dong,2026-07-11,,46e84da7-5a8b-4a79-aa46-2fb4bae1ff26,,2026-07-13 14:15:40.080084+00,2026-07-17 02:25:30.805543+00,e96be350-6615-441a-91f5-53ad976e91b3,1ce915ed-07e9-4b65-9209-2652ffd9b681,,,
f689a383-2b66-490d-940b-46a38951cddd,a13f3116-f74d-4435-b248-5b458d9fead4,TPHT_000783,"Trụ lắp kim thu sét an toàn - dễ gãy, cao 3m, và chân đế cột, đã được sơn theo tiêu chuẩn ICAO",1ef69ec2-6298-4c48-b931-aea3fa48c0fc,,t,,,hoat_dong,2026-07-11,,f59bf0bd-520b-4245-80db-dc71b7187bf1,,2026-07-13 14:15:40.080084+00,2026-07-17 02:25:30.805543+00,e96be350-6615-441a-91f5-53ad976e91b3,1ce915ed-07e9-4b65-9209-2652ffd9b681,,,
f6ccb98c-4b49-4e32-ae90-82394a215117,a13f3116-f74d-4435-b248-5b458d9fead4,TPHT_000784,"Cảm biến đo tầm nhìn, Cảm biến xác định hiện tượng thời tiết tại sân bay",98c88d39-bf0f-43c7-83a2-ca5d266ba54f,,t,,,hoat_dong,2026-07-11,,f59bf0bd-520b-4245-80db-dc71b7187bf1,,2026-07-13 14:15:40.080084+00,2026-07-17 02:25:30.805543+00,e96be350-6615-441a-91f5-53ad976e91b3,1ce915ed-07e9-4b65-9209-2652ffd9b681,,,
f724df68-d620-4185-986a-334433f1a3d7,7f40beb2-5d47-4f4a-b7df-35cd1cca56ae,TPHT_000785,AWOS D-AW21,98c88d39-bf0f-43c7-83a2-ca5d266ba54f,,t,,,hoat_dong,2026-07-11,,e43c5d4b-3c3c-4486-89da-73e9ac747ab4,,2026-07-13 14:15:40.080084+00,2026-07-17 02:25:30.805543+00,e96be350-6615-441a-91f5-53ad976e91b3,1ce915ed-07e9-4b65-9209-2652ffd9b681,,,
f7505158-e298-4917-824d-f194c91c62e1,5ae20f2b-30dc-409c-95db-68b98b79c94e,TPHT_000786,Switch Cisco 3650 VLAN UHF,ae03f513-6763-46f8-913d-91a103966947,,t,,,hoat_dong,2026-07-11,,f59bf0bd-520b-4245-80db-dc71b7187bf1,,2026-07-13 14:15:40.080084+00,2026-07-17 02:25:30.805543+00,e96be350-6615-441a-91f5-53ad976e91b3,1ce915ed-07e9-4b65-9209-2652ffd9b681,,,
f7564846-d211-4cbf-9b33-6046516d585b,4fbd5536-e530-4f9b-97d3-d194186c33de,TPHT_000787,Bộ Charger,accf1740-4c18-4b9a-895f-59d85ba593b5,,t,,,hoat_dong,2026-07-11,,141337b4-f2fa-4438-808f-0d10cfeedb85,,2026-07-13 14:15:40.080084+00,2026-07-17 02:25:30.805543+00,66b78574-4d8b-4d58-8ca7-67b06ef335b2,1ce915ed-07e9-4b65-9209-2652ffd9b681,,,
f78efc9d-a9ff-4b73-848c-87fbdf8f94e1,5ae20f2b-30dc-409c-95db-68b98b79c94e,TPHT_000788,Converter IA5250,ae03f513-6763-46f8-913d-91a103966947,,t,,,hoat_dong,2026-07-11,,f59bf0bd-520b-4245-80db-dc71b7187bf1,,2026-07-13 14:15:40.080084+00,2026-07-17 02:25:30.805543+00,e96be350-6615-441a-91f5-53ad976e91b3,1ce915ed-07e9-4b65-9209-2652ffd9b681,,,
f7b22490-431c-4d87-9eae-1068b56645ac,2236fe1c-6896-4157-a310-ae0e094233f6,TPHT_000789,Switch Cisco 24 port,ae03f513-6763-46f8-913d-91a103966947,,t,,,hoat_dong,2026-07-11,,8b408897-b25d-4ece-91ba-d97dfacec283,,2026-07-13 14:15:40.080084+00,2026-07-17 02:25:30.805543+00,c6b9108a-b830-42a6-b3b8-9e6dd5196202,1ce915ed-07e9-4b65-9209-2652ffd9b681,,,
f7b7377a-0939-40f8-9d8c-1395f7ae6999,a0625061-0c6d-4e0b-b438-d696787ad746,TPHT_000790,Chống sét đường tín hiệu,660f73b4-1975-4bde-8c87-810a23ef6e2c,,t,,,hoat_dong,2026-07-11,,65ac5e26-b0a7-487e-a72d-3f0dfc3facc2,,2026-07-13 14:15:40.080084+00,2026-07-17 02:25:30.805543+00,3f302563-bdbb-443d-911f-b0058e38db42,1ce915ed-07e9-4b65-9209-2652ffd9b681,,,
f7b8a9f6-d18e-4a60-896f-c4657d4c0684,5ae20f2b-30dc-409c-95db-68b98b79c94e,TPHT_000791,2023,98c88d39-bf0f-43c7-83a2-ca5d266ba54f,,t,,,hoat_dong,2026-07-11,,f59bf0bd-520b-4245-80db-dc71b7187bf1,,2026-07-13 14:15:40.080084+00,2026-07-17 02:25:30.805543+00,2b0a43bb-0add-4ef6-8830-898890900c6d,1ce915ed-07e9-4b65-9209-2652ffd9b681,,,
f7c01a55-99af-41b5-aa52-c6a13352d8b7,4fbd5536-e530-4f9b-97d3-d194186c33de,TPHT_000792,Thiết bị thu phát vô tuyến,ae03f513-6763-46f8-913d-91a103966947,,t,,,hoat_dong,2026-07-11,,141337b4-f2fa-4438-808f-0d10cfeedb85,,2026-07-13 14:15:40.080084+00,2026-07-17 02:25:30.805543+00,86ab1273-d507-4143-8f2d-b2e86dd8cf01,1ce915ed-07e9-4b65-9209-2652ffd9b681,,,
f861a0de-27ba-497a-b368-497efc734b85,2236fe1c-6896-4157-a310-ae0e094233f6,TPHT_000793,Chống sét RF,660f73b4-1975-4bde-8c87-810a23ef6e2c,,t,,,hoat_dong,2026-07-11,,8b408897-b25d-4ece-91ba-d97dfacec283,,2026-07-13 14:15:40.080084+00,2026-07-17 02:25:30.805543+00,e96be350-6615-441a-91f5-53ad976e91b3,1ce915ed-07e9-4b65-9209-2652ffd9b681,,,
f8703ff0-9e63-47c3-b65d-023faf41280a,4fbd5536-e530-4f9b-97d3-d194186c33de,TPHT_000794,Cảm biến độ ẩm,98c88d39-bf0f-43c7-83a2-ca5d266ba54f,,t,,,hoat_dong,2026-07-11,,141337b4-f2fa-4438-808f-0d10cfeedb85,,2026-07-13 14:15:40.080084+00,2026-07-17 02:25:30.805543+00,f099f53a-5ef4-4039-ba41-1ea298f0ae5d,1ce915ed-07e9-4b65-9209-2652ffd9b681,,,
f87d8895-76ea-48f1-9b91-9f79ecb2db2b,2236fe1c-6896-4157-a310-ae0e094233f6,TPHT_000795,Bộ chuyển đổi tín hiệu RS232-Fiber,ae03f513-6763-46f8-913d-91a103966947,,t,,,hoat_dong,2026-07-11,,8b408897-b25d-4ece-91ba-d97dfacec283,,2026-07-13 14:15:40.080084+00,2026-07-17 02:25:30.805543+00,e96be350-6615-441a-91f5-53ad976e91b3,1ce915ed-07e9-4b65-9209-2652ffd9b681,,,
f88771f4-2bb6-47b4-a732-3819ad8e6902,ebc4a136-c5e7-4f7d-abfc-e3ddea655b8c,TPHT_000796,Modem UHF,ae03f513-6763-46f8-913d-91a103966947,,t,,,hoat_dong,2026-07-11,,46e84da7-5a8b-4a79-aa46-2fb4bae1ff26,,2026-07-13 14:15:40.080084+00,2026-07-17 02:25:30.805543+00,e96be350-6615-441a-91f5-53ad976e91b3,1ce915ed-07e9-4b65-9209-2652ffd9b681,,,
f8d0993b-caed-47eb-a845-b444bb0487ed,5ae20f2b-30dc-409c-95db-68b98b79c94e,TPHT_000797,Sensor đo tầm nhìn 6498-V,98c88d39-bf0f-43c7-83a2-ca5d266ba54f,,t,,,hoat_dong,2026-07-11,,f59bf0bd-520b-4245-80db-dc71b7187bf1,,2026-07-13 14:15:40.080084+00,2026-07-17 02:25:30.805543+00,92aa329a-4ad2-4bf1-b2fe-c33ff194335c,1ce915ed-07e9-4b65-9209-2652ffd9b681,,,
f9014fb2-8e0e-4d95-b81f-afc9f2e3623b,7f40beb2-5d47-4f4a-b7df-35cd1cca56ae,TPHT_000798,AWOS D-AW21,98c88d39-bf0f-43c7-83a2-ca5d266ba54f,,t,,,hoat_dong,2026-07-11,,e43c5d4b-3c3c-4486-89da-73e9ac747ab4,,2026-07-13 14:15:40.080084+00,2026-07-17 02:25:30.805543+00,e96be350-6615-441a-91f5-53ad976e91b3,1ce915ed-07e9-4b65-9209-2652ffd9b681,,,
f96364cd-7114-4f1a-a43a-980c43b71c34,ce27df84-7054-4032-bfe7-efdb0bd119f4,TPHT_000799,Media Converter,ae03f513-6763-46f8-913d-91a103966947,,t,,,hoat_dong,2026-07-11,,581d9350-905f-46da-b45e-c2d8aba4d868,,2026-07-13 14:15:40.080084+00,2026-07-17 02:25:30.805543+00,e96be350-6615-441a-91f5-53ad976e91b3,1ce915ed-07e9-4b65-9209-2652ffd9b681,,,
f9badd9d-b28f-4b4c-b102-7dfad52caa77,ce27df84-7054-4032-bfe7-efdb0bd119f4,TPHT_000800,Cảm biến đo tầm nhìn,98c88d39-bf0f-43c7-83a2-ca5d266ba54f,,t,,,hoat_dong,2026-07-11,,581d9350-905f-46da-b45e-c2d8aba4d868,,2026-07-13 14:15:40.080084+00,2026-07-17 02:25:30.805543+00,e96be350-6615-441a-91f5-53ad976e91b3,1ce915ed-07e9-4b65-9209-2652ffd9b681,,,
f9ce453d-0b20-40d2-b902-4639f3ba7fda,ebc4a136-c5e7-4f7d-abfc-e3ddea655b8c,TPHT_000801,Màn hình hiển thị số liệu Nhiệt-Ẩm-Áp,83e7d93e-2f76-4d4f-a6bc-08926383aba1,,t,,,hoat_dong,2026-07-11,,46e84da7-5a8b-4a79-aa46-2fb4bae1ff26,,2026-07-13 14:15:40.080084+00,2026-07-17 02:25:30.805543+00,e96be350-6615-441a-91f5-53ad976e91b3,1ce915ed-07e9-4b65-9209-2652ffd9b681,,,
f9f89002-5e90-4b77-9071-d847f7b8adbe,ebc4a136-c5e7-4f7d-abfc-e3ddea655b8c,TPHT_000802,Cảm biến đo tầm nhìn,98c88d39-bf0f-43c7-83a2-ca5d266ba54f,,t,,,hoat_dong,2026-07-11,,46e84da7-5a8b-4a79-aa46-2fb4bae1ff26,,2026-07-13 14:15:40.080084+00,2026-07-17 02:25:30.805543+00,e96be350-6615-441a-91f5-53ad976e91b3,1ce915ed-07e9-4b65-9209-2652ffd9b681,,,
fa12a01c-4f93-400b-be42-ecb83aee7f93,a13f3116-f74d-4435-b248-5b458d9fead4,TPHT_000803,Đèn chớp báo chướng ngại,1ef69ec2-6298-4c48-b931-aea3fa48c0fc,,t,,,hoat_dong,2026-07-11,,f59bf0bd-520b-4245-80db-dc71b7187bf1,,2026-07-13 14:15:40.080084+00,2026-07-17 02:25:30.805543+00,e96be350-6615-441a-91f5-53ad976e91b3,1ce915ed-07e9-4b65-9209-2652ffd9b681,,,
fb3fed78-39f3-4c31-9fc6-7e0285b716bf,ce27df84-7054-4032-bfe7-efdb0bd119f4,TPHT_000804,Chống sét RF,660f73b4-1975-4bde-8c87-810a23ef6e2c,,t,,,hoat_dong,2026-07-11,,581d9350-905f-46da-b45e-c2d8aba4d868,,2026-07-13 14:15:40.080084+00,2026-07-17 02:25:30.805543+00,e96be350-6615-441a-91f5-53ad976e91b3,1ce915ed-07e9-4b65-9209-2652ffd9b681,,,
fc0f1efe-7447-4ce2-a6cd-51eda0cc9b90,ebc4a136-c5e7-4f7d-abfc-e3ddea655b8c,TPHT_000805,Cảm biến đo ánh sáng nền,98c88d39-bf0f-43c7-83a2-ca5d266ba54f,,t,,,hoat_dong,2026-07-11,,46e84da7-5a8b-4a79-aa46-2fb4bae1ff26,,2026-07-13 14:15:40.080084+00,2026-07-17 02:25:30.805543+00,e96be350-6615-441a-91f5-53ad976e91b3,1ce915ed-07e9-4b65-9209-2652ffd9b681,,,
fc43d978-48f9-4666-9df3-0cfcd5be0470,4fbd5536-e530-4f9b-97d3-d194186c33de,TPHT_000806,Anten định hướng,ae03f513-6763-46f8-913d-91a103966947,,t,,,hoat_dong,2026-07-11,,141337b4-f2fa-4438-808f-0d10cfeedb85,,2026-07-13 14:15:40.080084+00,2026-07-17 02:25:30.805543+00,66b78574-4d8b-4d58-8ca7-67b06ef335b2,1ce915ed-07e9-4b65-9209-2652ffd9b681,,,
fc467e83-2f1e-4036-a195-f50190ef0c5a,ebc4a136-c5e7-4f7d-abfc-e3ddea655b8c,TPHT_000807,Chống sét đường tín hiệu (x3),660f73b4-1975-4bde-8c87-810a23ef6e2c,,t,,,hoat_dong,2026-07-11,,46e84da7-5a8b-4a79-aa46-2fb4bae1ff26,,2026-07-13 14:15:40.080084+00,2026-07-17 02:25:30.805543+00,e96be350-6615-441a-91f5-53ad976e91b3,1ce915ed-07e9-4b65-9209-2652ffd9b681,,,
fc59cd2b-9b69-48fc-aa08-3812500af223,7f40beb2-5d47-4f4a-b7df-35cd1cca56ae,TPHT_000808,AWOS D-AW21,660f73b4-1975-4bde-8c87-810a23ef6e2c,,t,,,hoat_dong,2026-07-11,,e43c5d4b-3c3c-4486-89da-73e9ac747ab4,,2026-07-13 14:15:40.080084+00,2026-07-17 02:25:30.805543+00,e96be350-6615-441a-91f5-53ad976e91b3,1ce915ed-07e9-4b65-9209-2652ffd9b681,,,
fc619348-cd67-4d82-9d09-9c502b9225e0,a0625061-0c6d-4e0b-b438-d696787ad746,TPHT_000809,Thiết bị đo đạc quan trắc thông dụng - CT QLBMT đầu tư,98c88d39-bf0f-43c7-83a2-ca5d266ba54f,,t,,,hoat_dong,2026-07-11,,65ac5e26-b0a7-487e-a72d-3f0dfc3facc2,,2026-07-13 14:15:40.080084+00,2026-07-17 02:25:30.805543+00,e96be350-6615-441a-91f5-53ad976e91b3,1ce915ed-07e9-4b65-9209-2652ffd9b681,,,
fce4b363-65a4-413e-b6ee-91edecbcd502,2236fe1c-6896-4157-a310-ae0e094233f6,TPHT_000810,Chống sét đường tín hiệu,660f73b4-1975-4bde-8c87-810a23ef6e2c,,t,,,hoat_dong,2026-07-11,,8b408897-b25d-4ece-91ba-d97dfacec283,,2026-07-13 14:15:40.080084+00,2026-07-17 02:25:30.805543+00,c6b9108a-b830-42a6-b3b8-9e6dd5196202,1ce915ed-07e9-4b65-9209-2652ffd9b681,,,
fd28181e-7ba3-4f51-96ac-1bd39ea44fb8,ce27df84-7054-4032-bfe7-efdb0bd119f4,TPHT_000811,Cắt sét nguồn AC,660f73b4-1975-4bde-8c87-810a23ef6e2c,,t,,,hoat_dong,2026-07-11,,581d9350-905f-46da-b45e-c2d8aba4d868,,2026-07-13 14:15:40.080084+00,2026-07-17 02:25:30.805543+00,e96be350-6615-441a-91f5-53ad976e91b3,1ce915ed-07e9-4b65-9209-2652ffd9b681,,,
fda3c527-8be5-454e-a81a-ef270717bef1,7f40beb2-5d47-4f4a-b7df-35cd1cca56ae,TPHT_000812,AWOS D-AW21,ae03f513-6763-46f8-913d-91a103966947,,t,,,hoat_dong,2026-07-11,,e43c5d4b-3c3c-4486-89da-73e9ac747ab4,,2026-07-13 14:15:40.080084+00,2026-07-17 02:25:30.805543+00,e96be350-6615-441a-91f5-53ad976e91b3,1ce915ed-07e9-4b65-9209-2652ffd9b681,,,
fdc49cd7-0c6c-417a-bfc0-d3bbf8e4825f,a13f3116-f74d-4435-b248-5b458d9fead4,TPHT_000813,Bộ thu thập mức sáng đèn đường cất hạ cánh có khả năng kết nối đèn lề đường CHC,ae03f513-6763-46f8-913d-91a103966947,,t,,,hoat_dong,2026-07-11,,f59bf0bd-520b-4245-80db-dc71b7187bf1,,2026-07-13 14:15:40.080084+00,2026-07-17 02:25:30.805543+00,e96be350-6615-441a-91f5-53ad976e91b3,1ce915ed-07e9-4b65-9209-2652ffd9b681,,,
fdd56a36-04f3-4ce9-890c-5aebf8fa5c79,7f40beb2-5d47-4f4a-b7df-35cd1cca56ae,TPHT_000814,AWOS D-AW21,98c88d39-bf0f-43c7-83a2-ca5d266ba54f,,t,,,hoat_dong,2026-07-11,,e43c5d4b-3c3c-4486-89da-73e9ac747ab4,,2026-07-13 14:15:40.080084+00,2026-07-17 02:25:30.805543+00,e96be350-6615-441a-91f5-53ad976e91b3,1ce915ed-07e9-4b65-9209-2652ffd9b681,,,
fdf151a6-05af-4073-94f0-0e385c3f05c9,7f40beb2-5d47-4f4a-b7df-35cd1cca56ae,TPHT_000815,AWOS D-AW21,660f73b4-1975-4bde-8c87-810a23ef6e2c,,t,,,hoat_dong,2026-07-11,,e43c5d4b-3c3c-4486-89da-73e9ac747ab4,,2026-07-13 14:15:40.080084+00,2026-07-17 02:25:30.805543+00,e96be350-6615-441a-91f5-53ad976e91b3,1ce915ed-07e9-4b65-9209-2652ffd9b681,,,
fe0d831b-8de3-4350-8483-401e10a85980,5ae20f2b-30dc-409c-95db-68b98b79c94e,TPHT_000816,RF Modem Client,ae03f513-6763-46f8-913d-91a103966947,,t,,,hoat_dong,2026-07-11,,f59bf0bd-520b-4245-80db-dc71b7187bf1,,2026-07-13 14:15:40.080084+00,2026-07-17 02:25:30.805543+00,e96be350-6615-441a-91f5-53ad976e91b3,1ce915ed-07e9-4b65-9209-2652ffd9b681,,,
fe1b7f89-1d8d-497e-91b0-7cf59c552f89,2236fe1c-6896-4157-a310-ae0e094233f6,TPHT_000817,Thiết bị cắt lọc sét 1 pha,660f73b4-1975-4bde-8c87-810a23ef6e2c,,t,,,hoat_dong,2026-07-11,,8b408897-b25d-4ece-91ba-d97dfacec283,,2026-07-13 14:15:40.080084+00,2026-07-17 02:25:30.805543+00,e96be350-6615-441a-91f5-53ad976e91b3,1ce915ed-07e9-4b65-9209-2652ffd9b681,,,
fe3009b6-f044-42ee-8225-5f54cf31b44c,5ae20f2b-30dc-409c-95db-68b98b79c94e,TPHT_000818,"Bộ phận sấy, sưởi thiết bị (heater/blower) 83397-00",1ef69ec2-6298-4c48-b931-aea3fa48c0fc,,t,,,hoat_dong,2026-07-11,,f59bf0bd-520b-4245-80db-dc71b7187bf1,,2026-07-13 14:15:40.080084+00,2026-07-17 02:25:30.805543+00,e96be350-6615-441a-91f5-53ad976e91b3,1ce915ed-07e9-4b65-9209-2652ffd9b681,,,
fe8d1234-26d1-4406-b974-73b5c4829faf,ebc4a136-c5e7-4f7d-abfc-e3ddea655b8c,TPHT_000819,Nguồn AC/DC,accf1740-4c18-4b9a-895f-59d85ba593b5,,t,,,hoat_dong,2026-07-11,,46e84da7-5a8b-4a79-aa46-2fb4bae1ff26,,2026-07-13 14:15:40.080084+00,2026-07-17 02:25:30.805543+00,e96be350-6615-441a-91f5-53ad976e91b3,1ce915ed-07e9-4b65-9209-2652ffd9b681,,,
fea0d33c-e446-4946-965c-271c155f0251,5ae20f2b-30dc-409c-95db-68b98b79c94e,TPHT_000820,Sensor đo hiện tượng thời tiết 600 PWS,98c88d39-bf0f-43c7-83a2-ca5d266ba54f,,t,,,hoat_dong,2026-07-11,,f59bf0bd-520b-4245-80db-dc71b7187bf1,,2026-07-13 14:15:40.080084+00,2026-07-17 02:25:30.805543+00,92aa329a-4ad2-4bf1-b2fe-c33ff194335c,1ce915ed-07e9-4b65-9209-2652ffd9b681,,,
feae807e-0e8e-4f75-acea-cebb7f83adb2,ebc4a136-c5e7-4f7d-abfc-e3ddea655b8c,TPHT_000821,Chống sét đường tín hiệu,660f73b4-1975-4bde-8c87-810a23ef6e2c,,t,,,hoat_dong,2026-07-11,,46e84da7-5a8b-4a79-aa46-2fb4bae1ff26,,2026-07-13 14:15:40.080084+00,2026-07-17 02:25:30.805543+00,e96be350-6615-441a-91f5-53ad976e91b3,1ce915ed-07e9-4b65-9209-2652ffd9b681,,,
feb23abe-4b10-4d17-b599-ee880ca82040,a0625061-0c6d-4e0b-b438-d696787ad746,TPHT_000822,Chống sét tín hiệu PT,660f73b4-1975-4bde-8c87-810a23ef6e2c,,t,,,hoat_dong,2026-07-11,,65ac5e26-b0a7-487e-a72d-3f0dfc3facc2,,2026-07-13 14:15:40.080084+00,2026-07-17 02:25:30.805543+00,e96be350-6615-441a-91f5-53ad976e91b3,1ce915ed-07e9-4b65-9209-2652ffd9b681,,,
ff2b8e00-5c11-4c61-ae56-bce10bd36286,ebc4a136-c5e7-4f7d-abfc-e3ddea655b8c,TPHT_000823,Cắt lọc sét nguồn AC,660f73b4-1975-4bde-8c87-810a23ef6e2c,,t,,,hoat_dong,2026-07-11,,46e84da7-5a8b-4a79-aa46-2fb4bae1ff26,,2026-07-13 14:15:40.080084+00,2026-07-17 02:25:30.805543+00,e96be350-6615-441a-91f5-53ad976e91b3,1ce915ed-07e9-4b65-9209-2652ffd9b681,,,
ff308635-9697-4937-9472-c35ce0405bad,5ae20f2b-30dc-409c-95db-68b98b79c94e,TPHT_000824,Anten,ae03f513-6763-46f8-913d-91a103966947,,t,,,hoat_dong,2026-07-11,,f59bf0bd-520b-4245-80db-dc71b7187bf1,,2026-07-13 14:15:40.080084+00,2026-07-17 02:25:30.805543+00,e96be350-6615-441a-91f5-53ad976e91b3,1ce915ed-07e9-4b65-9209-2652ffd9b681,,,
ff4952aa-479d-42d3-b594-9c3e9a7d0c08,ebc4a136-c5e7-4f7d-abfc-e3ddea655b8c,TPHT_000825,Thiết bị serial to Ethernet,ae03f513-6763-46f8-913d-91a103966947,,t,,,hoat_dong,2026-07-11,,46e84da7-5a8b-4a79-aa46-2fb4bae1ff26,,2026-07-13 14:15:40.080084+00,2026-07-17 02:25:30.805543+00,e96be350-6615-441a-91f5-53ad976e91b3,1ce915ed-07e9-4b65-9209-2652ffd9b681,,,
ff5c7ef5-b74f-4a28-9728-6ff0787cfc5f,727fa6bc-f62a-4414-bc9c-4c0c0c2b42ff,TPHT_000826,Đầu cuối AMHS Tower,83e7d93e-2f76-4d4f-a6bc-08926383aba1,,t,0,,hoat_dong,2026-07-12,,581d9350-905f-46da-b45e-c2d8aba4d868,,2026-07-13 14:15:40.080084+00,2026-07-17 02:25:30.805543+00,8d0b92cb-6a62-4fbe-9b51-9399ee0e1843,1ce915ed-07e9-4b65-9209-2652ffd9b681,,,
ffb7af17-3ac8-4e5d-ab59-c6dfcc125d3f,a0625061-0c6d-4e0b-b438-d696787ad746,TPHT_000827,Máy chủ Rawdata,83e7d93e-2f76-4d4f-a6bc-08926383aba1,,t,,,hoat_dong,2026-07-11,,65ac5e26-b0a7-487e-a72d-3f0dfc3facc2,,2026-07-13 14:15:40.080084+00,2026-07-17 02:25:30.805543+00,3b1c9f72-6395-4ad0-a387-c7630195267a,1ce915ed-07e9-4b65-9209-2652ffd9b681,,,
11c3ca95-5b4e-4b42-9e4a-398369a03e94,45599b8c-56e9-4d30-9578-703ef8ecbe3f,TPHT_001164,Máy phát ULTIMATE_BACKUP,954b8685-0b5a-45b3-9172-43b93da5faef,,t,4,,hoat_dong,,,581d9350-905f-46da-b45e-c2d8aba4d868,201c530d-d2f1-4683-a888-5e42b77a95c6,2026-07-15 03:48:58.37771+00,2026-07-17 07:27:24.789697+00,8d0b92cb-6a62-4fbe-9b51-9399ee0e1843,1ce915ed-07e9-4b65-9209-2652ffd9b681,,,
1ee3ece7-40b2-4a23-9826-30bfac35b3db,45599b8c-56e9-4d30-9578-703ef8ecbe3f,TPHT_001165,Máy thu ULTIMATE_BACKUP,032cd7d8-5028-42f1-86b5-cf3122e3a430,,t,5,,hoat_dong,,,581d9350-905f-46da-b45e-c2d8aba4d868,201c530d-d2f1-4683-a888-5e42b77a95c6,2026-07-15 03:49:14.308924+00,2026-07-17 07:27:24.789697+00,8d0b92cb-6a62-4fbe-9b51-9399ee0e1843,1ce915ed-07e9-4b65-9209-2652ffd9b681,,,
4ce05fc3-4001-4783-a6dd-fd31deacb926,45599b8c-56e9-4d30-9578-703ef8ecbe3f,TPHT_001166,Máy thu phát ULTIMATE_BACKUP,9c934580-6f7d-466b-a585-7ebba4ba4b31,,t,6,,hoat_dong,,,581d9350-905f-46da-b45e-c2d8aba4d868,201c530d-d2f1-4683-a888-5e42b77a95c6,2026-07-15 03:49:27.183476+00,2026-07-17 07:27:24.789697+00,8d0b92cb-6a62-4fbe-9b51-9399ee0e1843,,,,
ff11dca6-f351-438f-af33-97905c76ec5e,f15adfa7-b2c7-4747-b0bd-9cfa10394ac4,TPHT_001168,Máy thu MAIN,032cd7d8-5028-42f1-86b5-cf3122e3a430,,t,1,,hoat_dong,,,c3231147-e403-4afa-838f-04026ffa8f7d,201c530d-d2f1-4683-a888-5e42b77a95c6,2026-07-15 09:22:56.725128+00,2026-07-17 07:27:24.789697+00,e96be350-6615-441a-91f5-53ad976e91b3,,,,
bb027293-b9b6-4163-834c-77f193aa1739,f15adfa7-b2c7-4747-b0bd-9cfa10394ac4,TPHT_001169,Máy phát STANDBY,954b8685-0b5a-45b3-9172-43b93da5faef,,t,3,,hoat_dong,,,c3231147-e403-4afa-838f-04026ffa8f7d,201c530d-d2f1-4683-a888-5e42b77a95c6,2026-07-15 09:23:10.99947+00,2026-07-17 07:27:24.789697+00,e96be350-6615-441a-91f5-53ad976e91b3,,,,
e272dd68-c38a-46a1-add6-bd73dd0d1104,f15adfa7-b2c7-4747-b0bd-9cfa10394ac4,TPHT_001170,Máy thu STANDBY,032cd7d8-5028-42f1-86b5-cf3122e3a430,,t,2,,hoat_dong,,,c3231147-e403-4afa-838f-04026ffa8f7d,201c530d-d2f1-4683-a888-5e42b77a95c6,2026-07-15 09:23:33.014609+00,2026-07-17 07:27:24.789697+00,e96be350-6615-441a-91f5-53ad976e91b3,,,,
