loai,id,ma,tieu_de,noi_dung,route,tsv,updated_at
dm_he_thong,0b7e4c54-e070-4966-a436-6ec34964c371,1440-0020,Hệ thống MSSR Sơn Trà 2,Hệ thống ra đa giám sát thứ cấp (MSSR) 0000 0110 (SIC),/he-thong/0b7e4c54-e070-4966-a436-6ec34964c371,"'-0020':2A '0000':18B '0110':19B '1440':1A '2':8A 'cap':16B 'da':12B 'giam':13B 'he':3A,9B 'mssr':5A,17B 'ra':11B 'sat':14B 'sic':20B 'son':6A 'thong':4A,10B 'thu':15B 'tra':7A",2026-07-16 03:53:14.154512+00
dm_he_thong,80c99472-da15-4433-934b-20349ce0e252,45050166,Hệ thống PSR Sơn Trà 1,Hệ thống ra đa giám sát sơ cấp (PSR) 0000 0010 (SIC),/he-thong/80c99472-da15-4433-934b-20349ce0e252,"'0000':17B '0010':18B '1':7A '45050166':1A 'cap':15B 'da':11B 'giam':12B 'he':2A,8B 'psr':4A,16B 'ra':10B 'sat':13B 'sic':19B 'so':14B 'son':5A 'thong':3A,9B 'tra':6A",2026-07-16 03:53:14.154512+00
dm_he_thong,fc3e7503-3a66-4f08-8fec-157327b85499,Máy chính: 021/32; Máy dự phòng: 019/32,Hệ thống SSR Sơn Trà 1,Hệ thống ra đa giám sát thứ cấp (SSR) 0000 0010 (SIC),/he-thong/fc3e7503-3a66-4f08-8fec-157327b85499,"'0000':23B '0010':24B '019/32':7A '021/32':3A '1':13A 'cap':21B 'chinh':2A 'da':17B 'du':5A 'giam':18B 'he':8A,14B 'may':1A,4A 'phong':6A 'ra':16B 'sat':19B 'sic':25B 'son':11A 'ssr':10A,22B 'thong':9A,15B 'thu':20B 'tra':12A",2026-07-16 03:53:14.154512+00
dm_he_thong,1b3bf7aa-db38-4e39-8990-37542b798b5f,6424049796870,Hệ thống VCCS 4G CLA,Hệ thống chuyển mạch thoại (VCCS) Không áp dụng,/he-thong/1b3bf7aa-db38-4e39-8990-37542b798b5f,"'4g':5A '6424049796870':1A 'ap':14B 'chuyen':9B 'cla':6A 'dung':15B 'he':2A,7B 'khong':13B 'mach':10B 'thoai':11B 'thong':3A,8B 'vccs':4A,12B",2026-07-17 07:05:58.26393+00
dm_he_thong,4fbd5536-e530-4f9b-97d3-d194186c33de,TX000843; 1M31X63,HỆ THỐNG AWOS IMS Chu Lai,Hệ thống quan trắc thời tiết tự động IMS Không áp dụng,/he-thong/4fbd5536-e530-4f9b-97d3-d194186c33de,"'1m31x63':2A 'ap':19B 'awos':5A 'chu':7A 'dong':16B 'dung':20B 'he':3A,9B 'ims':6A,17B 'khong':18B 'lai':8A 'quan':11B 'thoi':13B 'thong':4A,10B 'tiet':14B 'trac':12B 'tu':15B 'tx000843':1A",2026-07-16 03:53:14.154512+00
dm_he_thong,aaed0d44-f2d3-4e13-bc69-9198c8527c70,,Máy VHF UPKL PBA,"",/he-thong/aaed0d44-f2d3-4e13-bc69-9198c8527c70,'may':1A 'pba':4A 'upkl':3A 'vhf':2A,2026-07-17 07:05:58.26393+00
dm_he_thong,e2f73bec-33d4-43be-b628-2a40bdf01221,"Máy chính: 100107 (XU4200); máy dự phòng: 100231, 104268, 104270 (XU4200); 20939 (TA-7650), 21051 (RA-7203)",Hệ thống VHF 118.2 MHz CRA,Máy thu phát VHF thoại không - địa Không,/he-thong/e2f73bec-33d4-43be-b628-2a40bdf01221,"'-7203':17A '-7650':14A '100107':3A '100231':8A '104268':9A '104270':10A '118.2':21A '20939':12A '21051':15A 'chinh':2A 'cra':23A 'dia':30B 'du':6A 'he':18A 'khong':29B,31B 'may':1A,5A,24B 'mhz':22A 'phat':26B 'phong':7A 'ra':16A 'ta':13A 'thoai':28B 'thong':19A 'thu':25B 'vhf':20A,27B 'xu4200':4A,11A",2026-07-16 03:53:14.154512+00
dm_he_thong,6cba7a87-8f90-4d07-8bea-2f196ccfa6b6,Máy chính: 274264 (T6T); 274157 (T6R); Máy dự phòng: 274265 (T6T); 173704 (T6R); 274268 (T6TR); 104268 (XU4200),Hệ thống VHF 127.9 MHz CRA,Máy thu phát VHF thoại không - địa Không,/he-thong/6cba7a87-8f90-4d07-8bea-2f196ccfa6b6,"'104268':16A '127.9':21A '173704':12A '274157':5A '274264':3A '274265':10A '274268':14A 'chinh':2A 'cra':23A 'dia':30B 'du':8A 'he':18A 'khong':29B,31B 'may':1A,7A,24B 'mhz':22A 'phat':26B 'phong':9A 't6r':6A,13A 't6t':4A,11A 't6tr':15A 'thoai':28B 'thong':19A 'thu':25B 'vhf':20A,27B 'xu4200':17A",2026-07-16 03:53:14.154512+00
dm_he_thong,38cbcd04-2410-4ada-93ab-35156e468f9e,"Máy chính: 166197 (T6T), 166180 (T6R); máy dự phòng: 166194 (T6T), 166182 (T6R); 19715 (TA-7650), 19742 (RA-7203); 12786, 12335 (IC-A200)",Hệ thống VHF 121.5 MHz THA,Máy thu phát VHF thoại không - địa Không,/he-thong/38cbcd04-2410-4ada-93ab-35156e468f9e,"'-7203':19A '-7650':16A '121.5':28A '12335':21A '12786':20A '166180':5A '166182':12A '166194':10A '166197':3A '19715':14A '19742':17A 'a200':24A 'chinh':2A 'dia':37B 'du':8A 'he':25A 'ic':23A 'ic-a200':22A 'khong':36B,38B 'may':1A,7A,31B 'mhz':29A 'phat':33B 'phong':9A 'ra':18A 't6r':6A,13A 't6t':4A,11A 'ta':15A 'tha':30A 'thoai':35B 'thong':26A 'thu':32B 'vhf':27A,34B",2026-07-16 03:53:14.154512+00
dm_he_thong,0ce7ee20-8254-4462-a388-b0a989109c17,"Máy chính: 274266 (T6T); 274159 (T6R). Máy dự phòng: 274267 (T6T), 274156 (T6R), 20939 (TA-7650), 21051 (RA-7203), 274268 (T6TR); 104270, 104268 (XU4200)",Hệ thống VHF 124.35 MHz CRA,Máy thu phát VHF thoại không - địa Không,/he-thong/0ce7ee20-8254-4462-a388-b0a989109c17,"'-7203':19A '-7650':16A '104268':23A '104270':22A '124.35':28A '20939':14A '21051':17A '274156':12A '274159':5A '274266':3A '274267':10A '274268':20A 'chinh':2A 'cra':30A 'dia':37B 'du':8A 'he':25A 'khong':36B,38B 'may':1A,7A,31B 'mhz':29A 'phat':33B 'phong':9A 'ra':18A 't6r':6A,13A 't6t':4A,11A 't6tr':21A 'ta':15A 'thoai':35B 'thong':26A 'thu':32B 'vhf':27A,34B 'xu4200':24A",2026-07-16 03:53:14.154512+00
dm_he_thong,12ae8cb7-c2ed-40fd-ad8f-ba6fdea2131b,"Máy chính: 104269 (XU4200). Máy dự phòng: 100100, 104268, 104270 (XU4200); 274268 (T6TR); 19712, 20939 (TA-7650), 19739, 21051 (RA-7203)",Hệ thống VHF 121.5 MHz CRA,Máy thu phát VHF thoại không - địa Không,/he-thong/12ae8cb7-c2ed-40fd-ad8f-ba6fdea2131b,"'-7203':21A '-7650':17A '100100':8A '104268':9A '104269':3A '104270':10A '121.5':25A '19712':14A '19739':18A '20939':15A '21051':19A '274268':12A 'chinh':2A 'cra':27A 'dia':34B 'du':6A 'he':22A 'khong':33B,35B 'may':1A,5A,28B 'mhz':26A 'phat':30B 'phong':7A 'ra':20A 't6tr':13A 'ta':16A 'thoai':32B 'thong':23A 'thu':29B 'vhf':24A,31B 'xu4200':4A,11A",2026-07-16 03:53:14.154512+00
dm_he_thong,316b11eb-0b5f-496c-ab31-ffe24eb06049,,Đồng hồ chuẩn thời gian,Nguồn thời gian chuẩn (NTP/GPS) cấp cho các hệ thống,/he-thong/316b11eb-0b5f-496c-ab31-ffe24eb06049,"'cac':13B 'cap':11B 'cho':12B 'chuan':3A,9B 'dong':1A 'gian':5A,8B 'he':14B 'ho':2A 'nguon':6B 'ntp/gps':10B 'thoi':4A,7B 'thong':15B",2026-07-17 09:25:19.425585+00
dm_he_thong,6ddf4f34-92f7-4649-8781-6168ff4faf49,,Mạng thoại sân bay (ACV),Hệ thống thoại thuộc quản lý bên ngoài (ACV),/he-thong/6ddf4f34-92f7-4649-8781-6168ff4faf49,"'acv':5A,14B 'bay':4A 'ben':12B 'he':6B 'ly':11B 'mang':1A 'ngoai':13B 'quan':10B 'san':3A 'thoai':2A,8B 'thong':7B 'thuoc':9B",2026-07-17 09:25:19.425585+00
dm_he_thong,6042b0f8-e55f-48c4-83ac-e583bdb96b5c,14390010,Hệ thống PSR Sơn Trà 2,Hệ thống ra đa giám sát sơ cấp (PSR) 0000 0110 (SIC),/he-thong/6042b0f8-e55f-48c4-83ac-e583bdb96b5c,"'0000':17B '0110':18B '14390010':1A '2':7A 'cap':15B 'da':11B 'giam':12B 'he':2A,8B 'psr':4A,16B 'ra':10B 'sat':13B 'sic':19B 'so':14B 'son':5A 'thong':3A,9B 'tra':6A",2026-07-16 03:53:14.154512+00
dm_he_thong,24edc9ca-96ca-4472-9080-6668cdd7bc1d,Không,Hệ thống SCANSIM Đà Nẵng,Hệ thống huấn luyện giả định không lưu (SIM) Không,/he-thong/24edc9ca-96ca-4472-9080-6668cdd7bc1d,"'da':5A 'dinh':12B 'gia':11B 'he':2A,7B 'huan':9B 'khong':1A,13B,16B 'luu':14B 'luyen':10B 'nang':6A 'scansim':4A 'sim':15B 'thong':3A,8B",2026-07-16 03:53:14.154512+00
dm_he_thong,f87f1213-cb02-4a00-91dd-46be015405df,Tại Phụ lục 1 kèm theo,Hệ thống MAXSIM Đà Nẵng,Hệ thống huấn luyện giả định không lưu (Simulator) Không,/he-thong/f87f1213-cb02-4a00-91dd-46be015405df,"'1':4A 'da':10A 'dinh':17B 'gia':16B 'he':7A,12B 'huan':14B 'kem':5A 'khong':18B,21B 'luc':3A 'luu':19B 'luyen':15B 'maxsim':9A 'nang':11A 'phu':2A 'simulator':20B 'tai':1A 'theo':6A 'thong':8A,13B",2026-07-16 03:53:14.154512+00
dm_he_thong,0f5f4e80-ae06-4210-ac84-b9a5a5909825,VCS 3020X Rel 8.0,Hệ thống VCCS FREQUENTIS CRA,Hệ thống chuyển mạch thoại (VCCS) Không,/he-thong/0f5f4e80-ae06-4210-ac84-b9a5a5909825,"'3020x':2A '8.0':4A 'chuyen':12B 'cra':9A 'frequentis':8A 'he':5A,10B 'khong':16B 'mach':13B 'rel':3A 'thoai':14B 'thong':6A,11B 'vccs':7A,15B 'vcs':1A",2026-07-17 07:05:58.26393+00
dm_he_thong,76c379ec-e45d-48b7-b808-27c8ecfca5c0,Máy chính: 037; Máy dự phòng: 034,Hệ thống ghi âm THA,Ghi âm Không,/he-thong/76c379ec-e45d-48b7-b808-27c8ecfca5c0,"'034':7A '037':3A 'am':11A,14B 'chinh':2A 'du':5A 'ghi':10A,13B 'he':8A 'khong':15B 'may':1A,4A 'phong':6A 'tha':12A 'thong':9A",2026-07-16 03:53:14.154512+00
dm_he_thong,6d01c5d0-9b28-4122-bab7-184cce08bbb6,,Hệ thống VCCS,Voice Communication Control System (pilot),/he-thong/6d01c5d0-9b28-4122-bab7-184cce08bbb6,'communication':5B 'control':6B 'he':1A 'pilot':8B 'system':7B 'thong':2A 'vccs':3A 'voice':4B,2026-07-17 07:20:00.018497+00
dm_he_thong,8b1b85e4-de60-436d-bb4a-052a4ca1d056,,Hệ thống ghi âm,"Hệ thống ghi âm; tuổi thọ thiết kế 10 năm theo bảng nguồn. Nguồn chỉ ghi hạn giấy phép “01/2025”, không đủ ngày để nhập Hạn GP.",/he-thong/8b1b85e4-de60-436d-bb4a-052a4ca1d056,"'01/2025':24B '10':13B 'am':4A,8B 'bang':16B 'chi':19B 'de':28B 'du':26B 'ghi':3A,7B,20B 'giay':22B 'gp':31B 'han':21B,30B 'he':1A,5B 'ke':12B 'khong':25B 'nam':14B 'ngay':27B 'nguon':17B,18B 'nhap':29B 'phep':23B 'theo':15B 'thiet':11B 'tho':10B 'thong':2A,6B 'tuoi':9B",2026-07-16 03:53:14.154512+00
dm_he_thong,2ff61646-a8e8-40ac-a328-9671e72ea0d5,"Máy chính: 105877 (SU4200), 105825 (EU4200C). Máy dự phòng: 105878, 105880 (SU4200), 105822, 105823 (EU4200C); 20938 (TA-7650), 21050 (RA-7203); 14248 (IC-A200)",Hệ thống VHF 118.25 MHz CLA,Máy thu phát VHF thoại không - địa Không,/he-thong/2ff61646-a8e8-40ac-a328-9671e72ea0d5,"'-7203':21A '-7650':18A '105822':13A '105823':14A '105825':5A '105877':3A '105878':10A '105880':11A '118.25':29A '14248':22A '20938':16A '21050':19A 'a200':25A 'chinh':2A 'cla':31A 'dia':38B 'du':8A 'eu4200c':6A,15A 'he':26A 'ic':24A 'ic-a200':23A 'khong':37B,39B 'may':1A,7A,32B 'mhz':30A 'phat':34B 'phong':9A 'ra':20A 'su4200':4A,12A 'ta':17A 'thoai':36B 'thong':27A 'thu':33B 'vhf':28A,35B",2026-07-16 03:53:14.154512+00
dm_he_thong,688f3252-355d-48f5-93c2-813d7a9ce198,"Máy chính: 105879 (SU4200), 105824 (EU4200C). Máy dự phòng: 105878, 105880 (SU4200), 105822, 105823 (EU4200C); 20938 (TA-7650), 21050 (RA-7203); 14248 (IC-A200)",Hệ thống VHF 121.5 MHz CLA,Máy thu phát VHF thoại không - địa Không,/he-thong/688f3252-355d-48f5-93c2-813d7a9ce198,"'-7203':21A '-7650':18A '105822':13A '105823':14A '105824':5A '105878':10A '105879':3A '105880':11A '121.5':29A '14248':22A '20938':16A '21050':19A 'a200':25A 'chinh':2A 'cla':31A 'dia':38B 'du':8A 'eu4200c':6A,15A 'he':26A 'ic':24A 'ic-a200':23A 'khong':37B,39B 'may':1A,7A,32B 'mhz':30A 'phat':34B 'phong':9A 'ra':20A 'su4200':4A,12A 'ta':17A 'thoai':36B 'thong':27A 'thu':33B 'vhf':28A,35B",2026-07-16 03:53:14.154512+00
dm_he_thong,cc8602d3-1b8b-47c2-8423-f6102cdf80ae,"Máy chính: 6U11312 (T6T), 6U16868 (T6R); Máy dự phòng: 6U11314 (T6T), 6U16875 (T6R); 100439 (S5200VT), 100159 (EU4200C)",Hệ thống VHF 123.3 MHz CLA,Máy thu phát VHF thoại không - địa Không,/he-thong/cc8602d3-1b8b-47c2-8423-f6102cdf80ae,"'100159':16A '100439':14A '123.3':21A '6u11312':3A '6u11314':10A '6u16868':5A '6u16875':12A 'chinh':2A 'cla':23A 'dia':30B 'du':8A 'eu4200c':17A 'he':18A 'khong':29B,31B 'may':1A,7A,24B 'mhz':22A 'phat':26B 'phong':9A 's5200vt':15A 't6r':6A,13A 't6t':4A,11A 'thoai':28B 'thong':19A 'thu':25B 'vhf':20A,27B",2026-07-16 03:53:14.154512+00
dm_he_thong,f1857ffb-e969-465d-b690-c958b1950afc,"Máy chính: 6U11305 (T6T), 6U16861 (T6R). Máy dự phòng: 6U11310 (T6T), 6U16867 (T6R)",Hệ thống VHF 124.55 MHz CLA,Máy thu phát VHF thoại không - địa Không,/he-thong/f1857ffb-e969-465d-b690-c958b1950afc,"'124.55':17A '6u11305':3A '6u11310':10A '6u16861':5A '6u16867':12A 'chinh':2A 'cla':19A 'dia':26B 'du':8A 'he':14A 'khong':25B,27B 'may':1A,7A,20B 'mhz':18A 'phat':22B 'phong':9A 't6r':6A,13A 't6t':4A,11A 'thoai':24B 'thong':15A 'thu':21B 'vhf':16A,23B",2026-07-16 03:53:14.154512+00
dm_he_thong,4a7558f6-cf8d-44ef-8273-f1a431844b28,"Máy chính: 173711 (T6T), 173702 (T6R); Máy dự phòng: 173710 (T6T), 173703 (T6R)",Hệ thống VHF 121.5 MHz ACC CLA,Máy thu phát VHF thoại không - địa Không,/he-thong/4a7558f6-cf8d-44ef-8273-f1a431844b28,"'121.5':17A '173702':5A '173703':12A '173710':10A '173711':3A 'acc':19A 'chinh':2A 'cla':20A 'dia':27B 'du':8A 'he':14A 'khong':26B,28B 'may':1A,7A,21B 'mhz':18A 'phat':23B 'phong':9A 't6r':6A,13A 't6t':4A,11A 'thoai':25B 'thong':15A 'thu':22B 'vhf':16A,24B",2026-07-16 03:53:14.154512+00
dm_he_thong,fc891ab6-c9f2-4508-81bd-1db46eb70aaf,Máy chính: 049002-401228; Máy dự phòng: 033,Hệ thống ghi âm CLA,Ghi âm Không,/he-thong/fc891ab6-c9f2-4508-81bd-1db46eb70aaf,"'-401228':4A '033':8A '049002':3A 'am':12A,15B 'chinh':2A 'cla':13A 'du':6A 'ghi':11A,14B 'he':9A 'khong':16B 'may':1A,5A 'phong':7A 'thong':10A",2026-07-16 03:53:14.154512+00
trang,so-do-he-thong,,Sơ đồ hệ thống,Network overview FigJam,/so-do,'do':2A 'figjam':7B 'he':3A 'mindmap':8B 'network':5B 'overview':6B 'so':1A 'thong':4A,2026-07-14 20:55:06.470528+00
dm_he_thong,fbad1875-5a3c-41cd-b5dd-81c5962c702b,,Hệ thống VHF,Hệ thống liên lạc thoại VHF (pilot),/he-thong/fbad1875-5a3c-41cd-b5dd-81c5962c702b,"'he':1A,4B 'lac':7B 'lien':6B 'pilot':10B 'thoai':8B 'thong':2A,5B 'vhf':3A,9B",2026-07-17 07:20:00.018497+00
dm_he_thong,471b378d-483c-4b6d-bb60-93cf31d813d8,,Hệ thống SSR Quy Nhơn,"",/he-thong/471b378d-483c-4b6d-bb60-93cf31d813d8,'he':1A 'nhon':5A 'quy':4A 'ssr':3A 'thong':2A,2026-07-17 09:25:19.425585+00
dm_he_thong,1048831c-985f-452d-a1ea-8e832d6eb690,Gió WindObserver (GILL): 2302004; Khí áp PTB 330: V0821322; Nhiệt kế WQG-11: 50 và 57,Thiết bị quan trắc khí tượng thông dụng Chu Lai,"Thiết bị đo đạc quan trắc thông dụng (đo nhiệt độ, độ ẩm, đo gió hiển thị số và khí áp hiển thị số) Không áp dụng",/he-thong/1048831c-985f-452d-a1ea-8e832d6eb690,"'-11':13A '2302004':4A '330':8A '50':14A '57':16A 'am':39B 'ap':6A,47B,52B 'bi':18A,28B 'chu':25A 'dac':30B 'do':29B,35B,37B,38B,40B 'dung':24A,34B,53B 'gill':3A 'gio':1A,41B 'hien':42B,48B 'ke':11A 'khi':5A,21A,46B 'khong':51B 'lai':26A 'nhiet':10A,36B 'ptb':7A 'quan':19A,31B 'so':44B,50B 'thi':43B,49B 'thiet':17A,27B 'thong':23A,33B 'trac':20A,32B 'tuong':22A 'v0821322':9A 'va':15A,45B 'windobserver':2A 'wqg':12A",2026-07-16 03:53:14.154512+00
dm_he_thong,84d8fc04-de52-4ea1-b9fb-21d080b27ae5,Máy chính: 002; Máy dự phòng: 003,Hệ thống ghi âm CRA,Thiết bị ghi âm Không,/he-thong/84d8fc04-de52-4ea1-b9fb-21d080b27ae5,"'002':3A '003':7A 'am':11A,16B 'bi':14B 'chinh':2A 'cra':12A 'du':5A 'ghi':10A,15B 'he':8A 'khong':17B 'may':1A,4A 'phong':6A 'thiet':13B 'thong':9A",2026-07-16 03:53:14.154512+00
dm_he_thong,6796d9c4-efc7-400f-84f4-ac0e804526d8,Máy chính: 001; máy dự phòng: 002,Hệ thống ghi âm ghi hình CRA,Ghi âm và ghi hình Không,/he-thong/6796d9c4-efc7-400f-84f4-ac0e804526d8,"'001':3A '002':7A 'am':11A,16B 'chinh':2A 'cra':14A 'du':5A 'ghi':10A,12A,15B,18B 'he':8A 'hinh':13A,19B 'khong':20B 'may':1A,4A 'phong':6A 'thong':9A 'va':17B",2026-07-16 03:53:14.154512+00
dm_he_thong,5ae20f2b-30dc-409c-95db-68b98b79c94e,BJQ8B2S; CJQ8B2S,Hệ thống AWOS Optimet Cam Ranh,"Bổ sung từ PL1.  Danh mục thiết bị CRA.xlsx, sheet CRA_N1, dòng 98. Hệ thống quan trắc thời tiết tự động OPTIMET Không áp dụng",/he-thong/5ae20f2b-30dc-409c-95db-68b98b79c94e,"'98':22B 'ap':33B 'awos':5A 'bi':16B 'bjq8b2s':1A 'bo':9B 'cam':7A 'cjq8b2s':2A 'cra':19B 'cra.xlsx':17B 'danh':13B 'dong':21B,30B 'dung':34B 'he':3A,23B 'khong':32B 'muc':14B 'n1':20B 'optimet':6A,31B 'pl1':12B 'quan':25B 'ranh':8A 'sheet':18B 'sung':10B 'thiet':15B 'thoi':27B 'thong':4A,24B 'tiet':28B 'trac':26B 'tu':11B,29B",2026-07-16 03:53:14.154512+00
dm_he_thong,a13f3116-f74d-4435-b248-5b458d9fead4,9S7KB94; 7PKXW84,Hệ thống AWOS AVIMET Cam Ranh,Hệ thống quan trắc thời tiết tự động AVIMET Không áp dụng,/he-thong/a13f3116-f74d-4435-b248-5b458d9fead4,"'7pkxw84':2A '9s7kb94':1A 'ap':19B 'avimet':6A,17B 'awos':5A 'cam':7A 'dong':16B 'dung':20B 'he':3A,9B 'khong':18B 'quan':11B 'ranh':8A 'thoi':13B 'thong':4A,10B 'tiet':14B 'trac':12B 'tu':15B",2026-07-16 03:53:14.154512+00
dm_he_thong,d7005685-24f9-45d4-bcce-f24d9962cf97,Gió WindObserver (GILL): 2302007; Khí áp PTB 330: V0821325,Thiết bị quan trắc khí tượng thông dụng Cam Ranh,Thiết bị đo đạc quan trắc thông dụng (đo gió hiển thị số và khí áp hiển thị số) Không áp dụng,/he-thong/d7005685-24f9-45d4-bcce-f24d9962cf97,"'2302007':4A '330':8A 'ap':6A,35B,40B 'bi':11A,21B 'cam':18A 'dac':23B 'do':22B,28B 'dung':17A,27B,41B 'gill':3A 'gio':1A,29B 'hien':30B,36B 'khi':5A,14A,34B 'khong':39B 'ptb':7A 'quan':12A,24B 'ranh':19A 'so':32B,38B 'thi':31B,37B 'thiet':10A,20B 'thong':16A,26B 'trac':13A,25B 'tuong':15A 'v0821325':9A 'va':33B 'windobserver':2A",2026-07-16 03:53:14.154512+00
dm_he_thong,bc31dd94-29dd-488d-b4f4-a1238f70c857,"Máy chính: 00791 (TA-7625), 00817 (RA-7203); Máy dự phòng: 00836 (TA-7625), 00814 (RA-7203); 1058xx (SU4200/EU4200C)",Hệ thống VHF 118.35 MHz DAN,Máy thu phát VHF thoại không - địa Không,/he-thong/bc31dd94-29dd-488d-b4f4-a1238f70c857,"'-7203':8A,17A '-7625':5A,14A '00791':3A '00814':15A '00817':6A '00836':12A '1058xx':18A '118.35':23A 'chinh':2A 'dan':25A 'dia':32B 'du':10A 'he':20A 'khong':31B,33B 'may':1A,9A,26B 'mhz':24A 'phat':28B 'phong':11A 'ra':7A,16A 'su4200/eu4200c':19A 'ta':4A,13A 'thoai':30B 'thong':21A 'thu':27B 'vhf':22A,29B",2026-07-16 03:53:14.154512+00
dm_he_thong,f15adfa7-b2c7-4747-b0bd-9cfa10394ac4,"Máy chính: 100437 (S5200VT), 100739 (S5200VR); Máy dự phòng: 105855, 105858 (SU4200), 105802, 105805 (EU4200C)",Hệ thống VHF 118.05 MHz DAN,Máy thu phát VHF thoại không - địa Không,/he-thong/f15adfa7-b2c7-4747-b0bd-9cfa10394ac4,"'100437':3A '100739':5A '105802':13A '105805':14A '105855':10A '105858':11A '118.05':19A 'chinh':2A 'dan':21A 'dia':28B 'du':8A 'eu4200c':15A 'he':16A 'khong':27B,29B 'may':1A,7A,22B 'mhz':20A 'phat':24B 'phong':9A 's5200vr':6A 's5200vt':4A 'su4200':12A 'thoai':26B 'thong':17A 'thu':23B 'vhf':18A,25B",2026-07-16 03:53:14.154512+00
dm_he_thong,8a8e370a-fd38-4a5b-97a3-13b54178e74c,"Máy chính: 01162 (TA-7650), 00884 (RA-7203); Máy dự phòng: 00901, 6134, 11324, 11321 (TA-7650) và các máy thu/phát dự phòng",Hệ thống VHF 125.3 MHz DAN,Máy thu phát VHF thoại không - địa Không,/he-thong/8a8e370a-fd38-4a5b-97a3-13b54178e74c,"'-7203':8A '-7650':5A,17A '00884':6A '00901':12A '01162':3A '11321':15A '11324':14A '125.3':27A '6134':13A 'cac':19A 'chinh':2A 'dan':29A 'dia':36B 'du':10A,22A 'he':24A 'khong':35B,37B 'may':1A,9A,20A,30B 'mhz':28A 'phat':32B 'phong':11A,23A 'ra':7A 'ta':4A,16A 'thoai':34B 'thong':25A 'thu':31B 'thu/phat':21A 'va':18A 'vhf':26A,33B",2026-07-16 03:53:14.154512+00
dm_he_thong,64e6ccdc-ae7d-4e06-80e4-c0f6a7a70346,"Máy chính: 105870 (SU4200); 105817 (EU4200C); Máy dự phòng: 105866, 105856, 105857, 105860…",Hệ thống VHF 120.45 MHz DAN,Máy thu phát VHF thoại không - địa Không,/he-thong/64e6ccdc-ae7d-4e06-80e4-c0f6a7a70346,"'105817':5A '105856':11A '105857':12A '105860':13A '105866':10A '105870':3A '120.45':17A 'chinh':2A 'dan':19A 'dia':26B 'du':8A 'eu4200c':6A 'he':14A 'khong':25B,27B 'may':1A,7A,20B 'mhz':18A 'phat':22B 'phong':9A 'su4200':4A 'thoai':24B 'thong':15A 'thu':21B 'vhf':16A,23B",2026-07-16 03:53:14.154512+00
dm_he_thong,537ab6d4-f60f-4495-b4a0-9b3d3a3caf51,"Máy chính: 105871 (SU4200), 105816 (EU4200C); Máy dự phòng: 105872, 105859, 105860…",Hệ thống VHF 125.45 MHz DAN,Máy thu phát VHF thoại không - địa Không,/he-thong/537ab6d4-f60f-4495-b4a0-9b3d3a3caf51,"'105816':5A '105859':11A '105860':12A '105871':3A '105872':10A '125.45':16A 'chinh':2A 'dan':18A 'dia':25B 'du':8A 'eu4200c':6A 'he':13A 'khong':24B,26B 'may':1A,7A,19B 'mhz':17A 'phat':21B 'phong':9A 'su4200':4A 'thoai':23B 'thong':14A 'thu':20B 'vhf':15A,22B",2026-07-16 03:53:14.154512+00
dm_he_thong,b0668377-a642-432b-bf11-d54e738b91ed,"Máy chính: 00837 (TA-7625), 00816 (RA-7203); Máy dự phòng: 00790 (TA-7625), 6134 (TA-7650)…",Hệ thống VHF 121.5 MHz DAN,Máy thu phát VHF thoại không - địa Không,/he-thong/b0668377-a642-432b-bf11-d54e738b91ed,"'-7203':8A '-7625':5A,14A '-7650':17A '00790':12A '00816':6A '00837':3A '121.5':21A '6134':15A 'chinh':2A 'dan':23A 'dia':30B 'du':10A 'he':18A 'khong':29B,31B 'may':1A,9A,24B 'mhz':22A 'phat':26B 'phong':11A 'ra':7A 'ta':4A,13A,16A 'thoai':28B 'thong':19A 'thu':25B 'vhf':20A,27B",2026-07-16 03:53:14.154512+00
dm_he_thong,bbce7c36-88e7-4b62-a983-f9fabe61eb04,"Máy chính: 106629 (SU4200); 106539 (EU4200C); Máy dự phòng: 106626, 106627, 105862, 105858…",Hệ thống VHF 121.6 MHz DAN,Máy thu phát VHF thoại không - địa Không,/he-thong/bbce7c36-88e7-4b62-a983-f9fabe61eb04,"'105858':13A '105862':12A '106539':5A '106626':10A '106627':11A '106629':3A '121.6':17A 'chinh':2A 'dan':19A 'dia':26B 'du':8A 'eu4200c':6A 'he':14A 'khong':25B,27B 'may':1A,7A,20B 'mhz':18A 'phat':22B 'phong':9A 'su4200':4A 'thoai':24B 'thong':15A 'thu':21B 'vhf':16A,23B",2026-07-16 03:53:14.154512+00
dm_he_thong,987abb41-d80b-48cb-bf7b-a97bf0971ac6,"Máy chính: 106628 (SU4200); 106540 (EU4200C); Máy dự phòng: 106626, 106627, 105862, 105858…",Hệ thống VHF 121.9 MHz DAN,Máy thu phát VHF thoại không - địa Không,/he-thong/987abb41-d80b-48cb-bf7b-a97bf0971ac6,"'105858':13A '105862':12A '106540':5A '106626':10A '106627':11A '106628':3A '121.9':17A 'chinh':2A 'dan':19A 'dia':26B 'du':8A 'eu4200c':6A 'he':14A 'khong':25B,27B 'may':1A,7A,20B 'mhz':18A 'phat':22B 'phong':9A 'su4200':4A 'thoai':24B 'thong':15A 'thu':21B 'vhf':16A,23B",2026-07-16 03:53:14.154512+00
dm_he_thong,8b240798-7f64-41e7-a779-47ad6a0a45d6,02737/03338,Hệ thống VHF 121.5 MHz TKCN DAN,Máy thu phát VHF thoại không - địa Không,/he-thong/8b240798-7f64-41e7-a779-47ad6a0a45d6,"'02737/03338':1A '121.5':5A 'dan':8A 'dia':15B 'he':2A 'khong':14B,16B 'may':9B 'mhz':6A 'phat':11B 'thoai':13B 'thong':3A 'thu':10B 'tkcn':7A 'vhf':4A,12B",2026-07-16 03:53:14.154512+00
dm_he_thong,bb6ca168-63d0-4054-bbff-94fecc06d7bd,4K80PL11301701 / 4K80PL11301702,Hệ thống ghi âm DAN,Ghi âm Không,/he-thong/bb6ca168-63d0-4054-bbff-94fecc06d7bd,"'4k80pl11301701':1A '4k80pl11301702':2A 'am':6A,9B 'dan':7A 'ghi':5A,8B 'he':3A 'khong':10B 'thong':4A",2026-07-16 03:53:14.154512+00
dm_he_thong,360d66e6-53bf-43dc-93ad-ee1cfb942ed4,VCS 3020X Rel 8.0,Hệ thống VCCS FREQUENTIS DAN,Hệ thống chuyển mạch thoại (VCCS) Không,/he-thong/360d66e6-53bf-43dc-93ad-ee1cfb942ed4,"'3020x':2A '8.0':4A 'chuyen':12B 'dan':9A 'frequentis':8A 'he':5A,10B 'khong':16B 'mach':13B 'rel':3A 'thoai':14B 'thong':6A,11B 'vccs':7A,15B 'vcs':1A",2026-07-17 07:20:00.018497+00
dm_he_thong,a0625061-0c6d-4e0b-b438-d696787ad746,GL9W82S; HL9W82S,Hệ thống AWOS Optimet Đà Nẵng,"Bổ sung từ PL1-Danh mục thiết bị TT BĐKT.xlsx, sheet BĐKT_N1, dòng 316. Hệ thống quan trắc thời tiết tự động OPTIMET Không áp dụng",/he-thong/a0625061-0c6d-4e0b-b438-d696787ad746,"'316':24B 'ap':35B 'awos':5A 'bdkt':21B 'bdkt.xlsx':19B 'bi':17B 'bo':9B 'da':7A 'danh':14B 'dong':23B,32B 'dung':36B 'gl9w82s':1A 'he':3A,25B 'hl9w82s':2A 'khong':34B 'muc':15B 'n1':22B 'nang':8A 'optimet':6A,33B 'pl1':13B 'pl1-danh':12B 'quan':27B 'sheet':20B 'sung':10B 'thiet':16B 'thoi':29B 'thong':4A,26B 'tiet':30B 'trac':28B 'tt':18B 'tu':11B,31B",2026-07-16 03:53:14.154512+00
dm_he_thong,c55cf610-3503-410f-8d34-8b270ffd64b5,Không áp dụng,Hệ thống GTS Đà Nẵng,"Hệ thống thu thập, xử lý số liệu khí tượng cơ bản (GTS) Không áp dụng",/he-thong/c55cf610-3503-410f-8d34-8b270ffd64b5,"'ap':2A,23B 'ban':20B 'co':19B 'da':7A 'dung':3A,24B 'gts':6A,21B 'he':4A,9B 'khi':17B 'khong':1A,22B 'lieu':16B 'ly':14B 'nang':8A 'so':15B 'thap':12B 'thong':5A,10B 'thu':11B 'tuong':18B 'xu':13B",2026-07-16 03:53:14.154512+00
dm_he_thong,04c0eae7-fa31-4855-95cb-156499e9a279,Gió WindObserver (GILL): 2302006; Khí áp PTB 330: V0821321; Nhiệt kế WQG-11: 59,Thiết bị quan trắc khí tượng thông dụng Đà Nẵng,"Thiết bị đo đạc quan trắc thông dụng (đo nhiệt độ, độ ẩm, đo gió hiển thị số và khí áp hiển thị số) Không áp dụng",/he-thong/04c0eae7-fa31-4855-95cb-156499e9a279,"'-11':13A '2302006':4A '330':8A '59':14A 'am':37B 'ap':6A,45B,50B 'bi':16A,26B 'da':23A 'dac':28B 'do':27B,33B,35B,36B,38B 'dung':22A,32B,51B 'gill':3A 'gio':1A,39B 'hien':40B,46B 'ke':11A 'khi':5A,19A,44B 'khong':49B 'nang':24A 'nhiet':10A,34B 'ptb':7A 'quan':17A,29B 'so':42B,48B 'thi':41B,47B 'thiet':15A,25B 'thong':21A,31B 'trac':18A,30B 'tuong':20A 'v0821321':9A 'va':43B 'windobserver':2A 'wqg':12A",2026-07-16 03:53:14.154512+00
dm_he_thong,b2c5fd88-d84e-4563-8a10-448a336072ca,1711217,Hệ thống radar thời tiết + LLWAS Đà Nẵng,Hệ thống radar thời tiết Doppler METEOR 60DX10-S tích hợp với hệ thống cảnh báo gió đứt LLWAS Không áp dụng,/he-thong/b2c5fd88-d84e-4563-8a10-448a336072ca,"'1711217':1A '60dx10':18B '60dx10-s':17B 'ap':31B 'bao':26B 'canh':25B 'da':8A 'doppler':15B 'dung':32B 'dut':28B 'gio':27B 'he':2A,10B,23B 'hop':21B 'khong':30B 'llwas':7A,29B 'meteor':16B 'nang':9A 'radar':4A,12B 's':19B 'thoi':5A,13B 'thong':3A,11B,24B 'tich':20B 'tiet':6A,14B 'voi':22B",2026-07-16 03:53:14.154512+00
dm_he_thong,727fa6bc-f62a-4414-bc9c-4c0c0c2b42ff,Chi tiết tại Phụ lục I kèm theo,Hệ thống AMHS,Hệ thống AMHS khai thác từ năm 2014; tuổi thọ thiết kế 10 năm theo bảng nguồn. Giấy phép đã ghi hạn 01/02/2025. Hệ thống xử lý điện văn dịch vụ không lưu (AMHS) Không áp dụng,/he-thong/727fa6bc-f62a-4414-bc9c-4c0c0c2b42ff,"'01/02/2025':34B '10':24B '2014':19B 'amhs':11A,14B,45B 'ap':47B 'bang':27B 'chi':1A 'da':31B 'dich':41B 'dien':39B 'dung':48B 'ghi':32B 'giay':29B 'han':33B 'he':9A,12B,35B 'i':6A 'ke':23B 'kem':7A 'khai':15B 'khong':43B,46B 'luc':5A 'luu':44B 'ly':38B 'nam':18B,25B 'nguon':28B 'phep':30B 'phu':4A 'tai':3A 'thac':16B 'theo':8A,26B 'thiet':22B 'tho':21B 'thong':10A,13B,36B 'tiet':2A 'tu':17B 'tuoi':20B 'van':40B 'vu':42B 'xu':37B",2026-07-16 03:53:14.154512+00
trang,kiem-ke,,Kiểm kê,Kiểm kê định kỳ QR,/kiem-ke,"'dinh':5B 'ke':2A,4B 'kiem':1A,3B 'ky':6B 'ma':7B 'qr':8B",2026-07-14 20:55:06.470528+00
dm_he_thong,de1459f1-dcb1-4665-9ba9-5540417f6d01,6424049796894,Hệ thống VCCS 4G PBA,Hệ thống chuyển mạch thoại (VCCS) Không,/he-thong/de1459f1-dcb1-4665-9ba9-5540417f6d01,"'4g':5A '6424049796894':1A 'chuyen':9B 'he':2A,7B 'khong':13B 'mach':10B 'pba':6A 'thoai':11B 'thong':3A,8B 'vccs':4A,12B",2026-07-17 07:05:58.26393+00
dm_he_thong,b3a13c3a-8bb8-4f1f-9e90-b84f811a641f,Máy chính: 049002-400442; máy dự phòng: 015,Hệ thống ghi âm PBA,Thiết bị ghi âm Không,/he-thong/b3a13c3a-8bb8-4f1f-9e90-b84f811a641f,"'-400442':4A '015':8A '049002':3A 'am':12A,17B 'bi':15B 'chinh':2A 'du':6A 'ghi':11A,16B 'he':9A 'khong':18B 'may':1A,5A 'pba':13A 'phong':7A 'thiet':14B 'thong':10A",2026-07-16 03:53:14.154512+00
dm_he_thong,ce27df84-7054-4032-bfe7-efdb0bd119f4,JG94L44; HG94L44,Hệ thống AWOS-900 Phú Bài,"Bổ sung từ PL1. Danh mục thiết bị PBA.xlsx, sheet PBA_N1, dòng 55. Hệ thống quan trắc khí tượng tự động AWOS 900 Không",/he-thong/ce27df84-7054-4032-bfe7-efdb0bd119f4,"'-900':6A '55':22B '900':32B 'awos':5A,31B 'bai':8A 'bi':16B 'bo':9B 'danh':13B 'dong':21B,30B 'he':3A,23B 'hg94l44':2A 'jg94l44':1A 'khi':27B 'khong':33B 'muc':14B 'n1':20B 'pba':19B 'pba.xlsx':17B 'phu':7A 'pl1':12B 'quan':25B 'sheet':18B 'sung':10B 'thiet':15B 'thong':4A,24B 'trac':26B 'tu':11B,29B 'tuong':28B",2026-07-16 03:53:14.154512+00
dm_he_thong,9c312ced-118b-4ce3-8f00-45b7c41e6453,Gió WindObserver (GILL): 2302019; Khí áp PTB 330: V0821315,Thiết bị quan trắc khí tượng thông dụng Phú Bài,Thiết bị đo đạc quan trắc thông dụng (đo gió hiển thị số và khí áp hiển thị số) Không áp dụng,/he-thong/9c312ced-118b-4ce3-8f00-45b7c41e6453,"'2302019':4A '330':8A 'ap':6A,35B,40B 'bai':19A 'bi':11A,21B 'dac':23B 'do':22B,28B 'dung':17A,27B,41B 'gill':3A 'gio':1A,29B 'hien':30B,36B 'khi':5A,14A,34B 'khong':39B 'phu':18A 'ptb':7A 'quan':12A,24B 'so':32B,38B 'thi':31B,37B 'thiet':10A,20B 'thong':16A,26B 'trac':13A,25B 'tuong':15A 'v0821315':9A 'va':33B 'windobserver':2A",2026-07-16 03:53:14.154512+00
dm_he_thong,f43c362d-33d4-4b9c-bc1e-39eb55a17f15,6424049796887,Hệ thống VCCS 4G PCA,Hệ thống chuyển mạch thoại (VCCS) Không,/he-thong/f43c362d-33d4-4b9c-bc1e-39eb55a17f15,"'4g':5A '6424049796887':1A 'chuyen':9B 'he':2A,7B 'khong':13B 'mach':10B 'pca':6A 'thoai':11B 'thong':3A,8B 'vccs':4A,12B",2026-07-17 07:05:58.26393+00
dm_he_thong,6999e9e0-f9cf-4e26-9bef-30c362be5d7f,"Máy chính: 105886 (SU4200), 105833 (EU4200C). Máy dự phòng: 105885 (SU4200); 10198, 10199 (TA-7650); 105830 (EU4200C)…",Hệ thống VHF 118.6 MHz PCA,Máy thu phát VHF thoại không - địa Không,/he-thong/6999e9e0-f9cf-4e26-9bef-30c362be5d7f,"'-7650':15A '10198':12A '10199':13A '105830':16A '105833':5A '105885':10A '105886':3A '118.6':21A 'chinh':2A 'dia':30B 'du':8A 'eu4200c':6A,17A 'he':18A 'khong':29B,31B 'may':1A,7A,24B 'mhz':22A 'pca':23A 'phat':26B 'phong':9A 'su4200':4A,11A 'ta':14A 'thoai':28B 'thong':19A 'thu':25B 'vhf':20A,27B",2026-07-16 03:53:14.154512+00
dm_he_thong,af393d08-e9e7-4a13-92aa-fead8e88592d,"Máy chính: 105888 (SU4200), 105832 (EU4200C); Máy dự phòng: 105887 (SU4200); 10198, 10199 (TA-7650); 105831 (EU4200C)…",Hệ thống VHF 121.5 MHz PCA,Máy thu phát VHF thoại không - địa Không,/he-thong/af393d08-e9e7-4a13-92aa-fead8e88592d,"'-7650':15A '10198':12A '10199':13A '105831':16A '105832':5A '105887':10A '105888':3A '121.5':21A 'chinh':2A 'dia':30B 'du':8A 'eu4200c':6A,17A 'he':18A 'khong':29B,31B 'may':1A,7A,24B 'mhz':22A 'pca':23A 'phat':26B 'phong':9A 'su4200':4A,11A 'ta':14A 'thoai':28B 'thong':19A 'thu':25B 'vhf':20A,27B",2026-07-16 03:53:14.154512+00
dm_he_thong,2b254fef-8e00-4957-b0c8-e2adb4c97cc9,Máy chính: 049002-401229; Máy dự phòng: 001,Hệ thống ghi âm PCA,Ghi âm Không,/he-thong/2b254fef-8e00-4957-b0c8-e2adb4c97cc9,"'-401229':4A '001':8A '049002':3A 'am':12A,15B 'chinh':2A 'du':6A 'ghi':11A,14B 'he':9A 'khong':16B 'may':1A,5A 'pca':13A 'phong':7A 'thong':10A",2026-07-16 03:53:14.154512+00
trang,su-co,,Sự cố,Danh sách sự cố báo cáo ban đầu,/su-co,"'ban':5B 'bao':3B 'cao':4B 'co':2A,8B 'dau':6B 'su':1A,7B",2026-07-14 20:55:06.470528+00
thiet_bi,df8bf62b-70ba-467b-9018-6b9220ca3125,TB_MVVSK3VP,IC-A200 (VHF 118.8 MHz),12754 IC-A200 Icom TWR PBA,/thiet-bi/TB_MVVSK3VP,"'118.8':7A '12754':9B 'a200':5A,12B 'ic':4A,11B 'ic-a200':3A,10B 'icom':13B 'mhz':8A 'mvvsk3vp':2A 'pba':15B 'tb':1A 'twr':14B 'vhf':6A",2026-07-20 08:15:38.156602+00
dm_he_thong,ebc4a136-c5e7-4f7d-abfc-e3ddea655b8c,YLTQ028092; SGH834TQ2M,Hệ thống AWOS IMS Phù Cát,"Bổ sung từ PL1. Danh mục thiết bị PCA.xlsx, sheet PCA_N1, dòng 36. Hệ thống quan trắc thời tiết tự động IMS Không áp dụng",/he-thong/ebc4a136-c5e7-4f7d-abfc-e3ddea655b8c,"'36':22B 'ap':33B 'awos':5A 'bi':16B 'bo':9B 'cat':8A 'danh':13B 'dong':21B,30B 'dung':34B 'he':3A,23B 'ims':6A,31B 'khong':32B 'muc':14B 'n1':20B 'pca':19B 'pca.xlsx':17B 'phu':7A 'pl1':12B 'quan':25B 'sgh834tq2m':2A 'sheet':18B 'sung':10B 'thiet':15B 'thoi':27B 'thong':4A,24B 'tiet':28B 'trac':26B 'tu':11B,29B 'yltq028092':1A",2026-07-16 03:53:14.154512+00
dm_he_thong,33e70531-bcbc-4083-be08-066c9e79394d,Gió WindObserver (GILL): 2302016; Khí áp PTB 330: V0821316; Nhiệt kế WQG-11: 60 và 41,Thiết bị quan trắc khí tượng thông dụng Phù Cát,"Thiết bị đo đạc quan trắc thông dụng (đo nhiệt độ, độ ẩm, đo gió hiển thị số và khí áp hiển thị số) Không áp dụng",/he-thong/33e70531-bcbc-4083-be08-066c9e79394d,"'-11':13A '2302016':4A '330':8A '41':16A '60':14A 'am':39B 'ap':6A,47B,52B 'bi':18A,28B 'cat':26A 'dac':30B 'do':29B,35B,37B,38B,40B 'dung':24A,34B,53B 'gill':3A 'gio':1A,41B 'hien':42B,48B 'ke':11A 'khi':5A,21A,46B 'khong':51B 'nhiet':10A,36B 'phu':25A 'ptb':7A 'quan':19A,31B 'so':44B,50B 'thi':43B,49B 'thiet':17A,27B 'thong':23A,33B 'trac':20A,32B 'tuong':22A 'v0821316':9A 'va':15A,45B 'windobserver':2A 'wqg':12A",2026-07-16 03:53:14.154512+00
dm_he_thong,988abbb5-6f25-4a47-8322-876cb0829381,6424049796863,Hệ thống VCCS 4G PLK,Hệ thống chuyển mạch thoại (VCCS) Không,/he-thong/988abbb5-6f25-4a47-8322-876cb0829381,"'4g':5A '6424049796863':1A 'chuyen':9B 'he':2A,7B 'khong':13B 'mach':10B 'plk':6A 'thoai':11B 'thong':3A,8B 'vccs':4A,12B",2026-07-17 07:05:58.26393+00
dm_he_thong,fe67be5d-51e7-4cb3-b681-24042d17834c,"Máy chính: 105881 (SU4200), 105826 (EU4200C); máy dự phòng: 105882, 105884 (SU4200); 105827, 105829 (EU4200C); 19714 (TA-7650)…",Hệ thống VHF 118.1 MHz PLK,Máy thu phát VHF thoại không - địa Không,/he-thong/fe67be5d-51e7-4cb3-b681-24042d17834c,"'-7650':18A '105826':5A '105827':13A '105829':14A '105881':3A '105882':10A '105884':11A '118.1':22A '19714':16A 'chinh':2A 'dia':31B 'du':8A 'eu4200c':6A,15A 'he':19A 'khong':30B,32B 'may':1A,7A,25B 'mhz':23A 'phat':27B 'phong':9A 'plk':24A 'su4200':4A,12A 'ta':17A 'thoai':29B 'thong':20A 'thu':26B 'vhf':21A,28B",2026-07-16 03:53:14.154512+00
dm_he_thong,8ae676d1-679e-445e-aa85-cfe278d295ba,"Máy chính: 105883 (SU4200), 105828 (EU4200C); máy dự phòng: 105882, 105884 (SU4200); 105827, 105829 (EU4200C); 19714 (TA-7650)…",Hệ thống VHF 121.5 MHz PLK,Máy thu phát VHF thoại không - địa Không,/he-thong/8ae676d1-679e-445e-aa85-cfe278d295ba,"'-7650':18A '105827':13A '105828':5A '105829':14A '105882':10A '105883':3A '105884':11A '121.5':22A '19714':16A 'chinh':2A 'dia':31B 'du':8A 'eu4200c':6A,15A 'he':19A 'khong':30B,32B 'may':1A,7A,25B 'mhz':23A 'phat':27B 'phong':9A 'plk':24A 'su4200':4A,12A 'ta':17A 'thoai':29B 'thong':20A 'thu':26B 'vhf':21A,28B",2026-07-16 03:53:14.154512+00
dm_he_thong,10203ebd-7f22-4bef-bae0-e74e34adc72f,Máy chính: 049002-400443; máy dự phòng: 032,Hệ thống ghi âm PLK,Thiết bị ghi âm Không,/he-thong/10203ebd-7f22-4bef-bae0-e74e34adc72f,"'-400443':4A '032':8A '049002':3A 'am':12A,17B 'bi':15B 'chinh':2A 'du':6A 'ghi':11A,16B 'he':9A 'khong':18B 'may':1A,5A 'phong':7A 'plk':13A 'thiet':14B 'thong':10A",2026-07-16 03:53:14.154512+00
dm_he_thong,2236fe1c-6896-4157-a310-ae0e094233f6,YLGS021708; YLGS021707,Hệ thống AWOS IMS Pleiku,Hệ thống quan trắc thời tiết tự động IMS Không áp dụng,/he-thong/2236fe1c-6896-4157-a310-ae0e094233f6,"'ap':18B 'awos':5A 'dong':15B 'dung':19B 'he':3A,8B 'ims':6A,16B 'khong':17B 'pleiku':7A 'quan':10B 'thoi':12B 'thong':4A,9B 'tiet':13B 'trac':11B 'tu':14B 'ylgs021707':2A 'ylgs021708':1A",2026-07-16 03:53:14.154512+00
dm_he_thong,a96041a8-8fbe-4fed-8a98-b9d60c8600c7,Gió WindObserver (GILL): 2302014; Khí áp PTB 330: V0821324; Nhiệt kế WQG-11: 51 và 99,Thiết bị quan trắc khí tượng thông dụng Pleiku,"Thiết bị đo đạc quan trắc thông dụng (đo nhiệt độ, độ ẩm, đo gió hiển thị số và khí áp hiển thị số) Không áp dụng",/he-thong/a96041a8-8fbe-4fed-8a98-b9d60c8600c7,"'-11':13A '2302014':4A '330':8A '51':14A '99':16A 'am':38B 'ap':6A,46B,51B 'bi':18A,27B 'dac':29B 'do':28B,34B,36B,37B,39B 'dung':24A,33B,52B 'gill':3A 'gio':1A,40B 'hien':41B,47B 'ke':11A 'khi':5A,21A,45B 'khong':50B 'nhiet':10A,35B 'pleiku':25A 'ptb':7A 'quan':19A,30B 'so':43B,49B 'thi':42B,48B 'thiet':17A,26B 'thong':23A,32B 'trac':20A,31B 'tuong':22A 'v0821324':9A 'va':15A,44B 'windobserver':2A 'wqg':12A",2026-07-16 03:53:14.154512+00
dm_he_thong,6c79f710-a99f-490f-b05c-276218edd4c0,1603996-001 (phần chính); 1603976-001 (phần mở rộng),Hệ thống VCCS SITTI THO,Hệ thống chuyển mạch thoại (VCCS) Không,/he-thong/6c79f710-a99f-490f-b05c-276218edd4c0,"'-001':2A,6A '1603976':5A '1603996':1A 'chinh':4A 'chuyen':17B 'he':10A,15B 'khong':21B 'mach':18B 'mo':8A 'phan':3A,7A 'rong':9A 'sitti':13A 'tho':14A 'thoai':19B 'thong':11A,16B 'vccs':12A,20B",2026-07-17 07:05:58.26393+00
dm_he_thong,4fea5c20-230a-4be7-a878-2a88882474c5,Máy chính: 407046 (T6TV); 407013 (T6RV); Máy dự phòng: 407045 (T6TV); 407019 (T6RV),Hệ thống VHF 134.05 MHz QNH,Máy thu phát VHF thoại không - địa Không,/he-thong/4fea5c20-230a-4be7-a878-2a88882474c5,"'134.05':17A '407013':5A '407019':12A '407045':10A '407046':3A 'chinh':2A 'dia':26B 'du':8A 'he':14A 'khong':25B,27B 'may':1A,7A,20B 'mhz':18A 'phat':22B 'phong':9A 'qnh':19A 't6rv':6A,13A 't6tv':4A,11A 'thoai':24B 'thong':15A 'thu':21B 'vhf':16A,23B",2026-07-16 03:53:14.154512+00
dm_he_thong,77e611b4-bebe-4d1b-8223-a1536015a91a,Máy chính: 407048 (T6TV); 407057 (T6RV); Máy dự phòng: 407049 (T6TV); 407020 (T6RV),Hệ thống VHF 125.375 MHz QNH,Máy thu phát VHF thoại không - địa Không,/he-thong/77e611b4-bebe-4d1b-8223-a1536015a91a,"'125.375':17A '407020':12A '407048':3A '407049':10A '407057':5A 'chinh':2A 'dia':26B 'du':8A 'he':14A 'khong':25B,27B 'may':1A,7A,20B 'mhz':18A 'phat':22B 'phong':9A 'qnh':19A 't6rv':6A,13A 't6tv':4A,11A 'thoai':24B 'thong':15A 'thu':21B 'vhf':16A,23B",2026-07-16 03:53:14.154512+00
dm_he_thong,7abf263b-d89e-463f-9199-b1d07eb60ed6,Máy chính: 11320 (TA-7650); 12404 (RA-7203); Máy dự phòng: 11319 (TA-7650); 12403 (RA-7203),Hệ thống VHF 120.1 MHz QNH,Máy thu phát VHF thoại không - địa Không,/he-thong/7abf263b-d89e-463f-9199-b1d07eb60ed6,"'-7203':8A,17A '-7650':5A,14A '11319':12A '11320':3A '120.1':21A '12403':15A '12404':6A 'chinh':2A 'dia':30B 'du':10A 'he':18A 'khong':29B,31B 'may':1A,9A,24B 'mhz':22A 'phat':26B 'phong':11A 'qnh':23A 'ra':7A,16A 'ta':4A,13A 'thoai':28B 'thong':19A 'thu':25B 'vhf':20A,27B",2026-07-16 03:53:14.154512+00
dm_he_thong,873a9c5c-16e9-4955-aa06-b2ac255110cf,"Máy chính: 105889 (SU4200), 105834 (EU4200C); Máy dự phòng: 105890 (SU4200); 105835 (EU4200C)",Hệ thống VHF 128.775 MHz QNH,Máy thu phát VHF thoại không - địa Không,/he-thong/873a9c5c-16e9-4955-aa06-b2ac255110cf,"'105834':5A '105835':12A '105889':3A '105890':10A '128.775':17A 'chinh':2A 'dia':26B 'du':8A 'eu4200c':6A,13A 'he':14A 'khong':25B,27B 'may':1A,7A,20B 'mhz':18A 'phat':22B 'phong':9A 'qnh':19A 'su4200':4A,11A 'thoai':24B 'thong':15A 'thu':21B 'vhf':16A,23B",2026-07-16 03:53:14.154512+00
dm_he_thong,7e234c94-71fa-4af2-9f0e-fb0996d441ba,Máy chính: 407043 (T6TV); 407014 (T6RV); Máy dự phòng: 407042 (T6TV); 407022 (T6RV),Hệ thống VHF 120.7 MHz QNH,Máy thu phát VHF thoại không - địa Không,/he-thong/7e234c94-71fa-4af2-9f0e-fb0996d441ba,"'120.7':17A '407014':5A '407022':12A '407042':10A '407043':3A 'chinh':2A 'dia':26B 'du':8A 'he':14A 'khong':25B,27B 'may':1A,7A,20B 'mhz':18A 'phat':22B 'phong':9A 'qnh':19A 't6rv':6A,13A 't6tv':4A,11A 'thoai':24B 'thong':15A 'thu':21B 'vhf':16A,23B",2026-07-16 03:53:14.154512+00
dm_he_thong,c6622ed5-a311-43b5-a527-900edfc6d197,Máy chính: 407044 (T6TV); 407017 (T6RV); Máy dự phòng: 407031 (T6TV); 407016 (T6RV),Hệ thống VHF 133.15 MHz QNH,Máy thu phát VHF thoại không - địa Không,/he-thong/c6622ed5-a311-43b5-a527-900edfc6d197,"'133.15':17A '407016':12A '407017':5A '407031':10A '407044':3A 'chinh':2A 'dia':26B 'du':8A 'he':14A 'khong':25B,27B 'may':1A,7A,20B 'mhz':18A 'phat':22B 'phong':9A 'qnh':19A 't6rv':6A,13A 't6tv':4A,11A 'thoai':24B 'thong':15A 'thu':21B 'vhf':16A,23B",2026-07-16 03:53:14.154512+00
dm_he_thong,fc69e4ff-4f6c-4b87-bddc-57d948cc91a5,Máy chính: 407041 (T6TV); 407012 (T6RV); Máy dự phòng: 407047 (T6TV); 407015 (T6RV),Hệ thống VHF 121.5 MHz QNH,Máy thu phát VHF thoại không - địa Không,/he-thong/fc69e4ff-4f6c-4b87-bddc-57d948cc91a5,"'121.5':17A '407012':5A '407015':12A '407041':3A '407047':10A 'chinh':2A 'dia':26B 'du':8A 'he':14A 'khong':25B,27B 'may':1A,7A,20B 'mhz':18A 'phat':22B 'phong':9A 'qnh':19A 't6rv':6A,13A 't6tv':4A,11A 'thoai':24B 'thong':15A 'thu':21B 'vhf':16A,23B",2026-07-16 03:53:14.154512+00
dm_he_thong,2895b9ad-dab8-49c8-a26a-47241cef0c2e,Tại Phụ lục kèm theo,Hệ thống VHF 123.3 MHz STR,Máy thu phát VHF thoại không - địa Không,/he-thong/2895b9ad-dab8-49c8-a26a-47241cef0c2e,"'123.3':9A 'dia':18B 'he':6A 'kem':4A 'khong':17B,19B 'luc':3A 'may':12B 'mhz':10A 'phat':14B 'phu':2A 'str':11A 'tai':1A 'theo':5A 'thoai':16B 'thong':7A 'thu':13B 'vhf':8A,15B",2026-07-16 03:53:14.154512+00
dm_he_thong,a7a81f1c-f0f3-400b-83b5-26b1cdb68193,Máy chính: 3S9312 (B6350); 274262 (B6100); máy dự phòng: 01236 (TA7650); 3S13596 (B6100),Hệ thống VHF 124.55 MHz STR,Máy thu phát VHF thoại không - địa Không,/he-thong/a7a81f1c-f0f3-400b-83b5-26b1cdb68193,"'01236':10A '124.55':17A '274262':5A '3s13596':12A '3s9312':3A 'b6100':6A,13A 'b6350':4A 'chinh':2A 'dia':26B 'du':8A 'he':14A 'khong':25B,27B 'may':1A,7A,20B 'mhz':18A 'phat':22B 'phong':9A 'str':19A 'ta7650':11A 'thoai':24B 'thong':15A 'thu':21B 'vhf':16A,23B",2026-07-16 03:53:14.154512+00
dm_he_thong,c4dd13e1-79a1-450e-9fe6-544c2d4f40ff,"Máy chính: 01160 (TA-7650), 01201 (RA-7203). Máy dự phòng: 01235 (TA-7650), 06885 (RA-7203)",Hệ thống VHF 121.5 MHz STR,Máy thu phát VHF thoại không - địa Không,/he-thong/c4dd13e1-79a1-450e-9fe6-544c2d4f40ff,"'-7203':8A,17A '-7650':5A,14A '01160':3A '01201':6A '01235':12A '06885':15A '121.5':21A 'chinh':2A 'dia':30B 'du':10A 'he':18A 'khong':29B,31B 'may':1A,9A,24B 'mhz':22A 'phat':26B 'phong':11A 'ra':7A,16A 'str':23A 'ta':4A,13A 'thoai':28B 'thong':19A 'thu':25B 'vhf':20A,27B",2026-07-16 03:53:14.154512+00
dm_he_thong,0a05b9c3-b63a-4f0d-b26a-8067e9646539,Tại Phụ lục kèm theo,Hệ thống VHF 125.9 MHz STR,Máy thu phát VHF thoại không - địa Không,/he-thong/0a05b9c3-b63a-4f0d-b26a-8067e9646539,"'125.9':9A 'dia':18B 'he':6A 'kem':4A 'khong':17B,19B 'luc':3A 'may':12B 'mhz':10A 'phat':14B 'phu':2A 'str':11A 'tai':1A 'theo':5A 'thoai':16B 'thong':7A 'thu':13B 'vhf':8A,15B",2026-07-16 03:53:14.154512+00
dm_he_thong,f9f78cdb-9a18-4c5c-82e9-7d454956170f,Máy chính: 6U11311 (T6T); 6U16873 (T6R). Máy dự phòng: 6U11307 (T6T); 6U16865 (T6R),Hệ thống VHF 134.425 MHz STR,Máy thu phát VHF thoại không - địa Không,/he-thong/f9f78cdb-9a18-4c5c-82e9-7d454956170f,"'134.425':17A '6u11307':10A '6u11311':3A '6u16865':12A '6u16873':5A 'chinh':2A 'dia':26B 'du':8A 'he':14A 'khong':25B,27B 'may':1A,7A,20B 'mhz':18A 'phat':22B 'phong':9A 'str':19A 't6r':6A,13A 't6t':4A,11A 'thoai':24B 'thong':15A 'thu':21B 'vhf':16A,23B",2026-07-16 03:53:14.154512+00
dm_he_thong,166da49c-c77b-40eb-86a5-78870d4f7936,"Máy chính: 166195 (T6T), 166179 (T6R); máy dự phòng: 166196 (T6T), 166181 (T6R); 19715 (TA-7650), 19742 (RA-7203); 12786, 12335 (IC-A200)",Hệ thống VHF 118.9 MHz THA,Máy thu phát VHF thoại không - địa Không,/he-thong/166da49c-c77b-40eb-86a5-78870d4f7936,"'-7203':19A '-7650':16A '118.9':28A '12335':21A '12786':20A '166179':5A '166181':12A '166195':3A '166196':10A '19715':14A '19742':17A 'a200':24A 'chinh':2A 'dia':37B 'du':8A 'he':25A 'ic':23A 'ic-a200':22A 'khong':36B,38B 'may':1A,7A,31B 'mhz':29A 'phat':33B 'phong':9A 'ra':18A 't6r':6A,13A 't6t':4A,11A 'ta':15A 'tha':30A 'thoai':35B 'thong':26A 'thu':32B 'vhf':27A,34B",2026-07-16 03:53:14.154512+00
dm_he_thong,7f40beb2-5d47-4f4a-b7df-35cd1cca56ae,3NC3QY3; 4NC3QY3,Hệ thống D-AW21 Tuy Hòa,"Bổ sung từ PL1. Danh mục thiết bị THA.xlsx, sheet THO_N1, dòng 38. Hệ thống quan trắc khí tượng tự động D-AW21 Không",/he-thong/7f40beb2-5d47-4f4a-b7df-35cd1cca56ae,"'38':23B '3nc3qy3':1A '4nc3qy3':2A 'aw21':7A,34B 'bi':17B 'bo':10B 'd':6A,33B 'd-aw21':5A,32B 'danh':14B 'dong':22B,31B 'he':3A,24B 'hoa':9A 'khi':28B 'khong':35B 'muc':15B 'n1':21B 'pl1':13B 'quan':26B 'sheet':19B 'sung':11B 'tha.xlsx':18B 'thiet':16B 'tho':20B 'thong':4A,25B 'trac':27B 'tu':12B,30B 'tuong':29B 'tuy':8A",2026-07-16 03:53:14.154512+00
dm_he_thong,67854a57-f71b-46cf-b2da-cf2c5f62117d,T53202,Hệ thống AW11 Tuy Hòa,Hệ thống quan trắc khí tượng tự động AW11 ME AWS.00002,/he-thong/67854a57-f71b-46cf-b2da-cf2c5f62117d,"'aw11':4A,15B 'aws.00002':17B 'dong':14B 'he':2A,7B 'hoa':6A 'khi':11B 'me':16B 'quan':9B 't53202':1A 'thong':3A,8B 'trac':10B 'tu':13B 'tuong':12B 'tuy':5A",2026-07-16 03:53:14.154512+00
dm_he_thong,89f3eb33-479e-4e7a-9c5c-a50dfe97154c,Gió WindObserver (GILL): 2302009; Khí áp PTB 330: V0821329; Nhiệt kế WQG-11: 1 và 24,Thiết bị quan trắc khí tượng thông dụng Tuy Hòa,"Thiết bị đo đạc quan trắc thông dụng (đo nhiệt độ, độ ẩm, đo gió hiển thị số và khí áp hiển thị số) Không áp dụng",/he-thong/89f3eb33-479e-4e7a-9c5c-a50dfe97154c,"'-11':13A '1':14A '2302009':4A '24':16A '330':8A 'am':39B 'ap':6A,47B,52B 'bi':18A,28B 'dac':30B 'do':29B,35B,37B,38B,40B 'dung':24A,34B,53B 'gill':3A 'gio':1A,41B 'hien':42B,48B 'hoa':26A 'ke':11A 'khi':5A,21A,46B 'khong':51B 'nhiet':10A,36B 'ptb':7A 'quan':19A,31B 'so':44B,50B 'thi':43B,49B 'thiet':17A,27B 'thong':23A,33B 'trac':20A,32B 'tuong':22A 'tuy':25A 'v0821329':9A 'va':15A,45B 'windobserver':2A 'wqg':12A",2026-07-16 03:53:14.154512+00
thiet_bi,39b2fdf5-156e-440a-9d0d-d7b58c44d993,TB_RSSQPB9R,Cảm biến gió,"Cảm biến đo hướng và tốc độ gió Thies Clima Trạm giữa Ra soat 2026-07-11, file nguon: THA_DAW21",/thiet-bi/TB_RSSQPB9R,"'-07':21B '-11':22B '2026':20B 'bien':4A,7B 'cam':3A,6B 'clima':15B 'daw21':26B 'do':8B,12B 'file':23B 'gio':5A,13B 'giua':17B 'huong':9B 'nguon':24B 'ra':18B 'rssqpb9r':2A 'soat':19B 'tb':1A 'tha':25B 'thies':14B 'toc':11B 'tram':16B 'va':10B",2026-07-16 03:53:31.441458+00
dm_he_thong,1b4a53cd-3661-4222-9fa9-7bedea9738c0,"Receiver/Site Monitor: 00913/2138429, 00915/2138430",Hệ thống ADS-B Chu Lai,"Trạm thu dữ liệu giám sát phụ thuộc tự động - quảng bá (ADS-B) SIC 197, SIC 198",/he-thong/1b4a53cd-3661-4222-9fa9-7bedea9738c0,"'00913/2138429':3A '00915/2138430':4A '197':28B '198':30B 'ads':8A,25B 'ads-b':7A,24B 'b':9A,26B 'ba':23B 'chu':10A 'dong':21B 'du':14B 'giam':16B 'he':5A 'lai':11A 'lieu':15B 'monitor':2A 'phu':18B 'quang':22B 'receiver/site':1A 'sat':17B 'sic':27B,29B 'thong':6A 'thu':13B 'thuoc':19B 'tram':12B 'tu':20B",2026-07-17 01:20:13.233503+00
thiet_bi,751a428a-a3fd-4974-9038-1dbab5677d5a,TB_RBQBJSMG,Cảm biến đo độ ẩm Thies 1.1006.54.080,Cảm biến đo nhiệt độ Thies 1.1006.54.080 Thies Clima 2023 Đề xuất: Mua sắm VTDP sử dụng chung cho các sân bay | Hỏng hóc: 0 lần | Tình trạng: Khai thác bình thường | VTDP: Không có VTDP | Niên hạn: Quá niên hạn,/thiet-bi/TB_RBQBJSMG,"'0':34B '1.1006.54.080':9A,16B '2023':19B 'am':7A 'bay':31B 'bien':4A,11B 'binh':40B 'cac':29B 'cam':3A,10B 'cho':28B 'chung':27B 'clima':18B 'co':44B 'de':20B 'do':5A,6A,12B,14B 'dung':26B 'han':47B,50B 'hoc':33B 'hong':32B 'khai':38B 'khong':43B 'lan':35B 'mua':22B 'nhiet':13B 'nien':46B,49B 'qua':48B 'rbqbjsmg':2A 'sam':23B 'san':30B 'su':25B 'tb':1A 'thac':39B 'thies':8A,15B,17B 'thuong':41B 'tinh':36B 'trang':37B 'vtdp':24B,42B,45B 'xuat':21B",2026-07-16 03:53:31.441458+00
thiet_bi,a2dc6bdc-1343-4a4b-ab9b-0e89122021d1,TB_WDXEF7F6,Thiết bị thu phát vô tuyến,"Thiết bị thu phát vô tuyến RACOM Trạm 14 Ra soat 2026-07-11, file nguon: CLA_IMS",/thiet-bi/TB_WDXEF7F6,"'-07':21B '-11':22B '14':17B '2026':20B 'bi':4A,10B 'cla':25B 'file':23B 'ims':26B 'nguon':24B 'phat':6A,12B 'ra':18B 'racom':15B 'soat':19B 'tb':1A 'thiet':3A,9B 'thu':5A,11B 'tram':16B 'tuyen':8A,14B 'vo':7A,13B 'wdxef7f6':2A",2026-07-16 03:53:31.441458+00
dm_he_thong,9cb7bc54-b28c-4f62-a59f-9c3e023e92df,"00934/2138423, 00936/2138424",Hệ thống ADS-B Phú Bài,"Trạm thu dữ liệu giám sát phụ thuộc tự động - quảng bá (ADS-B) SIC 195, SIC 196",/he-thong/9cb7bc54-b28c-4f62-a59f-9c3e023e92df,"'00934/2138423':1A '00936/2138424':2A '195':26B '196':28B 'ads':6A,23B 'ads-b':5A,22B 'b':7A,24B 'ba':21B 'bai':9A 'dong':19B 'du':12B 'giam':14B 'he':3A 'lieu':13B 'phu':8A,16B 'quang':20B 'sat':15B 'sic':25B,27B 'thong':4A 'thu':11B 'thuoc':17B 'tram':10B 'tu':18B",2026-07-17 01:20:13.233503+00
dm_he_thong,b898fe53-66b6-4bac-8d9d-b58b4b79d722,"00942/2138427, 00917/2138428",Hệ thống ADS-B Phù Cát,"Trạm thu dữ liệu giám sát phụ thuộc tự động - quảng bá (ADS-B) SIC 199, SIC 200",/he-thong/b898fe53-66b6-4bac-8d9d-b58b4b79d722,"'00917/2138428':2A '00942/2138427':1A '199':26B '200':28B 'ads':6A,23B 'ads-b':5A,22B 'b':7A,24B 'ba':21B 'cat':9A 'dong':19B 'du':12B 'giam':14B 'he':3A 'lieu':13B 'phu':8A,16B 'quang':20B 'sat':15B 'sic':25B,27B 'thong':4A 'thu':11B 'thuoc':17B 'tram':10B 'tu':18B",2026-07-17 01:20:13.233503+00
thiet_bi,23c6b612-070b-486d-b124-1ef68d86dc05,TB_68BYBK2N,Media Converter,"Chasis Media Converter Moxa Phòng thiết bị Ra soat 2026-07-11, file nguon: PBA_AWOS900",/thiet-bi/TB_68BYBK2N,"'-07':15B '-11':16B '2026':14B '68bybk2n':2A 'awos900':20B 'bi':11B 'chasis':5B 'converter':4A,7B 'file':17B 'media':3A,6B 'moxa':8B 'nguon':18B 'pba':19B 'phong':9B 'ra':12B 'soat':13B 'tb':1A 'thiet':10B",2026-07-16 03:53:31.441458+00
dm_he_thong,62705194-97b3-4e07-9574-12672daa21cf,"00946/2138425, 00947/2138426",Hệ thống ADS-B Pleiku,"Trạm thu dữ liệu giám sát phụ thuộc tự động - quảng bá (ADS-B) SIC 201, SIC 202",/he-thong/62705194-97b3-4e07-9574-12672daa21cf,"'00946/2138425':1A '00947/2138426':2A '201':25B '202':27B 'ads':6A,22B 'ads-b':5A,21B 'b':7A,23B 'ba':20B 'dong':18B 'du':11B 'giam':13B 'he':3A 'lieu':12B 'phu':15B 'pleiku':8A 'quang':19B 'sat':14B 'sic':24B,26B 'thong':4A 'thu':10B 'thuoc':16B 'tram':9B 'tu':17B",2026-07-17 01:20:13.233503+00
dm_he_thong,fe37911b-555f-46c0-bdd5-4724e57a9a9e,"00862/2138442, 00860/2138441",Hệ thống ADS-B Tuy Hòa,"Trạm thu dữ liệu giám sát phụ thuộc tự động - quảng bá (ADS-B) SIC 203, SIC 204",/he-thong/fe37911b-555f-46c0-bdd5-4724e57a9a9e,"'00860/2138441':2A '00862/2138442':1A '203':26B '204':28B 'ads':6A,23B 'ads-b':5A,22B 'b':7A,24B 'ba':21B 'dong':19B 'du':12B 'giam':14B 'he':3A 'hoa':9A 'lieu':13B 'phu':16B 'quang':20B 'sat':15B 'sic':25B,27B 'thong':4A 'thu':11B 'thuoc':17B 'tram':10B 'tu':18B 'tuy':8A",2026-07-17 01:20:13.233503+00
trang,van-de,,Vấn đề,Danh sách vấn đề RCA,/van-de,'de':2A 'nguyen':6B 'nhan':7B 'phan':4B 'rca':3B 'tich':5B 'van':1A,2026-07-14 20:55:06.470528+00
dm_he_thong,9d0e2675-7192-4350-8a7f-cbef379ebf6b,,Hệ thống AIS,"",/he-thong/9d0e2675-7192-4350-8a7f-cbef379ebf6b,'ais':3A 'he':1A 'thong':2A,2026-07-17 09:25:19.425585+00
dm_he_thong,1e44141b-e2de-49d2-930b-5886ba6a3b38,"E263363X2201174, E263363X22011227",Hệ thống xử lý ADS-B Đà Nẵng,Hệ thống xử lý dữ liệu ADS-B Không,/he-thong/1e44141b-e2de-49d2-930b-5886ba6a3b38,"'ads':8A,19B 'ads-b':7A,18B 'b':9A,20B 'da':10A 'du':16B 'e263363x22011227':2A 'e263363x2201174':1A 'he':3A,12B 'khong':21B 'lieu':17B 'ly':6A,15B 'nang':11A 'thong':4A,13B 'xu':5A,14B",2026-07-23 23:30:08.108296+00
dm_he_thong,2bc88761-ea6c-4d35-828a-28a98e701956,Máy chính: 18175; Máy dự phòng: 18172; Máy thu: 105801,Hệ thống D-ATIS Cam Ranh,Hệ thống thông báo tin tức bán tự động tại khu vực sân bay (D-ATIS) Không áp dụng,/he-thong/2bc88761-ea6c-4d35-828a-28a98e701956,"'105801':10A '18172':7A '18175':3A 'ap':36B 'atis':15A,34B 'ban':24B 'bao':21B 'bay':31B 'cam':16A 'chinh':2A 'd':14A,33B 'd-atis':13A,32B 'dong':26B 'du':5A 'dung':37B 'he':11A,18B 'khong':35B 'khu':28B 'may':1A,4A,8A 'phong':6A 'ranh':17A 'san':30B 'tai':27B 'thong':12A,19B,20B 'thu':9A 'tin':22B 'tu':25B 'tuc':23B 'vuc':29B",2026-07-17 01:20:13.233503+00
dm_he_thong,8b25c26d-d3bd-4e3b-bbf8-8d50e93e9e34,Máy chính: 18176; Máy dự phòng: 18173; Máy thu: 105800,Hệ thống D-ATIS Đà Nẵng,Hệ thống thông báo tin tức bán tự động tại khu vực sân bay (D-ATIS) Không áp dụng,/he-thong/8b25c26d-d3bd-4e3b-bbf8-8d50e93e9e34,"'105800':10A '18173':7A '18176':3A 'ap':36B 'atis':15A,34B 'ban':24B 'bao':21B 'bay':31B 'chinh':2A 'd':14A,33B 'd-atis':13A,32B 'da':16A 'dong':26B 'du':5A 'dung':37B 'he':11A,18B 'khong':35B 'khu':28B 'may':1A,4A,8A 'nang':17A 'phong':6A 'san':30B 'tai':27B 'thong':12A,19B,20B 'thu':9A 'tin':22B 'tu':25B 'tuc':23B 'vuc':29B",2026-07-17 01:20:13.233503+00
thiet_bi,330828f8-d17b-4450-aa48-3a3c5601efa3,TB_RZZWB4VY,Ắc quy dự phòng,"Ắc quy dự phòng Vision Trạm giữa Ra soat 2026-07-11, file nguon: THA_DAW21",/thiet-bi/TB_RZZWB4VY,"'-07':17B '-11':18B '2026':16B 'ac':3A,7B 'daw21':22B 'du':5A,9B 'file':19B 'giua':13B 'nguon':20B 'phong':6A,10B 'quy':4A,8B 'ra':14B 'rzzwb4vy':2A 'soat':15B 'tb':1A 'tha':21B 'tram':12B 'vision':11B",2026-07-16 03:53:31.441458+00
dm_he_thong,bb5b5939-4377-41f0-bd28-b143c61eac15,Tại Phụ lục 1 kèm theo,Hệ thống RDP Cam Ranh,Hệ thống xử lý dữ liệu ra đa (RDP) Không,/he-thong/bb5b5939-4377-41f0-bd28-b143c61eac15,"'1':4A 'cam':10A 'da':19B 'du':16B 'he':7A,12B 'kem':5A 'khong':21B 'lieu':17B 'luc':3A 'ly':15B 'phu':2A 'ra':18B 'ranh':11A 'rdp':9A,20B 'tai':1A 'theo':6A 'thong':8A,13B 'xu':14B",2026-07-17 01:20:13.233503+00
dm_he_thong,75979ae0-c2f6-40c3-aa1a-935b6f8c3b9b,Tại Phụ lục 1 kèm theo,Hệ thống RDP Đà Nẵng,Hệ thống xử lý dữ liệu ra đa (RDP) Không,/he-thong/75979ae0-c2f6-40c3-aa1a-935b6f8c3b9b,"'1':4A 'da':10A,19B 'du':16B 'he':7A,12B 'kem':5A 'khong':21B 'lieu':17B 'luc':3A 'ly':15B 'nang':11A 'phu':2A 'ra':18B 'rdp':9A,20B 'tai':1A 'theo':6A 'thong':8A,13B 'xu':14B",2026-07-17 01:20:13.233503+00
thiet_bi,ec9b5194-3ed3-4d5c-a1be-bec5cde2b268,TB_NVVHP2G9,Ắc quy dự phòng,"Ắc quy dự phòng Vision Trạm trần mây 14 Ra soat 2026-07-11, file nguon: CLA_IMS",/thiet-bi/TB_NVVHP2G9,"'-07':19B '-11':20B '14':15B '2026':18B 'ac':3A,7B 'cla':23B 'du':5A,9B 'file':21B 'ims':24B 'may':14B 'nguon':22B 'nvvhp2g9':2A 'phong':6A,10B 'quy':4A,8B 'ra':16B 'soat':17B 'tb':1A 'tram':12B 'tran':13B 'vision':11B",2026-07-16 03:53:31.441458+00
thiet_bi,19b24b4d-3ff9-441d-a2a2-9fba989aa467,TB_79XS55RX,Màn hình hiển thị số liệu Nhiệt-Ẩm-Áp,"Màn hình hiển thị số liệu Nhiệt-Ẩm-Áp VTD Phòng thiết bị Ra soat 2026-07-11, file nguon: PBA_AWOS900",/thiet-bi/TB_79XS55RX,"'-07':30B '-11':31B '2026':29B '79xs55rx':2A 'am':11A,21B 'ap':12A,22B 'awos900':35B 'bi':26B 'file':32B 'hien':5A,15B 'hinh':4A,14B 'lieu':8A,18B 'man':3A,13B 'nguon':33B 'nhiet':10A,20B 'nhiet-am-ap':9A,19B 'pba':34B 'phong':24B 'ra':27B 'so':7A,17B 'soat':28B 'tb':1A 'thi':6A,16B 'thiet':25B 'vtd':23B",2026-07-16 03:53:31.441458+00
thiet_bi,8891559a-ef75-4376-8d78-821c77cff7ef,TB_QE4F307F,Media Converter,"Media Converter VTD Phòng thiết bị Ra soat 2026-07-11, file nguon: PBA_AWOS900",/thiet-bi/TB_QE4F307F,"'-07':14B '-11':15B '2026':13B 'awos900':19B 'bi':10B 'converter':4A,6B 'file':16B 'media':3A,5B 'nguon':17B 'pba':18B 'phong':8B 'qe4f307f':2A 'ra':11B 'soat':12B 'tb':1A 'thiet':9B 'vtd':7B",2026-07-16 03:53:31.441458+00
thiet_bi,e71b4e37-2ae7-4dd9-99f6-fda7faed4243,TB_CBGWWFVV,Bộ kiểm tra hiệu chỉnh cho cảm biến ánh sáng nền (dùng chung cho cả 2 cảm biến),Bộ kiểm tra hiệu chỉnh cho cảm biến ánh sáng nền (dùng chung cho cả 2 cảm biến) Đề xuất: Khi có sự cố thì xuất kho Cty QLBMT thay thế sửa chữa | Hỏng hóc: 0 lần | VTDP: không | Niên hạn: Không,/thiet-bi/TB_CBGWWFVV,"'0':56B '2':18A,36B 'anh':11A,29B 'bien':10A,20A,28B,38B 'bo':3A,21B 'ca':17A,35B 'cam':9A,19A,27B,37B 'cbgwwfvv':2A 'chinh':7A,25B 'cho':8A,16A,26B,34B 'chua':53B 'chung':15A,33B 'co':42B,44B 'cty':48B 'de':39B 'dung':14A,32B 'han':61B 'hieu':6A,24B 'hoc':55B 'hong':54B 'khi':41B 'kho':47B 'khong':59B,62B 'kiem':4A,22B 'lan':57B 'nen':13A,31B 'nien':60B 'qlbmt':49B 'sang':12A,30B 'su':43B 'sua':52B 'tb':1A 'thay':50B 'the':51B 'thi':45B 'tra':5A,23B 'vtdp':58B 'xuat':40B,46B",2026-07-17 01:20:13.233503+00
thiet_bi,528a84f8-c1e9-4706-ab53-b076bb98875e,TB_N90V8QKS,Bộ kiểm tra hiệu chỉnh cho cảm biến ánh sáng nền (dùng chung cho cả 2 cảm biến),Bộ kiểm tra hiệu chỉnh cho cảm biến ánh sáng nền (dùng chung cho cả 2 cảm biến) Đề xuất: Khi có sự cố thì xuất kho Cty QLBMT thay thế sửa chữa | Hỏng hóc: 0 lần | VTDP: không | Niên hạn: Không,/thiet-bi/TB_N90V8QKS,"'0':56B '2':18A,36B 'anh':11A,29B 'bien':10A,20A,28B,38B 'bo':3A,21B 'ca':17A,35B 'cam':9A,19A,27B,37B 'chinh':7A,25B 'cho':8A,16A,26B,34B 'chua':53B 'chung':15A,33B 'co':42B,44B 'cty':48B 'de':39B 'dung':14A,32B 'han':61B 'hieu':6A,24B 'hoc':55B 'hong':54B 'khi':41B 'kho':47B 'khong':59B,62B 'kiem':4A,22B 'lan':57B 'n90v8qks':2A 'nen':13A,31B 'nien':60B 'qlbmt':49B 'sang':12A,30B 'su':43B 'sua':52B 'tb':1A 'thay':50B 'the':51B 'thi':45B 'tra':5A,23B 'vtdp':58B 'xuat':40B,46B",2026-07-17 01:20:13.233503+00
thiet_bi,9112f33b-0324-4c3a-8070-c9049d059883,TB_AYGHCF5G,Bộ xử lý đầu dưới,Bộ xử lý đầu dưới ERICO Đề xuất: Khi có sự cố thì xuất kho Cty QLBMT thay thế sửa chữa | Hỏng hóc: 0 lần | VTDP: không | Niên hạn: Không,/thiet-bi/TB_AYGHCF5G,"'0':31B 'ayghcf5g':2A 'bo':3A,8B 'chua':28B 'co':17B,19B 'cty':23B 'dau':6A,11B 'de':14B 'duoi':7A,12B 'erico':13B 'han':36B 'hoc':30B 'hong':29B 'khi':16B 'kho':22B 'khong':34B,37B 'lan':32B 'ly':5A,10B 'nien':35B 'qlbmt':24B 'su':18B 'sua':27B 'tb':1A 'thay':25B 'the':26B 'thi':20B 'vtdp':33B 'xu':4A,9B 'xuat':15B,21B",2026-07-17 01:20:13.233503+00
thiet_bi,4daf7db2-8b04-4d8e-bb79-910eb7207bd8,TB_T23R7B2M,Bộ thu thập mức sáng đèn đường cất hạ cánh có khả năng kết nối đèn lề đường CHC,- X2033992 Bộ thu thập mức sáng đèn đường cất hạ cánh có khả năng kết nối đèn lề đường CHC Đề xuất: Khi có sự cố thì xuất kho Cty QLBMT thay thế sửa chữa | Hỏng hóc: 0 lần | VTDP: Có | Niên hạn: Không,/thiet-bi/TB_T23R7B2M,"'0':59B 'bo':3A,23B 'canh':12A,32B 'cat':10A,30B 'chc':21A,41B 'chua':56B 'co':13A,33B,45B,47B,62B 'cty':51B 'de':42B 'den':8A,18A,28B,38B 'duong':9A,20A,29B,40B 'ha':11A,31B 'han':64B 'hoc':58B 'hong':57B 'ket':16A,36B 'kha':14A,34B 'khi':44B 'kho':50B 'khong':65B 'lan':60B 'le':19A,39B 'muc':6A,26B 'nang':15A,35B 'nien':63B 'noi':17A,37B 'qlbmt':52B 'sang':7A,27B 'su':46B 'sua':55B 't23r7b2m':2A 'tb':1A 'thap':5A,25B 'thay':53B 'the':54B 'thi':48B 'thu':4A,24B 'vtdp':61B 'x2033992':22B 'xuat':43B,49B",2026-07-17 01:20:13.233503+00
thiet_bi,cf06b19a-720e-418b-be3f-712440807d76,TB_1BWGGYS4,Switch,"Switch Fortinet Phòng thiết bị Ra soat 2026-07-11, file nguon: PBA_AWOS900",/thiet-bi/TB_1BWGGYS4,"'-07':12B '-11':13B '1bwggys4':2A '2026':11B 'awos900':17B 'bi':8B 'file':14B 'fortinet':5B 'nguon':15B 'pba':16B 'phong':6B 'ra':9B 'soat':10B 'switch':3A,4B 'tb':1A 'thiet':7B",2026-07-16 03:53:31.441458+00
thiet_bi,f1a8030b-3d74-484b-9123-a56a665392d2,TB_KJWTP2FA,Router,"Router Ubiquiti Phòng thiết bị Ra soat 2026-07-11, file nguon: PBA_AWOS900",/thiet-bi/TB_KJWTP2FA,"'-07':12B '-11':13B '2026':11B 'awos900':17B 'bi':8B 'file':14B 'kjwtp2fa':2A 'nguon':15B 'pba':16B 'phong':6B 'ra':9B 'router':3A,4B 'soat':10B 'tb':1A 'thiet':7B 'ubiquiti':5B",2026-07-16 03:53:31.441458+00
thiet_bi,326b8ce8-caa4-4d7b-95c5-4e4ef7483715,TB_HFBSKQ6P,Bộ xử lý đầu dưới,Bộ xử lý đầu dưới ERICO Đề xuất: Khi có sự cố thì xuất kho Cty QLBMT thay thế sửa chữa | Hỏng hóc: 0 lần | VTDP: không | Niên hạn: Không,/thiet-bi/TB_HFBSKQ6P,"'0':31B 'bo':3A,8B 'chua':28B 'co':17B,19B 'cty':23B 'dau':6A,11B 'de':14B 'duoi':7A,12B 'erico':13B 'han':36B 'hfbskq6p':2A 'hoc':30B 'hong':29B 'khi':16B 'kho':22B 'khong':34B,37B 'lan':32B 'ly':5A,10B 'nien':35B 'qlbmt':24B 'su':18B 'sua':27B 'tb':1A 'thay':25B 'the':26B 'thi':20B 'vtdp':33B 'xu':4A,9B 'xuat':15B,21B",2026-07-17 01:20:13.233503+00
thiet_bi,b5ff4257-0be4-44d6-ae35-41735408bd80,TB_YQH5WZV9,Bộ xử lý đầu dưới,Bộ xử lý đầu dưới ERICO Đề xuất: Khi có sự cố thì xuất kho Cty QLBMT thay thế sửa chữa | Hỏng hóc: 0 lần | VTDP: không | Niên hạn: Không,/thiet-bi/TB_YQH5WZV9,"'0':31B 'bo':3A,8B 'chua':28B 'co':17B,19B 'cty':23B 'dau':6A,11B 'de':14B 'duoi':7A,12B 'erico':13B 'han':36B 'hoc':30B 'hong':29B 'khi':16B 'kho':22B 'khong':34B,37B 'lan':32B 'ly':5A,10B 'nien':35B 'qlbmt':24B 'su':18B 'sua':27B 'tb':1A 'thay':25B 'the':26B 'thi':20B 'vtdp':33B 'xu':4A,9B 'xuat':15B,21B 'yqh5wzv9':2A",2026-07-17 01:20:13.233503+00
thiet_bi,d5d496ac-3480-425f-bddd-ca0f9124af25,TB_FVKSXM8V,Cảm biến đo dông sét,"Cảm biến đo dông sét Biral Trạm giữa Ra soat 2026-07-11, file nguon: THA_DAW21",/thiet-bi/TB_FVKSXM8V,"'-07':19B '-11':20B '2026':18B 'bien':4A,9B 'biral':13B 'cam':3A,8B 'daw21':24B 'do':5A,10B 'dong':6A,11B 'file':21B 'fvksxm8v':2A 'giua':15B 'nguon':22B 'ra':16B 'set':7A,12B 'soat':17B 'tb':1A 'tha':23B 'tram':14B",2026-07-16 03:53:31.441458+00
thiet_bi,cae11af1-7700-4dc4-99dd-5bbc95692d7b,TB_ZZ8VE696,Trạm MID,Trạm MID Niên hạn: Không,/thiet-bi/TB_ZZ8VE696,"'han':8B 'khong':9B 'mid':4A,6B 'nien':7B 'tb':1A 'tram':3A,5B 'zz8ve696':2A",2026-07-17 01:20:13.233503+00
thiet_bi,3bb8a6c5-e6b4-468a-9587-f3a4b7143fcd,TB_DD9N7XPE,Bộ xử lý đầu dưới,Bộ xử lý đầu dưới ERICO Đề xuất: Khi có sự cố thì xuất kho Cty QLBMT thay thế sửa chữa | Hỏng hóc: 0 lần | VTDP: không | Niên hạn: Không,/thiet-bi/TB_DD9N7XPE,"'0':31B 'bo':3A,8B 'chua':28B 'co':17B,19B 'cty':23B 'dau':6A,11B 'dd9n7xpe':2A 'de':14B 'duoi':7A,12B 'erico':13B 'han':36B 'hoc':30B 'hong':29B 'khi':16B 'kho':22B 'khong':34B,37B 'lan':32B 'ly':5A,10B 'nien':35B 'qlbmt':24B 'su':18B 'sua':27B 'tb':1A 'thay':25B 'the':26B 'thi':20B 'vtdp':33B 'xu':4A,9B 'xuat':15B,21B",2026-07-17 01:20:13.233503+00
thiet_bi,7ccbe798-ceeb-411d-aa81-09d8f9e3ffd8,TB_EET4EEKX,Bộ xử lý đầu dưới,Bộ xử lý đầu dưới ERICO Đề xuất: Khi có sự cố thì xuất kho Cty QLBMT thay thế sửa chữa | Hỏng hóc: 0 lần | VTDP: không | Niên hạn: Không,/thiet-bi/TB_EET4EEKX,"'0':31B 'bo':3A,8B 'chua':28B 'co':17B,19B 'cty':23B 'dau':6A,11B 'de':14B 'duoi':7A,12B 'eet4eekx':2A 'erico':13B 'han':36B 'hoc':30B 'hong':29B 'khi':16B 'kho':22B 'khong':34B,37B 'lan':32B 'ly':5A,10B 'nien':35B 'qlbmt':24B 'su':18B 'sua':27B 'tb':1A 'thay':25B 'the':26B 'thi':20B 'vtdp':33B 'xu':4A,9B 'xuat':15B,21B",2026-07-17 01:20:13.233503+00
thiet_bi,3a8202e9-4e5c-4be9-914b-c17a87b9d4f4,TB_JS2RQVFR,Bộ xử lý đầu trên,Bộ xử lý đầu trên ERICO Đề xuất: Khi có sự cố thì xuất kho Cty QLBMT thay thế sửa chữa | Hỏng hóc: 0 lần | VTDP: không | Niên hạn: Không,/thiet-bi/TB_JS2RQVFR,"'0':31B 'bo':3A,8B 'chua':28B 'co':17B,19B 'cty':23B 'dau':6A,11B 'de':14B 'erico':13B 'han':36B 'hoc':30B 'hong':29B 'js2rqvfr':2A 'khi':16B 'kho':22B 'khong':34B,37B 'lan':32B 'ly':5A,10B 'nien':35B 'qlbmt':24B 'su':18B 'sua':27B 'tb':1A 'thay':25B 'the':26B 'thi':20B 'tren':7A,12B 'vtdp':33B 'xu':4A,9B 'xuat':15B,21B",2026-07-17 01:20:13.233503+00
thiet_bi,12396f7d-1547-4c7f-b8a4-330f5f680538,TB_YAKBEE9J,Bộ xử lý đầu trên,Bộ xử lý đầu trên ERICO Đề xuất: Khi có sự cố thì xuất kho Cty QLBMT thay thế sửa chữa | Hỏng hóc: 0 lần | VTDP: không | Niên hạn: Không,/thiet-bi/TB_YAKBEE9J,"'0':31B 'bo':3A,8B 'chua':28B 'co':17B,19B 'cty':23B 'dau':6A,11B 'de':14B 'erico':13B 'han':36B 'hoc':30B 'hong':29B 'khi':16B 'kho':22B 'khong':34B,37B 'lan':32B 'ly':5A,10B 'nien':35B 'qlbmt':24B 'su':18B 'sua':27B 'tb':1A 'thay':25B 'the':26B 'thi':20B 'tren':7A,12B 'vtdp':33B 'xu':4A,9B 'xuat':15B,21B 'yakbee9j':2A",2026-07-17 01:20:13.233503+00
thiet_bi,c58460fb-41a5-49eb-a6e6-457b653d4b9b,TB_BZ8Z16Y2,Bộ xử lý đầu trên,Bộ xử lý đầu trên ERICO Đề xuất: Khi có sự cố thì xuất kho Cty QLBMT thay thế sửa chữa | Hỏng hóc: 0 lần | VTDP: không | Niên hạn: Không,/thiet-bi/TB_BZ8Z16Y2,"'0':31B 'bo':3A,8B 'bz8z16y2':2A 'chua':28B 'co':17B,19B 'cty':23B 'dau':6A,11B 'de':14B 'erico':13B 'han':36B 'hoc':30B 'hong':29B 'khi':16B 'kho':22B 'khong':34B,37B 'lan':32B 'ly':5A,10B 'nien':35B 'qlbmt':24B 'su':18B 'sua':27B 'tb':1A 'thay':25B 'the':26B 'thi':20B 'tren':7A,12B 'vtdp':33B 'xu':4A,9B 'xuat':15B,21B",2026-07-17 01:20:13.233503+00
thiet_bi,0014b460-6a19-40bb-ac02-1706d6052a2f,TB_KVEFWJN2,Nguồn AC/DC,"Nguồn AC/DC MeanWell QUANG-15 Ra soat 2026-07-11, file nguon: PCA_IMS",/thiet-bi/TB_KVEFWJN2,"'-07':13B '-11':14B '-15':9B '2026':12B 'ac/dc':4A,6B 'file':15B 'ims':18B 'kvefwjn2':2A 'meanwell':7B 'nguon':3A,5B,16B 'pca':17B 'quang':8B 'ra':10B 'soat':11B 'tb':1A",2026-07-17 08:23:35.14695+00
thiet_bi,00825d9c-16a9-4e90-84f6-296ba490a5a0,TB_C9TYSPFG,Bộ xử lý đầu trên,Bộ xử lý đầu trên ERICO Đề xuất: Khi có sự cố thì xuất kho Cty QLBMT thay thế sửa chữa | Hỏng hóc: 0 lần | VTDP: không | Niên hạn: Không,/thiet-bi/TB_C9TYSPFG,"'0':31B 'bo':3A,8B 'c9tyspfg':2A 'chua':28B 'co':17B,19B 'cty':23B 'dau':6A,11B 'de':14B 'erico':13B 'han':36B 'hoc':30B 'hong':29B 'khi':16B 'kho':22B 'khong':34B,37B 'lan':32B 'ly':5A,10B 'nien':35B 'qlbmt':24B 'su':18B 'sua':27B 'tb':1A 'thay':25B 'the':26B 'thi':20B 'tren':7A,12B 'vtdp':33B 'xu':4A,9B 'xuat':15B,21B",2026-07-17 01:20:13.233503+00
thiet_bi,d8740f85-4ba2-4ad8-94b1-9ea50bf675bd,TB_W3QHNHD0,Bộ xử lý đầu trên,Bộ xử lý đầu trên ERICO Đề xuất: Khi có sự cố thì xuất kho Cty QLBMT thay thế sửa chữa | Hỏng hóc: 0 lần | VTDP: không | Niên hạn: Không,/thiet-bi/TB_W3QHNHD0,"'0':31B 'bo':3A,8B 'chua':28B 'co':17B,19B 'cty':23B 'dau':6A,11B 'de':14B 'erico':13B 'han':36B 'hoc':30B 'hong':29B 'khi':16B 'kho':22B 'khong':34B,37B 'lan':32B 'ly':5A,10B 'nien':35B 'qlbmt':24B 'su':18B 'sua':27B 'tb':1A 'thay':25B 'the':26B 'thi':20B 'tren':7A,12B 'vtdp':33B 'w3qhnhd0':2A 'xu':4A,9B 'xuat':15B,21B",2026-07-17 01:20:13.233503+00
thiet_bi,c3c9eb7a-d3c1-4516-856f-655a01935b84,TB_H12KAPD8,Trạm RWAY 02 R,Trạm RWAY 02 R Niên hạn: Không,/thiet-bi/TB_H12KAPD8,"'02':5A,9B 'h12kapd8':2A 'han':12B 'khong':13B 'nien':11B 'r':6A,10B 'rway':4A,8B 'tb':1A 'tram':3A,7B",2026-07-17 01:20:13.233503+00
thiet_bi,233e3225-4c96-4b7f-a7e9-988014f4afbb,TB_NBCC69ZY,"Chống sét bao gồm kim thu sét gắn trên cột 10m, / cáp thoát sét, bộ xử lý đầu cáp (đầu trên, đầu dưới), ống sợi thủy tinh là phụ kiện đồng bộ cùng nhà sản xuất với cáp thoát sét","Chống sét bao gồm kim thu sét gắn trên cột 10m, / cáp thoát sét, bộ xử lý đầu cáp (đầu trên, đầu dưới), ống sợi thủy tinh là phụ kiện đồng bộ cùng nhà sản xuất với cáp thoát sét Đề xuất: Khi có sự cố thì xuất kho Cty QLBMT thay thế sửa chữa | Hỏng hóc: 0 lần | VTDP: không | Niên hạn: Không",/thiet-bi/TB_NBCC69ZY,"'0':100B '10m':13A,53B 'bao':5A,45B 'bo':17A,34A,57B,74B 'cap':14A,21A,40A,54B,61B,80B 'chong':3A,43B 'chua':97B 'co':86B,88B 'cot':12A,52B 'cty':92B 'cung':35A,75B 'dau':20A,22A,24A,60B,62B,64B 'de':83B 'dong':33A,73B 'duoi':25A,65B 'gan':10A,50B 'gom':6A,46B 'han':105B 'hoc':99B 'hong':98B 'khi':85B 'kho':91B 'khong':103B,106B 'kien':32A,72B 'kim':7A,47B 'la':30A,70B 'lan':101B 'ly':19A,59B 'nbcc69zy':2A 'nha':36A,76B 'nien':104B 'ong':26A,66B 'phu':31A,71B 'qlbmt':93B 'san':37A,77B 'set':4A,9A,16A,42A,44B,49B,56B,82B 'soi':27A,67B 'su':87B 'sua':96B 'tb':1A 'thay':94B 'the':95B 'thi':89B 'thoat':15A,41A,55B,81B 'thu':8A,48B 'thuy':28A,68B 'tinh':29A,69B 'tren':11A,23A,51B,63B 'voi':39A,79B 'vtdp':102B 'xu':18A,58B 'xuat':38A,78B,84B,90B",2026-07-17 01:20:13.233503+00
thiet_bi,9fdf2c97-df96-46ca-94f9-8d7e609fd009,TB_YA9XZJ0Q,"Chống sét bao gồm kim thu sét gắn trên cột 10m, / cáp thoát sét, bộ xử lý đầu cáp (đầu trên, đầu dưới), ống sợi thủy tinh là phụ kiện đồng bộ cùng nhà sản xuất với cáp thoát sét","Chống sét bao gồm kim thu sét gắn trên cột 10m, / cáp thoát sét, bộ xử lý đầu cáp (đầu trên, đầu dưới), ống sợi thủy tinh là phụ kiện đồng bộ cùng nhà sản xuất với cáp thoát sét Đề xuất: Khi có sự cố thì xuất kho Cty QLBMT thay thế sửa chữa | Hỏng hóc: 0 lần | VTDP: không | Niên hạn: Không",/thiet-bi/TB_YA9XZJ0Q,"'0':100B '10m':13A,53B 'bao':5A,45B 'bo':17A,34A,57B,74B 'cap':14A,21A,40A,54B,61B,80B 'chong':3A,43B 'chua':97B 'co':86B,88B 'cot':12A,52B 'cty':92B 'cung':35A,75B 'dau':20A,22A,24A,60B,62B,64B 'de':83B 'dong':33A,73B 'duoi':25A,65B 'gan':10A,50B 'gom':6A,46B 'han':105B 'hoc':99B 'hong':98B 'khi':85B 'kho':91B 'khong':103B,106B 'kien':32A,72B 'kim':7A,47B 'la':30A,70B 'lan':101B 'ly':19A,59B 'nha':36A,76B 'nien':104B 'ong':26A,66B 'phu':31A,71B 'qlbmt':93B 'san':37A,77B 'set':4A,9A,16A,42A,44B,49B,56B,82B 'soi':27A,67B 'su':87B 'sua':96B 'tb':1A 'thay':94B 'the':95B 'thi':89B 'thoat':15A,41A,55B,81B 'thu':8A,48B 'thuy':28A,68B 'tinh':29A,69B 'tren':11A,23A,51B,63B 'voi':39A,79B 'vtdp':102B 'xu':18A,58B 'xuat':38A,78B,84B,90B 'ya9xzj0q':2A",2026-07-17 01:20:13.233503+00
thiet_bi,c7ebca39-ad77-4a22-a399-9ae3d02ab335,TB_JS0X21R3,"Chống sét bao gồm kim thu sét gắn trên cột 10m, / cáp thoát sét, bộ xử lý đầu cáp (đầu trên, đầu dưới), ống sợi thủy tinh là phụ kiện đồng bộ cùng nhà sản xuất với cáp thoát sét","Chống sét bao gồm kim thu sét gắn trên cột 10m, / cáp thoát sét, bộ xử lý đầu cáp (đầu trên, đầu dưới), ống sợi thủy tinh là phụ kiện đồng bộ cùng nhà sản xuất với cáp thoát sét Đề xuất: Khi có sự cố thì xuất kho Cty QLBMT thay thế sửa chữa | Hỏng hóc: 0 lần | VTDP: không | Niên hạn: Không",/thiet-bi/TB_JS0X21R3,"'0':100B '10m':13A,53B 'bao':5A,45B 'bo':17A,34A,57B,74B 'cap':14A,21A,40A,54B,61B,80B 'chong':3A,43B 'chua':97B 'co':86B,88B 'cot':12A,52B 'cty':92B 'cung':35A,75B 'dau':20A,22A,24A,60B,62B,64B 'de':83B 'dong':33A,73B 'duoi':25A,65B 'gan':10A,50B 'gom':6A,46B 'han':105B 'hoc':99B 'hong':98B 'js0x21r3':2A 'khi':85B 'kho':91B 'khong':103B,106B 'kien':32A,72B 'kim':7A,47B 'la':30A,70B 'lan':101B 'ly':19A,59B 'nha':36A,76B 'nien':104B 'ong':26A,66B 'phu':31A,71B 'qlbmt':93B 'san':37A,77B 'set':4A,9A,16A,42A,44B,49B,56B,82B 'soi':27A,67B 'su':87B 'sua':96B 'tb':1A 'thay':94B 'the':95B 'thi':89B 'thoat':15A,41A,55B,81B 'thu':8A,48B 'thuy':28A,68B 'tinh':29A,69B 'tren':11A,23A,51B,63B 'voi':39A,79B 'vtdp':102B 'xu':18A,58B 'xuat':38A,78B,84B,90B",2026-07-17 01:20:13.233503+00
thiet_bi,bdedf39d-c8c2-4947-ac6f-480042a926be,TB_NJW3C7DW,"Chống sét bao gồm kim thu sét gắn trên cột 10m, / cáp thoát sét, bộ xử lý đầu cáp (đầu trên, đầu dưới), ống sợi thủy tinh là phụ kiện đồng bộ cùng nhà sản xuất với cáp thoát sét","Chống sét bao gồm kim thu sét gắn trên cột 10m, / cáp thoát sét, bộ xử lý đầu cáp (đầu trên, đầu dưới), ống sợi thủy tinh là phụ kiện đồng bộ cùng nhà sản xuất với cáp thoát sét Đề xuất: Khi có sự cố thì xuất kho Cty QLBMT thay thế sửa chữa | Hỏng hóc: 0 lần | VTDP: không | Niên hạn: Không",/thiet-bi/TB_NJW3C7DW,"'0':100B '10m':13A,53B 'bao':5A,45B 'bo':17A,34A,57B,74B 'cap':14A,21A,40A,54B,61B,80B 'chong':3A,43B 'chua':97B 'co':86B,88B 'cot':12A,52B 'cty':92B 'cung':35A,75B 'dau':20A,22A,24A,60B,62B,64B 'de':83B 'dong':33A,73B 'duoi':25A,65B 'gan':10A,50B 'gom':6A,46B 'han':105B 'hoc':99B 'hong':98B 'khi':85B 'kho':91B 'khong':103B,106B 'kien':32A,72B 'kim':7A,47B 'la':30A,70B 'lan':101B 'ly':19A,59B 'nha':36A,76B 'nien':104B 'njw3c7dw':2A 'ong':26A,66B 'phu':31A,71B 'qlbmt':93B 'san':37A,77B 'set':4A,9A,16A,42A,44B,49B,56B,82B 'soi':27A,67B 'su':87B 'sua':96B 'tb':1A 'thay':94B 'the':95B 'thi':89B 'thoat':15A,41A,55B,81B 'thu':8A,48B 'thuy':28A,68B 'tinh':29A,69B 'tren':11A,23A,51B,63B 'voi':39A,79B 'vtdp':102B 'xu':18A,58B 'xuat':38A,78B,84B,90B",2026-07-17 01:20:13.233503+00
thiet_bi,99dd0d88-9d09-4ad4-a22b-43b81db519cb,TB_TQ44N4PG,Trạm RWAY 20 L,Trạm RWAY 20 L Niên hạn: Không,/thiet-bi/TB_TQ44N4PG,"'20':5A,9B 'han':12B 'khong':13B 'l':6A,10B 'nien':11B 'rway':4A,8B 'tb':1A 'tq44n4pg':2A 'tram':3A,7B",2026-07-17 01:20:13.233503+00
trang,kho,,Kho,Vật tư giao dịch tồn kho,/kho,"'dich':5B 'giao':4B 'kho':1A,7B 'nhap':9B 'ton':6B 'tu':3A 'vat':2A 'xuat':8B",2026-07-14 20:55:06.470528+00
thiet_bi,dd3c140d-3fb8-43f4-8509-8248b310c28b,TB_ASBD5AAM,"Chống sét bao gồm kim thu sét gắn trên cột 10m, / cáp thoát sét, bộ xử lý đầu cáp (đầu trên, đầu dưới), ống sợi thủy tinh là phụ kiện đồng bộ cùng nhà sản xuất với cáp thoát sét","Chống sét bao gồm kim thu sét gắn trên cột 10m, / cáp thoát sét, bộ xử lý đầu cáp (đầu trên, đầu dưới), ống sợi thủy tinh là phụ kiện đồng bộ cùng nhà sản xuất với cáp thoát sét Đề xuất: Khi có sự cố thì xuất kho Cty QLBMT thay thế sửa chữa | Hỏng hóc: 0 lần | VTDP: không | Niên hạn: Không",/thiet-bi/TB_ASBD5AAM,"'0':100B '10m':13A,53B 'asbd5aam':2A 'bao':5A,45B 'bo':17A,34A,57B,74B 'cap':14A,21A,40A,54B,61B,80B 'chong':3A,43B 'chua':97B 'co':86B,88B 'cot':12A,52B 'cty':92B 'cung':35A,75B 'dau':20A,22A,24A,60B,62B,64B 'de':83B 'dong':33A,73B 'duoi':25A,65B 'gan':10A,50B 'gom':6A,46B 'han':105B 'hoc':99B 'hong':98B 'khi':85B 'kho':91B 'khong':103B,106B 'kien':32A,72B 'kim':7A,47B 'la':30A,70B 'lan':101B 'ly':19A,59B 'nha':36A,76B 'nien':104B 'ong':26A,66B 'phu':31A,71B 'qlbmt':93B 'san':37A,77B 'set':4A,9A,16A,42A,44B,49B,56B,82B 'soi':27A,67B 'su':87B 'sua':96B 'tb':1A 'thay':94B 'the':95B 'thi':89B 'thoat':15A,41A,55B,81B 'thu':8A,48B 'thuy':28A,68B 'tinh':29A,69B 'tren':11A,23A,51B,63B 'voi':39A,79B 'vtdp':102B 'xu':18A,58B 'xuat':38A,78B,84B,90B",2026-07-17 01:20:13.233503+00
thiet_bi,5efa1ff5-84e4-4b72-bbb2-3811f5e79822,TB_QDQTRHTM,Bộ Charger -UHF,"Nguồn AC/DC MeanWell Trạm 14 Ra soat 2026-07-11, file nguon: CLA_IMS",/thiet-bi/TB_QDQTRHTM,"'-07':14B '-11':15B '14':10B '2026':13B 'ac/dc':7B 'bo':3A 'charger':4A 'cla':18B 'file':16B 'ims':19B 'meanwell':8B 'nguon':6B,17B 'qdqtrhtm':2A 'ra':11B 'soat':12B 'tb':1A 'tram':9B 'uhf':5A",2026-07-16 03:53:31.441458+00
thiet_bi,b8b69cd8-74c3-4811-a4f5-bd5f72bc3627,TB_GR7KSQEX,Bộ Charger,"Bộ chuyển đổi AC/DC MeanWell Trạm trần mây 14 Ra soat 2026-07-11, file nguon: CLA_IMS",/thiet-bi/TB_GR7KSQEX,"'-07':17B '-11':18B '14':13B '2026':16B 'ac/dc':8B 'bo':3A,5B 'charger':4A 'chuyen':6B 'cla':21B 'doi':7B 'file':19B 'gr7ksqex':2A 'ims':22B 'may':12B 'meanwell':9B 'nguon':20B 'ra':14B 'soat':15B 'tb':1A 'tram':10B 'tran':11B",2026-07-16 03:53:31.441458+00
thiet_bi,d10fd3ab-9118-4e57-bf67-0475dca245e4,TB_FK9VC68W,Bộ Charger,"Bộ chuyển đổi AC/DC MeanWell Trạm trần mây 32 Ra soat 2026-07-11, file nguon: CLA_IMS",/thiet-bi/TB_FK9VC68W,"'-07':17B '-11':18B '2026':16B '32':13B 'ac/dc':8B 'bo':3A,5B 'charger':4A 'chuyen':6B 'cla':21B 'doi':7B 'file':19B 'fk9vc68w':2A 'ims':22B 'may':12B 'meanwell':9B 'nguon':20B 'ra':14B 'soat':15B 'tb':1A 'tram':10B 'tran':11B",2026-07-16 03:53:31.441458+00
thiet_bi,d458207e-afb0-49bc-bb5a-7d18d6a61eb1,TB_N8E8EF13,Bộ Charger,"Nguồn AC/DC MeanWell Trạm trần mây 14 Ra soat 2026-07-11, file nguon: CLA_IMS",/thiet-bi/TB_N8E8EF13,"'-07':15B '-11':16B '14':11B '2026':14B 'ac/dc':6B 'bo':3A 'charger':4A 'cla':19B 'file':17B 'ims':20B 'may':10B 'meanwell':7B 'n8e8ef13':2A 'nguon':5B,18B 'ra':12B 'soat':13B 'tb':1A 'tram':8B 'tran':9B",2026-07-16 03:53:31.441458+00
thiet_bi,e8576ff4-ead2-4f67-9ce3-3481452eb848,TB_834RD8NP,Bộ Charger,"Nguồn AC/DC MeanWell Trạm trần mây 32 Ra soat 2026-07-11, file nguon: CLA_IMS",/thiet-bi/TB_834RD8NP,"'-07':15B '-11':16B '2026':14B '32':11B '834rd8np':2A 'ac/dc':6B 'bo':3A 'charger':4A 'cla':19B 'file':17B 'ims':20B 'may':10B 'meanwell':7B 'nguon':5B,18B 'ra':12B 'soat':13B 'tb':1A 'tram':8B 'tran':9B",2026-07-16 03:53:31.441458+00
thiet_bi,4e1a1763-cbcb-4c19-9a08-b084a168b4dc,TB_4QT2HB9H,Thiết bị chuyển đổi Serial/Ethernet,"Converter Nport IA5250 Moxa Trạm trần mây 14 Ra soat 2026-07-11, file nguon: CLA_IMS",/thiet-bi/TB_4QT2HB9H,'-07':19B '-11':20B '14':15B '2026':18B '4qt2hb9h':2A 'bi':4A 'chuyen':5A 'cla':23B 'converter':8B 'doi':6A 'file':21B 'ia5250':10B 'ims':24B 'may':14B 'moxa':11B 'nguon':22B 'nport':9B 'ra':16B 'serial/ethernet':7A 'soat':17B 'tb':1A 'thiet':3A 'tram':12B 'tran':13B,2026-07-16 03:53:31.441458+00
thiet_bi,368f9ce6-efb2-4d1b-86fe-300a83bd28c4,TB_2B3QKMX7,Cáp,Cáp ERICO Đề xuất: Khi có sự cố thì xuất kho Cty QLBMT thay thế sửa chữa | Hỏng hóc: 0 lần | VTDP: không | Niên hạn: Không,/thiet-bi/TB_2B3QKMX7,"'0':23B '2b3qkmx7':2A 'cap':3A,4B 'chua':20B 'co':9B,11B 'cty':15B 'de':6B 'erico':5B 'han':28B 'hoc':22B 'hong':21B 'khi':8B 'kho':14B 'khong':26B,29B 'lan':24B 'nien':27B 'qlbmt':16B 'su':10B 'sua':19B 'tb':1A 'thay':17B 'the':18B 'thi':12B 'vtdp':25B 'xuat':7B,13B",2026-07-17 01:20:13.233503+00
thiet_bi,d79c0046-f0ca-49db-afc5-b4aba1ab5336,TB_0WE00Q5A,Cáp,Cáp ERICO Đề xuất: Khi có sự cố thì xuất kho Cty QLBMT thay thế sửa chữa | Hỏng hóc: 0 lần | VTDP: không | Niên hạn: Không,/thiet-bi/TB_0WE00Q5A,"'0':23B '0we00q5a':2A 'cap':3A,4B 'chua':20B 'co':9B,11B 'cty':15B 'de':6B 'erico':5B 'han':28B 'hoc':22B 'hong':21B 'khi':8B 'kho':14B 'khong':26B,29B 'lan':24B 'nien':27B 'qlbmt':16B 'su':10B 'sua':19B 'tb':1A 'thay':17B 'the':18B 'thi':12B 'vtdp':25B 'xuat':7B,13B",2026-07-17 01:20:13.233503+00
thiet_bi,6ed34617-e854-4bf5-8a42-0fe0450fd1cd,TB_CTNQQD77,Cáp,Cáp ERICO Đề xuất: Khi có sự cố thì xuất kho Cty QLBMT thay thế sửa chữa | Hỏng hóc: 0 lần | VTDP: không | Niên hạn: Không,/thiet-bi/TB_CTNQQD77,"'0':23B 'cap':3A,4B 'chua':20B 'co':9B,11B 'ctnqqd77':2A 'cty':15B 'de':6B 'erico':5B 'han':28B 'hoc':22B 'hong':21B 'khi':8B 'kho':14B 'khong':26B,29B 'lan':24B 'nien':27B 'qlbmt':16B 'su':10B 'sua':19B 'tb':1A 'thay':17B 'the':18B 'thi':12B 'vtdp':25B 'xuat':7B,13B",2026-07-17 01:20:13.233503+00
thiet_bi,b4aff0f7-4376-45de-936a-3dc5cee4668d,TB_22SK86NW,Cáp,Cáp ERICO Đề xuất: Khi có sự cố thì xuất kho Cty QLBMT thay thế sửa chữa | Hỏng hóc: 0 lần | VTDP: không | Niên hạn: Không,/thiet-bi/TB_22SK86NW,"'0':23B '22sk86nw':2A 'cap':3A,4B 'chua':20B 'co':9B,11B 'cty':15B 'de':6B 'erico':5B 'han':28B 'hoc':22B 'hong':21B 'khi':8B 'kho':14B 'khong':26B,29B 'lan':24B 'nien':27B 'qlbmt':16B 'su':10B 'sua':19B 'tb':1A 'thay':17B 'the':18B 'thi':12B 'vtdp':25B 'xuat':7B,13B",2026-07-17 01:20:13.233503+00
thiet_bi,12435ede-d09b-4eba-800a-111b4a8c7667,TB_JRPHHZ7M,Cáp,Cáp ERICO Đề xuất: Khi có sự cố thì xuất kho Cty QLBMT thay thế sửa chữa | Hỏng hóc: 0 lần | VTDP: không | Niên hạn: Không,/thiet-bi/TB_JRPHHZ7M,"'0':23B 'cap':3A,4B 'chua':20B 'co':9B,11B 'cty':15B 'de':6B 'erico':5B 'han':28B 'hoc':22B 'hong':21B 'jrphhz7m':2A 'khi':8B 'kho':14B 'khong':26B,29B 'lan':24B 'nien':27B 'qlbmt':16B 'su':10B 'sua':19B 'tb':1A 'thay':17B 'the':18B 'thi':12B 'vtdp':25B 'xuat':7B,13B",2026-07-17 01:20:13.233503+00
thiet_bi,1673b141-aa93-495a-81a2-eac6fa0adb5d,TB_YZN1S5S4,Cảm biến đo hướng và đo tốc độ gió,"Cảm biến đo hướng và đo tốc độ gió Gill Trạm 35 Ra soat 2026-07-11, file nguon: BDKT_OPTIMET",/thiet-bi/TB_YZN1S5S4,"'-07':27B '-11':28B '2026':26B '35':23B 'bdkt':31B 'bien':4A,13B 'cam':3A,12B 'do':5A,8A,10A,14B,17B,19B 'file':29B 'gill':21B 'gio':11A,20B 'huong':6A,15B 'nguon':30B 'optimet':32B 'ra':24B 'soat':25B 'tb':1A 'toc':9A,18B 'tram':22B 'va':7A,16B 'yzn1s5s4':2A",2026-07-16 03:53:31.441458+00
thiet_bi,5b6721df-abcc-4d23-8198-798ad1f4dada,TB_A0WF0AXR,Cảm biến ánh sáng nền,Cảm biến ánh sáng nền Đề xuất: Khi có sự cố thì xuất kho Cty QLBMT thay thế sửa chữa | Hỏng hóc: 0 lần | VTDP: không | Niên hạn: Không,/thiet-bi/TB_A0WF0AXR,"'0':30B 'a0wf0axr':2A 'anh':5A,10B 'bien':4A,9B 'cam':3A,8B 'chua':27B 'co':16B,18B 'cty':22B 'de':13B 'han':35B 'hoc':29B 'hong':28B 'khi':15B 'kho':21B 'khong':33B,36B 'lan':31B 'nen':7A,12B 'nien':34B 'qlbmt':23B 'sang':6A,11B 'su':17B 'sua':26B 'tb':1A 'thay':24B 'the':25B 'thi':19B 'vtdp':32B 'xuat':14B,20B",2026-07-17 01:20:13.233503+00
thiet_bi,9f82a256-4963-4e7b-9ef0-7228ed11d6dd,TB_0BHMQ91D,Cảm biến ánh sáng nền,Cảm biến ánh sáng nền Đề xuất: Khi có sự cố thì xuất kho Cty QLBMT thay thế sửa chữa | Hỏng hóc: 0 lần | VTDP: không | Niên hạn: Không,/thiet-bi/TB_0BHMQ91D,"'0':30B '0bhmq91d':2A 'anh':5A,10B 'bien':4A,9B 'cam':3A,8B 'chua':27B 'co':16B,18B 'cty':22B 'de':13B 'han':35B 'hoc':29B 'hong':28B 'khi':15B 'kho':21B 'khong':33B,36B 'lan':31B 'nen':7A,12B 'nien':34B 'qlbmt':23B 'sang':6A,11B 'su':17B 'sua':26B 'tb':1A 'thay':24B 'the':25B 'thi':19B 'vtdp':32B 'xuat':14B,20B",2026-07-17 01:20:13.233503+00
thiet_bi,dcb74b35-9614-4e26-92e9-f0cb32b0616d,TB_WTCHQ6J6,"Cảm biến đo hướng và tốc độ gió (kèm theo cáp tín hiệu, cáp nguồn, phụ kiện chống chim đậu, phụ kiện lắp đặt)","Cảm biến đo hướng và tốc độ gió (kèm theo cáp tín hiệu, cáp nguồn, phụ kiện chống chim đậu, phụ kiện lắp đặt) Đề xuất: Khi có sự cố thì xuất kho Cty QLBMT thay thế sửa chữa | Hỏng hóc: 0 lần | VTDP: Có | Niên hạn: Không",/thiet-bi/TB_WTCHQ6J6,"'0':68B 'bien':4A,28B 'cam':3A,27B 'cap':13A,16A,37B,40B 'chim':21A,45B 'chong':20A,44B 'chua':65B 'co':54B,56B,71B 'cty':60B 'dat':26A,50B 'dau':22A,46B 'de':51B 'do':5A,9A,29B,33B 'gio':10A,34B 'han':73B 'hieu':15A,39B 'hoc':67B 'hong':66B 'huong':6A,30B 'kem':11A,35B 'khi':53B 'kho':59B 'khong':74B 'kien':19A,24A,43B,48B 'lan':69B 'lap':25A,49B 'nguon':17A,41B 'nien':72B 'phu':18A,23A,42B,47B 'qlbmt':61B 'su':55B 'sua':64B 'tb':1A 'thay':62B 'the':63B 'theo':12A,36B 'thi':57B 'tin':14A,38B 'toc':8A,32B 'va':7A,31B 'vtdp':70B 'wtchq6j6':2A 'xuat':52B,58B",2026-07-17 01:20:13.233503+00
thiet_bi,78c51269-4388-4c0d-a27b-6d4f06cf623a,TB_ER2KAX08,"Cảm biến đo hướng và tốc độ gió (kèm theo cáp tín hiệu, cáp nguồn, phụ kiện chống chim đậu, phụ kiện lắp đặt)","Cảm biến đo hướng và tốc độ gió (kèm theo cáp tín hiệu, cáp nguồn, phụ kiện chống chim đậu, phụ kiện lắp đặt) Đề xuất: Khi có sự cố thì xuất kho Cty QLBMT thay thế sửa chữa | Hỏng hóc: 0 lần | VTDP: Có | Niên hạn: Không",/thiet-bi/TB_ER2KAX08,"'0':68B 'bien':4A,28B 'cam':3A,27B 'cap':13A,16A,37B,40B 'chim':21A,45B 'chong':20A,44B 'chua':65B 'co':54B,56B,71B 'cty':60B 'dat':26A,50B 'dau':22A,46B 'de':51B 'do':5A,9A,29B,33B 'er2kax08':2A 'gio':10A,34B 'han':73B 'hieu':15A,39B 'hoc':67B 'hong':66B 'huong':6A,30B 'kem':11A,35B 'khi':53B 'kho':59B 'khong':74B 'kien':19A,24A,43B,48B 'lan':69B 'lap':25A,49B 'nguon':17A,41B 'nien':72B 'phu':18A,23A,42B,47B 'qlbmt':61B 'su':55B 'sua':64B 'tb':1A 'thay':62B 'the':63B 'theo':12A,36B 'thi':57B 'tin':14A,38B 'toc':8A,32B 'va':7A,31B 'vtdp':70B 'xuat':52B,58B",2026-07-17 01:20:13.233503+00
thiet_bi,f91fcbdd-d7a5-44f0-b159-82fa121eb6f4,TB_RQHBPJRR,"Cảm biến đo hướng và tốc độ gió (kèm theo cáp tín hiệu, cáp nguồn, phụ kiện chống chim đậu, phụ kiện lắp đặt)","Cảm biến đo hướng và tốc độ gió (kèm theo cáp tín hiệu, cáp nguồn, phụ kiện chống chim đậu, phụ kiện lắp đặt) Đề xuất: Khi có sự cố thì xuất kho Cty QLBMT thay thế sửa chữa | Hỏng hóc: 0 lần | VTDP: Có | Niên hạn: Không",/thiet-bi/TB_RQHBPJRR,"'0':68B 'bien':4A,28B 'cam':3A,27B 'cap':13A,16A,37B,40B 'chim':21A,45B 'chong':20A,44B 'chua':65B 'co':54B,56B,71B 'cty':60B 'dat':26A,50B 'dau':22A,46B 'de':51B 'do':5A,9A,29B,33B 'gio':10A,34B 'han':73B 'hieu':15A,39B 'hoc':67B 'hong':66B 'huong':6A,30B 'kem':11A,35B 'khi':53B 'kho':59B 'khong':74B 'kien':19A,24A,43B,48B 'lan':69B 'lap':25A,49B 'nguon':17A,41B 'nien':72B 'phu':18A,23A,42B,47B 'qlbmt':61B 'rqhbpjrr':2A 'su':55B 'sua':64B 'tb':1A 'thay':62B 'the':63B 'theo':12A,36B 'thi':57B 'tin':14A,38B 'toc':8A,32B 'va':7A,31B 'vtdp':70B 'xuat':52B,58B",2026-07-17 01:20:13.233503+00
thiet_bi,d222f235-9176-48ea-8a39-ae9655d7d28a,TB_KFP7M93S,Cảm biến đo hướng và đo tốc độ gió,"Cảm biến đo hướng và tốc độ gió Thies Clima AWS-33 Ra soat 2026-07-11, file nguon: PCA_IMS",/thiet-bi/TB_KFP7M93S,"'-07':27B '-11':28B '-33':23B '2026':26B 'aws':22B 'bien':4A,13B 'cam':3A,12B 'clima':21B 'do':5A,8A,10A,14B,18B 'file':29B 'gio':11A,19B 'huong':6A,15B 'ims':32B 'kfp7m93s':2A 'nguon':30B 'pca':31B 'ra':24B 'soat':25B 'tb':1A 'thies':20B 'toc':9A,17B 'va':7A,16B",2026-07-17 01:20:13.233503+00
thiet_bi,edc67d24-3614-4882-905d-8f5109fd310a,TB_JYYKXZ4Z,Cảm biến đo nhiệt độ và độ ẩm,Cảm biến đo nhiệt độ  độ ẩm khí áp Thies 1.1006.54.080 Thies Clima Đề xuất: Khi có sự cố thì xuất kho Cty QLBMT thay thế sửa chữa | Hỏng hóc: 0 lần | VTDP: Có | Niên hạn: Không,/thiet-bi/TB_JYYKXZ4Z,"'0':41B '1.1006.54.080':21B 'am':10A,17B 'ap':19B 'bien':4A,12B 'cam':3A,11B 'chua':38B 'clima':23B 'co':27B,29B,44B 'cty':33B 'de':24B 'do':5A,7A,9A,13B,15B,16B 'han':46B 'hoc':40B 'hong':39B 'jyykxz4z':2A 'khi':18B,26B 'kho':32B 'khong':47B 'lan':42B 'nhiet':6A,14B 'nien':45B 'qlbmt':34B 'su':28B 'sua':37B 'tb':1A 'thay':35B 'the':36B 'thi':30B 'thies':20B,22B 'va':8A 'vtdp':43B 'xuat':25B,31B",2026-07-17 01:20:13.233503+00
thiet_bi,39d8a166-fb18-4e79-a385-708945c50c45,TB_M7QCCRYC,Thiết bị giao tiếp đường truyền Nport IA5250A-T,TBBKE1044744 Converter Nport IA5250 MOXA Nguồn: dùng để chuyển đổi và ghép nối tín hiệu từ máy đo tầm nhìn vào thiết bị đường truyền quang hiện có | Đề xuất: Đề nghị mua thêm VTDP để sử dụng chung cho các hệ thống AWOS | Hỏng hóc: không | Tình trạng: Hoạt động bình thường | VTDP: Còn 1 bộ dự phòng trong kho Công ty | Niên hạn: Không,/thiet-bi/TB_M7QCCRYC,"'1':68B 'awos':56B 'bi':4A,35B 'binh':64B 'bo':69B 'cac':53B 'cho':52B 'chung':51B 'chuyen':21B 'co':40B 'con':67B 'cong':74B 'converter':14B 'de':20B,41B,43B,48B 'do':30B 'doi':22B 'dong':63B 'du':70B 'dung':19B,50B 'duong':7A,36B 'ghep':24B 'giao':5A 'han':77B 'he':54B 'hien':39B 'hieu':27B 'hoat':62B 'hoc':58B 'hong':57B 'ia5250':16B 'ia5250a':11A 'ia5250a-t':10A 'kho':73B 'khong':59B,78B 'm7qccryc':2A 'may':29B 'moxa':17B 'mua':45B 'nghi':44B 'nguon':18B 'nhin':32B 'nien':76B 'noi':25B 'nport':9A,15B 'phong':71B 'quang':38B 'su':49B 't':12A 'tam':31B 'tb':1A 'tbbke1044744':13B 'them':46B 'thiet':3A,34B 'thong':55B 'thuong':65B 'tiep':6A 'tin':26B 'tinh':60B 'trang':61B 'trong':72B 'truyen':8A,37B 'tu':28B 'ty':75B 'va':23B 'vao':33B 'vtdp':47B,66B 'xuat':42B",2026-07-17 01:20:13.233503+00
trang,so-ly-lich,,Sổ lý lịch,Lịch sử thiết bị hệ thống,/so-ly-lich,"'bi':7B 'he':8B 'lich':3A,4B 'ly':2A 'so':1A 'su':5B 'thiet':6B 'thong':9B",2026-07-14 20:55:06.470528+00
thiet_bi,dd002cfd-fe9a-41a1-bb1b-a2829b09712e,TB_GSENQR80,Hệ thống xử lý dữ liệu trung tâm bao gồm:,Hệ thống xử lý dữ liệu trung tâm bao gồm: Đề xuất: Khi có sự cố thì xuất kho Cty QLBMT thay thế sửa chữa | Hỏng hóc: 0 lần | VTDP: không | Niên hạn: Không,/thiet-bi/TB_GSENQR80,"'0':40B 'bao':11A,21B 'chua':37B 'co':26B,28B 'cty':32B 'de':23B 'du':7A,17B 'gom':12A,22B 'gsenqr80':2A 'han':45B 'he':3A,13B 'hoc':39B 'hong':38B 'khi':25B 'kho':31B 'khong':43B,46B 'lan':41B 'lieu':8A,18B 'ly':6A,16B 'nien':44B 'qlbmt':33B 'su':27B 'sua':36B 'tam':10A,20B 'tb':1A 'thay':34B 'the':35B 'thi':29B 'thong':4A,14B 'trung':9A,19B 'vtdp':42B 'xu':5A,15B 'xuat':24B,30B",2026-07-17 01:20:13.233503+00
thiet_bi,217ca5bc-e0db-4bbb-8a82-31c62f5e6f57,TB_8KXYV4RB,Kim thu sét,Kim thu sét ERICO Đề xuất: Khi có sự cố thì xuất kho Cty QLBMT thay thế sửa chữa | Hỏng hóc: 0 lần | VTDP: không | Niên hạn: Không,/thiet-bi/TB_8KXYV4RB,"'0':27B '8kxyv4rb':2A 'chua':24B 'co':13B,15B 'cty':19B 'de':10B 'erico':9B 'han':32B 'hoc':26B 'hong':25B 'khi':12B 'kho':18B 'khong':30B,33B 'kim':3A,6B 'lan':28B 'nien':31B 'qlbmt':20B 'set':5A,8B 'su':14B 'sua':23B 'tb':1A 'thay':21B 'the':22B 'thi':16B 'thu':4A,7B 'vtdp':29B 'xuat':11B,17B",2026-07-17 01:20:13.233503+00
thiet_bi,c9f96888-8943-4ec4-b01a-f4c25c9e176c,TB_S2P4BYG8,Kim thu sét,Kim thu sét ERICO Đề xuất: Khi có sự cố thì xuất kho Cty QLBMT thay thế sửa chữa | Hỏng hóc: 0 lần | VTDP: không | Niên hạn: Không,/thiet-bi/TB_S2P4BYG8,"'0':27B 'chua':24B 'co':13B,15B 'cty':19B 'de':10B 'erico':9B 'han':32B 'hoc':26B 'hong':25B 'khi':12B 'kho':18B 'khong':30B,33B 'kim':3A,6B 'lan':28B 'nien':31B 'qlbmt':20B 's2p4byg8':2A 'set':5A,8B 'su':14B 'sua':23B 'tb':1A 'thay':21B 'the':22B 'thi':16B 'thu':4A,7B 'vtdp':29B 'xuat':11B,17B",2026-07-17 01:20:13.233503+00
thiet_bi,b9f29696-355d-40ae-a851-62fbdb5b87d7,TB_P0723N03,Kim thu sét,Kim thu sét ERICO Đề xuất: Khi có sự cố thì xuất kho Cty QLBMT thay thế sửa chữa | Hỏng hóc: 0 lần | VTDP: không | Niên hạn: Không,/thiet-bi/TB_P0723N03,"'0':27B 'chua':24B 'co':13B,15B 'cty':19B 'de':10B 'erico':9B 'han':32B 'hoc':26B 'hong':25B 'khi':12B 'kho':18B 'khong':30B,33B 'kim':3A,6B 'lan':28B 'nien':31B 'p0723n03':2A 'qlbmt':20B 'set':5A,8B 'su':14B 'sua':23B 'tb':1A 'thay':21B 'the':22B 'thi':16B 'thu':4A,7B 'vtdp':29B 'xuat':11B,17B",2026-07-17 01:20:13.233503+00
thiet_bi,36a96e7b-69e1-44a3-aca8-985900bce000,TB_PWYAN8KH,Kim thu sét,Kim thu sét ERICO Đề xuất: Khi có sự cố thì xuất kho Cty QLBMT thay thế sửa chữa | Hỏng hóc: 0 lần | VTDP: không | Niên hạn: Không,/thiet-bi/TB_PWYAN8KH,"'0':27B 'chua':24B 'co':13B,15B 'cty':19B 'de':10B 'erico':9B 'han':32B 'hoc':26B 'hong':25B 'khi':12B 'kho':18B 'khong':30B,33B 'kim':3A,6B 'lan':28B 'nien':31B 'pwyan8kh':2A 'qlbmt':20B 'set':5A,8B 'su':14B 'sua':23B 'tb':1A 'thay':21B 'the':22B 'thi':16B 'thu':4A,7B 'vtdp':29B 'xuat':11B,17B",2026-07-17 01:20:13.233503+00
thiet_bi,56223199-0a30-48b3-b947-bc2078e68524,TB_N89EW9R6,Kim thu sét,Kim thu sét ERICO Đề xuất: Khi có sự cố thì xuất kho Cty QLBMT thay thế sửa chữa | Hỏng hóc: 0 lần | VTDP: không | Niên hạn: Không,/thiet-bi/TB_N89EW9R6,"'0':27B 'chua':24B 'co':13B,15B 'cty':19B 'de':10B 'erico':9B 'han':32B 'hoc':26B 'hong':25B 'khi':12B 'kho':18B 'khong':30B,33B 'kim':3A,6B 'lan':28B 'n89ew9r6':2A 'nien':31B 'qlbmt':20B 'set':5A,8B 'su':14B 'sua':23B 'tb':1A 'thay':21B 'the':22B 'thi':16B 'thu':4A,7B 'vtdp':29B 'xuat':11B,17B",2026-07-17 01:20:13.233503+00
thiet_bi,5b0513ea-8557-4e22-93aa-f071db7d103e,TB_20W0PQQ7,Thiết bị serial to Ethernet,"Converter Nport IA5250 Moxa VIS-15 Ra soat 2026-07-11, file nguon: PCA_IMS",/thiet-bi/TB_20W0PQQ7,'-07':17B '-11':18B '-15':13B '2026':16B '20w0pqq7':2A 'bi':4A 'converter':8B 'ethernet':7A 'file':19B 'ia5250':10B 'ims':22B 'moxa':11B 'nguon':20B 'nport':9B 'pca':21B 'ra':14B 'serial':5A 'soat':15B 'tb':1A 'thiet':3A 'to':6A 'vis':12B,2026-07-17 01:20:13.233503+00
thiet_bi,f4ad8afe-fd2a-4dcd-aa44-957a61ce8d88,TB_J19NQPZS,Thiết bị trong nhà,Thiết bị trong nhà Niên hạn: Không,/thiet-bi/TB_J19NQPZS,"'bi':4A,8B 'han':12B 'j19nqpzs':2A 'khong':13B 'nha':6A,10B 'nien':11B 'tb':1A 'thiet':3A,7B 'trong':5A,9B",2026-07-17 01:20:13.233503+00
thiet_bi,8b440bcf-3fbe-476d-8b74-e8d93e4c0297,TB_NB7C5YGP,Trạm Ceilo 02R,Trạm Ceilo 02R Niên hạn: Không,/thiet-bi/TB_NB7C5YGP,"'02r':5A,8B 'ceilo':4A,7B 'han':10B 'khong':11B 'nb7c5ygp':2A 'nien':9B 'tb':1A 'tram':3A,6B",2026-07-17 01:20:13.233503+00
thiet_bi,d1e8bea1-b8df-4b5d-89be-21b4194a97ed,TB_NFVX7144,Cảm biến đo khí áp Thies 1.1006.54.080,Cảm biến đo nhiệt độ Thies 1.1006.54.080 Thies Clima 2023 Hỏng hóc: 0 lần | Tình trạng: Khai thác bình thường | VTDP: Không có VTDP | Niên hạn: Không,/thiet-bi/TB_NFVX7144,"'0':22B '1.1006.54.080':9A,16B '2023':19B 'ap':7A 'bien':4A,11B 'binh':28B 'cam':3A,10B 'clima':18B 'co':32B 'do':5A,12B,14B 'han':35B 'hoc':21B 'hong':20B 'khai':26B 'khi':6A 'khong':31B,36B 'lan':23B 'nfvx7144':2A 'nhiet':13B 'nien':34B 'tb':1A 'thac':27B 'thies':8A,15B,17B 'thuong':29B 'tinh':24B 'trang':25B 'vtdp':30B,33B",2026-07-16 03:53:31.441458+00
thiet_bi,d50e07d0-9237-43eb-a801-cec7c49cb210,TB_9KRR7898,Trạm Ceilo 20L,Trạm Ceilo 20L VTDP: không,/thiet-bi/TB_9KRR7898,"'20l':5A,8B '9krr7898':2A 'ceilo':4A,7B 'khong':10B 'tb':1A 'tram':3A,6B 'vtdp':9B",2026-07-17 01:20:13.233503+00
thiet_bi,5b1bc59a-de72-4528-9cec-d4fa6bb7293f,TB_QA_TEST_4,QA TEST,"",/thiet-bi/TB_QA_TEST_4,"'4':4A 'qa':2A,5A 'tb':1A 'test':3A,6A",2026-07-17 23:53:18.200413+00
thiet_bi,048063f2-acc0-40fe-abf9-d24001f47b2e,TB_EK1WX2N0,RA-7203,19740 RA-7203 Jotron TWR PBA,/thiet-bi/TB_EK1WX2N0,"'-7203':4A,7B '19740':5B 'ek1wx2n0':2A 'jotron':8B 'pba':10B 'ra':3A,6B 'tb':1A 'twr':9B",2026-07-20 08:15:30.469269+00
thiet_bi,9b657838-8c2c-4e52-8ef7-ba8f11221351,TB_NCYHSAN5,SU4200 Main Tx (VHF 121.5 MHz),105876 SU4200 Rohde & Schwarz Phòng thiết bị PBA,/thiet-bi/TB_NCYHSAN5,"'105876':9B '121.5':7A 'bi':15B 'main':4A 'mhz':8A 'ncyhsan5':2A 'pba':16B 'phong':13B 'rohde':11B 'schwarz':12B 'su4200':3A,10B 'tb':1A 'thiet':14B 'tx':5A 'vhf':6A",2026-07-20 08:15:48.673654+00
dm_he_thong,8db32401-e3ee-4af0-a9a1-b27630c1b785,,TEST quyền xoá 1784903549503,"",/he-thong/8db32401-e3ee-4af0-a9a1-b27630c1b785,'1784903549503':4A 'quyen':2A 'test':1A 'xoa':3A,2026-07-24 14:32:30.838117+00
thiet_bi,e2bd0caf-4e61-4ba5-9e98-6c1b8911ba5a,TB_J6RDCCA3,"Thiết bị kết nối bộ thu thập xử lý dữ liệu trung tâm với các trạm, các đầu cuối qua đường truyền quang (chuyển đổi serial-Ethernet, Ethernet-Optical, serial- Optical, Switch)",Chuyển đổi Serial/Ethernet Moxa Đề xuất: Khi có sự cố thì xuất kho Cty QLBMT thay thế sửa chữa | Hỏng hóc: 0 lần | VTDP: không | Niên hạn: Không,/thiet-bi/TB_J6RDCCA3,"'0':58B 'bi':4A 'bo':7A 'cac':17A,19A 'chua':55B 'chuyen':26A,37B 'co':44B,46B 'cty':50B 'cuoi':21A 'dau':20A 'de':41B 'doi':27A,38B 'du':12A 'duong':23A 'ethernet':30A,32A 'ethernet-optical':31A 'han':63B 'hoc':57B 'hong':56B 'j6rdcca3':2A 'ket':5A 'khi':43B 'kho':49B 'khong':61B,64B 'lan':59B 'lieu':13A 'ly':11A 'moxa':40B 'nien':62B 'noi':6A 'optical':33A,35A 'qlbmt':51B 'qua':22A 'quang':25A 'serial':29A,34A 'serial-ethernet':28A 'serial/ethernet':39B 'su':45B 'sua':54B 'switch':36A 'tam':15A 'tb':1A 'thap':9A 'thay':52B 'the':53B 'thi':47B 'thiet':3A 'thu':8A 'tram':18A 'trung':14A 'truyen':24A 'voi':16A 'vtdp':60B 'xu':10A 'xuat':42B,48B",2026-07-17 01:20:13.233503+00
thiet_bi,61143a66-5e02-4582-857f-4ece4a354136,TB_QRT563CX,Bộ Charger,"Bộ Charger MeanWell Trạm 21 Ra soat 2026-07-11, file nguon: THA_DAW21",/thiet-bi/TB_QRT563CX,"'-07':13B '-11':14B '2026':12B '21':9B 'bo':3A,5B 'charger':4A,6B 'daw21':18B 'file':15B 'meanwell':7B 'nguon':16B 'qrt563cx':2A 'ra':10B 'soat':11B 'tb':1A 'tha':17B 'tram':8B",2026-07-17 01:20:13.233503+00
thiet_bi,133b7612-5334-4006-9ebd-d49ce1f79841,TB_868MPFJ1,Thiết bị cắt lọc sét 1 pha,"Thiết bị cắt lọc sét 1 pha nVent ERICO Trạm MID Ra soat 2026-07-11, file nguon: PLK_IMS",/thiet-bi/TB_868MPFJ1,"'-07':24B '-11':25B '1':8A,15B '2026':23B '868mpfj1':2A 'bi':4A,11B 'cat':5A,12B 'erico':18B 'file':26B 'ims':29B 'loc':6A,13B 'mid':20B 'nguon':27B 'nvent':17B 'pha':9A,16B 'plk':28B 'ra':21B 'set':7A,14B 'soat':22B 'tb':1A 'thiet':3A,10B 'tram':19B",2026-07-17 01:20:13.233503+00
thiet_bi,b07938bc-c1bd-4dc0-97e2-be4f13f970ab,TB_PTTZ6XRY,"Trụ lắp cảm biến đo gió an toàn - dễ gãy, cao 10m, / có khớp bản lề giữa thân và chân đế cột, đã được sơn theo tiêu chuẩn ICAO","Trụ lắp cảm biến đo gió an toàn - dễ gãy, cao 10m, / có khớp bản lề giữa thân và chân đế cột, đã được sơn theo tiêu chuẩn ICAO Attech Đề xuất: Khi có sự cố thì xuất kho Cty QLBMT thay thế sửa chữa | Hỏng hóc: 0 lần | VTDP: không | Niên hạn: Không",/thiet-bi/TB_PTTZ6XRY,"'0':79B '10m':14A,43B 'an':9A,38B 'attech':61B 'ban':17A,46B 'bien':6A,35B 'cam':5A,34B 'cao':13A,42B 'chan':22A,51B 'chua':76B 'chuan':30A,59B 'co':15A,44B,65B,67B 'cot':24A,53B 'cty':71B 'da':25A,54B 'de':11A,23A,40B,52B,62B 'do':7A,36B 'duoc':26A,55B 'gay':12A,41B 'gio':8A,37B 'giua':19A,48B 'han':84B 'hoc':78B 'hong':77B 'icao':31A,60B 'khi':64B 'kho':70B 'khong':82B,85B 'khop':16A,45B 'lan':80B 'lap':4A,33B 'le':18A,47B 'nien':83B 'pttz6xry':2A 'qlbmt':72B 'son':27A,56B 'su':66B 'sua':75B 'tb':1A 'than':20A,49B 'thay':73B 'the':74B 'theo':28A,57B 'thi':68B 'tieu':29A,58B 'toan':10A,39B 'tru':3A,32B 'va':21A,50B 'vtdp':81B 'xuat':63B,69B",2026-07-17 01:20:13.233503+00
thiet_bi,289fa853-bcb8-4ea1-9b2c-00d4a41ca8c7,TB_S1V1XDBJ,"Trụ lắp cảm biến đo gió an toàn - dễ gãy, cao 10m, / có khớp bản lề giữa thân và chân đế cột, đã được sơn theo tiêu chuẩn ICAO","Trụ lắp cảm biến đo gió an toàn - dễ gãy, cao 10m, / có khớp bản lề giữa thân và chân đế cột, đã được sơn theo tiêu chuẩn ICAO Attech Đề xuất: Khi có sự cố thì xuất kho Cty QLBMT thay thế sửa chữa | Hỏng hóc: 0 lần | VTDP: không | Niên hạn: Không",/thiet-bi/TB_S1V1XDBJ,"'0':79B '10m':14A,43B 'an':9A,38B 'attech':61B 'ban':17A,46B 'bien':6A,35B 'cam':5A,34B 'cao':13A,42B 'chan':22A,51B 'chua':76B 'chuan':30A,59B 'co':15A,44B,65B,67B 'cot':24A,53B 'cty':71B 'da':25A,54B 'de':11A,23A,40B,52B,62B 'do':7A,36B 'duoc':26A,55B 'gay':12A,41B 'gio':8A,37B 'giua':19A,48B 'han':84B 'hoc':78B 'hong':77B 'icao':31A,60B 'khi':64B 'kho':70B 'khong':82B,85B 'khop':16A,45B 'lan':80B 'lap':4A,33B 'le':18A,47B 'nien':83B 'qlbmt':72B 's1v1xdbj':2A 'son':27A,56B 'su':66B 'sua':75B 'tb':1A 'than':20A,49B 'thay':73B 'the':74B 'theo':28A,57B 'thi':68B 'tieu':29A,58B 'toan':10A,39B 'tru':3A,32B 'va':21A,50B 'vtdp':81B 'xuat':63B,69B",2026-07-17 01:20:13.233503+00
thiet_bi,370f0acb-7d77-4af9-8e95-1a57f50b922d,TB_4QTPLAJH,TEST QA 1784332423,"",/thiet-bi/TB_4QTPLAJH,'1784332423':5A '4qtplajh':2A 'qa':4A 'tb':1A 'test':3A,2026-07-17 23:53:44.090497+00
thiet_bi,22af8a75-cb5e-4a84-acc9-e191ba0e0efb,TB_4F14ATXR,Cảm biến đo ánh sáng nền,"Cảm biến ánh sáng nền LM21 Vaisala Trạm 35 Ra soat 2026-07-11, file nguon: BDKT_OPTIMET",/thiet-bi/TB_4F14ATXR,"'-07':21B '-11':22B '2026':20B '35':17B '4f14atxr':2A 'anh':6A,11B 'bdkt':25B 'bien':4A,10B 'cam':3A,9B 'do':5A 'file':23B 'lm21':14B 'nen':8A,13B 'nguon':24B 'optimet':26B 'ra':18B 'sang':7A,12B 'soat':19B 'tb':1A 'tram':16B 'vaisala':15B",2026-07-16 03:53:31.441458+00
thiet_bi,4233ee4b-0e15-4cee-9e3f-300948eac83d,TB_Y34NGPS2,EU4200C Main Rx (VHF 121.5 MHz),105820 EU4200C Rohde & Schwarz Phòng thiết bị PBA,/thiet-bi/TB_Y34NGPS2,"'105820':9B '121.5':7A 'bi':15B 'eu4200c':3A,10B 'main':4A 'mhz':8A 'pba':16B 'phong':13B 'rohde':11B 'rx':5A 'schwarz':12B 'tb':1A 'thiet':14B 'vhf':6A 'y34ngps2':2A",2026-07-20 08:15:55.077063+00
trang,quan-tri,,Quản trị,Người dùng phân quyền,/quan-tri,'dung':4B 'nguoi':3B 'phan':5B 'quan':1A 'quyen':6B 'tri':2A 'tro':8B 'vai':7B,2026-07-14 20:55:06.470528+00
thiet_bi,0e07516a-0867-4750-b798-a671625b2f9a,TB_2G7QB1C5,SU4200 Standby Tx (VHF 121.5 MHz),105874 SU4200 Rohde & Schwarz Phòng thiết bị PBA,/thiet-bi/TB_2G7QB1C5,"'105874':9B '121.5':7A '2g7qb1c5':2A 'bi':15B 'mhz':8A 'pba':16B 'phong':13B 'rohde':11B 'schwarz':12B 'standby':4A 'su4200':3A,10B 'tb':1A 'thiet':14B 'tx':5A 'vhf':6A",2026-07-20 08:16:02.41333+00
thiet_bi,c3d62ec8-6361-4aa5-b4c4-0b13ea8c5dd4,TB_9ND5XFG7,IC-A200 (VHF ƯPKL),105527 IC-A200 Icom Phú Bài,/thiet-bi/TB_9ND5XFG7,"'105527':8B '9nd5xfg7':2A 'a200':5A,11B 'bai':14B 'ic':4A,10B 'ic-a200':3A,9B 'icom':12B 'phu':13B 'tb':1A 'upkl':7A 'vhf':6A",2026-07-20 08:16:22.09647+00
thiet_bi,28d44ac7-1c32-4da5-9157-39a9b894acbf,TB_KBH5PVS8,"Trụ lắp cảm biến đo gió an toàn - dễ gãy, cao 10m, / có khớp bản lề giữa thân và chân đế cột, đã được sơn theo tiêu chuẩn ICAO","Trụ lắp cảm biến đo gió an toàn - dễ gãy, cao 10m, / có khớp bản lề giữa thân và chân đế cột, đã được sơn theo tiêu chuẩn ICAO Attech Đề xuất: Khi có sự cố thì xuất kho Cty QLBMT thay thế sửa chữa | Hỏng hóc: 0 lần | VTDP: không | Niên hạn: Không",/thiet-bi/TB_KBH5PVS8,"'0':79B '10m':14A,43B 'an':9A,38B 'attech':61B 'ban':17A,46B 'bien':6A,35B 'cam':5A,34B 'cao':13A,42B 'chan':22A,51B 'chua':76B 'chuan':30A,59B 'co':15A,44B,65B,67B 'cot':24A,53B 'cty':71B 'da':25A,54B 'de':11A,23A,40B,52B,62B 'do':7A,36B 'duoc':26A,55B 'gay':12A,41B 'gio':8A,37B 'giua':19A,48B 'han':84B 'hoc':78B 'hong':77B 'icao':31A,60B 'kbh5pvs8':2A 'khi':64B 'kho':70B 'khong':82B,85B 'khop':16A,45B 'lan':80B 'lap':4A,33B 'le':18A,47B 'nien':83B 'qlbmt':72B 'son':27A,56B 'su':66B 'sua':75B 'tb':1A 'than':20A,49B 'thay':73B 'the':74B 'theo':28A,57B 'thi':68B 'tieu':29A,58B 'toan':10A,39B 'tru':3A,32B 'va':21A,50B 'vtdp':81B 'xuat':63B,69B",2026-07-17 01:20:13.233503+00
thiet_bi,fc178946-9a87-4432-b019-25d12b1d8e81,TB_EMRBY05W,"Trụ lắp kim thu sét an toàn - dễ gãy, cao 3m, và chân đế cột, đã được sơn theo tiêu chuẩn ICAO","Trụ lắp kim thu sét an toàn - dễ gãy, cao 3m, và chân đế cột, đã được sơn theo tiêu chuẩn ICAO Attech Đề xuất: Khi có sự cố thì xuất kho Cty QLBMT thay thế sửa chữa | Hỏng hóc: 0 lần | VTDP: không | Niên hạn: Không",/thiet-bi/TB_EMRBY05W,"'0':65B '3m':13A,35B 'an':8A,30B 'attech':47B 'cao':12A,34B 'chan':15A,37B 'chua':62B 'chuan':23A,45B 'co':51B,53B 'cot':17A,39B 'cty':57B 'da':18A,40B 'de':10A,16A,32B,38B,48B 'duoc':19A,41B 'emrby05w':2A 'gay':11A,33B 'han':70B 'hoc':64B 'hong':63B 'icao':24A,46B 'khi':50B 'kho':56B 'khong':68B,71B 'kim':5A,27B 'lan':66B 'lap':4A,26B 'nien':69B 'qlbmt':58B 'set':7A,29B 'son':20A,42B 'su':52B 'sua':61B 'tb':1A 'thay':59B 'the':60B 'theo':21A,43B 'thi':54B 'thu':6A,28B 'tieu':22A,44B 'toan':9A,31B 'tru':3A,25B 'va':14A,36B 'vtdp':67B 'xuat':49B,55B",2026-07-17 01:20:13.233503+00
thiet_bi,542340a6-5f9b-46d6-969b-3e703d87d13a,TB_JKZYBSQM,"Trụ lắp kim thu sét an toàn - dễ gãy, cao 3m, và chân đế cột, đã được sơn theo tiêu chuẩn ICAO","Trụ lắp kim thu sét an toàn - dễ gãy, cao 3m, và chân đế cột, đã được sơn theo tiêu chuẩn ICAO Attech Đề xuất: Khi có sự cố thì xuất kho Cty QLBMT thay thế sửa chữa | Hỏng hóc: 0 lần | VTDP: không | Niên hạn: Không",/thiet-bi/TB_JKZYBSQM,"'0':65B '3m':13A,35B 'an':8A,30B 'attech':47B 'cao':12A,34B 'chan':15A,37B 'chua':62B 'chuan':23A,45B 'co':51B,53B 'cot':17A,39B 'cty':57B 'da':18A,40B 'de':10A,16A,32B,38B,48B 'duoc':19A,41B 'gay':11A,33B 'han':70B 'hoc':64B 'hong':63B 'icao':24A,46B 'jkzybsqm':2A 'khi':50B 'kho':56B 'khong':68B,71B 'kim':5A,27B 'lan':66B 'lap':4A,26B 'nien':69B 'qlbmt':58B 'set':7A,29B 'son':20A,42B 'su':52B 'sua':61B 'tb':1A 'thay':59B 'the':60B 'theo':21A,43B 'thi':54B 'thu':6A,28B 'tieu':22A,44B 'toan':9A,31B 'tru':3A,25B 'va':14A,36B 'vtdp':67B 'xuat':49B,55B",2026-07-17 01:20:13.233503+00
thiet_bi,954bec25-b440-43ae-84ac-6c3dd519d6a5,TB_JVCMT4WW,Ống sợi thủy tinh,Ống sợi thủy tinh ERICO Đề xuất: Khi có sự cố thì xuất kho Cty QLBMT thay thế sửa chữa | Hỏng hóc: 0 lần | VTDP: không | Niên hạn: Không,/thiet-bi/TB_JVCMT4WW,"'0':29B 'chua':26B 'co':15B,17B 'cty':21B 'de':12B 'erico':11B 'han':34B 'hoc':28B 'hong':27B 'jvcmt4ww':2A 'khi':14B 'kho':20B 'khong':32B,35B 'lan':30B 'nien':33B 'ong':3A,7B 'qlbmt':22B 'soi':4A,8B 'su':16B 'sua':25B 'tb':1A 'thay':23B 'the':24B 'thi':18B 'thuy':5A,9B 'tinh':6A,10B 'vtdp':31B 'xuat':13B,19B",2026-07-17 01:20:13.233503+00
thiet_bi,eb1106e8-6187-4fbf-8db6-d474a7bf9de0,TB_AD6AJNW8,Server,"Server All Weather Phòng thiết bị Ra soat 2026-07-11, file nguon: PBA_AWOS900",/thiet-bi/TB_AD6AJNW8,"'-07':13B '-11':14B '2026':12B 'ad6ajnw8':2A 'all':5B 'awos900':18B 'bi':9B 'file':15B 'nguon':16B 'pba':17B 'phong':7B 'ra':10B 'server':3A,4B 'soat':11B 'tb':1A 'thiet':8B 'weather':6B",2026-07-16 03:53:31.441458+00
thiet_bi,f5c11346-f4d5-4e51-80bf-d9fb62da35dc,TB_QEY2R2K1,Server,"Server All Weather Phòng thiết bị Ra soat 2026-07-11, file nguon: PBA_AWOS900",/thiet-bi/TB_QEY2R2K1,"'-07':13B '-11':14B '2026':12B 'all':5B 'awos900':18B 'bi':9B 'file':15B 'nguon':16B 'pba':17B 'phong':7B 'qey2r2k1':2A 'ra':10B 'server':3A,4B 'soat':11B 'tb':1A 'thiet':8B 'weather':6B",2026-07-16 03:53:31.441458+00
thiet_bi,ee6665a2-57ae-40c6-8bfc-935f13d8f45a,TB_J203PWTG,Ống sợi thủy tinh,Ống sợi thủy tinh ERICO Đề xuất: Khi có sự cố thì xuất kho Cty QLBMT thay thế sửa chữa | Hỏng hóc: 0 lần | VTDP: không | Niên hạn: Không,/thiet-bi/TB_J203PWTG,"'0':29B 'chua':26B 'co':15B,17B 'cty':21B 'de':12B 'erico':11B 'han':34B 'hoc':28B 'hong':27B 'j203pwtg':2A 'khi':14B 'kho':20B 'khong':32B,35B 'lan':30B 'nien':33B 'ong':3A,7B 'qlbmt':22B 'soi':4A,8B 'su':16B 'sua':25B 'tb':1A 'thay':23B 'the':24B 'thi':18B 'thuy':5A,9B 'tinh':6A,10B 'vtdp':31B 'xuat':13B,19B",2026-07-17 01:20:13.233503+00
thiet_bi,eb215a68-91d9-4565-a7ea-230763bfd6fe,TB_HCVJK5GW,Ống sợi thủy tinh,Ống sợi thủy tinh ERICO Đề xuất: Khi có sự cố thì xuất kho Cty QLBMT thay thế sửa chữa | Hỏng hóc: 0 lần | VTDP: không | Niên hạn: Không,/thiet-bi/TB_HCVJK5GW,"'0':29B 'chua':26B 'co':15B,17B 'cty':21B 'de':12B 'erico':11B 'han':34B 'hcvjk5gw':2A 'hoc':28B 'hong':27B 'khi':14B 'kho':20B 'khong':32B,35B 'lan':30B 'nien':33B 'ong':3A,7B 'qlbmt':22B 'soi':4A,8B 'su':16B 'sua':25B 'tb':1A 'thay':23B 'the':24B 'thi':18B 'thuy':5A,9B 'tinh':6A,10B 'vtdp':31B 'xuat':13B,19B",2026-07-17 01:20:13.233503+00
thiet_bi,8cf59460-f4d2-4785-8172-dc631d045d24,TB_19K14ZQ6,Ống sợi thủy tinh,Ống sợi thủy tinh ERICO Đề xuất: Khi có sự cố thì xuất kho Cty QLBMT thay thế sửa chữa | Hỏng hóc: 0 lần | VTDP: không | Niên hạn: Không,/thiet-bi/TB_19K14ZQ6,"'0':29B '19k14zq6':2A 'chua':26B 'co':15B,17B 'cty':21B 'de':12B 'erico':11B 'han':34B 'hoc':28B 'hong':27B 'khi':14B 'kho':20B 'khong':32B,35B 'lan':30B 'nien':33B 'ong':3A,7B 'qlbmt':22B 'soi':4A,8B 'su':16B 'sua':25B 'tb':1A 'thay':23B 'the':24B 'thi':18B 'thuy':5A,9B 'tinh':6A,10B 'vtdp':31B 'xuat':13B,19B",2026-07-17 01:20:13.233503+00
thiet_bi,57eaf763-0191-4661-b7be-d194887ecc48,TB_TN9FYMQS,EU4200C Standby Rx (VHF 118.8 MHz),105819 EU4200C Rohde & Schwarz Phòng thiết bị,/thiet-bi/TB_TN9FYMQS,"'105819':9B '118.8':7A 'bi':15B 'eu4200c':3A,10B 'mhz':8A 'phong':13B 'rohde':11B 'rx':5A 'schwarz':12B 'standby':4A 'tb':1A 'thiet':14B 'tn9fymqs':2A 'vhf':6A",2026-07-16 03:53:31.441458+00
trang,dashboard,,Tổng quan,Overview KPI cảnh báo,/,'bao':6B 'canh':5B 'dashboard':7B 'kpi':4B 'overview':3A 'quan':2A 'tong':1A,2026-07-14 20:55:06.470528+00
thiet_bi,e5016758-7ac9-4ea7-93da-16944bd8116e,TB_H42S67FB,Ống sợi thủy tinh,Ống sợi thủy tinh ERICO Đề xuất: Khi có sự cố thì xuất kho Cty QLBMT thay thế sửa chữa | Hỏng hóc: 0 lần | VTDP: không | Niên hạn: Không,/thiet-bi/TB_H42S67FB,"'0':29B 'chua':26B 'co':15B,17B 'cty':21B 'de':12B 'erico':11B 'h42s67fb':2A 'han':34B 'hoc':28B 'hong':27B 'khi':14B 'kho':20B 'khong':32B,35B 'lan':30B 'nien':33B 'ong':3A,7B 'qlbmt':22B 'soi':4A,8B 'su':16B 'sua':25B 'tb':1A 'thay':23B 'the':24B 'thi':18B 'thuy':5A,9B 'tinh':6A,10B 'vtdp':31B 'xuat':13B,19B",2026-07-17 01:20:13.233503+00
thiet_bi,abb953ef-31a2-45a4-90bf-5e0cfcc582b9,TB_5TCXP7HD,TA-7650 ULTIMATE_BACKUP,19713 TA-7650 Jotron TWR PBA,/thiet-bi/TB_5TCXP7HD,"'-7650':4A,9B '19713':7B '5tcxp7hd':2A 'backup':6A 'jotron':10B 'pba':12B 'ta':3A,8B 'tb':1A 'twr':11B 'ultimate':5A",2026-07-16 03:53:31.441458+00
thiet_bi,f0ba82de-001e-49d6-ad2e-25d536231a38,TB_JM3XWYPJ,Thiết bị cắt lọc sét 1 pha,"Thiết bị cắt lọc sét 1 pha nVent ERICO Trạm 09 Ra soat 2026-07-11, file nguon: PLK_IMS",/thiet-bi/TB_JM3XWYPJ,"'-07':24B '-11':25B '09':20B '1':8A,15B '2026':23B 'bi':4A,11B 'cat':5A,12B 'erico':18B 'file':26B 'ims':29B 'jm3xwypj':2A 'loc':6A,13B 'nguon':27B 'nvent':17B 'pha':9A,16B 'plk':28B 'ra':21B 'set':7A,14B 'soat':22B 'tb':1A 'thiet':3A,10B 'tram':19B",2026-07-17 01:20:13.233503+00
thiet_bi,b0b0b459-b401-43b5-aa06-2de7662d77c2,TB_8V139W1N,Cảm biến đo tầm nhìn,"Cảm biến đo tầm nhìn All Weather 27 Ra soat 2026-07-11, file nguon: PBA_AWOS900",/thiet-bi/TB_8V139W1N,"'-07':19B '-11':20B '2026':18B '27':15B '8v139w1n':2A 'all':13B 'awos900':24B 'bien':4A,9B 'cam':3A,8B 'do':5A,10B 'file':21B 'nguon':22B 'nhin':7A,12B 'pba':23B 'ra':16B 'soat':17B 'tam':6A,11B 'tb':1A 'weather':14B",2026-07-17 01:20:13.233503+00
thiet_bi,89505b3c-cf0c-4f83-812c-e366c5c2df49,TB_P8VT837R,Sensor nhiệt ẩm áp,"Cảm biến đo nhiệt độ Thies 1.1006.54.080 Thies Clima Tower Ra soat 2026-07-11, file nguon: PBA_AWOS900",/thiet-bi/TB_P8VT837R,"'-07':20B '-11':21B '1.1006.54.080':13B '2026':19B 'am':5A 'ap':6A 'awos900':25B 'bien':8B 'cam':7B 'clima':15B 'do':9B,11B 'file':22B 'nguon':23B 'nhiet':4A,10B 'p8vt837r':2A 'pba':24B 'ra':17B 'sensor':3A 'soat':18B 'tb':1A 'thies':12B,14B 'tower':16B",2026-07-17 01:20:13.233503+00
thiet_bi,4fd3f24d-6568-4560-a2e6-55e63f8583d5,TB_54QCFZXT,Cảm biến đo tầm nhìn,"J9441-02 Cảm biến tầm nhìn Biral VIS-33 Ra soat 2026-07-11, file nguon: PCA_IMS",/thiet-bi/TB_54QCFZXT,"'-02':9B '-07':20B '-11':21B '-33':16B '2026':19B '54qcfzxt':2A 'bien':4A,11B 'biral':14B 'cam':3A,10B 'do':5A 'file':22B 'ims':25B 'j9441':8B 'nguon':23B 'nhin':7A,13B 'pca':24B 'ra':17B 'soat':18B 'tam':6A,12B 'tb':1A 'vis':15B",2026-07-17 01:20:13.233503+00
thiet_bi,3209ba71-365b-4910-a16f-3afc8615615e,TB_XD767BKR,Cảm biến đo trần mây,"Cảm biến đo trần mây All Weather 09 Ra soat 2026-07-11, file nguon: PBA_AWOS900",/thiet-bi/TB_XD767BKR,"'-07':19B '-11':20B '09':15B '2026':18B 'all':13B 'awos900':24B 'bien':4A,9B 'cam':3A,8B 'do':5A,10B 'file':21B 'may':7A,12B 'nguon':22B 'pba':23B 'ra':16B 'soat':17B 'tb':1A 'tran':6A,11B 'weather':14B 'xd767bkr':2A",2026-07-17 01:20:13.233503+00
thiet_bi,0ed77c1d-2b66-494d-acba-e793d24dbb9d,TB_93EHTDMP,Cảm biến đo trần mây,"Cảm biến đo trần mây All Weather 27 Ra soat 2026-07-11, file nguon: PBA_AWOS900",/thiet-bi/TB_93EHTDMP,"'-07':19B '-11':20B '2026':18B '27':15B '93ehtdmp':2A 'all':13B 'awos900':24B 'bien':4A,9B 'cam':3A,8B 'do':5A,10B 'file':21B 'may':7A,12B 'nguon':22B 'pba':23B 'ra':16B 'soat':17B 'tb':1A 'tran':6A,11B 'weather':14B",2026-07-17 01:20:13.233503+00
thiet_bi,2fa98bdf-ee90-46e9-9120-c79a3c3acedb,TB_DMSVY84R,Thiết bị Serial to Ethernet,"Converter Nport IA5250 Moxa CEILO 35 Ra soat 2026-07-11, file nguon: BDKT_OPTIMET",/thiet-bi/TB_DMSVY84R,'-07':17B '-11':18B '2026':16B '35':13B 'bdkt':21B 'bi':4A 'ceilo':12B 'converter':8B 'dmsvy84r':2A 'ethernet':7A 'file':19B 'ia5250':10B 'moxa':11B 'nguon':20B 'nport':9B 'optimet':22B 'ra':14B 'serial':5A 'soat':15B 'tb':1A 'thiet':3A 'to':6A,2026-07-16 03:53:31.441458+00
thiet_bi,7a65bcec-cd34-4315-b97e-189f5af5db46,TB_82BWNVA8,Chống sét đường tín hiệu,"Chống sét đường tín hiệu AT3W Trạm 09 Ra soat 2026-07-11, file nguon: PLK_IMS",/thiet-bi/TB_82BWNVA8,"'-07':19B '-11':20B '09':15B '2026':18B '82bwnva8':2A 'at3w':13B 'chong':3A,8B 'duong':5A,10B 'file':21B 'hieu':7A,12B 'ims':24B 'nguon':22B 'plk':23B 'ra':16B 'set':4A,9B 'soat':17B 'tb':1A 'tin':6A,11B 'tram':14B",2026-07-17 01:20:13.233503+00
thiet_bi,5bd6517f-f227-4d23-8763-1f0f1883165a,TB_KJ0EQS24,Cảm biến đo độ ẩm Thies 1.1006.54.080,0922009 Cảm biến đo nhiệt độ Thies 1.1006.54.080 Thies Clima Đề xuất: Mua sắm VTDP sử dụng chung cho các sân bay | Hỏng hóc: 0 lần | Tình trạng: Khai thác bình thường | VTDP: Không có VTDP | Niên hạn: Quá niên hạn,/thiet-bi/TB_KJ0EQS24,"'0':34B '0922009':10B '1.1006.54.080':9A,17B 'am':7A 'bay':31B 'bien':4A,12B 'binh':40B 'cac':29B 'cam':3A,11B 'cho':28B 'chung':27B 'clima':19B 'co':44B 'de':20B 'do':5A,6A,13B,15B 'dung':26B 'han':47B,50B 'hoc':33B 'hong':32B 'khai':38B 'khong':43B 'kj0eqs24':2A 'lan':35B 'mua':22B 'nhiet':14B 'nien':46B,49B 'qua':48B 'sam':23B 'san':30B 'su':25B 'tb':1A 'thac':39B 'thies':8A,16B,18B 'thuong':41B 'tinh':36B 'trang':37B 'vtdp':24B,42B,45B 'xuat':21B",2026-07-17 01:20:13.233503+00
thiet_bi,717cb305-8091-483c-8278-12b1c71fd647,TB_JE8DE8BP,Chống sét RF cho modem,Chống sét RF cho modem Citel Hỏng hóc: 0 lần | Tình trạng: Hoạt động bình thường | VTDP: Không | Niên hạn: Không,/thiet-bi/TB_JE8DE8BP,"'0':16B 'binh':22B 'cho':6A,11B 'chong':3A,8B 'citel':13B 'dong':21B 'han':27B 'hoat':20B 'hoc':15B 'hong':14B 'je8de8bp':2A 'khong':25B,28B 'lan':17B 'modem':7A,12B 'nien':26B 'rf':5A,10B 'set':4A,9B 'tb':1A 'thuong':23B 'tinh':18B 'trang':19B 'vtdp':24B",2026-07-17 01:20:13.233503+00
thiet_bi,1a1e5801-2ab8-4b27-a75c-706d0e077204,TB_CW9K51MY,Cảm biến đo khí áp,"Cảm biến đo khí áp All Weather Mid Ra soat 2026-07-11, file nguon: PBA_AWOS900",/thiet-bi/TB_CW9K51MY,"'-07':19B '-11':20B '2026':18B 'all':13B 'ap':7A,12B 'awos900':24B 'bien':4A,9B 'cam':3A,8B 'cw9k51my':2A 'do':5A,10B 'file':21B 'khi':6A,11B 'mid':15B 'nguon':22B 'pba':23B 'ra':16B 'soat':17B 'tb':1A 'weather':14B",2026-07-17 01:20:13.233503+00
thiet_bi,5227bfb3-c079-40a0-b6a6-9b396fbb944b,TB_V8QBX1EQ,Nguồn AC/DC,"Nguồn AC/DC MeanWell TWR Ra soat 2026-07-11, file nguon: PCA_IMS",/thiet-bi/TB_V8QBX1EQ,"'-07':12B '-11':13B '2026':11B 'ac/dc':4A,6B 'file':14B 'ims':17B 'meanwell':7B 'nguon':3A,5B,15B 'pca':16B 'ra':9B 'soat':10B 'tb':1A 'twr':8B 'v8qbx1eq':2A",2026-07-16 03:53:31.441458+00
trang,he-thong,,Hệ thống,Cây hệ thống danh sách,/he-thong,"'bi':9B 'cay':3B 'danh':6B 'he':1A,4B 'sach':7B 'thiet':8B 'thong':2A,5B",2026-07-14 20:55:06.470528+00
thiet_bi,11731ebe-7454-4f50-91c5-32a5b079ae18,TB_K05F258M,Cảm biến đo mưa,"Cảm biến đo mưa All Weather Mid Ra soat 2026-07-11, file nguon: PBA_AWOS900",/thiet-bi/TB_K05F258M,"'-07':17B '-11':18B '2026':16B 'all':11B 'awos900':22B 'bien':4A,8B 'cam':3A,7B 'do':5A,9B 'file':19B 'k05f258m':2A 'mid':13B 'mua':6A,10B 'nguon':20B 'pba':21B 'ra':14B 'soat':15B 'tb':1A 'weather':12B",2026-07-17 01:20:13.233503+00
thiet_bi,ae3b0f57-9ea8-4497-85ca-81b787a1be8f,TB_JG4ZF1SF,Chống sét RF cho modem,Chống sét RF cho modem Citel Hỏng hóc: 0 lần | Tình trạng: Hoạt động bình thường | VTDP: Không | Niên hạn: Không,/thiet-bi/TB_JG4ZF1SF,"'0':16B 'binh':22B 'cho':6A,11B 'chong':3A,8B 'citel':13B 'dong':21B 'han':27B 'hoat':20B 'hoc':15B 'hong':14B 'jg4zf1sf':2A 'khong':25B,28B 'lan':17B 'modem':7A,12B 'nien':26B 'rf':5A,10B 'set':4A,9B 'tb':1A 'thuong':23B 'tinh':18B 'trang':19B 'vtdp':24B",2026-07-17 01:20:13.233503+00
thiet_bi,4c52e526-395f-4257-856e-127dac74ad8b,TB_83XBNJWP,Cảm biến đo ánh sáng nền,"J9442-05 Cảm biến đo ánh sáng nền Biral VIS-33 Ra soat 2026-07-11, file nguon: PCA_IMS",/thiet-bi/TB_83XBNJWP,"'-05':10B '-07':23B '-11':24B '-33':19B '2026':22B '83xbnjwp':2A 'anh':6A,14B 'bien':4A,12B 'biral':17B 'cam':3A,11B 'do':5A,13B 'file':25B 'ims':28B 'j9442':9B 'nen':8A,16B 'nguon':26B 'pca':27B 'ra':20B 'sang':7A,15B 'soat':21B 'tb':1A 'vis':18B",2026-07-17 01:20:13.233503+00
thiet_bi,9cb0d914-4239-41e5-a427-76ee8093366f,TB_XJXKJXJQ,Chống sét đường tín hiệu,"Chống sét đường tín hiệu AT3W Trạm 09 Ra soat 2026-07-11, file nguon: PLK_IMS",/thiet-bi/TB_XJXKJXJQ,"'-07':19B '-11':20B '09':15B '2026':18B 'at3w':13B 'chong':3A,8B 'duong':5A,10B 'file':21B 'hieu':7A,12B 'ims':24B 'nguon':22B 'plk':23B 'ra':16B 'set':4A,9B 'soat':17B 'tb':1A 'tin':6A,11B 'tram':14B 'xjxkjxjq':2A",2026-07-17 01:20:13.233503+00
thiet_bi,a083c4ba-d27e-42c0-90bd-db90aee2ca00,TB_RDZ5ZCXM,Hệ thống quan trắc thông dụng,Hệ thống quan trắc thông dụng,/thiet-bi/TB_RDZ5ZCXM,"'dung':8A,14B 'he':3A,9B 'quan':5A,11B 'rdz5zcxm':2A 'tb':1A 'thong':4A,7A,10B,13B 'trac':6A,12B",2026-07-17 01:20:13.233503+00
thiet_bi,cb3b40cb-fa81-4dc4-b420-183761e0c530,TB_YKCNPNHD,Máy tính giám sát ghi âm ATTECH,4CE7385W8J ATTECH P.Thiết bị Vật tư dự phòng: Không; Hỏng hóc: 0 lần; Tình trạng nguồn: Hoạt động bình thường; Không đủ thông tin model/P/N; giữ trống Model và P/N để tránh bịa.; STT nguồn: 6.4; thời gian sử dụng: 8 năm.,/thiet-bi/TB_YKCNPNHD,"'0':21B '4ce7385w8j':10B '6.4':45B '8':50B 'am':8A 'attech':9A,11B 'bi':13B 'bia':42B 'binh':28B 'de':40B 'dong':27B 'du':16B,31B 'dung':49B 'ghi':7A 'giam':5A 'gian':47B 'giu':35B 'hoat':26B 'hoc':20B 'hong':19B 'khong':18B,30B 'lan':22B 'may':3A 'model':37B 'model/p/n':34B 'nam':51B 'nguon':25B,44B 'p.thiet':12B 'p/n':39B 'phong':17B 'sat':6A 'stt':43B 'su':48B 'tb':1A 'thoi':46B 'thong':32B 'thuong':29B 'tin':33B 'tinh':4A,23B 'trang':24B 'tranh':41B 'trong':36B 'tu':15B 'va':38B 'vat':14B 'ykcnpnhd':2A",2026-07-16 03:53:31.441458+00
thiet_bi,cdf1c57c-4205-4066-b0d5-e6c5b9401106,TB_3RZCNAA6,Media Converter,"Media Converter 3Onedata Tower Ra soat 2026-07-11, file nguon: PBA_AWOS900",/thiet-bi/TB_3RZCNAA6,"'-07':12B '-11':13B '2026':11B '3onedata':7B '3rzcnaa6':2A 'awos900':17B 'converter':4A,6B 'file':14B 'media':3A,5B 'nguon':15B 'pba':16B 'ra':9B 'soat':10B 'tb':1A 'tower':8B",2026-07-17 01:20:13.233503+00
thiet_bi,dc24a88e-1a4b-4126-95f8-ea56ea1539da,TB_QAHYX9WC,PC OPT - GCU,Vostro 3020 PC OPT - GCU DELL Hỏng hóc: 0 lần | Tình trạng: Đưa ra khỏi hệ thống | VTDP: Không | Niên hạn: Nhập kho thiết bị đã qua sử dụng,/thiet-bi/TB_QAHYX9WC,"'0':14B '3020':7B 'bi':30B 'da':31B 'dell':11B 'dua':18B 'dung':34B 'gcu':5A,10B 'han':26B 'he':21B 'hoc':13B 'hong':12B 'kho':28B 'khoi':20B 'khong':24B 'lan':15B 'nhap':27B 'nien':25B 'opt':4A,9B 'pc':3A,8B 'qahyx9wc':2A 'qua':32B 'ra':19B 'su':33B 'tb':1A 'thiet':29B 'thong':22B 'tinh':16B 'trang':17B 'vostro':6B 'vtdp':23B",2026-07-17 01:20:13.233503+00
thiet_bi,e103cb54-a71b-4880-8630-d816bcbc6ca3,TB_3HP0GQ1M,Thiết bị chuyển đổi tín hiệu,"Thiết bị Serial server 3Onedata Phòng MET - Đài KSKL TUY HÒA Ra soat 2026-07-11, file nguon: THA_DAW21",/thiet-bi/TB_3HP0GQ1M,"'-07':23B '-11':24B '2026':22B '3hp0gq1m':2A '3onedata':13B 'bi':4A,10B 'chuyen':5A 'dai':16B 'daw21':28B 'doi':6A 'file':25B 'hieu':8A 'hoa':19B 'kskl':17B 'met':15B 'nguon':26B 'phong':14B 'ra':20B 'serial':11B 'server':12B 'soat':21B 'tb':1A 'tha':27B 'thiet':3A,9B 'tin':7A 'tuy':18B",2026-07-17 01:20:13.233503+00
thiet_bi,23a57a02-22a2-4907-bb67-46a31d4c5e6d,TB_0440Z6KT,Chống sét RF cho modem,Chống sét RF cho modem Citel Hỏng hóc: 0 lần | Tình trạng: Hoạt động bình thường | VTDP: Không | Niên hạn: Không,/thiet-bi/TB_0440Z6KT,"'0':16B '0440z6kt':2A 'binh':22B 'cho':6A,11B 'chong':3A,8B 'citel':13B 'dong':21B 'han':27B 'hoat':20B 'hoc':15B 'hong':14B 'khong':25B,28B 'lan':17B 'modem':7A,12B 'nien':26B 'rf':5A,10B 'set':4A,9B 'tb':1A 'thuong':23B 'tinh':18B 'trang':19B 'vtdp':24B",2026-07-17 01:20:13.233503+00
thiet_bi,651c6b85-28aa-4995-aa77-74096c80b1f2,TB_JN83F458,PC OPT - TWR,PC OPT - TWR Đề xuất: Đề nghị mua HĐH Windows bản quyền sử dụng chung cho các đầu cuối | Hỏng hóc: không | Tình trạng: Hoạt động bình thường | VTDP: Có 2 CPU (HP Z2) dự phòng trong kho dự phòng nhưng phải mua HĐH Windows để cài đặt,/thiet-bi/TB_JN83F458,"'2':36B 'ban':16B 'binh':32B 'cac':22B 'cai':52B 'cho':21B 'chung':20B 'co':35B 'cpu':37B 'cuoi':24B 'dat':53B 'dau':23B 'de':9B,11B,51B 'dong':31B 'du':40B,44B 'dung':19B 'hdh':14B,49B 'hoat':30B 'hoc':26B 'hong':25B 'hp':38B 'jn83f458':2A 'kho':43B 'khong':27B 'mua':13B,48B 'nghi':12B 'nhung':46B 'opt':4A,7B 'pc':3A,6B 'phai':47B 'phong':41B,45B 'quyen':17B 'su':18B 'tb':1A 'thuong':33B 'tinh':28B 'trang':29B 'trong':42B 'twr':5A,8B 'vtdp':34B 'windows':15B,50B 'xuat':10B 'z2':39B",2026-07-17 01:20:13.233503+00
thiet_bi,f69204d4-cc90-417a-8b53-eb9f8a0b7061,TB_Z6R5CFKJ,PC giám sát UHF,Dell Preccision 3460 SFF PC giám sát UHF DELL Đề xuất: Đề nghị mua HĐH Windows bản quyền sử dụng chung cho các đầu cuối | Hỏng hóc: không | Tình trạng: Hoạt động bình thường | VTDP: Có 2 CPU (HP Z2) dự phòng trong kho dự phòng nhưng phải mua HĐH Windows để cài đặt,/thiet-bi/TB_Z6R5CFKJ,"'2':43B '3460':9B 'ban':23B 'binh':39B 'cac':29B 'cai':59B 'cho':28B 'chung':27B 'co':42B 'cpu':44B 'cuoi':31B 'dat':60B 'dau':30B 'de':16B,18B,58B 'dell':7B,15B 'dong':38B 'du':47B,51B 'dung':26B 'giam':4A,12B 'hdh':21B,56B 'hoat':37B 'hoc':33B 'hong':32B 'hp':45B 'kho':50B 'khong':34B 'mua':20B,55B 'nghi':19B 'nhung':53B 'pc':3A,11B 'phai':54B 'phong':48B,52B 'preccision':8B 'quyen':24B 'sat':5A,13B 'sff':10B 'su':25B 'tb':1A 'thuong':40B 'tinh':35B 'trang':36B 'trong':49B 'uhf':6A,14B 'vtdp':41B 'windows':22B,57B 'xuat':17B 'z2':46B 'z6r5cfkj':2A",2026-07-17 01:20:13.233503+00
thiet_bi,f87618cf-3ca6-45da-8967-694b1ae27408,TB_63XNHA8Y,Phòng thiết bị (Hệ thống AWOS Optimet),Phòng thiết bị (Hệ thống AWOS Optimet) VTDP: Không,/thiet-bi/TB_63XNHA8Y,"'63xnha8y':2A 'awos':8A,15B 'bi':5A,12B 'he':6A,13B 'khong':18B 'optimet':9A,16B 'phong':3A,10B 'tb':1A 'thiet':4A,11B 'thong':7A,14B 'vtdp':17B",2026-07-17 01:20:13.233503+00
thiet_bi,3c9b3b1a-030c-4f1a-a050-50c439f493cc,TB_B769HKDT,Thiết bị chuyển đổi Serial/Ethernet,"TBDHE1024138 Converter Nport IA5250 Moxa Trạm trần mây 32 Ra soat 2026-07-11, file nguon: CLA_IMS",/thiet-bi/TB_B769HKDT,'-07':20B '-11':21B '2026':19B '32':16B 'b769hkdt':2A 'bi':4A 'chuyen':5A 'cla':24B 'converter':9B 'doi':6A 'file':22B 'ia5250':11B 'ims':25B 'may':15B 'moxa':12B 'nguon':23B 'nport':10B 'ra':17B 'serial/ethernet':7A 'soat':18B 'tb':1A 'tbdhe1024138':8B 'thiet':3A 'tram':13B 'tran':14B,2026-07-16 03:53:31.441458+00
thiet_bi,4e25f158-412e-4bb1-b2e4-ea3f1cab51bb,TB_04J1219Z,SW MOXA EDS 208A,SW MOXA EDS 208A MOXA Đề xuất: Không | Hỏng hóc: không | Tình trạng: Hoạt động bình thường | VTDP: Có VTDP trong kho | Niên hạn: Không,/thiet-bi/TB_04J1219Z,"'04j1219z':2A '208a':6A,10B 'binh':22B 'co':25B 'de':12B 'dong':21B 'eds':5A,9B 'han':30B 'hoat':20B 'hoc':16B 'hong':15B 'kho':28B 'khong':14B,17B,31B 'moxa':4A,8B,11B 'nien':29B 'sw':3A,7B 'tb':1A 'thuong':23B 'tinh':18B 'trang':19B 'trong':27B 'vtdp':24B,26B 'xuat':13B",2026-07-17 01:20:13.233503+00
thiet_bi,0f208080-424c-4c8e-a049-ce692af9ea35,TB_M4GKRVJ4,SW MOXA EDS 208A,EDS 208A SW MOXA EDS 208A MOXA Đề xuất: Không | Hỏng hóc: 0 lần | Tình trạng: Hoạt động bình thường | VTDP: Có dự phòng trong kho | Niên hạn: Không,/thiet-bi/TB_M4GKRVJ4,"'0':19B '208a':6A,8B,12B 'binh':25B 'co':28B 'de':14B 'dong':24B 'du':29B 'eds':5A,7B,11B 'han':34B 'hoat':23B 'hoc':18B 'hong':17B 'kho':32B 'khong':16B,35B 'lan':20B 'm4gkrvj4':2A 'moxa':4A,10B,13B 'nien':33B 'phong':30B 'sw':3A,9B 'tb':1A 'thuong':26B 'tinh':21B 'trang':22B 'trong':31B 'vtdp':27B 'xuat':15B",2026-07-17 01:20:13.233503+00
thiet_bi,37049bbd-c122-45c3-8af3-95064004ba4e,TB_XXYF6EF4,Sensor đo trần mây 8339-G+,"1288 Sensor đo trần mây 8339-G+ All Weather, Inc. (ADB SAFEGATE) Trạm khí tượng Đề xuất: Mua sắm VTDP sử dụng chung cho hệ thống AWOS Optimet và AWOS 900 Phú Bài | Hỏng hóc: 1 lần tháng 11.2025 | Tình trạng: Hoạt động bình thường | VTDP: Không | Niên hạn: Không",/thiet-bi/TB_XXYF6EF4,"'1':44B '11.2025':47B '1288':9B '8339':7A,14B '900':39B 'adb':19B 'all':16B 'awos':35B,38B 'bai':41B 'binh':52B 'cho':32B 'chung':31B 'de':24B 'do':4A,11B 'dong':51B 'dung':30B 'g':8A,15B 'han':57B 'he':33B 'hoat':50B 'hoc':43B 'hong':42B 'inc':18B 'khi':22B 'khong':55B,58B 'lan':45B 'may':6A,13B 'mua':26B 'nien':56B 'optimet':36B 'phu':40B 'safegate':20B 'sam':27B 'sensor':3A,10B 'su':29B 'tb':1A 'thang':46B 'thong':34B 'thuong':53B 'tinh':48B 'tram':21B 'tran':5A,12B 'trang':49B 'tuong':23B 'va':37B 'vtdp':28B,54B 'weather':17B 'xuat':25B 'xxyf6ef4':2A",2026-07-16 03:53:31.441458+00
thiet_bi,eb642323-7ccb-4bb3-9d67-c6330198eb16,TB_0PT8EBE3,Radio modem DTXM-460-OBN6I,A100865840 Radio modem DTXM-460-OBN6I Ritron Đề xuất: Không | Hỏng hóc: 0 lần | Tình trạng: Khai thác bình thường | VTDP: Có VTDP | Niên hạn: Không,/thiet-bi/TB_0PT8EBE3,"'-460':6A,12B '0':20B '0pt8ebe3':2A 'a100865840':8B 'binh':26B 'co':29B 'de':15B 'dtxm':5A,11B 'han':32B 'hoc':19B 'hong':18B 'khai':24B 'khong':17B,33B 'lan':21B 'modem':4A,10B 'nien':31B 'obn6i':7A,13B 'radio':3A,9B 'ritron':14B 'tb':1A 'thac':25B 'thuong':27B 'tinh':22B 'trang':23B 'vtdp':28B,30B 'xuat':16B",2026-07-17 01:20:13.233503+00
thiet_bi,514be4ab-95a9-4a13-ab57-33a684d35f47,TB_NTE44D7W,Cảm biến đo giông sét,"J15358-03 Cảm biến đo dông sét Biral Trạm 32 Ra soat 2026-07-11, file nguon: CLA_IMS",/thiet-bi/TB_NTE44D7W,"'-03':9B '-07':21B '-11':22B '2026':20B '32':17B 'bien':4A,11B 'biral':15B 'cam':3A,10B 'cla':25B 'do':5A,12B 'dong':13B 'file':23B 'giong':6A 'ims':26B 'j15358':8B 'nguon':24B 'nte44d7w':2A 'ra':18B 'set':7A,14B 'soat':19B 'tb':1A 'tram':16B",2026-07-16 03:53:31.441458+00
thiet_bi,08844c61-f7a8-4ab9-b22d-1c30a25b30a4,TB_HDZFJ3R5,Cảm biến đo tầm nhìn,"Cảm biến đo tầm nhìn Vaisala Trạm 35 Ra soat 2026-07-11, file nguon: BDKT_OPTIMET",/thiet-bi/TB_HDZFJ3R5,"'-07':19B '-11':20B '2026':18B '35':15B 'bdkt':23B 'bien':4A,9B 'cam':3A,8B 'do':5A,10B 'file':21B 'hdzfj3r5':2A 'nguon':22B 'nhin':7A,12B 'optimet':24B 'ra':16B 'soat':17B 'tam':6A,11B 'tb':1A 'tram':14B 'vaisala':13B",2026-07-16 03:53:31.441458+00
thiet_bi,d9c80a4c-64f5-4bef-8ceb-036692cb86b8,TB_SSPC7BB3,Chống sét RF,"Chống sét RF RACOM Trạm 09 Ceilo Ra soat 2026-07-11, file nguon: PLK_IMS",/thiet-bi/TB_SSPC7BB3,"'-07':16B '-11':17B '09':11B '2026':15B 'ceilo':12B 'chong':3A,6B 'file':18B 'ims':21B 'nguon':19B 'plk':20B 'ra':13B 'racom':9B 'rf':5A,8B 'set':4A,7B 'soat':14B 'sspc7bb3':2A 'tb':1A 'tram':10B",2026-07-17 01:20:13.233503+00
thiet_bi,a6aea377-901a-4df8-9c89-0719e5a65c40,TB_NNKRSPAX,Router Cisco 2900 Series,"FGL11622M6 Cisco 2900 Series ISR Cisco P.Thiết bị Nhà sản xuất nguồn: Cisco, China; chuẩn hóa: Cisco; Vật tư dự phòng: Không; Hỏng hóc: 0 lần; Tình trạng nguồn: Hoạt động bình thường; Đề xuất: Có kế hoạch thay mới do thiết bị quá niên hạn sử dụng; STT nguồn: 5.2; thời gian sử dụng: 12 năm. | Cấu hình cổng: - 01 SFP, 01 GE. - 02 port Serial",/thiet-bi/TB_NNKRSPAX,"'0':31B '01':67B,69B '02':71B '12':62B '2900':5A,9B '5.2':57B 'bi':14B,49B 'binh':38B 'cau':64B 'china':20B 'chuan':21B 'cisco':4A,8B,12B,19B,23B 'co':42B 'cong':66B 'de':40B 'do':47B 'dong':37B 'du':26B 'dung':54B,61B 'fgl11622m6':7B 'ge':70B 'gian':59B 'han':52B 'hinh':65B 'hoa':22B 'hoach':44B 'hoat':36B 'hoc':30B 'hong':29B 'isr':11B 'ke':43B 'khong':28B 'lan':32B 'moi':46B 'nam':63B 'nguon':18B,35B,56B 'nha':15B 'nien':51B 'nnkrspax':2A 'p.thiet':13B 'phong':27B 'port':72B 'qua':50B 'router':3A 'san':16B 'serial':73B 'series':6A,10B 'sfp':68B 'stt':55B 'su':53B,60B 'tb':1A 'thay':45B 'thiet':48B 'thoi':58B 'thuong':39B 'tinh':33B 'trang':34B 'tu':25B 'vat':24B 'xuat':17B,41B",2026-07-16 03:53:31.441458+00
thiet_bi,16c7a912-b03c-47a2-ab92-cfad57b42366,TB_807247MD,Chống sét đường tín hiệu,"Chống sét đường tín hiệu AT3W Trạm 09 Ceilo Ra soat 2026-07-11, file nguon: PLK_IMS",/thiet-bi/TB_807247MD,"'-07':20B '-11':21B '09':15B '2026':19B '807247md':2A 'at3w':13B 'ceilo':16B 'chong':3A,8B 'duong':5A,10B 'file':22B 'hieu':7A,12B 'ims':25B 'nguon':23B 'plk':24B 'ra':17B 'set':4A,9B 'soat':18B 'tb':1A 'tin':6A,11B 'tram':14B",2026-07-17 01:20:13.233503+00
thiet_bi,4cbb6a7d-4e2c-444f-853a-0198410e6126,TB_XP7GJ194,Thiết bị giao tiếp dữ liệu Advantech UNO-137,KSA6162339 Thiết bị giao tiếp dữ liệu Advantech UNO-137 Advantech Đề xuất: Không đề xuất do có 3 bộ dự phòng cho nhau | Hỏng hóc: 0 lần | Tình trạng: Hoạt động bình thường | VTDP: Không | Niên hạn: Không,/thiet-bi/TB_XP7GJ194,"'-137':11A,21B '0':38B '3':30B 'advantech':9A,19B,22B 'bi':4A,14B 'binh':44B 'bo':31B 'cho':34B 'co':29B 'de':23B,26B 'do':28B 'dong':43B 'du':7A,17B,32B 'giao':5A,15B 'han':49B 'hoat':42B 'hoc':37B 'hong':36B 'khong':25B,47B,50B 'ksa6162339':12B 'lan':39B 'lieu':8A,18B 'nhau':35B 'nien':48B 'phong':33B 'tb':1A 'thiet':3A,13B 'thuong':45B 'tiep':6A,16B 'tinh':40B 'trang':41B 'uno':10A,20B 'vtdp':46B 'xp7gj194':2A 'xuat':24B,27B",2026-07-17 01:20:13.233503+00
thiet_bi,630f890d-5d79-4d94-8920-b32b35a9a5db,TB_19Z5RHS5,Chống sét lan truyền - thiết bị đo giông,"J15358-02 Chống sét lan truyền - thiết bị đo giông APC Trạm giữa Ra soat 2026-07-11, file nguon: THA_DAW21",/thiet-bi/TB_19Z5RHS5,"'-02':12B '-07':27B '-11':28B '19z5rhs5':2A '2026':26B 'apc':21B 'bi':8A,18B 'chong':3A,13B 'daw21':32B 'do':9A,19B 'file':29B 'giong':10A,20B 'giua':23B 'j15358':11B 'lan':5A,15B 'nguon':30B 'ra':24B 'set':4A,14B 'soat':25B 'tb':1A 'tha':31B 'thiet':7A,17B 'tram':22B 'truyen':6A,16B",2026-07-16 03:53:31.441458+00
thiet_bi,45f69fa2-c912-4427-977a-36d6208420a6,TB_TA1T9PJK,Thiết bị giao tiếp dữ liệu Advantech UNO-137,"Thiết bị giao tiếp dữ liệu Advantech UNO-137 Advantech Đề xuất: Không đề xuất, có 3 bộ dự phòng cho nhau tại phòng thiết bị | Hỏng hóc: 0 lần | Tình trạng: Hoạt động bình thường | VTDP: Không | Niên hạn: Không",/thiet-bi/TB_TA1T9PJK,"'-137':11A,20B '0':40B '3':28B 'advantech':9A,18B,21B 'bi':4A,13B,37B 'binh':46B 'bo':29B 'cho':32B 'co':27B 'de':22B,25B 'dong':45B 'du':7A,16B,30B 'giao':5A,14B 'han':51B 'hoat':44B 'hoc':39B 'hong':38B 'khong':24B,49B,52B 'lan':41B 'lieu':8A,17B 'nhau':33B 'nien':50B 'phong':31B,35B 'ta1t9pjk':2A 'tai':34B 'tb':1A 'thiet':3A,12B,36B 'thuong':47B 'tiep':6A,15B 'tinh':42B 'trang':43B 'uno':10A,19B 'vtdp':48B 'xuat':23B,26B",2026-07-17 01:20:13.233503+00
thiet_bi,7b5f6c0a-d491-4c8f-ac9c-173076c2c537,TB_NAMJQD8Z,Thiết bị giao tiếp dữ liệu Advantech UNO-139,"Thiết bị giao tiếp dữ liệu Advantech UNO-137 Advantech Nguồn: để tích hợp tín hiệu từ máy đo tầm nhìn vào hệ thống Optimet | Đề xuất: Không đề xuất, có 3 bộ dự phòng cho nhau tại phòng thiết bị | Hỏng hóc: 0 lần | Tình trạng: Hoạt động bình thường | VTDP: Không | Niên hạn: Không",/thiet-bi/TB_NAMJQD8Z,"'-137':20B '-139':11A '0':55B '3':43B 'advantech':9A,18B,21B 'bi':4A,13B,52B 'binh':61B 'bo':44B 'cho':47B 'co':42B 'de':23B,37B,40B 'do':30B 'dong':60B 'du':7A,16B,45B 'giao':5A,14B 'han':66B 'he':34B 'hieu':27B 'hoat':59B 'hoc':54B 'hong':53B 'hop':25B 'khong':39B,64B,67B 'lan':56B 'lieu':8A,17B 'may':29B 'namjqd8z':2A 'nguon':22B 'nhau':48B 'nhin':32B 'nien':65B 'optimet':36B 'phong':46B,50B 'tai':49B 'tam':31B 'tb':1A 'thiet':3A,12B,51B 'thong':35B 'thuong':62B 'tich':24B 'tiep':6A,15B 'tin':26B 'tinh':57B 'trang':58B 'tu':28B 'uno':10A,19B 'vao':33B 'vtdp':63B 'xuat':38B,41B",2026-07-17 01:20:13.233503+00
thiet_bi,d3e3600a-3008-4cef-92e2-c4d6cfe49bfc,TB_3JKBAS8M,"Cảm biến đo dông sét (bao gồm trụ lắp đặt, cáp tín hiệu, phụ kiện lắp đặt tiêu chuẩn kèm theo)",Cảm biến đo dông Biral Đề xuất: Khi có sự cố thì xuất kho Cty QLBMT thay thế sửa chữa | Hỏng hóc: 0 lần | VTDP: không | Niên hạn: Không,/thiet-bi/TB_3JKBAS8M,"'0':46B '3jkbas8m':2A 'bao':8A 'bien':4A,25B 'biral':28B 'cam':3A,24B 'cap':13A 'chua':43B 'chuan':21A 'co':32B,34B 'cty':38B 'dat':12A,19A 'de':29B 'do':5A,26B 'dong':6A,27B 'gom':9A 'han':51B 'hieu':15A 'hoc':45B 'hong':44B 'kem':22A 'khi':31B 'kho':37B 'khong':49B,52B 'kien':17A 'lan':47B 'lap':11A,18A 'nien':50B 'phu':16A 'qlbmt':39B 'set':7A 'su':33B 'sua':42B 'tb':1A 'thay':40B 'the':41B 'theo':23A 'thi':35B 'tieu':20A 'tin':14A 'tru':10A 'vtdp':48B 'xuat':30B,36B",2026-07-17 01:20:13.233503+00
thiet_bi,27d6a2ea-d18e-4458-9371-fb3334313a3a,TB_ZXEM8KCV,Thiết bị cắt lọc sét 1 pha,"Thiết bị cắt lọc sét 1 pha nVent ERICO Trạm 27 Celio Ra soat 2026-07-11, file nguon: PLK_IMS",/thiet-bi/TB_ZXEM8KCV,"'-07':25B '-11':26B '1':8A,15B '2026':24B '27':20B 'bi':4A,11B 'cat':5A,12B 'celio':21B 'erico':18B 'file':27B 'ims':30B 'loc':6A,13B 'nguon':28B 'nvent':17B 'pha':9A,16B 'plk':29B 'ra':22B 'set':7A,14B 'soat':23B 'tb':1A 'thiet':3A,10B 'tram':19B 'zxem8kcv':2A",2026-07-17 01:20:13.233503+00
thiet_bi,94e698f3-3867-450d-8263-1b97002070fd,TB_DFAMANFF,Trạm MID,"Trạm MID Hỏng hóc: Lần -06/2024: Mất số liệu MET trên đường truyền cáp quang -06/2024 Mất số liệu gió và HTTT - 03/2024: Mất gió. Khí áp, HTTT trên đường truyền UHF | Tình trạng: Hoạt động bình thường | VTDP: Không | Niên hạn: Không",/thiet-bi/TB_DFAMANFF,"'-06':10B,21B '/2024':11B,22B '03/2024':29B 'ap':33B 'binh':43B 'cap':19B 'dfamanff':2A 'dong':42B 'duong':17B,36B 'gio':26B,31B 'han':48B 'hoat':41B 'hoc':8B 'hong':7B 'httt':28B,34B 'khi':32B 'khong':46B,49B 'lan':9B 'lieu':14B,25B 'mat':12B,23B,30B 'met':15B 'mid':4A,6B 'nien':47B 'quang':20B 'so':13B,24B 'tb':1A 'thuong':44B 'tinh':39B 'tram':3A,5B 'trang':40B 'tren':16B,35B 'truyen':18B,37B 'uhf':38B 'va':27B 'vtdp':45B",2026-07-17 01:20:13.233503+00
thiet_bi,02b21194-6394-4273-bf1e-db2930c8b71d,TB_KXHHXBQA,Chống sét RF cho modem,P8AX09-N/MF Chống sét RF cho modem Citel Hỏng hóc: 0 lần | Tình trạng: Hoạt động bình thường | VTDP: Không | Niên hạn: Không,/thiet-bi/TB_KXHHXBQA,"'/mf':11B '0':20B 'binh':26B 'cho':6A,15B 'chong':3A,12B 'citel':17B 'dong':25B 'han':31B 'hoat':24B 'hoc':19B 'hong':18B 'khong':29B,32B 'kxhhxbqa':2A 'lan':21B 'modem':7A,16B 'n':10B 'nien':30B 'p8ax09':9B 'p8ax09-n':8B 'rf':5A,14B 'set':4A,13B 'tb':1A 'thuong':27B 'tinh':22B 'trang':23B 'vtdp':28B",2026-07-17 01:20:13.233503+00
thiet_bi,03899f8c-80b5-45aa-8cf4-b5612c9e9550,TB_7F05PQRT,Cắt sét nguồn AC,"Tủ AC Cắt sét nguồn AC Schneider Ceilo 09 Ra soat 2026-07-11, file nguon: PBA_AWOS900",/thiet-bi/TB_7F05PQRT,"'-07':19B '-11':20B '09':15B '2026':18B '7f05pqrt':2A 'ac':6A,8B,12B 'awos900':24B 'cat':3A,9B 'ceilo':14B 'file':21B 'nguon':5A,11B,22B 'pba':23B 'ra':16B 'schneider':13B 'set':4A,10B 'soat':17B 'tb':1A 'tu':7B",2026-07-17 01:20:13.233503+00
thiet_bi,b2146c2f-aab7-4821-a1ff-7f891da27d5c,TB_TRNVG3FB,Cảm biến đo tầm nhìn,"J9441-04 Cảm biến tầm nhìn Biral VIS-15 Ra soat 2026-07-11, file nguon: PCA_IMS",/thiet-bi/TB_TRNVG3FB,"'-04':9B '-07':20B '-11':21B '-15':16B '2026':19B 'bien':4A,11B 'biral':14B 'cam':3A,10B 'do':5A 'file':22B 'ims':25B 'j9441':8B 'nguon':23B 'nhin':7A,13B 'pca':24B 'ra':17B 'soat':18B 'tam':6A,12B 'tb':1A 'trnvg3fb':2A 'vis':15B",2026-07-17 01:20:13.233503+00
thiet_bi,a58c09e2-e722-4888-8edc-d659788fc85d,TB_CG7QFS83,Converter IA5250,Converter Nport IA5250 MOXA Đề xuất: Đề nghị mua thêm VTDP để sử dụng chung cho các hệ thống AWOS | Hỏng hóc: không | Tình trạng: Hoạt động bình thường | VTDP: Còn 1 bộ dự phòng trong kho Công ty | Niên hạn: Không,/thiet-bi/TB_CG7QFS83,"'1':36B 'awos':24B 'binh':32B 'bo':37B 'cac':21B 'cg7qfs83':2A 'cho':20B 'chung':19B 'con':35B 'cong':42B 'converter':3A,5B 'de':9B,11B,16B 'dong':31B 'du':38B 'dung':18B 'han':45B 'he':22B 'hoat':30B 'hoc':26B 'hong':25B 'ia5250':4A,7B 'kho':41B 'khong':27B,46B 'moxa':8B 'mua':13B 'nghi':12B 'nien':44B 'nport':6B 'phong':39B 'su':17B 'tb':1A 'them':14B 'thong':23B 'thuong':33B 'tinh':28B 'trang':29B 'trong':40B 'ty':43B 'vtdp':15B,34B 'xuat':10B",2026-07-17 01:20:13.233503+00
thiet_bi,3ee1814a-643b-4741-99c0-a3cd9bee9739,TB_ESCP7XPF,Máy chủ 1,"K1488-A110 Máy chủ 1 Fujitsu P. THIẾT BỊ Ra soat 2026-07-11, file nguon: PCA_IMS",/thiet-bi/TB_ESCP7XPF,"'-07':19B '-11':20B '1':5A,11B '2026':18B 'a110':8B 'bi':15B 'chu':4A,10B 'escp7xpf':2A 'file':21B 'fujitsu':12B 'ims':24B 'k1488':7B 'k1488-a110':6B 'may':3A,9B 'nguon':22B 'p':13B 'pca':23B 'ra':16B 'soat':17B 'tb':1A 'thiet':14B",2026-07-17 01:20:13.233503+00
thiet_bi,eeae77b0-0f26-4b73-8892-e1f543bf4d14,TB_KK115SBR,Cảm biến đo khí áp,Cảm biến đo nhiệt độ  độ ẩm khí áp Thies 1.1006.54.080 Thies Clima Đề xuất: Khi có sự cố thì xuất kho Cty QLBMT thay thế sửa chữa | Hỏng hóc: 0 lần | VTDP: không | Niên hạn: Không,/thiet-bi/TB_KK115SBR,"'0':38B '1.1006.54.080':18B 'am':14B 'ap':7A,16B 'bien':4A,9B 'cam':3A,8B 'chua':35B 'clima':20B 'co':24B,26B 'cty':30B 'de':21B 'do':5A,10B,12B,13B 'han':43B 'hoc':37B 'hong':36B 'khi':6A,15B,23B 'kho':29B 'khong':41B,44B 'kk115sbr':2A 'lan':39B 'nhiet':11B 'nien':42B 'qlbmt':31B 'su':25B 'sua':34B 'tb':1A 'thay':32B 'the':33B 'thi':27B 'thies':17B,19B 'vtdp':40B 'xuat':22B,28B",2026-07-17 01:20:13.233503+00
thiet_bi,d34e77fa-e4d7-4704-9270-d71370ce01e9,TB_NA8EHXQ0,Nguồn AC/DC,"Nguồn AC/DC MeanWell CEILO-15 Ra soat 2026-07-11, file nguon: PCA_IMS",/thiet-bi/TB_NA8EHXQ0,"'-07':13B '-11':14B '-15':9B '2026':12B 'ac/dc':4A,6B 'ceilo':8B 'file':15B 'ims':18B 'meanwell':7B 'na8ehxq0':2A 'nguon':3A,5B,16B 'pca':17B 'ra':10B 'soat':11B 'tb':1A",2026-07-17 01:20:13.233503+00
thiet_bi,26047e51-0513-402f-be98-a7869ac698a7,TB_GC8GYF0A,Nguồn AC/DC,"Bộ Charger MeanWell TST-33 Ra soat 2026-07-11, file nguon: PCA_IMS",/thiet-bi/TB_GC8GYF0A,"'-07':13B '-11':14B '-33':9B '2026':12B 'ac/dc':4A 'bo':5B 'charger':6B 'file':15B 'gc8gyf0a':2A 'ims':18B 'meanwell':7B 'nguon':3A,16B 'pca':17B 'ra':10B 'soat':11B 'tb':1A 'tst':8B",2026-07-17 01:20:13.233503+00
thiet_bi,30351d7a-29ac-49ce-a61c-c3280e41433b,TB_QA0007B7,Chống sét - UHF,"Chống sét - UHF Citel Trạm giữa Ra soat 2026-07-11, file nguon: THA_DAW21",/thiet-bi/TB_QA0007B7,"'-07':15B '-11':16B '2026':14B 'chong':3A,6B 'citel':9B 'daw21':20B 'file':17B 'giua':11B 'nguon':18B 'qa0007b7':2A 'ra':12B 'set':4A,7B 'soat':13B 'tb':1A 'tha':19B 'tram':10B 'uhf':5A,8B",2026-07-16 03:53:31.441458+00
thiet_bi,320ceeb8-0b00-44d8-a332-13037b4ab5fb,TB_Y9RX2MSB,Modem FSK,"Modem FSK MicroStep-MIS VIS-15 Ra soat 2026-07-11, file nguon: PCA_IMS",/thiet-bi/TB_Y9RX2MSB,"'-07':15B '-11':16B '-15':11B '2026':14B 'file':17B 'fsk':4A,6B 'ims':20B 'microstep':8B 'microstep-mis':7B 'mis':9B 'modem':3A,5B 'nguon':18B 'pca':19B 'ra':12B 'soat':13B 'tb':1A 'vis':10B 'y9rx2msb':2A",2026-07-17 01:20:13.233503+00
thiet_bi,e8edb1de-b46f-4ca3-ad45-78a159006f1c,TB_8B750XPY,Cắt lọc sét nguồn AC - Tủ thiết bị,"Cắt lọc sét nguồn AC - Tủ thiết bị Schneider Trạm giữa Ra soat 2026-07-11, file nguon: THA_DAW21",/thiet-bi/TB_8B750XPY,"'-07':25B '-11':26B '2026':24B '8b750xpy':2A 'ac':7A,15B 'bi':10A,18B 'cat':3A,11B 'daw21':30B 'file':27B 'giua':21B 'loc':4A,12B 'nguon':6A,14B,28B 'ra':22B 'schneider':19B 'set':5A,13B 'soat':23B 'tb':1A 'tha':29B 'thiet':9A,17B 'tram':20B 'tu':8A,16B",2026-07-16 03:53:31.441458+00
thiet_bi,61e77ad9-9e13-47fa-9908-94a78d5dd682,TB_EF0VNZH1,Modem FSK,"Modem FSK MicroStep-MIS CEILO-15 Ra soat 2026-07-11, file nguon: PCA_IMS",/thiet-bi/TB_EF0VNZH1,"'-07':15B '-11':16B '-15':11B '2026':14B 'ceilo':10B 'ef0vnzh1':2A 'file':17B 'fsk':4A,6B 'ims':20B 'microstep':8B 'microstep-mis':7B 'mis':9B 'modem':3A,5B 'nguon':18B 'pca':19B 'ra':12B 'soat':13B 'tb':1A",2026-07-17 01:20:13.233503+00
thiet_bi,64761229-853e-4b9a-8b01-9bcba95af4a9,TB_AGGJTSBR,Cắt sét nguồn AC,"Cắt sét nguồn AC Schneider Ceilo  27 Ra soat 2026-07-11, file nguon: PBA_AWOS900",/thiet-bi/TB_AGGJTSBR,"'-07':17B '-11':18B '2026':16B '27':13B 'ac':6A,10B 'aggjtsbr':2A 'awos900':22B 'cat':3A,7B 'ceilo':12B 'file':19B 'nguon':5A,9B,20B 'pba':21B 'ra':14B 'schneider':11B 'set':4A,8B 'soat':15B 'tb':1A",2026-07-17 01:20:13.233503+00
thiet_bi,c46bfaa8-9637-4316-9df2-3b984a84437c,TB_XTSRSYZC,Cắt sét nguồn AC,"Cắt sét nguồn AC Schneider 09 Ra soat 2026-07-11, file nguon: PBA_AWOS900",/thiet-bi/TB_XTSRSYZC,"'-07':16B '-11':17B '09':12B '2026':15B 'ac':6A,10B 'awos900':21B 'cat':3A,7B 'file':18B 'nguon':5A,9B,19B 'pba':20B 'ra':13B 'schneider':11B 'set':4A,8B 'soat':14B 'tb':1A 'xtsrsyzc':2A",2026-07-17 01:20:13.233503+00
thiet_bi,0924ef90-2387-4009-b1db-69127f8542b5,TB_MQMRMV88,"Cảm biến đo lượng mưa (bao gồm trụ lắp đặt cao 1,5m)",Cảm biến đo lượng mưa MicroStep-MIS Đề xuất: Khi có sự cố thì xuất kho Cty QLBMT thay thế sửa chữa | Hỏng hóc: 0 lần | VTDP: không | Niên hạn: Không,/thiet-bi/TB_MQMRMV88,"'0':41B '1':14A '5m':15A 'bao':8A 'bien':4A,17B 'cam':3A,16B 'cao':13A 'chua':38B 'co':27B,29B 'cty':33B 'dat':12A 'de':24B 'do':5A,18B 'gom':9A 'han':46B 'hoc':40B 'hong':39B 'khi':26B 'kho':32B 'khong':44B,47B 'lan':42B 'lap':11A 'luong':6A,19B 'microstep':22B 'microstep-mis':21B 'mis':23B 'mqmrmv88':2A 'mua':7A,20B 'nien':45B 'qlbmt':34B 'su':28B 'sua':37B 'tb':1A 'thay':35B 'the':36B 'thi':30B 'tru':10A 'vtdp':43B 'xuat':25B,31B",2026-07-17 01:20:13.233503+00
thiet_bi,ea850015-d2fa-419e-a871-b1183a43222a,TB_QS9PF3C1,Modem FSK,"Modem FSK MicroStep-MIS AWS-33 Ra soat 2026-07-11, file nguon: PCA_IMS",/thiet-bi/TB_QS9PF3C1,"'-07':15B '-11':16B '-33':11B '2026':14B 'aws':10B 'file':17B 'fsk':4A,6B 'ims':20B 'microstep':8B 'microstep-mis':7B 'mis':9B 'modem':3A,5B 'nguon':18B 'pca':19B 'qs9pf3c1':2A 'ra':12B 'soat':13B 'tb':1A",2026-07-17 01:20:13.233503+00
thiet_bi,f5a2b3d0-cb3d-4003-9d13-3136d497a9e6,TB_HF7KBSMP,Modem FSK,"Modem FSK MicroStep-MIS VIS-33 Ra soat 2026-07-11, file nguon: PCA_IMS",/thiet-bi/TB_HF7KBSMP,"'-07':15B '-11':16B '-33':11B '2026':14B 'file':17B 'fsk':4A,6B 'hf7kbsmp':2A 'ims':20B 'microstep':8B 'microstep-mis':7B 'mis':9B 'modem':3A,5B 'nguon':18B 'pca':19B 'ra':12B 'soat':13B 'tb':1A 'vis':10B",2026-07-17 01:20:13.233503+00
thiet_bi,ad6358b3-4bb8-4c25-ba18-aefb269231d8,TB_1G5VQBY3,"Trụ dễ gãy cao khoảng 2,5m cho cảm biến đo tầm nhìn",Cảm biến đo tầm nhìn Biral Đề xuất: Khi có sự cố thì xuất kho Cty QLBMT thay thế sửa chữa | Hỏng hóc: 0 lần | VTDP: không | Niên hạn: Không,/thiet-bi/TB_1G5VQBY3,"'0':39B '1g5vqby3':2A '2':8A '5m':9A 'bien':12A,17B 'biral':21B 'cam':11A,16B 'cao':6A 'cho':10A 'chua':36B 'co':25B,27B 'cty':31B 'de':4A,22B 'do':13A,18B 'gay':5A 'han':44B 'hoc':38B 'hong':37B 'khi':24B 'kho':30B 'khoang':7A 'khong':42B,45B 'lan':40B 'nhin':15A,20B 'nien':43B 'qlbmt':32B 'su':26B 'sua':35B 'tam':14A,19B 'tb':1A 'thay':33B 'the':34B 'thi':28B 'tru':3A 'vtdp':41B 'xuat':23B,29B",2026-07-17 01:20:13.233503+00
thiet_bi,1a0f8aba-87a3-445b-954e-3c7dc525ef74,TB_61RC0S6Z,Thiết bị Serial to Ethernet,"Converter Nport IA5250 Moxa Trạm 17 Ra soat 2026-07-11, file nguon: BDKT_OPTIMET",/thiet-bi/TB_61RC0S6Z,'-07':17B '-11':18B '17':13B '2026':16B '61rc0s6z':2A 'bdkt':21B 'bi':4A 'converter':8B 'ethernet':7A 'file':19B 'ia5250':10B 'moxa':11B 'nguon':20B 'nport':9B 'optimet':22B 'ra':14B 'serial':5A 'soat':15B 'tb':1A 'thiet':3A 'to':6A 'tram':12B,2026-07-16 03:53:31.441458+00
thiet_bi,105542bc-7512-4d68-8343-d505ff16cde8,TB_BNHZ5GS6,Thiết bị cắt lọc sét 1 pha,"Thiết bị cắt lọc sét 1 pha nVent ERICO Trạm 09 Ceilo Ra soat 2026-07-11, file nguon: PLK_IMS",/thiet-bi/TB_BNHZ5GS6,"'-07':25B '-11':26B '09':20B '1':8A,15B '2026':24B 'bi':4A,11B 'bnhz5gs6':2A 'cat':5A,12B 'ceilo':21B 'erico':18B 'file':27B 'ims':30B 'loc':6A,13B 'nguon':28B 'nvent':17B 'pha':9A,16B 'plk':29B 'ra':22B 'set':7A,14B 'soat':23B 'tb':1A 'thiet':3A,10B 'tram':19B",2026-07-17 01:20:13.233503+00
thiet_bi,fefc0358-4500-4595-8d6d-b551820b309e,TB_39PYHYVR,Thiết bị chuyển đổi Serial/Ethernet,"TBDHE1024144 Converter Nport IA5250 Moxa Trạm 14 TN Ra soat 2026-07-11, file nguon: CLA_IMS",/thiet-bi/TB_39PYHYVR,'-07':19B '-11':20B '14':14B '2026':18B '39pyhyvr':2A 'bi':4A 'chuyen':5A 'cla':23B 'converter':9B 'doi':6A 'file':21B 'ia5250':11B 'ims':24B 'moxa':12B 'nguon':22B 'nport':10B 'ra':16B 'serial/ethernet':7A 'soat':17B 'tb':1A 'tbdhe1024144':8B 'thiet':3A 'tn':15B 'tram':13B,2026-07-16 03:53:31.441458+00
thiet_bi,2928743a-b77f-47b5-8cad-9c4fb40636cb,TB_K59CEQW9,Cắt lọc sét nguồn AC,"Cắt lọc sét nguồn AC Phoenix Contact Trạm 35 Ra soat 2026-07-11, file nguon: BDKT_OPTIMET",/thiet-bi/TB_K59CEQW9,"'-07':20B '-11':21B '2026':19B '35':16B 'ac':7A,12B 'bdkt':24B 'cat':3A,8B 'contact':14B 'file':22B 'k59ceqw9':2A 'loc':4A,9B 'nguon':6A,11B,23B 'optimet':25B 'phoenix':13B 'ra':17B 'set':5A,10B 'soat':18B 'tb':1A 'tram':15B",2026-07-16 03:53:31.441458+00
thiet_bi,fd83b57e-a550-4c69-a95e-bc157d38ebbc,TB_3ASP9F85,Cảm biến nhiệt độ,"1020454 Cảm biến nhiệt độ NESA Trạm giữa Ra soat 2026-07-11, file nguon: THA_DAW21",/thiet-bi/TB_3ASP9F85,"'-07':18B '-11':19B '1020454':7B '2026':17B '3asp9f85':2A 'bien':4A,9B 'cam':3A,8B 'daw21':23B 'do':6A,11B 'file':20B 'giua':14B 'nesa':12B 'nguon':21B 'nhiet':5A,10B 'ra':15B 'soat':16B 'tb':1A 'tha':22B 'tram':13B",2026-07-16 03:53:31.441458+00
thiet_bi,7bd4ece4-2d9e-4b79-ae3c-a4d25c1fa1fd,TB_H46R5K3C,Máy tính giám sát ghi âm FPT ELEAD V500,CPU:190110087 Display:001VNSN23118 FPT ELEAD V500 FPT Elead P.Thiết bị Nhà sản xuất nguồn: Việt nam; chuẩn hóa: FPT Elead; Vật tư dự phòng: Không; Hỏng hóc: 0 Lần; Tình trạng nguồn: Hoạt động bình thường; STT nguồn: 6.3; thời gian sử dụng: 12 năm.,/thiet-bi/TB_H46R5K3C,"'0':40B '001vnsn23118':15B '12':56B '190110087':13B '6.3':51B 'am':8A 'bi':22B 'binh':47B 'chuan':29B 'cpu':12B 'display':14B 'dong':46B 'du':35B 'dung':55B 'elead':10A,17B,20B,32B 'fpt':9A,16B,19B,31B 'ghi':7A 'giam':5A 'gian':53B 'h46r5k3c':2A 'hoa':30B 'hoat':45B 'hoc':39B 'hong':38B 'khong':37B 'lan':41B 'may':3A 'nam':28B,57B 'nguon':26B,44B,50B 'nha':23B 'p.thiet':21B 'phong':36B 'san':24B 'sat':6A 'stt':49B 'su':54B 'tb':1A 'thoi':52B 'thuong':48B 'tinh':4A,42B 'trang':43B 'tu':34B 'v500':11A,18B 'vat':33B 'viet':27B 'xuat':25B",2026-07-16 03:53:31.441458+00
thiet_bi,bc4c346d-3150-46b0-a0d2-c8fa20b09957,TB_7NWVMYYN,Thiết bị cắt lọc sét 1 pha,"Thiết bị cắt lọc sét 1 pha nVent ERICO Trạm 27 Ra soat 2026-07-11, file nguon: PLK_IMS",/thiet-bi/TB_7NWVMYYN,"'-07':24B '-11':25B '1':8A,15B '2026':23B '27':20B '7nwvmyyn':2A 'bi':4A,11B 'cat':5A,12B 'erico':18B 'file':26B 'ims':29B 'loc':6A,13B 'nguon':27B 'nvent':17B 'pha':9A,16B 'plk':28B 'ra':21B 'set':7A,14B 'soat':22B 'tb':1A 'thiet':3A,10B 'tram':19B",2026-07-17 01:20:13.233503+00
thiet_bi,a595ab64-b130-4e0e-810e-353de1c3622f,TB_C6CSNN1M,Chống sét đường tín hiệu,"Chống sét đường tín hiệu Citel CEILO-15 Ra soat 2026-07-11, file nguon: PCA_IMS",/thiet-bi/TB_C6CSNN1M,"'-07':19B '-11':20B '-15':15B '2026':18B 'c6csnn1m':2A 'ceilo':14B 'chong':3A,8B 'citel':13B 'duong':5A,10B 'file':21B 'hieu':7A,12B 'ims':24B 'nguon':22B 'pca':23B 'ra':16B 'set':4A,9B 'soat':17B 'tb':1A 'tin':6A,11B",2026-07-17 01:20:13.233503+00
thiet_bi,e6be4b16-ca62-49c4-a6a9-be1dc15c0ef9,TB_1S8CKTJQ,Modem vô tuyến (Modem vô tuyến,Modem vô tuyến (Modem vô tuyến Satel Đề xuất: Khi có sự cố thì xuất kho Cty QLBMT thay thế sửa chữa | Hỏng hóc: 0 lần | VTDP: không | Niên hạn: Không,/thiet-bi/TB_1S8CKTJQ,"'0':33B '1s8cktjq':2A 'chua':30B 'co':19B,21B 'cty':25B 'de':16B 'han':38B 'hoc':32B 'hong':31B 'khi':18B 'kho':24B 'khong':36B,39B 'lan':34B 'modem':3A,6A,9B,12B 'nien':37B 'qlbmt':26B 'satel':15B 'su':20B 'sua':29B 'tb':1A 'thay':27B 'the':28B 'thi':22B 'tuyen':5A,8A,11B,14B 'vo':4A,7A,10B,13B 'vtdp':35B 'xuat':17B,23B",2026-07-17 01:20:13.233503+00
thiet_bi,7d599dd3-7f1e-4ade-a400-48a75a0aeb21,TB_4Z2BJMKG,Nguồn AC/DC,"Nguồn AC/DC MeanWell UHF-15 Ra soat 2026-07-11, file nguon: PCA_IMS",/thiet-bi/TB_4Z2BJMKG,"'-07':13B '-11':14B '-15':9B '2026':12B '4z2bjmkg':2A 'ac/dc':4A,6B 'file':15B 'ims':18B 'meanwell':7B 'nguon':3A,5B,16B 'pca':17B 'ra':10B 'soat':11B 'tb':1A 'uhf':8B",2026-07-17 01:20:13.233503+00
thiet_bi,a504f753-317a-4f97-8573-258a5bbdb8df,TB_2MWR9P1A,Nguồn AC/DC,"Nguồn AC/DC MeanWell UHF-33 Ra soat 2026-07-11, file nguon: PCA_IMS",/thiet-bi/TB_2MWR9P1A,"'-07':13B '-11':14B '-33':9B '2026':12B '2mwr9p1a':2A 'ac/dc':4A,6B 'file':15B 'ims':18B 'meanwell':7B 'nguon':3A,5B,16B 'pca':17B 'ra':10B 'soat':11B 'tb':1A 'uhf':8B",2026-07-17 01:20:13.233503+00
thiet_bi,213658d9-204e-46c9-939b-40aefab83360,TB_M0X2PZJH,Nguồn AC/DC,"Nguồn AC/DC MeanWell UHF-CEILO-33 Ra soat 2026-07-11, file nguon: PCA_IMS",/thiet-bi/TB_M0X2PZJH,"'-07':15B '-11':16B '2026':14B '33':11B 'ac/dc':4A,6B 'ceilo':10B 'file':17B 'ims':20B 'm0x2pzjh':2A 'meanwell':7B 'nguon':3A,5B,18B 'pca':19B 'ra':12B 'soat':13B 'tb':1A 'uhf':9B 'uhf-ceilo':8B",2026-07-17 01:20:13.233503+00
thiet_bi,476cae02-bbc8-455c-8aa9-06b8301fc6be,TB_MYPE4BY7,"Cảm biến đo tầm nhìn, Cảm biến xác định hiện tượng thời tiết tại sân bay",Cảm biến đo tầm nhìn Biral Đề xuất: Khi có sự cố thì xuất kho Cty QLBMT thay thế sửa chữa | Hỏng hóc: 0 lần | VTDP: không | Niên hạn: Không,/thiet-bi/TB_MYPE4BY7,"'0':42B 'bay':18A 'bien':4A,9A,20B 'biral':24B 'cam':3A,8A,19B 'chua':39B 'co':28B,30B 'cty':34B 'de':25B 'dinh':11A 'do':5A,21B 'han':47B 'hien':12A 'hoc':41B 'hong':40B 'khi':27B 'kho':33B 'khong':45B,48B 'lan':43B 'mype4by7':2A 'nhin':7A,23B 'nien':46B 'qlbmt':35B 'san':17A 'su':29B 'sua':38B 'tai':16A 'tam':6A,22B 'tb':1A 'thay':36B 'the':37B 'thi':31B 'thoi':14A 'tiet':15A 'tuong':13A 'vtdp':44B 'xac':10A 'xuat':26B,32B",2026-07-17 01:20:13.233503+00
thiet_bi,d99fbe94-455b-4c0a-9454-d815977c7c9e,TB_W2QE7YA8,Cảm biến nhiệt ẩm,"09230015 Cảm biến đo nhiệt độ Thies 1.1006.54.080 Thies Clima Vườn TWR Ra soat 2026-07-11, file nguon: PCA_IMS",/thiet-bi/TB_W2QE7YA8,"'-07':22B '-11':23B '09230015':7B '1.1006.54.080':14B '2026':21B 'am':6A 'bien':4A,9B 'cam':3A,8B 'clima':16B 'do':10B,12B 'file':24B 'ims':27B 'nguon':25B 'nhiet':5A,11B 'pca':26B 'ra':19B 'soat':20B 'tb':1A 'thies':13B,15B 'twr':18B 'vuon':17B 'w2qe7ya8':2A",2026-07-17 01:20:13.233503+00
thiet_bi,fec62d01-3626-4d95-af62-527c16024084,TB_3PTTY8EG,"Cảm biến đo tầm nhìn, Cảm biến xác định hiện tượng thời tiết tại sân bay",Cảm biến đo tầm nhìn Biral Đề xuất: Khi có sự cố thì xuất kho Cty QLBMT thay thế sửa chữa | Hỏng hóc: 0 lần | VTDP: không | Niên hạn: Không,/thiet-bi/TB_3PTTY8EG,"'0':42B '3ptty8eg':2A 'bay':18A 'bien':4A,9A,20B 'biral':24B 'cam':3A,8A,19B 'chua':39B 'co':28B,30B 'cty':34B 'de':25B 'dinh':11A 'do':5A,21B 'han':47B 'hien':12A 'hoc':41B 'hong':40B 'khi':27B 'kho':33B 'khong':45B,48B 'lan':43B 'nhin':7A,23B 'nien':46B 'qlbmt':35B 'san':17A 'su':29B 'sua':38B 'tai':16A 'tam':6A,22B 'tb':1A 'thay':36B 'the':37B 'thi':31B 'thoi':14A 'tiet':15A 'tuong':13A 'vtdp':44B 'xac':10A 'xuat':26B,32B",2026-07-17 01:20:13.233503+00
thiet_bi,ee864300-8656-4df6-a323-4889f0e0de90,TB_RBV7GTGX,"Trụ dễ gãy cao khoảng 2,5m cho cảm biến đo tầm nhìn",Cảm biến đo tầm nhìn Biral Đề xuất: Khi có sự cố thì xuất kho Cty QLBMT thay thế sửa chữa | Hỏng hóc: 0 lần | VTDP: không | Niên hạn: Không,/thiet-bi/TB_RBV7GTGX,"'0':39B '2':8A '5m':9A 'bien':12A,17B 'biral':21B 'cam':11A,16B 'cao':6A 'cho':10A 'chua':36B 'co':25B,27B 'cty':31B 'de':4A,22B 'do':13A,18B 'gay':5A 'han':44B 'hoc':38B 'hong':37B 'khi':24B 'kho':30B 'khoang':7A 'khong':42B,45B 'lan':40B 'nhin':15A,20B 'nien':43B 'qlbmt':32B 'rbv7gtgx':2A 'su':26B 'sua':35B 'tam':14A,19B 'tb':1A 'thay':33B 'the':34B 'thi':28B 'tru':3A 'vtdp':41B 'xuat':23B,29B",2026-07-17 01:20:13.233503+00
thiet_bi,fe0e97a3-b159-4d35-886b-7fcf2756ffc4,TB_E5NXXY7H,Modem vô tuyến (Modem vô tuyến,Modem vô tuyến (Modem vô tuyến Satel Đề xuất: Khi có sự cố thì xuất kho Cty QLBMT thay thế sửa chữa | Hỏng hóc: 0 lần | VTDP: không | Niên hạn: Không,/thiet-bi/TB_E5NXXY7H,"'0':33B 'chua':30B 'co':19B,21B 'cty':25B 'de':16B 'e5nxxy7h':2A 'han':38B 'hoc':32B 'hong':31B 'khi':18B 'kho':24B 'khong':36B,39B 'lan':34B 'modem':3A,6A,9B,12B 'nien':37B 'qlbmt':26B 'satel':15B 'su':20B 'sua':29B 'tb':1A 'thay':27B 'the':28B 'thi':22B 'tuyen':5A,8A,11B,14B 'vo':4A,7A,10B,13B 'vtdp':35B 'xuat':17B,23B",2026-07-17 01:20:13.233503+00
thiet_bi,a28ec9ac-13f6-44a5-848c-d3e8a63ff13d,TB_SKT34SEF,Modem vô tuyến (Modem vô tuyến,Modem vô tuyến (Modem vô tuyến Satel Đề xuất: Khi có sự cố thì xuất kho Cty QLBMT thay thế sửa chữa | Hỏng hóc: 0 lần | VTDP: không | Niên hạn: Không,/thiet-bi/TB_SKT34SEF,"'0':33B 'chua':30B 'co':19B,21B 'cty':25B 'de':16B 'han':38B 'hoc':32B 'hong':31B 'khi':18B 'kho':24B 'khong':36B,39B 'lan':34B 'modem':3A,6A,9B,12B 'nien':37B 'qlbmt':26B 'satel':15B 'skt34sef':2A 'su':20B 'sua':29B 'tb':1A 'thay':27B 'the':28B 'thi':22B 'tuyen':5A,8A,11B,14B 'vo':4A,7A,10B,13B 'vtdp':35B 'xuat':17B,23B",2026-07-17 01:20:13.233503+00
thiet_bi,e13b7bba-5229-4b23-8eed-1394d9628c85,TB_7YTKB9V2,Modem vô tuyến (Modem vô tuyến,Modem vô tuyến (Modem vô tuyến Satel Đề xuất: Khi có sự cố thì xuất kho Cty QLBMT thay thế sửa chữa | Hỏng hóc: 0 lần | VTDP: không | Niên hạn: Không,/thiet-bi/TB_7YTKB9V2,"'0':33B '7ytkb9v2':2A 'chua':30B 'co':19B,21B 'cty':25B 'de':16B 'han':38B 'hoc':32B 'hong':31B 'khi':18B 'kho':24B 'khong':36B,39B 'lan':34B 'modem':3A,6A,9B,12B 'nien':37B 'qlbmt':26B 'satel':15B 'su':20B 'sua':29B 'tb':1A 'thay':27B 'the':28B 'thi':22B 'tuyen':5A,8A,11B,14B 'vo':4A,7A,10B,13B 'vtdp':35B 'xuat':17B,23B",2026-07-17 01:20:13.233503+00
thiet_bi,ba38de22-79f6-4409-9097-d17f1f7ee83c,TB_ZQ25YDQZ,Modem vô tuyến (Modem vô tuyến,Modem vô tuyến (Modem vô tuyến Satel Đề xuất: Khi có sự cố thì xuất kho Cty QLBMT thay thế sửa chữa | Hỏng hóc: 0 lần | VTDP: không | Niên hạn: Không,/thiet-bi/TB_ZQ25YDQZ,"'0':33B 'chua':30B 'co':19B,21B 'cty':25B 'de':16B 'han':38B 'hoc':32B 'hong':31B 'khi':18B 'kho':24B 'khong':36B,39B 'lan':34B 'modem':3A,6A,9B,12B 'nien':37B 'qlbmt':26B 'satel':15B 'su':20B 'sua':29B 'tb':1A 'thay':27B 'the':28B 'thi':22B 'tuyen':5A,8A,11B,14B 'vo':4A,7A,10B,13B 'vtdp':35B 'xuat':17B,23B 'zq25ydqz':2A",2026-07-17 01:20:13.233503+00
thiet_bi,b0e40c66-71ec-4f99-beef-cf75ef99b6cd,TB_XZAFZVBA,Modem vô tuyến (Modem vô tuyến,Modem vô tuyến (Modem vô tuyến Satel Đề xuất: Khi có sự cố thì xuất kho Cty QLBMT thay thế sửa chữa | Hỏng hóc: 0 lần | VTDP: không | Niên hạn: Không,/thiet-bi/TB_XZAFZVBA,"'0':33B 'chua':30B 'co':19B,21B 'cty':25B 'de':16B 'han':38B 'hoc':32B 'hong':31B 'khi':18B 'kho':24B 'khong':36B,39B 'lan':34B 'modem':3A,6A,9B,12B 'nien':37B 'qlbmt':26B 'satel':15B 'su':20B 'sua':29B 'tb':1A 'thay':27B 'the':28B 'thi':22B 'tuyen':5A,8A,11B,14B 'vo':4A,7A,10B,13B 'vtdp':35B 'xuat':17B,23B 'xzafzvba':2A",2026-07-17 01:20:13.233503+00
thiet_bi,899b9791-fb49-40d3-8a76-695d65a61780,TB_4F7GSHP8,Màn hình hiển thị số liệu Nhiệt-Ẩm-Áp,"Màn hình hiển thị số liệu Nhiệt-Ẩm-Áp VTD TWR Ra soat 2026-07-11, file nguon: PCA_IMS",/thiet-bi/TB_4F7GSHP8,"'-07':28B '-11':29B '2026':27B '4f7gshp8':2A 'am':11A,21B 'ap':12A,22B 'file':30B 'hien':5A,15B 'hinh':4A,14B 'ims':33B 'lieu':8A,18B 'man':3A,13B 'nguon':31B 'nhiet':10A,20B 'nhiet-am-ap':9A,19B 'pca':32B 'ra':25B 'so':7A,17B 'soat':26B 'tb':1A 'thi':6A,16B 'twr':24B 'vtd':23B",2026-07-16 03:53:31.441458+00
thiet_bi,c9a3fbc3-1fac-45a7-93a7-bfe2764d6c5f,TB_3639FPBG,EU4200C Standby Rx (VHF 121.5 MHz),105821 EU4200C Rohde & Schwarz Phòng thiết bị PBA,/thiet-bi/TB_3639FPBG,"'105821':9B '121.5':7A '3639fpbg':2A 'bi':15B 'eu4200c':3A,10B 'mhz':8A 'pba':16B 'phong':13B 'rohde':11B 'rx':5A 'schwarz':12B 'standby':4A 'tb':1A 'thiet':14B 'vhf':6A",2026-07-20 08:16:08.214308+00
thiet_bi,3ed311f1-9ddf-4842-a153-6c0aa330f8db,TB_DSTBYSQB,Thiết bị chuyển đổi Serial/Ethernet,"TBDHE1024161 Converter Nport IA5250 Moxa Trạm 32-TN Ra soat 2026-07-11, file nguon: CLA_IMS",/thiet-bi/TB_DSTBYSQB,'-07':19B '-11':20B '2026':18B '32':14B 'bi':4A 'chuyen':5A 'cla':23B 'converter':9B 'doi':6A 'dstbysqb':2A 'file':21B 'ia5250':11B 'ims':24B 'moxa':12B 'nguon':22B 'nport':10B 'ra':16B 'serial/ethernet':7A 'soat':17B 'tb':1A 'tbdhe1024161':8B 'thiet':3A 'tn':15B 'tram':13B,2026-07-16 03:53:31.441458+00
thiet_bi,ce0de843-ae56-44b2-a4c9-a4a8f87edee7,TB_9242C6S7,Cảm biến đo ánh sáng nền,"J9442-02 Cảm biến đo ánh sáng nền Biral Trạm 32 Ra soat 2026-07-11, file nguon: CLA_IMS",/thiet-bi/TB_9242C6S7,"'-02':10B '-07':23B '-11':24B '2026':22B '32':19B '9242c6s7':2A 'anh':6A,14B 'bien':4A,12B 'biral':17B 'cam':3A,11B 'cla':27B 'do':5A,13B 'file':25B 'ims':28B 'j9442':9B 'nen':8A,16B 'nguon':26B 'ra':20B 'sang':7A,15B 'soat':21B 'tb':1A 'tram':18B",2026-07-16 03:53:31.441458+00
thiet_bi,4f51fefb-e5d6-46a8-94b4-7dfe96390c39,TB_77HGZT7S,Cảm biến nhiệt độ,"2659 Cảm biến nhiệt độ MicroStep-MIS Trạm 32 Ra soat 2026-07-11, file nguon: CLA_IMS",/thiet-bi/TB_77HGZT7S,"'-07':20B '-11':21B '2026':19B '2659':7B '32':16B '77hgzt7s':2A 'bien':4A,9B 'cam':3A,8B 'cla':24B 'do':6A,11B 'file':22B 'ims':25B 'microstep':13B 'microstep-mis':12B 'mis':14B 'nguon':23B 'nhiet':5A,10B 'ra':17B 'soat':18B 'tb':1A 'tram':15B",2026-07-16 03:53:31.441458+00
thiet_bi,02d76c25-52df-4d5a-a852-4fc70eec41de,TB_9W01G1CR,Cảm biến độ ẩm,"2004-AN-347 Cảm biến đo nhiệt độ và độ ẩm MicroStep-MIS Trạm 32 Ra soat 2026-07-11, file nguon: CLA_IMS",/thiet-bi/TB_9W01G1CR,"'-07':26B '-11':27B '-347':9B '2004':7B '2026':25B '32':22B '9w01g1cr':2A 'am':6A,17B 'an':8B 'bien':4A,11B 'cam':3A,10B 'cla':30B 'do':5A,12B,14B,16B 'file':28B 'ims':31B 'microstep':19B 'microstep-mis':18B 'mis':20B 'nguon':29B 'nhiet':13B 'ra':23B 'soat':24B 'tb':1A 'tram':21B 'va':15B",2026-07-16 03:53:31.441458+00
thiet_bi,c5b717f5-4a9c-4252-8946-4be1b22124a4,TB_9SC7SPR1,Cảm biến đo lượng mưa,"Cảm biến đo lượng mưa MicroStep-MIS Trạm 32 Ra soat 2026-07-11, file nguon: CLA_IMS",/thiet-bi/TB_9SC7SPR1,"'-07':21B '-11':22B '2026':20B '32':17B '9sc7spr1':2A 'bien':4A,9B 'cam':3A,8B 'cla':25B 'do':5A,10B 'file':23B 'ims':26B 'luong':6A,11B 'microstep':14B 'microstep-mis':13B 'mis':15B 'mua':7A,12B 'nguon':24B 'ra':18B 'soat':19B 'tb':1A 'tram':16B",2026-07-16 03:53:31.441458+00
thiet_bi,e0610b28-7953-49e7-8e68-ac96adb98268,TB_0204Q3EQ,Cảm biến áp suất,"MSB780X-1.0-1508-031 Cảm biến đo khí áp MicroStep-MIS Trạm 32 Ra soat 2026-07-11, file nguon: CLA_IMS",/thiet-bi/TB_0204Q3EQ,"'-031':10B '-07':24B '-1.0':8B '-11':25B '-1508':9B '0204q3eq':2A '2026':23B '32':20B 'ap':5A,15B 'bien':4A,12B 'cam':3A,11B 'cla':28B 'do':13B 'file':26B 'ims':29B 'khi':14B 'microstep':17B 'microstep-mis':16B 'mis':18B 'msb780x':7B 'nguon':27B 'ra':21B 'soat':22B 'suat':6A 'tb':1A 'tram':19B",2026-07-16 03:53:31.441458+00
thiet_bi,b46a402d-98c0-425d-9198-9640d265d8c1,TB_E9Q8K2GR,Anten vô hướng,"6072348470 Anten vô hướng CompleTech Trạm xử lý trung tâm Đài KSKL TUY HÒA Ra soat 2026-07-11, file nguon: THA_DAW21",/thiet-bi/TB_E9Q8K2GR,"'-07':23B '-11':24B '2026':22B '6072348470':6B 'anten':3A,7B 'completech':10B 'dai':16B 'daw21':28B 'e9q8k2gr':2A 'file':25B 'hoa':19B 'huong':5A,9B 'kskl':17B 'ly':13B 'nguon':26B 'ra':20B 'soat':21B 'tam':15B 'tb':1A 'tha':27B 'tram':11B 'trung':14B 'tuy':18B 'vo':4A,8B 'xu':12B",2026-07-17 01:20:13.233503+00
thiet_bi,276a6119-eedf-4855-b79f-284456bd1f88,TB_3XGKND24,Cắt sét nguồn AC,"Cắt sét nguồn AC Schneider 27 Ra soat 2026-07-11, file nguon: PBA_AWOS900",/thiet-bi/TB_3XGKND24,"'-07':16B '-11':17B '2026':15B '27':12B '3xgknd24':2A 'ac':6A,10B 'awos900':21B 'cat':3A,7B 'file':18B 'nguon':5A,9B,19B 'pba':20B 'ra':13B 'schneider':11B 'set':4A,8B 'soat':14B 'tb':1A",2026-07-17 01:20:13.233503+00
thiet_bi,1c54988b-e991-46ad-9919-8523c94b52f8,TB_GEMZ3HA1,Cắt sét nguồn AC,"Cắt sét nguồn AC Schneider Mid Ra soat 2026-07-11, file nguon: PBA_AWOS900",/thiet-bi/TB_GEMZ3HA1,"'-07':16B '-11':17B '2026':15B 'ac':6A,10B 'awos900':21B 'cat':3A,7B 'file':18B 'gemz3ha1':2A 'mid':12B 'nguon':5A,9B,19B 'pba':20B 'ra':13B 'schneider':11B 'set':4A,8B 'soat':14B 'tb':1A",2026-07-17 01:20:13.233503+00
thiet_bi,d97f8e94-3c9a-4a9c-b1cc-949fbd273361,TB_7JF8N0XM,AC/DC converter,"Bộ chuyển đổi AC/DC MeanWell Ceilo 09 Ra soat 2026-07-11, file nguon: PBA_AWOS900",/thiet-bi/TB_7JF8N0XM,"'-07':15B '-11':16B '09':11B '2026':14B '7jf8n0xm':2A 'ac/dc':3A,8B 'awos900':20B 'bo':5B 'ceilo':10B 'chuyen':6B 'converter':4A 'doi':7B 'file':17B 'meanwell':9B 'nguon':18B 'pba':19B 'ra':12B 'soat':13B 'tb':1A",2026-07-17 01:20:13.233503+00
thiet_bi,d6750f32-6ba3-4fe3-b308-c8d62c676595,TB_NY44W524,Thiết bị cắt lọc sét 1 pha,"Thiết bị cắt lọc sét 1 pha nVent ERICO Trạm 27 Ra soat 2026-07-11, file nguon: PLK_IMS",/thiet-bi/TB_NY44W524,"'-07':24B '-11':25B '1':8A,15B '2026':23B '27':20B 'bi':4A,11B 'cat':5A,12B 'erico':18B 'file':26B 'ims':29B 'loc':6A,13B 'nguon':27B 'nvent':17B 'ny44w524':2A 'pha':9A,16B 'plk':28B 'ra':21B 'set':7A,14B 'soat':22B 'tb':1A 'thiet':3A,10B 'tram':19B",2026-07-17 01:20:13.233503+00
thiet_bi,0e9e6296-d26f-4b9b-a79a-1f4f18f06964,TB_13ZART4W,Cắt lọc sét nguồn AC,"Cắt sét nguồn 220VAC -  UHF Schneider Trạm 35 Ra soat 2026-07-11, file nguon: BDKT_OPTIMET",/thiet-bi/TB_13ZART4W,"'-07':19B '-11':20B '13zart4w':2A '2026':18B '220vac':11B '35':15B 'ac':7A 'bdkt':23B 'cat':3A,8B 'file':21B 'loc':4A 'nguon':6A,10B,22B 'optimet':24B 'ra':16B 'schneider':13B 'set':5A,9B 'soat':17B 'tb':1A 'tram':14B 'uhf':12B",2026-07-16 03:53:31.441458+00
thiet_bi,1056ba1b-77ec-4d9b-b954-989df1e5533d,TB_2BJDT94B,Máy chủ Main,"YMER016623 Máy chủ Main Fujitsu PTB Đài KSKL CHU LAI Ra soat 2026-07-11, file nguon: CLA_IMS",/thiet-bi/TB_2BJDT94B,"'-07':19B '-11':20B '2026':18B '2bjdt94b':2A 'chu':4A,8B,14B 'cla':23B 'dai':12B 'file':21B 'fujitsu':10B 'ims':24B 'kskl':13B 'lai':15B 'main':5A,9B 'may':3A,7B 'nguon':22B 'ptb':11B 'ra':16B 'soat':17B 'tb':1A 'ymer016623':6B",2026-07-16 03:53:31.441458+00
trang,thiet-bi,,Thiết bị,Danh sách thiết bị,/thiet-bi,"'bi':2A,8B 'danh':3A,5B 'muc':4A 'sach':6B 'thiet':1A,7B",2026-07-14 20:55:06.470528+00
thiet_bi,7976ae21-2126-4dd9-99d9-81ff3937de71,TB_NWFEGB7B,Nhiệt ẩm biểu,"TCT Nhiệt ẩm biểu Lều khí tượng Ra soat 2026-07-11, file nguon: PBA_AWOS900",/thiet-bi/TB_NWFEGB7B,"'-07':16B '-11':17B '2026':15B 'am':4A,8B 'awos900':21B 'bieu':5A,9B 'file':18B 'khi':11B 'leu':10B 'nguon':19B 'nhiet':3A,7B 'nwfegb7b':2A 'pba':20B 'ra':13B 'soat':14B 'tb':1A 'tct':6B 'tuong':12B",2026-07-17 01:20:13.233503+00
thiet_bi,417c50a6-0991-42eb-bfab-1dd19bf62864,TB_60G6SC4C,Switch tích hợp cổng quang,"Switch tích hợp cổng quang Moxa Trạm 35 Ra soat 2026-07-11, file nguon: BDKT_OPTIMET",/thiet-bi/TB_60G6SC4C,"'-07':19B '-11':20B '2026':18B '35':15B '60g6sc4c':2A 'bdkt':23B 'cong':6A,11B 'file':21B 'hop':5A,10B 'moxa':13B 'nguon':22B 'optimet':24B 'quang':7A,12B 'ra':16B 'soat':17B 'switch':3A,8B 'tb':1A 'tich':4A,9B 'tram':14B",2026-07-16 03:53:31.441458+00
thiet_bi,c7e84dd9-c27d-4a22-a238-029d001ea428,TB_3DEJY4FS,Màn hình hiển thị số liệu độ - độ ẩm - khí áp,"Màn hình hiển thị số liệu Nhiệt-Ẩm-Áp VTD Phòng MET - Đài KSKL CHU LAI Ra soat 2026-07-11, file nguon: CLA_IMS",/thiet-bi/TB_3DEJY4FS,"'-07':34B '-11':35B '2026':33B '3dejy4fs':2A 'am':11A,22B 'ap':13A,23B 'chu':29B 'cla':38B 'dai':27B 'do':9A,10A 'file':36B 'hien':5A,16B 'hinh':4A,15B 'ims':39B 'khi':12A 'kskl':28B 'lai':30B 'lieu':8A,19B 'man':3A,14B 'met':26B 'nguon':37B 'nhiet':21B 'nhiet-am-ap':20B 'phong':25B 'ra':31B 'so':7A,18B 'soat':32B 'tb':1A 'thi':6A,17B 'vtd':24B",2026-07-16 03:53:31.441458+00
thiet_bi,fce10eb0-4660-4804-94b1-c836cc38d7ac,TB_FAJHCXJK,"Thiết bị đo độ cao chân mây (kèm theo phụ kiện lắp đặt, cáp tín hiệu, cáp bảo trì tiêu chuẩn).","Thiết bị đo độ cao chân mây (kèm theo phụ kiện lắp đặt, cáp tín hiệu, cáp bảo trì tiêu chuẩn) Vaisala Đề xuất: Khi có sự cố thì xuất kho Cty QLBMT thay thế sửa chữa | Hỏng hóc: 0 lần | VTDP: không | Niên hạn: Không",/thiet-bi/TB_FAJHCXJK,"'0':63B 'bao':20A,41B 'bi':4A,25B 'cao':7A,28B 'cap':16A,19A,37B,40B 'chan':8A,29B 'chua':60B 'chuan':23A,44B 'co':49B,51B 'cty':55B 'dat':15A,36B 'de':46B 'do':5A,6A,26B,27B 'fajhcxjk':2A 'han':68B 'hieu':18A,39B 'hoc':62B 'hong':61B 'kem':10A,31B 'khi':48B 'kho':54B 'khong':66B,69B 'kien':13A,34B 'lan':64B 'lap':14A,35B 'may':9A,30B 'nien':67B 'phu':12A,33B 'qlbmt':56B 'su':50B 'sua':59B 'tb':1A 'thay':57B 'the':58B 'theo':11A,32B 'thi':52B 'thiet':3A,24B 'tieu':22A,43B 'tin':17A,38B 'tri':21A,42B 'vaisala':45B 'vtdp':65B 'xuat':47B,53B",2026-07-17 01:20:13.233503+00
thiet_bi,976c3df2-2c85-4780-92a3-232790cb887d,TB_07EDF68V,"Thiết bị đo độ cao chân mây (kèm theo phụ kiện lắp đặt, cáp tín hiệu, cáp bảo trì tiêu chuẩn).","X1323864 / X1323861 Thiết bị đo độ cao chân mây (kèm theo phụ kiện lắp đặt, cáp tín hiệu, cáp bảo trì tiêu chuẩn) Vaisala Đề xuất: Khi có sự cố thì xuất kho Cty QLBMT thay thế sửa chữa | Hỏng hóc: 0 lần | VTDP: không | Niên hạn: Không",/thiet-bi/TB_07EDF68V,"'0':65B '07edf68v':2A 'bao':20A,43B 'bi':4A,27B 'cao':7A,30B 'cap':16A,19A,39B,42B 'chan':8A,31B 'chua':62B 'chuan':23A,46B 'co':51B,53B 'cty':57B 'dat':15A,38B 'de':48B 'do':5A,6A,28B,29B 'han':70B 'hieu':18A,41B 'hoc':64B 'hong':63B 'kem':10A,33B 'khi':50B 'kho':56B 'khong':68B,71B 'kien':13A,36B 'lan':66B 'lap':14A,37B 'may':9A,32B 'nien':69B 'phu':12A,35B 'qlbmt':58B 'su':52B 'sua':61B 'tb':1A 'thay':59B 'the':60B 'theo':11A,34B 'thi':54B 'thiet':3A,26B 'tieu':22A,45B 'tin':17A,40B 'tri':21A,44B 'vaisala':47B 'vtdp':67B 'x1323861':25B 'x1323864':24B 'xuat':49B,55B",2026-07-17 01:20:13.233503+00
thiet_bi,a59820ef-583d-4eab-8548-daf844d5f7e9,TB_44YJ2H0J,AC/DC converter,"Bộ chuyển đổi AC/DC MeanWell 09 Ra soat 2026-07-11, file nguon: PBA_AWOS900",/thiet-bi/TB_44YJ2H0J,"'-07':14B '-11':15B '09':10B '2026':13B '44yj2h0j':2A 'ac/dc':3A,8B 'awos900':19B 'bo':5B 'chuyen':6B 'converter':4A 'doi':7B 'file':16B 'meanwell':9B 'nguon':17B 'pba':18B 'ra':11B 'soat':12B 'tb':1A",2026-07-17 01:20:13.233503+00
thiet_bi,6e754365-08cf-4deb-93e2-98d13d74a155,TB_N7ZGZR5Q,Cắt lọc sét AC đèn cao không,"Cắt lọc sét AC đèn cao không nVent ERICO Trạm 35 Ra soat 2026-07-11, file nguon: BDKT_OPTIMET",/thiet-bi/TB_N7ZGZR5Q,"'-07':24B '-11':25B '2026':23B '35':20B 'ac':6A,13B 'bdkt':28B 'cao':8A,15B 'cat':3A,10B 'den':7A,14B 'erico':18B 'file':26B 'khong':9A,16B 'loc':4A,11B 'n7zgzr5q':2A 'nguon':27B 'nvent':17B 'optimet':29B 'ra':21B 'set':5A,12B 'soat':22B 'tb':1A 'tram':19B",2026-07-16 03:53:31.441458+00
thiet_bi,f1ed0314-5ad0-4050-8247-ca92ae46c8c9,TB_T36D7KN5,Thiết bị chuyển đổi quang/điện,"Bộ chuyển đổi tín hiệu 485/fiber 3Onedata Phòng thiết bị Ra soat 2026-07-11, file nguon: PLK_IMS",/thiet-bi/TB_T36D7KN5,"'-07':21B '-11':22B '2026':20B '3onedata':14B '485/fiber':13B 'bi':4A,17B 'bo':8B 'chuyen':5A,9B 'doi':6A,10B 'file':23B 'hieu':12B 'ims':26B 'nguon':24B 'phong':15B 'plk':25B 'quang/dien':7A 'ra':18B 'soat':19B 't36d7kn5':2A 'tb':1A 'thiet':3A,16B 'tin':11B",2026-07-16 03:53:31.441458+00
thiet_bi,6cb8131a-2894-4fb8-b212-32e55fe7b7a1,TB_SPA79AVZ,AC/DC converter,"Bộ chuyển đổi AC/DC MeanWell 27 Ra soat 2026-07-11, file nguon: PBA_AWOS900",/thiet-bi/TB_SPA79AVZ,"'-07':14B '-11':15B '2026':13B '27':10B 'ac/dc':3A,8B 'awos900':19B 'bo':5B 'chuyen':6B 'converter':4A 'doi':7B 'file':16B 'meanwell':9B 'nguon':17B 'pba':18B 'ra':11B 'soat':12B 'spa79avz':2A 'tb':1A",2026-07-17 01:20:13.233503+00
thiet_bi,004ee92a-4c3f-468a-ab96-619ffdc6ec18,TB_1R57VMCH,Bộ Charger -UHF,"SC49OWO561 Nguồn AC/DC MeanWell Trạm  32 Ra soat 2026-07-11, file nguon: CLA_IMS",/thiet-bi/TB_1R57VMCH,"'-07':15B '-11':16B '1r57vmch':2A '2026':14B '32':11B 'ac/dc':8B 'bo':3A 'charger':4A 'cla':19B 'file':17B 'ims':20B 'meanwell':9B 'nguon':7B,18B 'ra':12B 'sc49owo561':6B 'soat':13B 'tb':1A 'tram':10B 'uhf':5A",2026-07-17 01:20:13.233503+00
thiet_bi,10b94cec-f201-4c96-82ea-0efb9981a6ed,TB_JMHW09Q3,Adapter AC/DC 12V MDR-60-12,Adapter AC/DC 12V MDR-60-12 MEAN WELL Hỏng hóc: 0 lần | Tình trạng: Khai thác bình thường | VTDP: Không có VTDP | Niên hạn: Không,/thiet-bi/TB_JMHW09Q3,"'-12':8A,14B '-60':7A,13B '0':19B '12v':5A,11B 'ac/dc':4A,10B 'adapter':3A,9B 'binh':25B 'co':29B 'han':32B 'hoc':18B 'hong':17B 'jmhw09q3':2A 'khai':23B 'khong':28B,33B 'lan':20B 'mdr':6A,12B 'mean':15B 'nien':31B 'tb':1A 'thac':24B 'thuong':26B 'tinh':21B 'trang':22B 'vtdp':27B,30B 'well':16B",2026-07-17 01:20:13.233503+00
thiet_bi,0ee7e1a3-c6b3-47b4-a20e-3788d29d3fa3,TB_2B5DSX2T,AC/DC converter,"Tủ DC Bộ chuyển đổi AC/DC MeanWell Mid Ra soat 2026-07-11, file nguon: PBA_AWOS900",/thiet-bi/TB_2B5DSX2T,"'-07':16B '-11':17B '2026':15B '2b5dsx2t':2A 'ac/dc':3A,10B 'awos900':21B 'bo':7B 'chuyen':8B 'converter':4A 'dc':6B 'doi':9B 'file':18B 'meanwell':11B 'mid':12B 'nguon':19B 'pba':20B 'ra':13B 'soat':14B 'tb':1A 'tu':5B",2026-07-17 01:20:13.233503+00
thiet_bi,51d68109-a592-41c8-9f0a-00ca6838140c,TB_5B375DBP,Chống sét đường tín hiệu RS232,"Chống sét đường tín hiệu RS232 Citel 09 Ra soat 2026-07-11, file nguon: PBA_AWOS900",/thiet-bi/TB_5B375DBP,"'-07':20B '-11':21B '09':16B '2026':19B '5b375dbp':2A 'awos900':25B 'chong':3A,9B 'citel':15B 'duong':5A,11B 'file':22B 'hieu':7A,13B 'nguon':23B 'pba':24B 'ra':17B 'rs232':8A,14B 'set':4A,10B 'soat':18B 'tb':1A 'tin':6A,12B",2026-07-17 01:20:13.233503+00
thiet_bi,e07a12cb-8d48-4520-b3df-221193c84406,TB_9FGN4YHX,Chống sét đường tín hiệu,"Chống sét đường tín hiệu AT3W Phòng thiết bị Ra soat 2026-07-11, file nguon: PLK_IMS",/thiet-bi/TB_9FGN4YHX,"'-07':20B '-11':21B '2026':19B '9fgn4yhx':2A 'at3w':13B 'bi':16B 'chong':3A,8B 'duong':5A,10B 'file':22B 'hieu':7A,12B 'ims':25B 'nguon':23B 'phong':14B 'plk':24B 'ra':17B 'set':4A,9B 'soat':18B 'tb':1A 'thiet':15B 'tin':6A,11B",2026-07-16 03:53:31.441458+00
thiet_bi,e556e69e-1cbd-41b0-95a7-21388e53bc83,TB_S5PV16DY,Sensor đo tầm nhìn 6498-V,"E3680 Sensor đo tầm nhìn 6498-V All Weather, Inc. (ADB SAFEGATE) Trạm khí tượng Đề xuất: Không | Hỏng hóc: 0 lần | Tình trạng: Hoạt động bình thường | VTDP: Có VTDP trong kho | Niên hạn: Không",/thiet-bi/TB_S5PV16DY,"'0':29B '6498':7A,14B 'adb':19B 'all':16B 'binh':35B 'co':38B 'de':24B 'do':4A,11B 'dong':34B 'e3680':9B 'han':43B 'hoat':33B 'hoc':28B 'hong':27B 'inc':18B 'khi':22B 'kho':41B 'khong':26B,44B 'lan':30B 'nhin':6A,13B 'nien':42B 's5pv16dy':2A 'safegate':20B 'sensor':3A,10B 'tam':5A,12B 'tb':1A 'thuong':36B 'tinh':31B 'tram':21B 'trang':32B 'trong':40B 'tuong':23B 'v':8A,15B 'vtdp':37B,39B 'weather':17B 'xuat':25B",2026-07-16 03:53:31.441458+00
thiet_bi,2f3561d8-5c56-4749-ada3-a51e3966273f,TB_FG0HQKEA,Chống sét đường tín hiệu RS232,"Chống sét đường tín hiệu RS232 Citel 27 Ra soat 2026-07-11, file nguon: PBA_AWOS900",/thiet-bi/TB_FG0HQKEA,"'-07':20B '-11':21B '2026':19B '27':16B 'awos900':25B 'chong':3A,9B 'citel':15B 'duong':5A,11B 'fg0hqkea':2A 'file':22B 'hieu':7A,13B 'nguon':23B 'pba':24B 'ra':17B 'rs232':8A,14B 'set':4A,10B 'soat':18B 'tb':1A 'tin':6A,12B",2026-07-17 01:20:13.233503+00
thiet_bi,e1bda835-d0ab-4789-9646-ea8ac75154f3,TB_J83EWMN5,Adapter AC/DC 12V MDR-60-12,Adapter AC/DC 12V MDR-60-12 MEAN WELL Hỏng hóc: 0 lần | Tình trạng: Khai thác bình thường | VTDP: Không có VTDP | Niên hạn: Không,/thiet-bi/TB_J83EWMN5,"'-12':8A,14B '-60':7A,13B '0':19B '12v':5A,11B 'ac/dc':4A,10B 'adapter':3A,9B 'binh':25B 'co':29B 'han':32B 'hoc':18B 'hong':17B 'j83ewmn5':2A 'khai':23B 'khong':28B,33B 'lan':20B 'mdr':6A,12B 'mean':15B 'nien':31B 'tb':1A 'thac':24B 'thuong':26B 'tinh':21B 'trang':22B 'vtdp':27B,30B 'well':16B",2026-07-17 01:20:13.233503+00
thiet_bi,9e6289f9-4de0-4e29-be1c-c45f8c4ca81a,TB_JJQGEX0J,Switch Cisco 24 port,"Switch Cisco 24 port Cisco Phòng thiết bị Ra soat 2026-07-11, file nguon: PLK_IMS",/thiet-bi/TB_JJQGEX0J,"'-07':18B '-11':19B '2026':17B '24':5A,9B 'bi':14B 'cisco':4A,8B,11B 'file':20B 'ims':23B 'jjqgex0j':2A 'nguon':21B 'phong':12B 'plk':22B 'port':6A,10B 'ra':15B 'soat':16B 'switch':3A,7B 'tb':1A 'thiet':13B",2026-07-16 03:53:31.441458+00
thiet_bi,85af6699-63a5-4336-aaad-8442868ffe7c,TB_X8JAN4HV,Switch Cisco 24 port,"Switch Cisco 24 port Cisco Phòng thiết bị Ra soat 2026-07-11, file nguon: PLK_IMS",/thiet-bi/TB_X8JAN4HV,"'-07':18B '-11':19B '2026':17B '24':5A,9B 'bi':14B 'cisco':4A,8B,11B 'file':20B 'ims':23B 'nguon':21B 'phong':12B 'plk':22B 'port':6A,10B 'ra':15B 'soat':16B 'switch':3A,7B 'tb':1A 'thiet':13B 'x8jan4hv':2A",2026-07-16 03:53:31.441458+00
thiet_bi,09a1959a-cc5e-44e2-8fd0-ef6786dbd91a,TB_85YJTNJ6,Hub 3Onedata,"Hub 3Onedata 3Onedata Trạm MID Ra soat 2026-07-11, file nguon: BDKT_OPTIMET",/thiet-bi/TB_85YJTNJ6,"'-07':13B '-11':14B '2026':12B '3onedata':4A,6B,7B '85yjtnj6':2A 'bdkt':17B 'file':15B 'hub':3A,5B 'mid':9B 'nguon':16B 'optimet':18B 'ra':10B 'soat':11B 'tb':1A 'tram':8B",2026-07-17 01:20:13.233503+00
thiet_bi,322c5b01-9e65-4a6b-adbe-db654306ec68,TB_CS2WMHPH,Chống sét đường tín hiệu RS232,"Chống sét đường tín hiệu RS232 Citel Mid Ra soat 2026-07-11, file nguon: PBA_AWOS900",/thiet-bi/TB_CS2WMHPH,"'-07':20B '-11':21B '2026':19B 'awos900':25B 'chong':3A,9B 'citel':15B 'cs2wmhph':2A 'duong':5A,11B 'file':22B 'hieu':7A,13B 'mid':16B 'nguon':23B 'pba':24B 'ra':17B 'rs232':8A,14B 'set':4A,10B 'soat':18B 'tb':1A 'tin':6A,12B",2026-07-17 01:20:13.233503+00
thiet_bi,fb920c61-c016-4c2c-a19c-876ccf15ebc8,TB_ZBVX6KHX,Thiết bị Serial to Ethernet,"Converter Nport IA5250 Moxa QUANG-15 Ra soat 2026-07-11, file nguon: PCA_IMS",/thiet-bi/TB_ZBVX6KHX,'-07':17B '-11':18B '-15':13B '2026':16B 'bi':4A 'converter':8B 'ethernet':7A 'file':19B 'ia5250':10B 'ims':22B 'moxa':11B 'nguon':20B 'nport':9B 'pca':21B 'quang':12B 'ra':14B 'serial':5A 'soat':15B 'tb':1A 'thiet':3A 'to':6A 'zbvx6khx':2A,2026-07-17 01:20:13.233503+00
thiet_bi,c2d27132-4ac4-4e9b-bb0c-971cc36f468e,TB_6B97KC41,Chống sét giao tiếp Ethernet-UHF,"Chống sét giao tiếp Ethernet-UHF Citel Trạm 32 Ra soat 2026-07-11, file nguon: CLA_IMS",/thiet-bi/TB_6B97KC41,"'-07':23B '-11':24B '2026':22B '32':19B '6b97kc41':2A 'chong':3A,10B 'citel':17B 'cla':27B 'ethernet':8A,15B 'ethernet-uhf':7A,14B 'file':25B 'giao':5A,12B 'ims':28B 'nguon':26B 'ra':20B 'set':4A,11B 'soat':21B 'tb':1A 'tiep':6A,13B 'tram':18B 'uhf':9A,16B",2026-07-16 03:53:31.441458+00
thiet_bi,f65bbb94-58c2-4ca2-8673-09d4f882eeff,TB_0B55QZBF,8 port 10/100 Ethernet. 4 port 10/100/1000 Ethernet,"FOC1815Y4ZD Cisco Catalyst 2960-C Cisco P.Thiết bị Nhà sản xuất nguồn: Cisco, China; chuẩn hóa: Cisco; Vật tư dự phòng: Không; Hỏng hóc: 0 lần; Tình trạng nguồn: Hoạt động bình thường; Đề xuất: Có kế hoạch thay mới do thiết bị quá niên hạn sử dụng; STT nguồn: 5.3; thời gian sử dụng: 12 năm.",/thiet-bi/TB_0B55QZBF,"'0':35B '0b55qzbf':2A '10/100':5A '10/100/1000':9A '12':66B '2960':14B '4':7A '5.3':61B '8':3A 'bi':18B,53B 'binh':42B 'c':15B 'catalyst':13B 'china':24B 'chuan':25B 'cisco':12B,16B,23B,27B 'co':46B 'de':44B 'do':51B 'dong':41B 'du':30B 'dung':58B,65B 'ethernet':6A,10A 'foc1815y4zd':11B 'gian':63B 'han':56B 'hoa':26B 'hoach':48B 'hoat':40B 'hoc':34B 'hong':33B 'ke':47B 'khong':32B 'lan':36B 'moi':50B 'nam':67B 'nguon':22B,39B,60B 'nha':19B 'nien':55B 'p.thiet':17B 'phong':31B 'port':4A,8A 'qua':54B 'san':20B 'stt':59B 'su':57B,64B 'tb':1A 'thay':49B 'thiet':52B 'thoi':62B 'thuong':43B 'tinh':37B 'trang':38B 'tu':29B 'vat':28B 'xuat':21B,45B",2026-07-16 03:53:31.441458+00
thiet_bi,ae49f502-cb34-4eb0-8355-72a8a1fa3712,TB_1TYTR10D,Switch,"Switch tích hợp cổng quang Moxa UHF-15 Ra soat 2026-07-11, file nguon: PCA_IMS",/thiet-bi/TB_1TYTR10D,"'-07':15B '-11':16B '-15':11B '1tytr10d':2A '2026':14B 'cong':7B 'file':17B 'hop':6B 'ims':20B 'moxa':9B 'nguon':18B 'pca':19B 'quang':8B 'ra':12B 'soat':13B 'switch':3A,4B 'tb':1A 'tich':5B 'uhf':10B",2026-07-17 01:20:13.233503+00
thiet_bi,caa46e54-5e6b-4baf-9060-06478560a13a,TB_RWRNXBH8,Switch,"Switch tích hợp cổng quang Moxa UHF-33 Ra soat 2026-07-11, file nguon: PCA_IMS",/thiet-bi/TB_RWRNXBH8,"'-07':15B '-11':16B '-33':11B '2026':14B 'cong':7B 'file':17B 'hop':6B 'ims':20B 'moxa':9B 'nguon':18B 'pca':19B 'quang':8B 'ra':12B 'rwrnxbh8':2A 'soat':13B 'switch':3A,4B 'tb':1A 'tich':5B 'uhf':10B",2026-07-17 01:20:13.233503+00
thiet_bi,7a43bdca-f080-4274-8c6f-9fcd5a94f50d,TB_Q93PW4JB,Media Converter,"Media Converter Moxa Ceilo 09 Ra soat 2026-07-11, file nguon: PBA_AWOS900",/thiet-bi/TB_Q93PW4JB,"'-07':13B '-11':14B '09':9B '2026':12B 'awos900':18B 'ceilo':8B 'converter':4A,6B 'file':15B 'media':3A,5B 'moxa':7B 'nguon':16B 'pba':17B 'q93pw4jb':2A 'ra':10B 'soat':11B 'tb':1A",2026-07-17 01:20:13.233503+00
thiet_bi,44e423d2-1f78-4620-8f9d-96c1419efcab,TB_CD7TAH0J,Media Converter,"Tủ DC(DCP-Server) Media Converter Moxa 09 Ra soat 2026-07-11, file nguon: PBA_AWOS900",/thiet-bi/TB_CD7TAH0J,"'-07':17B '-11':18B '09':13B '2026':16B 'awos900':22B 'cd7tah0j':2A 'converter':4A,11B 'dc':6B 'dcp':8B 'dcp-server':7B 'file':19B 'media':3A,10B 'moxa':12B 'nguon':20B 'pba':21B 'ra':14B 'server':9B 'soat':15B 'tb':1A 'tu':5B",2026-07-17 01:20:13.233503+00
thiet_bi,9c7f7445-ad3e-430e-92ad-2416b0ec101e,TB_W3YB7DAZ,Bộ chuyển đổi tín hiệu RS232-Fiber,"Bộ chuyển đổi tín hiệu RS232-Fiber Moxa Trạm 27 Ra soat 2026-07-11, file nguon: PLK_IMS",/thiet-bi/TB_W3YB7DAZ,"'-07':25B '-11':26B '2026':24B '27':21B 'bo':3A,11B 'chuyen':4A,12B 'doi':5A,13B 'fiber':10A,18B 'file':27B 'hieu':7A,15B 'ims':30B 'moxa':19B 'nguon':28B 'plk':29B 'ra':22B 'rs232':9A,17B 'rs232-fiber':8A,16B 'soat':23B 'tb':1A 'tin':6A,14B 'tram':20B 'w3yb7daz':2A",2026-07-17 01:20:13.233503+00
thiet_bi,0935036d-08ac-4da3-b51d-c0a3a521edde,TB_ZCT73347,Bộ chuyển đổi tín hiệu RS232-Fiber,"Bộ chuyển đổi tín hiệu RS232-Fiber Moxa Trạm 27 Ra soat 2026-07-11, file nguon: PLK_IMS",/thiet-bi/TB_ZCT73347,"'-07':25B '-11':26B '2026':24B '27':21B 'bo':3A,11B 'chuyen':4A,12B 'doi':5A,13B 'fiber':10A,18B 'file':27B 'hieu':7A,15B 'ims':30B 'moxa':19B 'nguon':28B 'plk':29B 'ra':22B 'rs232':9A,17B 'rs232-fiber':8A,16B 'soat':23B 'tb':1A 'tin':6A,14B 'tram':20B 'zct73347':2A",2026-07-17 01:20:13.233503+00
thiet_bi,556ede66-d156-4967-95f0-ddf90839c4fc,TB_WFCGMXH7,Chống sét RF  - UHF,"Chống sét - UHF Citel Trạm 32 Ra soat 2026-07-11, file nguon: CLA_IMS",/thiet-bi/TB_WFCGMXH7,"'-07':16B '-11':17B '2026':15B '32':12B 'chong':3A,7B 'citel':10B 'cla':20B 'file':18B 'ims':21B 'nguon':19B 'ra':13B 'rf':5A 'set':4A,8B 'soat':14B 'tb':1A 'tram':11B 'uhf':6A,9B 'wfcgmxh7':2A",2026-07-16 03:53:31.441458+00
thiet_bi,6de40add-8f1b-4025-9c76-fe8ac6b1147b,TB_P1WYXD9M,Chống sét đường dữ liệu RS-232,"Chống sét đường dữ liệu RS-232 AT3W Trạm 32 Ra soat 2026-07-11, file nguon: CLA_IMS",/thiet-bi/TB_P1WYXD9M,"'-07':23B '-11':24B '-232':9A,16B '2026':22B '32':19B 'at3w':17B 'chong':3A,10B 'cla':27B 'du':6A,13B 'duong':5A,12B 'file':25B 'ims':28B 'lieu':7A,14B 'nguon':26B 'p1wyxd9m':2A 'ra':20B 'rs':8A,15B 'set':4A,11B 'soat':21B 'tb':1A 'tram':18B",2026-07-16 03:53:31.441458+00
thiet_bi,bd9555c3-af0c-4a43-9725-9a9b16f25f45,TB_9ZRWKNZ2,Cắt sét nguồn 220VAC -  UHF,"Cắt sét nguồn 220VAC -  UHF Schneider Trạm 32 Ra soat 2026-07-11, file nguon: CLA_IMS",/thiet-bi/TB_9ZRWKNZ2,"'-07':19B '-11':20B '2026':18B '220vac':6A,11B '32':15B '9zrwknz2':2A 'cat':3A,8B 'cla':23B 'file':21B 'ims':24B 'nguon':5A,10B,22B 'ra':16B 'schneider':13B 'set':4A,9B 'soat':17B 'tb':1A 'tram':14B 'uhf':7A,12B",2026-07-16 03:53:31.441458+00
thiet_bi,9e58852a-b8be-449f-9361-0fe82b6a3da3,TB_1A8KHV04,Cắt lọc sét nguồn AC - Tủ thiết bị,"Thiết bị cắt lọc sét 1 pha nVent ERICO Trạm 32 Ra soat 2026-07-11, file nguon: CLA_IMS",/thiet-bi/TB_1A8KHV04,"'-07':25B '-11':26B '1':16B '1a8khv04':2A '2026':24B '32':21B 'ac':7A 'bi':10A,12B 'cat':3A,13B 'cla':29B 'erico':19B 'file':27B 'ims':30B 'loc':4A,14B 'nguon':6A,28B 'nvent':18B 'pha':17B 'ra':22B 'set':5A,15B 'soat':23B 'tb':1A 'thiet':9A,11B 'tram':20B 'tu':8A",2026-07-16 03:53:31.441458+00
thiet_bi,3ed7b0a6-ff84-4520-8a14-78b2aa13ddc1,TB_AXAHS7JV,Bộ chuyển đổi tín hiệu RS232-Fiber,"Bộ chuyển đổi tín hiệu RS232-Fiber Moxa Trạm MID Ra soat 2026-07-11, file nguon: PLK_IMS",/thiet-bi/TB_AXAHS7JV,"'-07':25B '-11':26B '2026':24B 'axahs7jv':2A 'bo':3A,11B 'chuyen':4A,12B 'doi':5A,13B 'fiber':10A,18B 'file':27B 'hieu':7A,15B 'ims':30B 'mid':21B 'moxa':19B 'nguon':28B 'plk':29B 'ra':22B 'rs232':9A,17B 'rs232-fiber':8A,16B 'soat':23B 'tb':1A 'tin':6A,14B 'tram':20B",2026-07-17 01:20:13.233503+00
thiet_bi,7d34abeb-96c8-4dfd-ae1e-57e6734be3f8,TB_QADKKBFF,Bộ chuyển đổi tín hiệu RS232-Fiber,"Bộ chuyển đổi tín hiệu RS232-Fiber Moxa Trạm MID Ra soat 2026-07-11, file nguon: PLK_IMS",/thiet-bi/TB_QADKKBFF,"'-07':25B '-11':26B '2026':24B 'bo':3A,11B 'chuyen':4A,12B 'doi':5A,13B 'fiber':10A,18B 'file':27B 'hieu':7A,15B 'ims':30B 'mid':21B 'moxa':19B 'nguon':28B 'plk':29B 'qadkkbff':2A 'ra':22B 'rs232':9A,17B 'rs232-fiber':8A,16B 'soat':23B 'tb':1A 'tin':6A,14B 'tram':20B",2026-07-17 01:20:13.233503+00
thiet_bi,83a741d5-99d3-48ca-85e0-a96a9f2e4526,TB_WHHA09HK,Thiết bị chuyển đổi Serial/Ethernet,"TBDHE1024162 Converter Nport IA5250 Moxa Trạm 14 AMS Ra soat 2026-07-11, file nguon: CLA_IMS",/thiet-bi/TB_WHHA09HK,'-07':19B '-11':20B '14':14B '2026':18B 'ams':15B 'bi':4A 'chuyen':5A 'cla':23B 'converter':9B 'doi':6A 'file':21B 'ia5250':11B 'ims':24B 'moxa':12B 'nguon':22B 'nport':10B 'ra':16B 'serial/ethernet':7A 'soat':17B 'tb':1A 'tbdhe1024162':8B 'thiet':3A 'tram':13B 'whha09hk':2A,2026-07-16 03:53:31.441458+00
thiet_bi,6db46895-01d3-43fe-a1ae-8d15460e4c4e,TB_33ZZSEYS,Bộ chuyển đổi tín hiệu RS232-Fiber,"Bộ chuyển đổi tín hiệu RS232-Fiber Moxa Trạm MID Ra soat 2026-07-11, file nguon: PLK_IMS",/thiet-bi/TB_33ZZSEYS,"'-07':25B '-11':26B '2026':24B '33zzseys':2A 'bo':3A,11B 'chuyen':4A,12B 'doi':5A,13B 'fiber':10A,18B 'file':27B 'hieu':7A,15B 'ims':30B 'mid':21B 'moxa':19B 'nguon':28B 'plk':29B 'ra':22B 'rs232':9A,17B 'rs232-fiber':8A,16B 'soat':23B 'tb':1A 'tin':6A,14B 'tram':20B",2026-07-17 01:20:13.233503+00
thiet_bi,7d41d81d-7866-412f-9b8f-3aa98d74192d,TB_EH5F5W13,Bộ chuyển đổi tín hiệu RS232-Fiber,"Bộ chuyển đổi tín hiệu RS232-Fiber Moxa Trạm MID Ra soat 2026-07-11, file nguon: PLK_IMS",/thiet-bi/TB_EH5F5W13,"'-07':25B '-11':26B '2026':24B 'bo':3A,11B 'chuyen':4A,12B 'doi':5A,13B 'eh5f5w13':2A 'fiber':10A,18B 'file':27B 'hieu':7A,15B 'ims':30B 'mid':21B 'moxa':19B 'nguon':28B 'plk':29B 'ra':22B 'rs232':9A,17B 'rs232-fiber':8A,16B 'soat':23B 'tb':1A 'tin':6A,14B 'tram':20B",2026-07-17 01:20:13.233503+00
thiet_bi,97a3d6fe-e8e9-46f8-9e30-eb681f9db0b8,TB_WGE8HSHX,Bộ chuyển đổi tín hiệu RS232-Fiber,"Bộ chuyển đổi tín hiệu RS232-Fiber Moxa Trạm MID Ra soat 2026-07-11, file nguon: PLK_IMS",/thiet-bi/TB_WGE8HSHX,"'-07':25B '-11':26B '2026':24B 'bo':3A,11B 'chuyen':4A,12B 'doi':5A,13B 'fiber':10A,18B 'file':27B 'hieu':7A,15B 'ims':30B 'mid':21B 'moxa':19B 'nguon':28B 'plk':29B 'ra':22B 'rs232':9A,17B 'rs232-fiber':8A,16B 'soat':23B 'tb':1A 'tin':6A,14B 'tram':20B 'wge8hshx':2A",2026-07-17 01:20:13.233503+00
thiet_bi,993ca794-8c07-4fa6-8807-9fd30526bbf1,TB_000ZM3XS,Bộ chuyển đổi tín hiệu RS232-Fiber,"Bộ chuyển đổi tín hiệu RS232-Fiber Moxa Trạm 09 Ra soat 2026-07-11, file nguon: PLK_IMS",/thiet-bi/TB_000ZM3XS,"'-07':25B '-11':26B '000zm3xs':2A '09':21B '2026':24B 'bo':3A,11B 'chuyen':4A,12B 'doi':5A,13B 'fiber':10A,18B 'file':27B 'hieu':7A,15B 'ims':30B 'moxa':19B 'nguon':28B 'plk':29B 'ra':22B 'rs232':9A,17B 'rs232-fiber':8A,16B 'soat':23B 'tb':1A 'tin':6A,14B 'tram':20B",2026-07-17 01:20:13.233503+00
thiet_bi,87b8ed93-b121-4a27-8b9b-222e653be45e,TB_XAYAQ67A,Bộ chuyển đổi tín hiệu RS232-Fiber,"Bộ chuyển đổi tín hiệu RS232-Fiber Moxa Trạm 09 Ra soat 2026-07-11, file nguon: PLK_IMS",/thiet-bi/TB_XAYAQ67A,"'-07':25B '-11':26B '09':21B '2026':24B 'bo':3A,11B 'chuyen':4A,12B 'doi':5A,13B 'fiber':10A,18B 'file':27B 'hieu':7A,15B 'ims':30B 'moxa':19B 'nguon':28B 'plk':29B 'ra':22B 'rs232':9A,17B 'rs232-fiber':8A,16B 'soat':23B 'tb':1A 'tin':6A,14B 'tram':20B 'xayaq67a':2A",2026-07-17 01:20:13.233503+00
thiet_bi,f63c4bc3-5869-46f3-b3d2-d0e26a6fb0e5,TB_88589TCK,Thiết bị mạng kết nối các máy chủ và các máy tính đầu cuối (gồm 02 bộ Switch),- DNI285102JC (T22) / - DNI274502AC (T22) Thiết bị mạng kết nối các máy chủ và các máy tính đầu cuối (gồm 02 bộ Switch) Đề xuất: Khi có sự cố thì xuất kho Cty QLBMT thay thế sửa chữa | Hỏng hóc: 0 lần | VTDP: không | Niên hạn: Không,/thiet-bi/TB_88589TCK,"'0':60B '02':18A,40B '88589tck':2A 'bi':4A,26B 'bo':19A,41B 'cac':8A,12A,30B,34B 'chu':10A,32B 'chua':57B 'co':46B,48B 'cty':52B 'cuoi':16A,38B 'dau':15A,37B 'de':43B 'dni274502ac':23B 'dni285102jc':21B 'gom':17A,39B 'han':65B 'hoc':59B 'hong':58B 'ket':6A,28B 'khi':45B 'kho':51B 'khong':63B,66B 'lan':61B 'mang':5A,27B 'may':9A,13A,31B,35B 'nien':64B 'noi':7A,29B 'qlbmt':53B 'su':47B 'sua':56B 'switch':20A,42B 't22':22B,24B 'tb':1A 'thay':54B 'the':55B 'thi':49B 'thiet':3A,25B 'tinh':14A,36B 'va':11A,33B 'vtdp':62B 'xuat':44B,50B",2026-07-17 01:20:13.233503+00
thiet_bi,609a968c-4311-433a-bc08-3f08f86b99f5,TB_KHKFTJFV,"CPU core i5 10500, 3.1Ghz, RAM 8GB","4CE1203V2T CPU core i5 10500, 3.1Ghz, RAM 8GB HP TWR - Đài KSKL CHU LAI Ra soat 2026-07-11, file nguon: CLA_IMS",/thiet-bi/TB_KHKFTJFV,"'-07':29B '-11':30B '10500':6A,15B '2026':28B '3.1':7A,16B '4ce1203v2t':11B '8gb':10A,19B 'chu':24B 'cla':33B 'core':4A,13B 'cpu':3A,12B 'dai':22B 'file':31B 'ghz':8A,17B 'hp':20B 'i5':5A,14B 'ims':34B 'khkftjfv':2A 'kskl':23B 'lai':25B 'nguon':32B 'ra':26B 'ram':9A,18B 'soat':27B 'tb':1A 'twr':21B",2026-07-17 01:20:13.233503+00
thiet_bi,90aeb1df-8b84-4724-9451-529494129ef1,TB_SGCKYNJN,Cắt sét nguồn 220VAC -  UHF,"Cắt sét nguồn 220VAC -  UHF Schneider Trạm trần mây 32 Ra soat 2026-07-11, file nguon: CLA_IMS",/thiet-bi/TB_SGCKYNJN,"'-07':21B '-11':22B '2026':20B '220vac':6A,11B '32':17B 'cat':3A,8B 'cla':25B 'file':23B 'ims':26B 'may':16B 'nguon':5A,10B,24B 'ra':18B 'schneider':13B 'set':4A,9B 'sgckynjn':2A 'soat':19B 'tb':1A 'tram':14B 'tran':15B 'uhf':7A,12B",2026-07-16 03:53:31.441458+00
thiet_bi,d9293cec-c8ae-4f4a-9815-e0658ed52d26,TB_YSQ9CERV,"CPU core i5 8400, 2.8Ghz, RAM 4GB","CPU core i5 8400, 2.8Ghz, RAM 4GB HP TWR - Đài KSKL CHU LAI Ra soat 2026-07-11, file nguon: CLA_IMS",/thiet-bi/TB_YSQ9CERV,"'-07':28B '-11':29B '2.8':7A,15B '2026':27B '4gb':10A,18B '8400':6A,14B 'chu':23B 'cla':32B 'core':4A,12B 'cpu':3A,11B 'dai':21B 'file':30B 'ghz':8A,16B 'hp':19B 'i5':5A,13B 'ims':33B 'kskl':22B 'lai':24B 'nguon':31B 'ra':25B 'ram':9A,17B 'soat':26B 'tb':1A 'twr':20B 'ysq9cerv':2A",2026-07-17 01:20:13.233503+00
thiet_bi,76857453-00d8-4e04-8fdb-c5391d8c2452,TB_9KHGGB8G,Sensor đo nhiệt độ HMP155D,S4950822 2020 Sensor đo nhiệt độ HMP155D VAISALA Trạm khí tượng Đề xuất: Không | Hỏng hóc: không | Tình trạng: Hoạt động bình thường | VTDP: Còn dự phòng 2 sensor trong kho sử dụng chung cho các hệ thống AWOS | Niên hạn: Quá niên hạn,/thiet-bi/TB_9KHGGB8G,"'2':35B '2020':9B '9khggb8g':2A 'awos':46B 'binh':29B 'cac':43B 'cho':42B 'chung':41B 'con':32B 'de':19B 'do':4A,6A,11B,13B 'dong':28B 'du':33B 'dung':40B 'han':48B,51B 'he':44B 'hmp155d':7A,14B 'hoat':27B 'hoc':23B 'hong':22B 'khi':17B 'kho':38B 'khong':21B,24B 'nhiet':5A,12B 'nien':47B,50B 'phong':34B 'qua':49B 's4950822':8B 'sensor':3A,10B,36B 'su':39B 'tb':1A 'thong':45B 'thuong':30B 'tinh':25B 'tram':16B 'trang':26B 'trong':37B 'tuong':18B 'vaisala':15B 'vtdp':31B 'xuat':20B",2026-07-16 03:53:31.441458+00
thiet_bi,caa69f48-89d2-4f5d-b3dd-307b1dbc27f1,TB_JZMMCHYA,Màn hình hiển thị số liệu gió,"14000002948 Màn hình hiển thị số liệu gió Observator TWR - Đài KSKL CHU LAI Ra soat 2026-07-11, file nguon: CLA_IMS",/thiet-bi/TB_JZMMCHYA,"'-07':27B '-11':28B '14000002948':10B '2026':26B 'chu':22B 'cla':31B 'dai':20B 'file':29B 'gio':9A,17B 'hien':5A,13B 'hinh':4A,12B 'ims':32B 'jzmmchya':2A 'kskl':21B 'lai':23B 'lieu':8A,16B 'man':3A,11B 'nguon':30B 'observator':18B 'ra':24B 'so':7A,15B 'soat':25B 'tb':1A 'thi':6A,14B 'twr':19B",2026-07-17 01:20:13.233503+00
thiet_bi,f3b9aeeb-8b21-4e11-a8b8-217cafea92b2,TB_VEX1G8MB,Thiết bị chuyển đổi Serial/Fiber,"YBC0325000468 Thiết bị chuyển đổi Serial/Fiber 3Onedata TWR - Đài KSKL CHU LAI Ra soat 2026-07-11, file nguon: CLA_IMS",/thiet-bi/TB_VEX1G8MB,"'-07':23B '-11':24B '2026':22B '3onedata':14B 'bi':4A,10B 'chu':18B 'chuyen':5A,11B 'cla':27B 'dai':16B 'doi':6A,12B 'file':25B 'ims':28B 'kskl':17B 'lai':19B 'nguon':26B 'ra':20B 'serial/fiber':7A,13B 'soat':21B 'tb':1A 'thiet':3A,9B 'twr':15B 'vex1g8mb':2A 'ybc0325000468':8B",2026-07-17 01:20:13.233503+00
thiet_bi,ec46b67d-1711-446b-b3b1-467b683e0dde,TB_GMTEJZW6,Cắt lọc sét nguồn AC,"Cắt lọc sét nguồn AC Schneider AWS-33 Ra soat 2026-07-11, file nguon: PCA_IMS",/thiet-bi/TB_GMTEJZW6,"'-07':19B '-11':20B '-33':15B '2026':18B 'ac':7A,12B 'aws':14B 'cat':3A,8B 'file':21B 'gmtejzw6':2A 'ims':24B 'loc':4A,9B 'nguon':6A,11B,22B 'pca':23B 'ra':16B 'schneider':13B 'set':5A,10B 'soat':17B 'tb':1A",2026-07-17 01:20:13.233503+00
thiet_bi,853dfdc0-dc8c-46e2-b41e-9e456abd99d3,TB_EKB8C01R,Màn hình hiển thị số liệu độ - độ ẩm - khí áp,"Màn hình hiển thị số liệu Nhiệt-Ẩm-Áp VTD TWR - Đài KSKL CHU LAI Ra soat 2026-07-11, file nguon: CLA_IMS",/thiet-bi/TB_EKB8C01R,"'-07':33B '-11':34B '2026':32B 'am':11A,22B 'ap':13A,23B 'chu':28B 'cla':37B 'dai':26B 'do':9A,10A 'ekb8c01r':2A 'file':35B 'hien':5A,16B 'hinh':4A,15B 'ims':38B 'khi':12A 'kskl':27B 'lai':29B 'lieu':8A,19B 'man':3A,14B 'nguon':36B 'nhiet':21B 'nhiet-am-ap':20B 'ra':30B 'so':7A,18B 'soat':31B 'tb':1A 'thi':6A,17B 'twr':25B 'vtd':24B",2026-07-17 01:20:13.233503+00
thiet_bi,1f5b2b27-7a3e-42a8-8284-94751bd9d2d4,TB_M7M25KZV,Nguồn AC/DC,"Nguồn AC/DC MeanWell TWR - Đài KSKL CHU LAI Ra soat 2026-07-11, file nguon: CLA_IMS",/thiet-bi/TB_M7M25KZV,"'-07':16B '-11':17B '2026':15B 'ac/dc':4A,6B 'chu':11B 'cla':20B 'dai':9B 'file':18B 'ims':21B 'kskl':10B 'lai':12B 'm7m25kzv':2A 'meanwell':7B 'nguon':3A,5B,19B 'ra':13B 'soat':14B 'tb':1A 'twr':8B",2026-07-17 01:20:13.233503+00
thiet_bi,018b8d5a-9e6c-4fbd-828b-1e65dc38a526,TB_BFNZGQSX,Thiết bị chuyển đổi Serial/Fiber,"Thiết bị chuyển đổi Serial/Fiber 3Onedata TWR - Đài KSKL CHU LAI Ra soat 2026-07-11, file nguon: CLA_IMS",/thiet-bi/TB_BFNZGQSX,"'-07':22B '-11':23B '2026':21B '3onedata':13B 'bfnzgqsx':2A 'bi':4A,9B 'chu':17B 'chuyen':5A,10B 'cla':26B 'dai':15B 'doi':6A,11B 'file':24B 'ims':27B 'kskl':16B 'lai':18B 'nguon':25B 'ra':19B 'serial/fiber':7A,12B 'soat':20B 'tb':1A 'thiet':3A,8B 'twr':14B",2026-07-17 01:20:13.233503+00
trang,giay-phep,,Giấy phép khai thác,Quản lý giấy phép,/giay-phep,"'giay':1A,5B 'han':9B 'het':8B 'khai':3A 'phep':2A,6B 'sap':7B 'thac':4A",2026-07-14 20:55:06.470528+00
thiet_bi,a93ed061-1b2b-47da-9e7a-7fb193d583c1,TB_MY9D6X0Z,Khí áp kế,"V0821322 Cảm biến đo khí áp Vaisala TWR - Đài KSKL CHU LAI Ra soat 2026-07-11, file nguon: CLA_IMS",/thiet-bi/TB_MY9D6X0Z,"'-07':21B '-11':22B '2026':20B 'ap':4A,11B 'bien':8B 'cam':7B 'chu':16B 'cla':25B 'dai':14B 'do':9B 'file':23B 'ims':26B 'ke':5A 'khi':3A,10B 'kskl':15B 'lai':17B 'my9d6x0z':2A 'nguon':24B 'ra':18B 'soat':19B 'tb':1A 'twr':13B 'v0821322':6B 'vaisala':12B",2026-07-17 01:20:13.233503+00
thiet_bi,c5843656-37c6-43a6-92ba-013e2c4a6f83,TB_EARTYKKK,Chống sét đường tín hiệu RS232,"Chống sét đường tín hiệu RS232 Citel 09 Ra soat 2026-07-11, file nguon: PBA_AWOS900",/thiet-bi/TB_EARTYKKK,"'-07':20B '-11':21B '09':16B '2026':19B 'awos900':25B 'chong':3A,9B 'citel':15B 'duong':5A,11B 'eartykkk':2A 'file':22B 'hieu':7A,13B 'nguon':23B 'pba':24B 'ra':17B 'rs232':8A,14B 'set':4A,10B 'soat':18B 'tb':1A 'tin':6A,12B",2026-07-17 01:20:13.233503+00
thiet_bi,ef58f3a9-49bf-49f1-842c-bc9e8a9220e6,TB_RVC93GEH,Kèm theo bộ chắn bức xạ,Kèm theo bộ chắn bức xạ Đề xuất: Khi có sự cố thì xuất kho Cty QLBMT thay thế sửa chữa | Hỏng hóc: 0 lần | VTDP: không | Niên hạn: Không,/thiet-bi/TB_RVC93GEH,"'0':32B 'bo':5A,11B 'buc':7A,13B 'chan':6A,12B 'chua':29B 'co':18B,20B 'cty':24B 'de':15B 'han':37B 'hoc':31B 'hong':30B 'kem':3A,9B 'khi':17B 'kho':23B 'khong':35B,38B 'lan':33B 'nien':36B 'qlbmt':25B 'rvc93geh':2A 'su':19B 'sua':28B 'tb':1A 'thay':26B 'the':27B 'theo':4A,10B 'thi':21B 'vtdp':34B 'xa':8A,14B 'xuat':16B,22B",2026-07-17 01:20:13.233503+00
thiet_bi,aff2da3d-3a45-4557-a5d4-e613232f4ff7,TB_GYWQTWHE,Chống sét đường tín hiệu RS232,"Chống sét đường tín hiệu RS232 Citel 27 Ra soat 2026-07-11, file nguon: PBA_AWOS900",/thiet-bi/TB_GYWQTWHE,"'-07':20B '-11':21B '2026':19B '27':16B 'awos900':25B 'chong':3A,9B 'citel':15B 'duong':5A,11B 'file':22B 'gywqtwhe':2A 'hieu':7A,13B 'nguon':23B 'pba':24B 'ra':17B 'rs232':8A,14B 'set':4A,10B 'soat':18B 'tb':1A 'tin':6A,12B",2026-07-17 01:20:13.233503+00
thiet_bi,45be0060-59b5-4023-92fe-100e00f593c7,TB_6C5ZJNEP,Thiết bị cắt lọc sét 1 pha,"Thiết bị cắt lọc sét 1 pha nVent ERICO Trạm 27 Ra soat 2026-07-11, file nguon: PLK_IMS",/thiet-bi/TB_6C5ZJNEP,"'-07':24B '-11':25B '1':8A,15B '2026':23B '27':20B '6c5zjnep':2A 'bi':4A,11B 'cat':5A,12B 'erico':18B 'file':26B 'ims':29B 'loc':6A,13B 'nguon':27B 'nvent':17B 'pha':9A,16B 'plk':28B 'ra':21B 'set':7A,14B 'soat':22B 'tb':1A 'thiet':3A,10B 'tram':19B",2026-07-17 01:20:13.233503+00
thiet_bi,44a69345-9d26-4700-a63d-3ffe11e5cfd8,TB_KEFDKF9H,Thiết bị chuyển đổi Serial/Ethernet,"TBCBB1068647 Thiết bị chuyển đổi Serial/Ethernet Moxa Trạm 21 Ra soat 2026-07-11, file nguon: THA_DAW21",/thiet-bi/TB_KEFDKF9H,"'-07':20B '-11':21B '2026':19B '21':16B 'bi':4A,10B 'chuyen':5A,11B 'daw21':25B 'doi':6A,12B 'file':22B 'kefdkf9h':2A 'moxa':14B 'nguon':23B 'ra':17B 'serial/ethernet':7A,13B 'soat':18B 'tb':1A 'tbcbb1068647':8B 'tha':24B 'thiet':3A,9B 'tram':15B",2026-07-17 01:20:13.233503+00
thiet_bi,0d3fc887-ad79-4e34-a019-1546b2303516,TB_6PYTV6G1,Thiết bị chuyển mạch quang,"Tủ Datalogger: TBCGB1004631
Tủ thiết bị: TBCGB1004617 Thiết bị chuyển mạch quang Moxa Trạm 21 Ra soat 2026-07-11, file nguon: THA_DAW21",/thiet-bi/TB_6PYTV6G1,"'-07':26B '-11':27B '2026':25B '21':22B '6pytv6g1':2A 'bi':4A,13B,16B 'chuyen':5A,17B 'datalogger':9B 'daw21':31B 'file':28B 'mach':6A,18B 'moxa':20B 'nguon':29B 'quang':7A,19B 'ra':23B 'soat':24B 'tb':1A 'tbcgb1004617':14B 'tbcgb1004631':10B 'tha':30B 'thiet':3A,12B,15B 'tram':21B 'tu':8B,11B",2026-07-17 01:20:13.233503+00
thiet_bi,288a51c6-715f-46df-b42c-e7ff062b8f33,TB_6FQBHJKS,01 bộ thu đồng hồ chuẩn GPS,- 153570 thu đồng hồ chuẩn GPS Đề xuất: Khi có sự cố thì xuất kho Cty QLBMT thay thế sửa chữa | Hỏng hóc: 0 lần | VTDP: không | Niên hạn: Không,/thiet-bi/TB_6FQBHJKS,"'0':33B '01':3A '153570':10B '6fqbhjks':2A 'bo':4A 'chua':30B 'chuan':8A,14B 'co':19B,21B 'cty':25B 'de':16B 'dong':6A,12B 'gps':9A,15B 'han':38B 'ho':7A,13B 'hoc':32B 'hong':31B 'khi':18B 'kho':24B 'khong':36B,39B 'lan':34B 'nien':37B 'qlbmt':26B 'su':20B 'sua':29B 'tb':1A 'thay':27B 'the':28B 'thi':22B 'thu':5A,11B 'vtdp':35B 'xuat':17B,23B",2026-07-17 01:20:13.233503+00
thiet_bi,b7823a2e-7d69-4815-8c52-91591220af8d,TB_Y75AM75Y,Chống sét đường tín hiệu RS232,"Chống sét đường tín hiệu RS232 Citel Mid Ra soat 2026-07-11, file nguon: PBA_AWOS900",/thiet-bi/TB_Y75AM75Y,"'-07':20B '-11':21B '2026':19B 'awos900':25B 'chong':3A,9B 'citel':15B 'duong':5A,11B 'file':22B 'hieu':7A,13B 'mid':16B 'nguon':23B 'pba':24B 'ra':17B 'rs232':8A,14B 'set':4A,10B 'soat':18B 'tb':1A 'tin':6A,12B 'y75am75y':2A",2026-07-17 01:20:13.233503+00
thiet_bi,780abcce-5301-4009-91c5-79997e135fc4,TB_7MEXMJFF,RLSI,"RLSI MicroStep-MIS Nhà VOLTAGE CHK Ra soat 2026-07-11, file nguon: PLK_IMS",/thiet-bi/TB_7MEXMJFF,"'-07':14B '-11':15B '2026':13B '7mexmjff':2A 'chk':10B 'file':16B 'ims':19B 'microstep':6B 'microstep-mis':5B 'mis':7B 'nguon':17B 'nha':8B 'plk':18B 'ra':11B 'rlsi':3A,4B 'soat':12B 'tb':1A 'voltage':9B",2026-07-17 01:20:13.233503+00
thiet_bi,b593b260-606c-4eda-a2fb-39de5619e7bf,TB_1P6TQE85,Chống sét RF,"Chống sét RF Citel 27 Ra soat 2026-07-11, file nguon: PBA_AWOS900",/thiet-bi/TB_1P6TQE85,"'-07':14B '-11':15B '1p6tqe85':2A '2026':13B '27':10B 'awos900':19B 'chong':3A,6B 'citel':9B 'file':16B 'nguon':17B 'pba':18B 'ra':11B 'rf':5A,8B 'set':4A,7B 'soat':12B 'tb':1A",2026-07-17 01:20:13.233503+00
thiet_bi,cbffe487-597c-4faa-9353-237f8e3e5e54,TB_3SWT55F3,Chống sét RF,"Chống sét RF Citel Mid Ra soat 2026-07-11, file nguon: PBA_AWOS900",/thiet-bi/TB_3SWT55F3,"'-07':14B '-11':15B '2026':13B '3swt55f3':2A 'awos900':19B 'chong':3A,6B 'citel':9B 'file':16B 'mid':10B 'nguon':17B 'pba':18B 'ra':11B 'rf':5A,8B 'set':4A,7B 'soat':12B 'tb':1A",2026-07-17 01:20:13.233503+00
thiet_bi,920f4d3c-578d-40be-9488-d27cd2917d3e,TB_KGAQ7B77,HUB modem Main,Ripex2-4-N-E HUB modem Main RACOM Đề xuất: Mua sắm VTDP sử dụng chung cho Cam Ranh và Tuy Hòa | Hỏng hóc: 0 lần | Tình trạng: Hoạt động bình thường | VTDP: Không | Niên hạn: Không,/thiet-bi/TB_KGAQ7B77,"'-4':7B '0':31B 'binh':37B 'cam':24B 'cho':23B 'chung':22B 'de':15B 'dong':36B 'dung':21B 'e':10B 'han':42B 'hoa':28B 'hoat':35B 'hoc':30B 'hong':29B 'hub':3A,11B 'kgaq7b77':2A 'khong':40B,43B 'lan':32B 'main':5A,13B 'modem':4A,12B 'mua':17B 'n':9B 'n-e':8B 'nien':41B 'racom':14B 'ranh':25B 'ripex2':6B 'sam':18B 'su':20B 'tb':1A 'thuong':38B 'tinh':33B 'trang':34B 'tuy':27B 'va':26B 'vtdp':19B,39B 'xuat':16B",2026-07-17 01:20:13.233503+00
thiet_bi,06423617-8724-4579-b5dc-2eb7da0c370e,TB_A95R3ET7,AC/DC converter,"Nguồn AC/DC MeanWell 27 Ra soat 2026-07-11, file nguon: PBA_AWOS900",/thiet-bi/TB_A95R3ET7,"'-07':12B '-11':13B '2026':11B '27':8B 'a95r3et7':2A 'ac/dc':3A,6B 'awos900':17B 'converter':4A 'file':14B 'meanwell':7B 'nguon':5B,15B 'pba':16B 'ra':9B 'soat':10B 'tb':1A",2026-07-17 01:20:13.233503+00
thiet_bi,34f9b5c9-aafe-4e0f-aca9-f1fe589487e2,TB_QWQXNHKH,Thiết bị chuyển đổi Serial/Ethernet,"TBDHE1024127 Converter Nport IA5250 Moxa Trạm 32-GIÔNG Ra soat 2026-07-11, file nguon: CLA_IMS",/thiet-bi/TB_QWQXNHKH,'-07':19B '-11':20B '2026':18B '32':14B 'bi':4A 'chuyen':5A 'cla':23B 'converter':9B 'doi':6A 'file':21B 'giong':15B 'ia5250':11B 'ims':24B 'moxa':12B 'nguon':22B 'nport':10B 'qwqxnhkh':2A 'ra':16B 'serial/ethernet':7A 'soat':17B 'tb':1A 'tbdhe1024127':8B 'thiet':3A 'tram':13B,2026-07-16 03:53:31.441458+00
thiet_bi,cf289d16-b532-4b97-9a6b-ab0404debdd7,TB_6KSX7PNY,Thiết bị chuyển đổi Serial/Ethernet,"TBDGE1064559 Converter Nport IA5250 Moxa Trạm 32-AMS Ra soat 2026-07-11, file nguon: CLA_IMS",/thiet-bi/TB_6KSX7PNY,'-07':19B '-11':20B '2026':18B '32':14B '6ksx7pny':2A 'ams':15B 'bi':4A 'chuyen':5A 'cla':23B 'converter':9B 'doi':6A 'file':21B 'ia5250':11B 'ims':24B 'moxa':12B 'nguon':22B 'nport':10B 'ra':16B 'serial/ethernet':7A 'soat':17B 'tb':1A 'tbdge1064559':8B 'thiet':3A 'tram':13B,2026-07-16 03:53:31.441458+00
thiet_bi,c1160520-3258-4783-8b2a-730881e3b263,TB_4YWS8QSM,Bộ thu thập số liệu (Data logger) / Phụ kiện lắp đặt: / + Cáp bảo trì / + Bộ hiển thị LCD,Data logger MicroStep-MIS Đề xuất: Khi có sự cố thì xuất kho Cty QLBMT thay thế sửa chữa | Hỏng hóc: 0 lần | VTDP: Có | Niên hạn: Không,/thiet-bi/TB_4YWS8QSM,"'0':43B '4yws8qsm':2A 'bao':15A 'bo':3A,17A 'cap':14A 'chua':40B 'co':29B,31B,46B 'cty':35B 'dat':13A 'data':8A,21B 'de':26B 'han':48B 'hien':18A 'hoc':42B 'hong':41B 'khi':28B 'kho':34B 'khong':49B 'kien':11A 'lan':44B 'lap':12A 'lcd':20A 'lieu':7A 'logger':9A,22B 'microstep':24B 'microstep-mis':23B 'mis':25B 'nien':47B 'phu':10A 'qlbmt':36B 'so':6A 'su':30B 'sua':39B 'tb':1A 'thap':5A 'thay':37B 'the':38B 'thi':19A,32B 'thu':4A 'tri':16A 'vtdp':45B 'xuat':27B,33B",2026-07-17 01:20:13.233503+00
thiet_bi,db998986-a38d-4442-99f5-4a8716a54974,TB_81TC9C7Z,AC/DC converter,"Nguồn AC/DC MeanWell Mid Ra soat 2026-07-11, file nguon: PBA_AWOS900",/thiet-bi/TB_81TC9C7Z,"'-07':12B '-11':13B '2026':11B '81tc9c7z':2A 'ac/dc':3A,6B 'awos900':17B 'converter':4A 'file':14B 'meanwell':7B 'mid':8B 'nguon':5B,15B 'pba':16B 'ra':9B 'soat':10B 'tb':1A",2026-07-17 01:20:13.233503+00
thiet_bi,2587ba37-c89e-4896-a64c-567aeb26163a,TB_972D8BKP,Thiết bị cắt lọc sét 1 pha,"Thiết bị cắt lọc sét 1 pha nVent ERICO Trạm 27 Ra soat 2026-07-11, file nguon: PLK_IMS",/thiet-bi/TB_972D8BKP,"'-07':24B '-11':25B '1':8A,15B '2026':23B '27':20B '972d8bkp':2A 'bi':4A,11B 'cat':5A,12B 'erico':18B 'file':26B 'ims':29B 'loc':6A,13B 'nguon':27B 'nvent':17B 'pha':9A,16B 'plk':28B 'ra':21B 'set':7A,14B 'soat':22B 'tb':1A 'thiet':3A,10B 'tram':19B",2026-07-17 01:20:13.233503+00
thiet_bi,619d44f8-5037-4ae3-9944-146563cecea3,TB_KHFNWJN6,Thiết bị thu phát vô tuyến,"A100865923 Thiết bị thu phát vô tuyến Ritron Trạm khí tượng giữa (cột AW11) Ra soat 2026-07-11, file nguon: THA_DAW21",/thiet-bi/TB_KHFNWJN6,"'-07':26B '-11':27B '2026':25B 'a100865923':9B 'aw11':22B 'bi':4A,11B 'cot':21B 'daw21':31B 'file':28B 'giua':20B 'khfnwjn6':2A 'khi':18B 'nguon':29B 'phat':6A,13B 'ra':23B 'ritron':16B 'soat':24B 'tb':1A 'tha':30B 'thiet':3A,10B 'thu':5A,12B 'tram':17B 'tuong':19B 'tuyen':8A,15B 'vo':7A,14B",2026-07-17 01:20:13.233503+00
thiet_bi,e1ae27d0-6b3f-4bbc-af5a-46c3250bf93c,TB_93EKKK0V,Máy chủ Standby,"1M31X63 Máy chủ Standby Dell Technologies PTB Đài KSKL CHU LAI Ra soat 2026-07-11, file nguon: CLA_IMS",/thiet-bi/TB_93EKKK0V,"'-07':20B '-11':21B '1m31x63':6B '2026':19B '93ekkk0v':2A 'chu':4A,8B,15B 'cla':24B 'dai':13B 'dell':10B 'file':22B 'ims':25B 'kskl':14B 'lai':16B 'may':3A,7B 'nguon':23B 'ptb':12B 'ra':17B 'soat':18B 'standby':5A,9B 'tb':1A 'technologies':11B",2026-07-16 03:53:31.441458+00
thiet_bi,07ed4935-9a5d-4372-81b1-1485119dc845,TB_PVWEQA57,"CPU core i3 13100, 3.4Ghz, RAM 8GB","C49YKW3 CPU core i3 13100, 3.4Ghz, RAM 8GB Dell Technologies Phòng MET - Đài KSKL CHU LAI Ra soat 2026-07-11, file nguon: CLA_IMS",/thiet-bi/TB_PVWEQA57,"'-07':31B '-11':32B '13100':6A,15B '2026':30B '3.4':7A,16B '8gb':10A,19B 'c49ykw3':11B 'chu':26B 'cla':35B 'core':4A,13B 'cpu':3A,12B 'dai':24B 'dell':20B 'file':33B 'ghz':8A,17B 'i3':5A,14B 'ims':36B 'kskl':25B 'lai':27B 'met':23B 'nguon':34B 'phong':22B 'pvweqa57':2A 'ra':28B 'ram':9A,18B 'soat':29B 'tb':1A 'technologies':21B",2026-07-16 03:53:31.441458+00
thiet_bi,6d747bbf-da6d-47a3-8c45-ad8100791723,TB_GY8SECF7,Bộ thu thập số liệu (Data logger) / Phụ kiện lắp đặt: / + Cáp bảo trì / + Bộ hiển thị LCD,Data logger MicroStep-MIS Đề xuất: Khi có sự cố thì xuất kho Cty QLBMT thay thế sửa chữa | Hỏng hóc: 0 lần | VTDP: Có | Niên hạn: Không,/thiet-bi/TB_GY8SECF7,"'0':43B 'bao':15A 'bo':3A,17A 'cap':14A 'chua':40B 'co':29B,31B,46B 'cty':35B 'dat':13A 'data':8A,21B 'de':26B 'gy8secf7':2A 'han':48B 'hien':18A 'hoc':42B 'hong':41B 'khi':28B 'kho':34B 'khong':49B 'kien':11A 'lan':44B 'lap':12A 'lcd':20A 'lieu':7A 'logger':9A,22B 'microstep':24B 'microstep-mis':23B 'mis':25B 'nien':47B 'phu':10A 'qlbmt':36B 'so':6A 'su':30B 'sua':39B 'tb':1A 'thap':5A 'thay':37B 'the':38B 'thi':19A,32B 'thu':4A 'tri':16A 'vtdp':45B 'xuat':27B,33B",2026-07-17 01:20:13.233503+00
thiet_bi,0c3610d4-4b43-404d-9aa3-1e5c9c00aee5,TB_WVE5BKRW,Nguồn AC/DC,"Nguồn AC/DC MeanWell Cabin - Đài KSKL TUY HÒA Ra soat 2026-07-11, file nguon: THA_DAW21",/thiet-bi/TB_WVE5BKRW,"'-07':16B '-11':17B '2026':15B 'ac/dc':4A,6B 'cabin':8B 'dai':9B 'daw21':21B 'file':18B 'hoa':12B 'kskl':10B 'meanwell':7B 'nguon':3A,5B,19B 'ra':13B 'soat':14B 'tb':1A 'tha':20B 'tuy':11B 'wve5bkrw':2A",2026-07-17 01:20:13.233503+00
thiet_bi,f43ebd6a-782d-4d54-84bf-0f9028e191ec,TB_BG5A5N5H,Bộ thu thập số liệu (Data logger) / Phụ kiện lắp đặt: / + Cáp bảo trì / + Bộ hiển thị LCD,Data logger MicroStep-MIS Đề xuất: Khi có sự cố thì xuất kho Cty QLBMT thay thế sửa chữa | Hỏng hóc: 0 lần | VTDP: Có | Niên hạn: Không,/thiet-bi/TB_BG5A5N5H,"'0':43B 'bao':15A 'bg5a5n5h':2A 'bo':3A,17A 'cap':14A 'chua':40B 'co':29B,31B,46B 'cty':35B 'dat':13A 'data':8A,21B 'de':26B 'han':48B 'hien':18A 'hoc':42B 'hong':41B 'khi':28B 'kho':34B 'khong':49B 'kien':11A 'lan':44B 'lap':12A 'lcd':20A 'lieu':7A 'logger':9A,22B 'microstep':24B 'microstep-mis':23B 'mis':25B 'nien':47B 'phu':10A 'qlbmt':36B 'so':6A 'su':30B 'sua':39B 'tb':1A 'thap':5A 'thay':37B 'the':38B 'thi':19A,32B 'thu':4A 'tri':16A 'vtdp':45B 'xuat':27B,33B",2026-07-17 01:20:13.233503+00
thiet_bi,b5b79a80-dd8e-4453-bc35-680211a64680,TB_0P6K7PPY,Chống sét đường tín hiệu RS485,"Chống sét đường tín hiệu RS232 Citel 09 Ra soat 2026-07-11, file nguon: PBA_AWOS900",/thiet-bi/TB_0P6K7PPY,"'-07':20B '-11':21B '09':16B '0p6k7ppy':2A '2026':19B 'awos900':25B 'chong':3A,9B 'citel':15B 'duong':5A,11B 'file':22B 'hieu':7A,13B 'nguon':23B 'pba':24B 'ra':17B 'rs232':14B 'rs485':8A 'set':4A,10B 'soat':18B 'tb':1A 'tin':6A,12B",2026-07-17 01:20:13.233503+00
trang,bao-duong,,Bảo dưỡng,Kế hoạch phiếu bảo dưỡng,/bao-duong,"'bao':1A,6B 'cong':8B 'duong':2A,7B 'hoach':4B 'ke':3B 'phieu':5B 'viec':9B",2026-07-14 20:55:06.470528+00
thiet_bi,2adbf6b5-b0af-449d-a582-ed31f55bd4f8,TB_WRT9CG67,Chống sét đường tín hiệu RS485,"Tủ DCP Chống sét đường tín hiệu RS232 Citel 27 Ra soat 2026-07-11, file nguon: PBA_AWOS900",/thiet-bi/TB_WRT9CG67,"'-07':22B '-11':23B '2026':21B '27':18B 'awos900':27B 'chong':3A,11B 'citel':17B 'dcp':10B 'duong':5A,13B 'file':24B 'hieu':7A,15B 'nguon':25B 'pba':26B 'ra':19B 'rs232':16B 'rs485':8A 'set':4A,12B 'soat':20B 'tb':1A 'tin':6A,14B 'tu':9B 'wrt9cg67':2A",2026-07-17 01:20:13.233503+00
thiet_bi,1c97bb57-d538-43fb-8704-6caa8bd1d8c2,TB_QDC8CBJE,Thiết bị Serial to Ethernet,"Converter Nport IA5250 Moxa Trạm MID Ra soat 2026-07-11, file nguon: BDKT_OPTIMET",/thiet-bi/TB_QDC8CBJE,'-07':17B '-11':18B '2026':16B 'bdkt':21B 'bi':4A 'converter':8B 'ethernet':7A 'file':19B 'ia5250':10B 'mid':13B 'moxa':11B 'nguon':20B 'nport':9B 'optimet':22B 'qdc8cbje':2A 'ra':14B 'serial':5A 'soat':15B 'tb':1A 'thiet':3A 'to':6A 'tram':12B,2026-07-17 01:20:13.233503+00
thiet_bi,e53e878c-a364-4d02-9c42-75b4b6de36c2,TB_5EQ7GM5T,Thiết bị cắt lọc sét 1 pha,"Thiết bị cắt lọc sét 1 pha nVent ERICO Trạm MID Ra soat 2026-07-11, file nguon: PLK_IMS",/thiet-bi/TB_5EQ7GM5T,"'-07':24B '-11':25B '1':8A,15B '2026':23B '5eq7gm5t':2A 'bi':4A,11B 'cat':5A,12B 'erico':18B 'file':26B 'ims':29B 'loc':6A,13B 'mid':20B 'nguon':27B 'nvent':17B 'pha':9A,16B 'plk':28B 'ra':21B 'set':7A,14B 'soat':22B 'tb':1A 'thiet':3A,10B 'tram':19B",2026-07-17 01:20:13.233503+00
thiet_bi,bd182b3b-bbeb-4775-b41d-2ef0324b7d94,TB_PZEN3AYB,Switch tích hợp cổng quang,"Switch tích hợp cổng quang Moxa CEILO 17 Ra soat 2026-07-11, file nguon: BDKT_OPTIMET",/thiet-bi/TB_PZEN3AYB,"'-07':19B '-11':20B '17':15B '2026':18B 'bdkt':23B 'ceilo':14B 'cong':6A,11B 'file':21B 'hop':5A,10B 'moxa':13B 'nguon':22B 'optimet':24B 'pzen3ayb':2A 'quang':7A,12B 'ra':16B 'soat':17B 'switch':3A,8B 'tb':1A 'tich':4A,9B",2026-07-17 01:20:13.233503+00
thiet_bi,a33f9934-1ab9-40a7-af5c-4de35ffc6397,TB_DN7AETWZ,Modem UHF,"Modem UHF TeleDesign K1 Ra soat 2026-07-11, file nguon: PBA_AWOS900",/thiet-bi/TB_DN7AETWZ,"'-07':12B '-11':13B '2026':11B 'awos900':17B 'dn7aetwz':2A 'file':14B 'k1':8B 'modem':3A,5B 'nguon':15B 'pba':16B 'ra':9B 'soat':10B 'tb':1A 'teledesign':7B 'uhf':4A,6B",2026-07-17 01:20:13.233503+00
thiet_bi,4e7b4e06-8f44-4bc0-bdac-4736adeea387,TB_BSGBM1WB,Media Converter,"Media Converter 3Onedata 27 Ra soat 2026-07-11, file nguon: PBA_AWOS900",/thiet-bi/TB_BSGBM1WB,"'-07':12B '-11':13B '2026':11B '27':8B '3onedata':7B 'awos900':17B 'bsgbm1wb':2A 'converter':4A,6B 'file':14B 'media':3A,5B 'nguon':15B 'pba':16B 'ra':9B 'soat':10B 'tb':1A",2026-07-17 01:20:13.233503+00
thiet_bi,2edbcf70-2308-4c26-b70a-9aa4ab2d88c4,TB_XR0N1SQK,Cảm biến độ ẩm,"1020456 Cảm biến độ ẩm NESA Trạm giữa Ra soat 2026-07-11, file nguon: THA_DAW21",/thiet-bi/TB_XR0N1SQK,"'-07':18B '-11':19B '1020456':7B '2026':17B 'am':6A,11B 'bien':4A,9B 'cam':3A,8B 'daw21':23B 'do':5A,10B 'file':20B 'giua':14B 'nesa':12B 'nguon':21B 'ra':15B 'soat':16B 'tb':1A 'tha':22B 'tram':13B 'xr0n1sqk':2A",2026-07-16 03:53:31.441458+00
thiet_bi,0707acc8-a793-4e95-85bf-c80a201786af,TB_A4C522PY,Converter IA5250,IA5250 Converter Nport IA5250 MOXA Đề xuất: Đề nghị mua thêm VTDP để sử dụng chung cho các hệ thống AWOS | Hỏng hóc: không | Tình trạng: Hoạt động bình thường | VTDP: Còn 1 bộ dự phòng trong kho Công ty | Niên hạn: Không,/thiet-bi/TB_A4C522PY,"'1':37B 'a4c522py':2A 'awos':25B 'binh':33B 'bo':38B 'cac':22B 'cho':21B 'chung':20B 'con':36B 'cong':43B 'converter':3A,6B 'de':10B,12B,17B 'dong':32B 'du':39B 'dung':19B 'han':46B 'he':23B 'hoat':31B 'hoc':27B 'hong':26B 'ia5250':4A,5B,8B 'kho':42B 'khong':28B,47B 'moxa':9B 'mua':14B 'nghi':13B 'nien':45B 'nport':7B 'phong':40B 'su':18B 'tb':1A 'them':15B 'thong':24B 'thuong':34B 'tinh':29B 'trang':30B 'trong':41B 'ty':44B 'vtdp':16B,35B 'xuat':11B",2026-07-17 01:20:13.233503+00
thiet_bi,a3ebf102-0923-42b4-bb44-31c21553f94f,TB_8Z3QE3RV,Thiết bị giao tiếp đường truyền Nport IA5250A-T,BBKE1044701 Converter Nport IA5250 MOXA Nguồn: dùng để chuyển đổi và ghép nối tín hiệu từ máy đo tầm nhìn vào thiết bị đường truyền quang hiện có | Đề xuất: Đề nghị mua thêm VTDP để sử dụng chung cho các hệ thống AWOS | Hỏng hóc: không | Tình trạng: Hoạt động bình thường | VTDP: Còn 1 bộ dự phòng trong kho Công ty | Niên hạn: Không,/thiet-bi/TB_8Z3QE3RV,"'1':68B '8z3qe3rv':2A 'awos':56B 'bbke1044701':13B 'bi':4A,35B 'binh':64B 'bo':69B 'cac':53B 'cho':52B 'chung':51B 'chuyen':21B 'co':40B 'con':67B 'cong':74B 'converter':14B 'de':20B,41B,43B,48B 'do':30B 'doi':22B 'dong':63B 'du':70B 'dung':19B,50B 'duong':7A,36B 'ghep':24B 'giao':5A 'han':77B 'he':54B 'hien':39B 'hieu':27B 'hoat':62B 'hoc':58B 'hong':57B 'ia5250':16B 'ia5250a':11A 'ia5250a-t':10A 'kho':73B 'khong':59B,78B 'may':29B 'moxa':17B 'mua':45B 'nghi':44B 'nguon':18B 'nhin':32B 'nien':76B 'noi':25B 'nport':9A,15B 'phong':71B 'quang':38B 'su':49B 't':12A 'tam':31B 'tb':1A 'them':46B 'thiet':3A,34B 'thong':55B 'thuong':65B 'tiep':6A 'tin':26B 'tinh':60B 'trang':61B 'trong':72B 'truyen':8A,37B 'tu':28B 'ty':75B 'va':23B 'vao':33B 'vtdp':47B,66B 'xuat':42B",2026-07-17 01:20:13.233503+00
thiet_bi,cbb6ca1c-aab3-4aa7-9d40-8c7798eb6325,TB_TKAG9CXC,Thiết bị giao tiếp đường truyền Nport IA5250A-T,TBBKE1044666 Converter Nport IA5250 MOXA Nguồn: dùng để chuyển đổi và ghép nối tín hiệu từ máy đo tầm nhìn vào thiết bị đường truyền quang hiện có | Đề xuất: Đề nghị mua thêm VTDP để sử dụng chung cho các hệ thống AWOS | Hỏng hóc: không | Tình trạng: Hoạt động bình thường | VTDP: Còn 1 bộ dự phòng trong kho Công ty | Niên hạn: Không,/thiet-bi/TB_TKAG9CXC,"'1':68B 'awos':56B 'bi':4A,35B 'binh':64B 'bo':69B 'cac':53B 'cho':52B 'chung':51B 'chuyen':21B 'co':40B 'con':67B 'cong':74B 'converter':14B 'de':20B,41B,43B,48B 'do':30B 'doi':22B 'dong':63B 'du':70B 'dung':19B,50B 'duong':7A,36B 'ghep':24B 'giao':5A 'han':77B 'he':54B 'hien':39B 'hieu':27B 'hoat':62B 'hoc':58B 'hong':57B 'ia5250':16B 'ia5250a':11A 'ia5250a-t':10A 'kho':73B 'khong':59B,78B 'may':29B 'moxa':17B 'mua':45B 'nghi':44B 'nguon':18B 'nhin':32B 'nien':76B 'noi':25B 'nport':9A,15B 'phong':71B 'quang':38B 'su':49B 't':12A 'tam':31B 'tb':1A 'tbbke1044666':13B 'them':46B 'thiet':3A,34B 'thong':55B 'thuong':65B 'tiep':6A 'tin':26B 'tinh':60B 'tkag9cxc':2A 'trang':61B 'trong':72B 'truyen':8A,37B 'tu':28B 'ty':75B 'va':23B 'vao':33B 'vtdp':47B,66B 'xuat':42B",2026-07-17 01:20:13.233503+00
thiet_bi,00a6fd08-b425-4746-9a1d-1b614c856d65,TB_VWTSEJMV,Cắt lọc sét nguồn AC,"Cắt lọc sét nguồn AC - Tủ thiết bị Schneider Trạm 35 Ra soat 2026-07-11, file nguon: BDKT_OPTIMET",/thiet-bi/TB_VWTSEJMV,"'-07':22B '-11':23B '2026':21B '35':18B 'ac':7A,12B 'bdkt':26B 'bi':15B 'cat':3A,8B 'file':24B 'loc':4A,9B 'nguon':6A,11B,25B 'optimet':27B 'ra':19B 'schneider':16B 'set':5A,10B 'soat':20B 'tb':1A 'thiet':14B 'tram':17B 'tu':13B 'vwtsejmv':2A",2026-07-16 03:53:31.441458+00
thiet_bi,3744eb10-95e8-4765-ad19-dd79ff5200cb,TB_EHJ5RH7R,Nguồn AC/DC,"Bộ chuyển đổi AC/DC MeanWell VIS-15 Ra soat 2026-07-11, file nguon: PCA_IMS",/thiet-bi/TB_EHJ5RH7R,"'-07':15B '-11':16B '-15':11B '2026':14B 'ac/dc':4A,8B 'bo':5B 'chuyen':6B 'doi':7B 'ehj5rh7r':2A 'file':17B 'ims':20B 'meanwell':9B 'nguon':3A,18B 'pca':19B 'ra':12B 'soat':13B 'tb':1A 'vis':10B",2026-07-17 01:20:13.233503+00
thiet_bi,173191da-b2c9-4b08-8de3-bbe2cdac5249,TB_XFTTDR9P,Thiết bị giao tiếp đường truyền Nport IA5250A-T,TBBKE1044764 Converter Nport IA5250 MOXA Nguồn: dùng để chuyển đổi và ghép nối tín hiệu từ máy đo tầm nhìn vào thiết bị đường truyền quang hiện có | Đề xuất: Đề nghị mua thêm VTDP để sử dụng chung cho các hệ thống AWOS | Hỏng hóc: không | Tình trạng: Hoạt động bình thường | VTDP: Còn 1 bộ dự phòng trong kho Công ty | Niên hạn: Không,/thiet-bi/TB_XFTTDR9P,"'1':68B 'awos':56B 'bi':4A,35B 'binh':64B 'bo':69B 'cac':53B 'cho':52B 'chung':51B 'chuyen':21B 'co':40B 'con':67B 'cong':74B 'converter':14B 'de':20B,41B,43B,48B 'do':30B 'doi':22B 'dong':63B 'du':70B 'dung':19B,50B 'duong':7A,36B 'ghep':24B 'giao':5A 'han':77B 'he':54B 'hien':39B 'hieu':27B 'hoat':62B 'hoc':58B 'hong':57B 'ia5250':16B 'ia5250a':11A 'ia5250a-t':10A 'kho':73B 'khong':59B,78B 'may':29B 'moxa':17B 'mua':45B 'nghi':44B 'nguon':18B 'nhin':32B 'nien':76B 'noi':25B 'nport':9A,15B 'phong':71B 'quang':38B 'su':49B 't':12A 'tam':31B 'tb':1A 'tbbke1044764':13B 'them':46B 'thiet':3A,34B 'thong':55B 'thuong':65B 'tiep':6A 'tin':26B 'tinh':60B 'trang':61B 'trong':72B 'truyen':8A,37B 'tu':28B 'ty':75B 'va':23B 'vao':33B 'vtdp':47B,66B 'xfttdr9p':2A 'xuat':42B",2026-07-17 01:20:13.233503+00
thiet_bi,8c4ae8d4-cc26-465f-9c45-7370a1daaa65,TB_R1KKBJW9,Thiết bị giao tiếp đường truyền Nport IA5250A-T,TBCEE1014110 Converter Nport IA5250 MOXA Nguồn: dùng để chuyển đổi và ghép nối tín hiệu từ máy đo tầm nhìn vào thiết bị đường truyền quang hiện có | Đề xuất: Đề nghị mua thêm VTDP để sử dụng chung cho các hệ thống AWOS | Hỏng hóc: không | Tình trạng: Hoạt động bình thường | VTDP: Còn 1 bộ dự phòng trong kho Công ty | Niên hạn: Không,/thiet-bi/TB_R1KKBJW9,"'1':68B 'awos':56B 'bi':4A,35B 'binh':64B 'bo':69B 'cac':53B 'cho':52B 'chung':51B 'chuyen':21B 'co':40B 'con':67B 'cong':74B 'converter':14B 'de':20B,41B,43B,48B 'do':30B 'doi':22B 'dong':63B 'du':70B 'dung':19B,50B 'duong':7A,36B 'ghep':24B 'giao':5A 'han':77B 'he':54B 'hien':39B 'hieu':27B 'hoat':62B 'hoc':58B 'hong':57B 'ia5250':16B 'ia5250a':11A 'ia5250a-t':10A 'kho':73B 'khong':59B,78B 'may':29B 'moxa':17B 'mua':45B 'nghi':44B 'nguon':18B 'nhin':32B 'nien':76B 'noi':25B 'nport':9A,15B 'phong':71B 'quang':38B 'r1kkbjw9':2A 'su':49B 't':12A 'tam':31B 'tb':1A 'tbcee1014110':13B 'them':46B 'thiet':3A,34B 'thong':55B 'thuong':65B 'tiep':6A 'tin':26B 'tinh':60B 'trang':61B 'trong':72B 'truyen':8A,37B 'tu':28B 'ty':75B 'va':23B 'vao':33B 'vtdp':47B,66B 'xuat':42B",2026-07-17 01:20:13.233503+00
thiet_bi,c9f2718b-4eac-4ba8-b81c-fac182625125,TB_ZGFGNEKA,Thiết bị serial to Ethernet,"Converter Nport IA5250 Moxa CEILO-15 Ra soat 2026-07-11, file nguon: PCA_IMS",/thiet-bi/TB_ZGFGNEKA,'-07':17B '-11':18B '-15':13B '2026':16B 'bi':4A 'ceilo':12B 'converter':8B 'ethernet':7A 'file':19B 'ia5250':10B 'ims':22B 'moxa':11B 'nguon':20B 'nport':9B 'pca':21B 'ra':14B 'serial':5A 'soat':15B 'tb':1A 'thiet':3A 'to':6A 'zgfgneka':2A,2026-07-17 01:20:13.233503+00
thiet_bi,9c2b16c6-fd4b-455e-9b81-80cc54201db0,TB_2QWYTS3A,Thiết bị chuyển đổi Serial/Fiber,"TBZCE1047688 Thiết bị chuyển đổi Serial/Fiber Moxa Trạm 32-TN Ra soat 2026-07-11, file nguon: CLA_IMS",/thiet-bi/TB_2QWYTS3A,"'-07':21B '-11':22B '2026':20B '2qwyts3a':2A '32':16B 'bi':4A,10B 'chuyen':5A,11B 'cla':25B 'doi':6A,12B 'file':23B 'ims':26B 'moxa':14B 'nguon':24B 'ra':18B 'serial/fiber':7A,13B 'soat':19B 'tb':1A 'tbzce1047688':8B 'thiet':3A,9B 'tn':17B 'tram':15B",2026-07-16 03:53:31.441458+00
thiet_bi,e045d5a5-47da-4cb1-8af9-ad2d350b5663,TB_9757HFWV,Thiết bị Serial to Ethernet,"Converter Nport IA5250 Moxa AWS-33 Ra soat 2026-07-11, file nguon: PCA_IMS",/thiet-bi/TB_9757HFWV,'-07':17B '-11':18B '-33':13B '2026':16B '9757hfwv':2A 'aws':12B 'bi':4A 'converter':8B 'ethernet':7A 'file':19B 'ia5250':10B 'ims':22B 'moxa':11B 'nguon':20B 'nport':9B 'pca':21B 'ra':14B 'serial':5A 'soat':15B 'tb':1A 'thiet':3A 'to':6A,2026-07-17 01:20:13.233503+00
thiet_bi,6a10593c-5697-464d-a6ff-74c0c21f2440,TB_WESNJPHP,Thiết bị serial to Ethernet,"Converter Nport IA5250 Moxa VIS-33 Ra soat 2026-07-11, file nguon: PCA_IMS",/thiet-bi/TB_WESNJPHP,'-07':17B '-11':18B '-33':13B '2026':16B 'bi':4A 'converter':8B 'ethernet':7A 'file':19B 'ia5250':10B 'ims':22B 'moxa':11B 'nguon':20B 'nport':9B 'pca':21B 'ra':14B 'serial':5A 'soat':15B 'tb':1A 'thiet':3A 'to':6A 'vis':12B 'wesnjphp':2A,2026-07-17 01:20:13.233503+00
thiet_bi,0806ef4f-eda1-4100-8b9e-974334e49113,TB_9ARW5DVE,Thiết bị serial to Ethernet,"Converter Nport IA5250 Moxa TST-33 Ra soat 2026-07-11, file nguon: PCA_IMS",/thiet-bi/TB_9ARW5DVE,'-07':17B '-11':18B '-33':13B '2026':16B '9arw5dve':2A 'bi':4A 'converter':8B 'ethernet':7A 'file':19B 'ia5250':10B 'ims':22B 'moxa':11B 'nguon':20B 'nport':9B 'pca':21B 'ra':14B 'serial':5A 'soat':15B 'tb':1A 'thiet':3A 'to':6A 'tst':12B,2026-07-17 01:20:13.233503+00
thiet_bi,42c47744-95ad-4276-8bb7-0ce54b4321ca,TB_44FSSW45,Cảm biến đo tốc độ và hướng Gió WO90,2302007 Cảm biến đo tốc độ và hướng Gió WO90 Gill Đề xuất: Mua sắm VTDP sử dụng chung cho các hệ thống AWOS tại các sân bay | Hỏng hóc: 0 lần | Tình trạng: Khai thác bình thường | VTDP: Không có VTDP | Niên hạn: Không,/thiet-bi/TB_44FSSW45,"'0':42B '2302007':12B '44fssw45':2A 'awos':35B 'bay':39B 'bien':4A,14B 'binh':48B 'cac':32B,37B 'cam':3A,13B 'cho':31B 'chung':30B 'co':52B 'de':23B 'do':5A,7A,15B,17B 'dung':29B 'gill':22B 'gio':10A,20B 'han':55B 'he':33B 'hoc':41B 'hong':40B 'huong':9A,19B 'khai':46B 'khong':51B,56B 'lan':43B 'mua':25B 'nien':54B 'sam':26B 'san':38B 'su':28B 'tai':36B 'tb':1A 'thac':47B 'thong':34B 'thuong':49B 'tinh':44B 'toc':6A,16B 'trang':45B 'va':8A,18B 'vtdp':27B,50B,53B 'wo90':11A,21B 'xuat':24B",2026-07-17 01:20:13.233503+00
thiet_bi,babfcb32-567e-443c-88f2-55a705e03e42,TB_0JR0HX7Q,Thiết bị serial to Ethernet,"Converter Nport IA5250 Moxa QUANG-CEILO-33 Ra soat 2026-07-11, file nguon: PCA_IMS",/thiet-bi/TB_0JR0HX7Q,'-07':19B '-11':20B '0jr0hx7q':2A '2026':18B '33':15B 'bi':4A 'ceilo':14B 'converter':8B 'ethernet':7A 'file':21B 'ia5250':10B 'ims':24B 'moxa':11B 'nguon':22B 'nport':9B 'pca':23B 'quang':13B 'quang-ceilo':12B 'ra':16B 'serial':5A 'soat':17B 'tb':1A 'thiet':3A 'to':6A,2026-07-17 01:20:13.233503+00
thiet_bi,3f6eefb9-ee48-4db1-b593-2d999b7dac34,TB_JN3WVGCR,Bộ chuyển đổi tín hiệu RS232-Fiber,"Bộ chuyển đổi tín hiệu RS232-Fiber Moxa Trạm 27 Celio Ra soat 2026-07-11, file nguon: PLK_IMS",/thiet-bi/TB_JN3WVGCR,"'-07':26B '-11':27B '2026':25B '27':21B 'bo':3A,11B 'celio':22B 'chuyen':4A,12B 'doi':5A,13B 'fiber':10A,18B 'file':28B 'hieu':7A,15B 'ims':31B 'jn3wvgcr':2A 'moxa':19B 'nguon':29B 'plk':30B 'ra':23B 'rs232':9A,17B 'rs232-fiber':8A,16B 'soat':24B 'tb':1A 'tin':6A,14B 'tram':20B",2026-07-17 01:20:13.233503+00
thiet_bi,0498f40c-4b8d-43b1-aeac-d32bc08f52d1,TB_F8TNPA8Q,Bộ Charger,"Bộ Charger MeanWell Trạm 32 Ra soat 2026-07-11, file nguon: CLA_IMS",/thiet-bi/TB_F8TNPA8Q,"'-07':13B '-11':14B '2026':12B '32':9B 'bo':3A,5B 'charger':4A,6B 'cla':17B 'f8tnpa8q':2A 'file':15B 'ims':18B 'meanwell':7B 'nguon':16B 'ra':10B 'soat':11B 'tb':1A 'tram':8B",2026-07-16 03:53:31.441458+00
thiet_bi,dcbd11c4-8594-4fcc-8723-6e45471ed93d,TB_VEYPE6ES,Máy chủ Rawdata,"Máy chủ Rawdata Dell Technologies P.TBTT Ra soat 2026-07-11, file nguon: BDKT_OPTIMET",/thiet-bi/TB_VEYPE6ES,"'-07':15B '-11':16B '2026':14B 'bdkt':19B 'chu':4A,7B 'dell':9B 'file':17B 'may':3A,6B 'nguon':18B 'optimet':20B 'p.tbtt':11B 'ra':12B 'rawdata':5A,8B 'soat':13B 'tb':1A 'technologies':10B 'veype6es':2A",2026-07-16 03:53:31.441458+00
thiet_bi,21b2835f-1606-4680-9a0e-0f78c28b5e4d,TB_TJ26T62A,Thiết bị chuyển đổi Serial/Fiber,"TBZCE1047817 Thiết bị chuyển đổi Serial/Fiber Moxa Trạm 32-GIÔNG Ra soat 2026-07-11, file nguon: CLA_IMS",/thiet-bi/TB_TJ26T62A,"'-07':21B '-11':22B '2026':20B '32':16B 'bi':4A,10B 'chuyen':5A,11B 'cla':25B 'doi':6A,12B 'file':23B 'giong':17B 'ims':26B 'moxa':14B 'nguon':24B 'ra':18B 'serial/fiber':7A,13B 'soat':19B 'tb':1A 'tbzce1047817':8B 'thiet':3A,9B 'tj26t62a':2A 'tram':15B",2026-07-16 03:53:31.441458+00
thiet_bi,d39fd925-30aa-4536-a6a7-2314e11b232f,TB_1VZ7MB6X,Thiết bị chuyển đổi Serial/Fiber,"TBZCE1047814 Thiết bị chuyển đổi Serial/Fiber Moxa Trạm 32-AMS Ra soat 2026-07-11, file nguon: CLA_IMS",/thiet-bi/TB_1VZ7MB6X,"'-07':21B '-11':22B '1vz7mb6x':2A '2026':20B '32':16B 'ams':17B 'bi':4A,10B 'chuyen':5A,11B 'cla':25B 'doi':6A,12B 'file':23B 'ims':26B 'moxa':14B 'nguon':24B 'ra':18B 'serial/fiber':7A,13B 'soat':19B 'tb':1A 'tbzce1047814':8B 'thiet':3A,9B 'tram':15B",2026-07-16 03:53:31.441458+00
thiet_bi,75c57efc-96a0-48f5-9c5d-c4113721ec7f,TB_BZ5E62GE,Thiết bị chuyển đổi Serial/Fiber,"TBZCE1047696 Thiết bị chuyển đổi Serial/Fiber Moxa Trạm trần mây 32 Ra soat 2026-07-11, file nguon: CLA_IMS",/thiet-bi/TB_BZ5E62GE,"'-07':22B '-11':23B '2026':21B '32':18B 'bi':4A,10B 'bz5e62ge':2A 'chuyen':5A,11B 'cla':26B 'doi':6A,12B 'file':24B 'ims':27B 'may':17B 'moxa':14B 'nguon':25B 'ra':19B 'serial/fiber':7A,13B 'soat':20B 'tb':1A 'tbzce1047696':8B 'thiet':3A,9B 'tram':15B 'tran':16B",2026-07-16 03:53:31.441458+00
thiet_bi,42d7d9d3-7b93-4d54-adc0-17c8bc745064,TB_PPX818Q2,Thiết bị đo trần mây,"Cảm biến đo độ cao trần mây Eliasson Trạm 27 Celio Ra soat 2026-07-11, file nguon: PLK_IMS",/thiet-bi/TB_PPX818Q2,"'-07':22B '-11':23B '2026':21B '27':17B 'bi':4A 'bien':9B 'cam':8B 'cao':12B 'celio':18B 'do':5A,10B,11B 'eliasson':15B 'file':24B 'ims':27B 'may':7A,14B 'nguon':25B 'plk':26B 'ppx818q2':2A 'ra':19B 'soat':20B 'tb':1A 'thiet':3A 'tram':16B 'tran':6A,13B",2026-07-17 01:20:13.233503+00
thiet_bi,89b0eac0-d99f-42c2-9f4c-beaba2f23fab,TB_YWMJ7SRG,Radio Modem MR400,"Radio Modem MR400 RACOM Trạm 27 Celio Ra soat 2026-07-11, file nguon: PLK_IMS",/thiet-bi/TB_YWMJ7SRG,"'-07':16B '-11':17B '2026':15B '27':11B 'celio':12B 'file':18B 'ims':21B 'modem':4A,7B 'mr400':5A,8B 'nguon':19B 'plk':20B 'ra':13B 'racom':9B 'radio':3A,6B 'soat':14B 'tb':1A 'tram':10B 'ywmj7srg':2A",2026-07-17 01:20:13.233503+00
thiet_bi,dcbefc3c-40cc-4742-98e3-e38dad3fa69f,TB_BSHTQBWD,Cảm biến đo độ cao chân mây,"Cảm biến đo độ cao chân mây Vaisala Trạm trần mây 35 Optimet Ra soat 2026-07-11, file nguon: BDKT_OPTIMET",/thiet-bi/TB_BSHTQBWD,"'-07':26B '-11':27B '2026':25B '35':21B 'bdkt':30B 'bien':4A,11B 'bshtqbwd':2A 'cam':3A,10B 'cao':7A,14B 'chan':8A,15B 'do':5A,6A,12B,13B 'file':28B 'may':9A,16B,20B 'nguon':29B 'optimet':22B,31B 'ra':23B 'soat':24B 'tb':1A 'tram':18B 'tran':19B 'vaisala':17B",2026-07-16 03:53:31.441458+00
thiet_bi,0952afa5-6fe9-4d02-9309-b809814aa4cd,TB_EZPJVDMM,Bộ chuyển đổi AC/DC,"Bộ chuyển đổi AC/DC MeanWell Trạm 27 Celio Ra soat 2026-07-11, file nguon: PLK_IMS",/thiet-bi/TB_EZPJVDMM,"'-07':18B '-11':19B '2026':17B '27':13B 'ac/dc':6A,10B 'bo':3A,7B 'celio':14B 'chuyen':4A,8B 'doi':5A,9B 'ezpjvdmm':2A 'file':20B 'ims':23B 'meanwell':11B 'nguon':21B 'plk':22B 'ra':15B 'soat':16B 'tb':1A 'tram':12B",2026-07-17 01:20:13.233503+00
thiet_bi,e470ac6f-e7db-467e-b2f6-4b039292d0ff,TB_JQNM3PXG,Thiết bị chuyển đổi Serial/Fiber,"TBZCE1047813 Thiết bị chuyển đổi Serial/Fiber Moxa Trạm 14 AMS Ra soat 2026-07-11, file nguon: CLA_IMS",/thiet-bi/TB_JQNM3PXG,"'-07':21B '-11':22B '14':16B '2026':20B 'ams':17B 'bi':4A,10B 'chuyen':5A,11B 'cla':25B 'doi':6A,12B 'file':23B 'ims':26B 'jqnm3pxg':2A 'moxa':14B 'nguon':24B 'ra':18B 'serial/fiber':7A,13B 'soat':19B 'tb':1A 'tbzce1047813':8B 'thiet':3A,9B 'tram':15B",2026-07-16 03:53:31.441458+00
thiet_bi,2ca21e2b-8c01-4613-964c-849a98d139df,TB_B7CDBVDF,Chống sét RF,"Chống sét RF RACOM Trạm 27 Celio Ra soat 2026-07-11, file nguon: PLK_IMS",/thiet-bi/TB_B7CDBVDF,"'-07':16B '-11':17B '2026':15B '27':11B 'b7cdbvdf':2A 'celio':12B 'chong':3A,6B 'file':18B 'ims':21B 'nguon':19B 'plk':20B 'ra':13B 'racom':9B 'rf':5A,8B 'set':4A,7B 'soat':14B 'tb':1A 'tram':10B",2026-07-17 01:20:13.233503+00
thiet_bi,a589d35c-7c31-44fd-8268-844ca27e4025,TB_G146DJR2,Thiết bị bảo vệ quá áp,"Thiết bị bảo vệ quá áp MicroStep-MIS Trạm 27 Celio Ra soat 2026-07-11, file nguon: PLK_IMS",/thiet-bi/TB_G146DJR2,"'-07':24B '-11':25B '2026':23B '27':19B 'ap':8A,14B 'bao':5A,11B 'bi':4A,10B 'celio':20B 'file':26B 'g146djr2':2A 'ims':29B 'microstep':16B 'microstep-mis':15B 'mis':17B 'nguon':27B 'plk':28B 'qua':7A,13B 'ra':21B 'soat':22B 'tb':1A 'thiet':3A,9B 'tram':18B 've':6A,12B",2026-07-17 01:20:13.233503+00
thiet_bi,b10eb626-a2ab-47a9-a1ac-2106d39be86e,TB_SZFSFZP3,GPS,GPS Phòng khí tượng Hỏng hóc: 0 lần | Tình trạng: Hoạt động bình thường | VTDP: Không | Niên hạn: Quá 2/3,/thiet-bi/TB_SZFSFZP3,"'0':10B '2/3':23B 'binh':16B 'dong':15B 'gps':3A,4B 'han':21B 'hoat':14B 'hoc':9B 'hong':8B 'khi':6B 'khong':19B 'lan':11B 'nien':20B 'phong':5B 'qua':22B 'szfsfzp3':2A 'tb':1A 'thuong':17B 'tinh':12B 'trang':13B 'tuong':7B 'vtdp':18B",2026-07-16 03:53:31.441458+00
thiet_bi,7472ca13-963e-4866-9f59-695c58aa9e42,TB_9DHNBD7T,Radio Modem MR400,"Radio Modem MR400 RACOM Trạm 27 Ra soat 2026-07-11, file nguon: PLK_IMS",/thiet-bi/TB_9DHNBD7T,"'-07':15B '-11':16B '2026':14B '27':11B '9dhnbd7t':2A 'file':17B 'ims':20B 'modem':4A,7B 'mr400':5A,8B 'nguon':18B 'plk':19B 'ra':12B 'racom':9B 'radio':3A,6B 'soat':13B 'tb':1A 'tram':10B",2026-07-17 01:20:13.233503+00
thiet_bi,159eb2b8-2f3f-48e0-ad03-4bb83736f7cc,TB_VGBPP673,Cảm biến tầm nhìn,"Cảm biến tầm nhìn Biral Trạm 27 Ra soat 2026-07-11, file nguon: PLK_IMS",/thiet-bi/TB_VGBPP673,"'-07':17B '-11':18B '2026':16B '27':13B 'bien':4A,8B 'biral':11B 'cam':3A,7B 'file':19B 'ims':22B 'nguon':20B 'nhin':6A,10B 'plk':21B 'ra':14B 'soat':15B 'tam':5A,9B 'tb':1A 'tram':12B 'vgbpp673':2A",2026-07-17 01:20:13.233503+00
thiet_bi,717d63a6-0f61-45f3-8f59-49defc94cb5d,TB_XXBMZZKM,Cảm biến ánh sáng nền,"Cảm biến đo ánh sáng nền Biral Trạm 27 Ra soat 2026-07-11, file nguon: PLK_IMS",/thiet-bi/TB_XXBMZZKM,"'-07':20B '-11':21B '2026':19B '27':16B 'anh':5A,11B 'bien':4A,9B 'biral':14B 'cam':3A,8B 'do':10B 'file':22B 'ims':25B 'nen':7A,13B 'nguon':23B 'plk':24B 'ra':17B 'sang':6A,12B 'soat':18B 'tb':1A 'tram':15B 'xxbmzzkm':2A",2026-07-17 01:20:13.233503+00
thiet_bi,120f069c-4e47-44b7-9680-748128403bea,TB_WGVC1SP3,Đo nhiệt độ - độ ẩm - khí áp,"09230019 Cảm biến đo nhiệt độ Thies 1.1006.54.080 Thies Clima Phòng MET - Đài KSKL TUY HÒA Ra soat 2026-07-11, file nguon: THA_DAW21",/thiet-bi/TB_WGVC1SP3,"'-07':29B '-11':30B '09230019':10B '1.1006.54.080':17B '2026':28B 'am':7A 'ap':9A 'bien':12B 'cam':11B 'clima':19B 'dai':22B 'daw21':34B 'do':3A,5A,6A,13B,15B 'file':31B 'hoa':25B 'khi':8A 'kskl':23B 'met':21B 'nguon':32B 'nhiet':4A,14B 'phong':20B 'ra':26B 'soat':27B 'tb':1A 'tha':33B 'thies':16B,18B 'tuy':24B 'wgvc1sp3':2A",2026-07-17 01:20:13.233503+00
thiet_bi,c2fa52dc-2eb9-4340-af35-ff9fcd4616ad,TB_JKHK6FY2,Thiết bị đo gió Ultrasonic wind sensor 2D,"Cảm biến đo hướng và tốc độ gió Thies Clima Trạm 27 Ra soat 2026-07-11, file nguon: PLK_IMS",/thiet-bi/TB_JKHK6FY2,"'-07':26B '-11':27B '2026':25B '27':22B '2d':10A 'bi':4A 'bien':12B 'cam':11B 'clima':20B 'do':5A,13B,17B 'file':28B 'gio':6A,18B 'huong':14B 'ims':31B 'jkhk6fy2':2A 'nguon':29B 'plk':30B 'ra':23B 'sensor':9A 'soat':24B 'tb':1A 'thies':19B 'thiet':3A 'toc':16B 'tram':21B 'ultrasonic':7A 'va':15B 'wind':8A",2026-07-17 01:20:13.233503+00
thiet_bi,8b3ec36b-5052-4bc0-a81a-4f56f3cb3675,TB_BSVJ2BPQ,RS232/485 Converter,"RS232/485 Converter Comergon Trạm 27 Ra soat 2026-07-11, file nguon: PLK_IMS",/thiet-bi/TB_BSVJ2BPQ,"'-07':13B '-11':14B '2026':12B '27':9B 'bsvj2bpq':2A 'comergon':7B 'converter':4A,6B 'file':15B 'ims':18B 'nguon':16B 'plk':17B 'ra':10B 'rs232/485':3A,5B 'soat':11B 'tb':1A 'tram':8B",2026-07-17 01:20:13.233503+00
thiet_bi,d1bb14e3-3a2a-4805-b55c-525f0e1d9fa8,TB_M8A15253,RS232/485 Converter,"RS232/485 Converter Comergon Trạm 27 Ra soat 2026-07-11, file nguon: PLK_IMS",/thiet-bi/TB_M8A15253,"'-07':13B '-11':14B '2026':12B '27':9B 'comergon':7B 'converter':4A,6B 'file':15B 'ims':18B 'm8a15253':2A 'nguon':16B 'plk':17B 'ra':10B 'rs232/485':3A,5B 'soat':11B 'tb':1A 'tram':8B",2026-07-17 01:20:13.233503+00
thiet_bi,9d996a61-883e-4cec-a058-d1b924f87b5e,TB_7B1Z8ZQH,Bộ chuyển đổi AC/DC,"Bộ chuyển đổi AC/DC MeanWell Trạm 27 Ra soat 2026-07-11, file nguon: PLK_IMS",/thiet-bi/TB_7B1Z8ZQH,"'-07':17B '-11':18B '2026':16B '27':13B '7b1z8zqh':2A 'ac/dc':6A,10B 'bo':3A,7B 'chuyen':4A,8B 'doi':5A,9B 'file':19B 'ims':22B 'meanwell':11B 'nguon':20B 'plk':21B 'ra':14B 'soat':15B 'tb':1A 'tram':12B",2026-07-17 01:20:13.233503+00
thiet_bi,26575e59-cb14-44b9-a7f7-b31a02f9a62e,TB_ZAGKNJ4Y,Thiết bị chuyển đổi Serial/Fiber,"TBZCE1047830 Thiết bị chuyển đổi Serial/Fiber Moxa Trạm 14 TN Ra soat 2026-07-11, file nguon: CLA_IMS",/thiet-bi/TB_ZAGKNJ4Y,"'-07':21B '-11':22B '14':16B '2026':20B 'bi':4A,10B 'chuyen':5A,11B 'cla':25B 'doi':6A,12B 'file':23B 'ims':26B 'moxa':14B 'nguon':24B 'ra':18B 'serial/fiber':7A,13B 'soat':19B 'tb':1A 'tbzce1047830':8B 'thiet':3A,9B 'tn':17B 'tram':15B 'zagknj4y':2A",2026-07-16 03:53:31.441458+00
thiet_bi,0fd5e0ae-9c73-4718-81cf-bb7bc62d6e58,TB_13591W9R,Bộ chuyển đổi AC/DC,"Bộ Charger MeanWell Trạm 27 Ra soat 2026-07-11, file nguon: PLK_IMS",/thiet-bi/TB_13591W9R,"'-07':15B '-11':16B '13591w9r':2A '2026':14B '27':11B 'ac/dc':6A 'bo':3A,7B 'charger':8B 'chuyen':4A 'doi':5A 'file':17B 'ims':20B 'meanwell':9B 'nguon':18B 'plk':19B 'ra':12B 'soat':13B 'tb':1A 'tram':10B",2026-07-17 01:20:13.233503+00
thiet_bi,1a59fa3e-7076-48bc-b267-74c2292af424,TB_GQT5SSZB,Bộ chuyển đổi AC/DC,"Nguồn AC/DC MeanWell Trạm 27 Ra soat 2026-07-11, file nguon: PLK_IMS",/thiet-bi/TB_GQT5SSZB,"'-07':15B '-11':16B '2026':14B '27':11B 'ac/dc':6A,8B 'bo':3A 'chuyen':4A 'doi':5A 'file':17B 'gqt5sszb':2A 'ims':20B 'meanwell':9B 'nguon':7B,18B 'plk':19B 'ra':12B 'soat':13B 'tb':1A 'tram':10B",2026-07-17 01:20:13.233503+00
thiet_bi,51e13d06-7fa4-44a4-acd1-50bee8f77aea,TB_SXMBNRGC,Bộ chia KVM,8port combo KVM series Bộ chia KVM PLANET Hỏng hóc: 0 lần | Tình trạng: Hoạt động bình thường | VTDP: Không | Niên hạn: Không,/thiet-bi/TB_SXMBNRGC,"'0':16B '8port':6B 'binh':22B 'bo':3A,10B 'chia':4A,11B 'combo':7B 'dong':21B 'han':27B 'hoat':20B 'hoc':15B 'hong':14B 'khong':25B,28B 'kvm':5A,8B,12B 'lan':17B 'nien':26B 'planet':13B 'series':9B 'sxmbnrgc':2A 'tb':1A 'thuong':23B 'tinh':18B 'trang':19B 'vtdp':24B",2026-07-17 01:20:13.233503+00
thiet_bi,19f9a5e9-d40b-41f3-9f4c-480c4fe47b2b,TB_JFD7J6XW,Thiết bị bảo vệ quá áp,"Thiết bị bảo vệ quá áp MicroStep-MIS Trạm 27 Ra soat 2026-07-11, file nguon: PLK_IMS",/thiet-bi/TB_JFD7J6XW,"'-07':23B '-11':24B '2026':22B '27':19B 'ap':8A,14B 'bao':5A,11B 'bi':4A,10B 'file':25B 'ims':28B 'jfd7j6xw':2A 'microstep':16B 'microstep-mis':15B 'mis':17B 'nguon':26B 'plk':27B 'qua':7A,13B 'ra':20B 'soat':21B 'tb':1A 'thiet':3A,9B 'tram':18B 've':6A,12B",2026-07-17 01:20:13.233503+00
thiet_bi,209e8ea0-1d29-45e4-a670-e8bb269ea7cf,TB_DJ1S1CGP,Cảm biến gió,"Tủ gió 27 Cảm biến gió Gill 27 Ra soat 2026-07-11, file nguon: PBA_AWOS900",/thiet-bi/TB_DJ1S1CGP,"'-07':17B '-11':18B '2026':16B '27':8B,13B 'awos900':22B 'bien':4A,10B 'cam':3A,9B 'dj1s1cgp':2A 'file':19B 'gill':12B 'gio':5A,7B,11B 'nguon':20B 'pba':21B 'ra':14B 'soat':15B 'tb':1A 'tu':6B",2026-07-17 01:20:13.233503+00
thiet_bi,66e200d3-5f85-4261-b9c6-7bbc2278a63f,TB_VQ7XZ82W,Converter Serial to Fiber(X3),"Media Converter Moxa QUANG-33 Ra soat 2026-07-11, file nguon: PCA_IMS",/thiet-bi/TB_VQ7XZ82W,"'-07':16B '-11':17B '-33':12B '2026':15B 'converter':3A,9B 'fiber':6A 'file':18B 'ims':21B 'media':8B 'moxa':10B 'nguon':19B 'pca':20B 'quang':11B 'ra':13B 'serial':4A 'soat':14B 'tb':1A 'to':5A 'vq7xz82w':2A 'x3':7A",2026-07-17 01:20:13.233503+00
thiet_bi,86823f86-f293-4249-8714-3d362ae75c63,TB_W83Q7NMK,Radio Modem MR400,"Radio Modem MR400 RACOM Trạm MID Ra soat 2026-07-11, file nguon: PLK_IMS",/thiet-bi/TB_W83Q7NMK,"'-07':15B '-11':16B '2026':14B 'file':17B 'ims':20B 'mid':11B 'modem':4A,7B 'mr400':5A,8B 'nguon':18B 'plk':19B 'ra':12B 'racom':9B 'radio':3A,6B 'soat':13B 'tb':1A 'tram':10B 'w83q7nmk':2A",2026-07-17 01:20:13.233503+00
thiet_bi,002b7589-738a-43c1-be4f-40b6485e2e73,TB_N38K9YHN,Data logger,"Data logger MicroStep-MIS Trạm 27 Ra soat 2026-07-11, file nguon: PLK_IMS",/thiet-bi/TB_N38K9YHN,"'-07':15B '-11':16B '2026':14B '27':11B 'data':3A,5B 'file':17B 'ims':20B 'logger':4A,6B 'microstep':8B 'microstep-mis':7B 'mis':9B 'n38k9yhn':2A 'nguon':18B 'plk':19B 'ra':12B 'soat':13B 'tb':1A 'tram':10B",2026-07-17 01:20:13.233503+00
thiet_bi,ce587676-dbd8-4fee-a443-9811234fbd48,TB_SE1QXPCF,Cảm biến đo hướng và đo tốc độ gió,"Cảm biến đo hướng và tốc độ gió Thies Clima AWS-15 Ra soat 2026-07-11, file nguon: PCA_IMS",/thiet-bi/TB_SE1QXPCF,"'-07':27B '-11':28B '-15':23B '2026':26B 'aws':22B 'bien':4A,13B 'cam':3A,12B 'clima':21B 'do':5A,8A,10A,14B,18B 'file':29B 'gio':11A,19B 'huong':6A,15B 'ims':32B 'nguon':30B 'pca':31B 'ra':24B 'se1qxpcf':2A 'soat':25B 'tb':1A 'thies':20B 'toc':9A,17B 'va':7A,16B",2026-07-17 01:20:13.233503+00
thiet_bi,e21274cd-cb48-40d2-b2a9-ab0631086d2f,TB_7QH0207X,Cảm biến tầm nhìn,"Cảm biến tầm nhìn Biral Trạm MID Ra soat 2026-07-11, file nguon: PLK_IMS",/thiet-bi/TB_7QH0207X,"'-07':17B '-11':18B '2026':16B '7qh0207x':2A 'bien':4A,8B 'biral':11B 'cam':3A,7B 'file':19B 'ims':22B 'mid':13B 'nguon':20B 'nhin':6A,10B 'plk':21B 'ra':14B 'soat':15B 'tam':5A,9B 'tb':1A 'tram':12B",2026-07-17 01:20:13.233503+00
thiet_bi,356d0e2c-3143-4c4c-91ce-b1d293dab716,TB_EFDDJG67,Cảm biến ánh sáng nền,"Cảm biến đo ánh sáng nền Biral Trạm MID Ra soat 2026-07-11, file nguon: PLK_IMS",/thiet-bi/TB_EFDDJG67,"'-07':20B '-11':21B '2026':19B 'anh':5A,11B 'bien':4A,9B 'biral':14B 'cam':3A,8B 'do':10B 'efddjg67':2A 'file':22B 'ims':25B 'mid':16B 'nen':7A,13B 'nguon':23B 'plk':24B 'ra':17B 'sang':6A,12B 'soat':18B 'tb':1A 'tram':15B",2026-07-17 01:20:13.233503+00
thiet_bi,a1411e83-86f7-4c77-87a2-ac051f11514e,TB_ZMY322E2,Cảm biến đo khí áp PTB330,V0821325 Cảm biến đo khí áp PTB330 Vaisala Hỏng hóc: 0 lần | Tình trạng: Khai thác bình thường | VTDP: Không có VTDP | Niên hạn: Không,/thiet-bi/TB_ZMY322E2,"'0':19B 'ap':7A,14B 'bien':4A,11B 'binh':25B 'cam':3A,10B 'co':29B 'do':5A,12B 'han':32B 'hoc':18B 'hong':17B 'khai':23B 'khi':6A,13B 'khong':28B,33B 'lan':20B 'nien':31B 'ptb330':8A,15B 'tb':1A 'thac':24B 'thuong':26B 'tinh':21B 'trang':22B 'v0821325':9B 'vaisala':16B 'vtdp':27B,30B 'zmy322e2':2A",2026-07-17 01:20:13.233503+00
thiet_bi,00aed65a-f070-4f04-9a18-88fb3fa1dfe3,TB_DP63QHCP,Thiết bị đo gió Ultrasonic wind sensor 2D,"Cảm biến đo hướng và tốc độ gió Thies Clima Trạm MID Ra soat 2026-07-11, file nguon: PLK_IMS",/thiet-bi/TB_DP63QHCP,"'-07':26B '-11':27B '2026':25B '2d':10A 'bi':4A 'bien':12B 'cam':11B 'clima':20B 'do':5A,13B,17B 'dp63qhcp':2A 'file':28B 'gio':6A,18B 'huong':14B 'ims':31B 'mid':22B 'nguon':29B 'plk':30B 'ra':23B 'sensor':9A 'soat':24B 'tb':1A 'thies':19B 'thiet':3A 'toc':16B 'tram':21B 'ultrasonic':7A 'va':15B 'wind':8A",2026-07-17 01:20:13.233503+00
thiet_bi,a28808c3-3306-4763-8c63-1c2e49aa6eb0,TB_5E9SP9GV,Bộ chuyển đổi AC/DC,"Bộ chuyển đổi AC/DC MeanWell Trạm MID Ra soat 2026-07-11, file nguon: PLK_IMS",/thiet-bi/TB_5E9SP9GV,"'-07':18B '-11':19B '2026':17B '5e9':2A 'ac/dc':7A,11B 'bo':4A,8B 'chuyen':5A,9B 'doi':6A,10B 'file':20B 'ims':23B 'meanwell':12B 'mid':14B 'nguon':21B 'plk':22B 'ra':15B 'soat':16B 'sp9gv':3A 'tb':1A 'tram':13B",2026-07-17 01:20:13.233503+00
thiet_bi,de48ff71-d576-4184-8cda-5e4df6b357f4,TB_J4SVRBVA,RS232/485 Converter,"RS232/485 Converter Comergon Trạm MID Ra soat 2026-07-11, file nguon: PLK_IMS",/thiet-bi/TB_J4SVRBVA,"'-07':13B '-11':14B '2026':12B 'comergon':7B 'converter':4A,6B 'file':15B 'ims':18B 'j4svrbva':2A 'mid':9B 'nguon':16B 'plk':17B 'ra':10B 'rs232/485':3A,5B 'soat':11B 'tb':1A 'tram':8B",2026-07-17 01:20:13.233503+00
thiet_bi,8005bd1d-b811-4ce4-b55f-d2d6905eae89,TB_HKNFG659,RS232/485 Converter,"RS232/485 Converter Comergon Trạm MID Ra soat 2026-07-11, file nguon: PLK_IMS",/thiet-bi/TB_HKNFG659,"'-07':13B '-11':14B '2026':12B 'comergon':7B 'converter':4A,6B 'file':15B 'hknfg659':2A 'ims':18B 'mid':9B 'nguon':16B 'plk':17B 'ra':10B 'rs232/485':3A,5B 'soat':11B 'tb':1A 'tram':8B",2026-07-17 01:20:13.233503+00
thiet_bi,816f70c3-6b12-4ce4-bf66-4ed827c13a08,TB_WWHY379S,Bộ chuyển đổi tín hiệu RS232/485 Converter,"RS232/485 Converter Comergon Trạm MID Ra soat 2026-07-11, file nguon: PLK_IMS",/thiet-bi/TB_WWHY379S,"'-07':18B '-11':19B '2026':17B 'bo':3A 'chuyen':4A 'comergon':12B 'converter':9A,11B 'doi':5A 'file':20B 'hieu':7A 'ims':23B 'mid':14B 'nguon':21B 'plk':22B 'ra':15B 'rs232/485':8A,10B 'soat':16B 'tb':1A 'tin':6A 'tram':13B 'wwhy379s':2A",2026-07-17 01:20:13.233503+00
thiet_bi,bab55a9d-99b0-4acb-900a-caef09507484,TB_C37NZ2SA,Bộ chuyển đổi AC/DC,"Bộ chuyển đổi AC/DC MeanWell Trạm MID Ra soat 2026-07-11, file nguon: PLK_IMS",/thiet-bi/TB_C37NZ2SA,"'-07':17B '-11':18B '2026':16B 'ac/dc':6A,10B 'bo':3A,7B 'c37nz2sa':2A 'chuyen':4A,8B 'doi':5A,9B 'file':19B 'ims':22B 'meanwell':11B 'mid':13B 'nguon':20B 'plk':21B 'ra':14B 'soat':15B 'tb':1A 'tram':12B",2026-07-17 01:20:13.233503+00
thiet_bi,58cdf91a-ed63-409f-be04-918fcbbefa4a,TB_TQRDGKXQ,Anten định hướng,"09062348402 Anten định hướng CompleTech Trạm giữa Ra soat 2026-07-11, file nguon: THA_DAW21",/thiet-bi/TB_TQRDGKXQ,"'-07':16B '-11':17B '09062348402':6B '2026':15B 'anten':3A,7B 'completech':10B 'daw21':21B 'dinh':4A,8B 'file':18B 'giua':12B 'huong':5A,9B 'nguon':19B 'ra':13B 'soat':14B 'tb':1A 'tha':20B 'tqrdgkxq':2A 'tram':11B",2026-07-16 03:53:31.441458+00
thiet_bi,b13265b2-834b-496f-8fa7-327aa56ed5fd,TB_3ZG005ZJ,Bộ chuyển đổi AC/DC,"Bộ Charger MeanWell Trạm MID Ra soat 2026-07-11, file nguon: PLK_IMS",/thiet-bi/TB_3ZG005ZJ,"'-07':15B '-11':16B '2026':14B '3zg005zj':2A 'ac/dc':6A 'bo':3A,7B 'charger':8B 'chuyen':4A 'doi':5A 'file':17B 'ims':20B 'meanwell':9B 'mid':11B 'nguon':18B 'plk':19B 'ra':12B 'soat':13B 'tb':1A 'tram':10B",2026-07-17 01:20:13.233503+00
thiet_bi,9da6bc91-efe5-488d-a402-f5a03a34a372,TB_PKHRWJTE,Radio Modem MR400,"Radio Modem MR400 RACOM Trạm MID Ra soat 2026-07-11, file nguon: PLK_IMS",/thiet-bi/TB_PKHRWJTE,"'-07':15B '-11':16B '2026':14B 'file':17B 'ims':20B 'mid':11B 'modem':4A,7B 'mr400':5A,8B 'nguon':18B 'pkhrwjte':2A 'plk':19B 'ra':12B 'racom':9B 'radio':3A,6B 'soat':13B 'tb':1A 'tram':10B",2026-07-17 01:20:13.233503+00
thiet_bi,00a9be93-5ab6-43cb-8c34-bede03ad80c8,TB_QWBF6AVP,Data logger AMS 111,"Data logger MicroStep-MIS Trạm MID Ra soat 2026-07-11, file nguon: PLK_IMS",/thiet-bi/TB_QWBF6AVP,"'-07':17B '-11':18B '111':6A '2026':16B 'ams':5A 'data':3A,7B 'file':19B 'ims':22B 'logger':4A,8B 'microstep':10B 'microstep-mis':9B 'mid':13B 'mis':11B 'nguon':20B 'plk':21B 'qwbf6avp':2A 'ra':14B 'soat':15B 'tb':1A 'tram':12B",2026-07-17 01:20:13.233503+00
thiet_bi,6706a54d-b332-4a28-811c-96cca86ad524,TB_BBHWTC92,"Antenna  405-430 MHz, 5YAGI","Antenna  405-430 MHz, 5YAGI RACOM Trạm MID Ra soat 2026-07-11, file nguon: PLK_IMS",/thiet-bi/TB_BBHWTC92,"'-07':19B '-11':20B '-430':5A,10B '2026':18B '405':4A,9B '5yagi':7A,12B 'antenna':3A,8B 'bbhwtc92':2A 'file':21B 'ims':24B 'mhz':6A,11B 'mid':15B 'nguon':22B 'plk':23B 'ra':16B 'racom':13B 'soat':17B 'tb':1A 'tram':14B",2026-07-17 01:20:13.233503+00
thiet_bi,5c23c5c0-466a-4081-ab76-f8ca06ebd203,TB_6MHCDGJS,Bộ chuyển đổi AC/DC,"Bộ Charger MeanWell Trạm MID Ra soat 2026-07-11, file nguon: PLK_IMS",/thiet-bi/TB_6MHCDGJS,"'-07':15B '-11':16B '2026':14B '6mhcdgjs':2A 'ac/dc':6A 'bo':3A,7B 'charger':8B 'chuyen':4A 'doi':5A 'file':17B 'ims':20B 'meanwell':9B 'mid':11B 'nguon':18B 'plk':19B 'ra':12B 'soat':13B 'tb':1A 'tram':10B",2026-07-17 01:20:13.233503+00
thiet_bi,36d7f02d-cee0-431e-bcff-b247795df36c,TB_H7T8XK6G,Cảm biến đo nhiệt độ và độ ẩm,"Cảm biến đo nhiệt độ và độ ẩm MicroStep-MIS Trạm MID Ra soat 2026-07-11, file nguon: PLK_IMS",/thiet-bi/TB_H7T8XK6G,"'-07':27B '-11':28B '2026':26B 'am':10A,18B 'bien':4A,12B 'cam':3A,11B 'do':5A,7A,9A,13B,15B,17B 'file':29B 'h7t8xk6g':2A 'ims':32B 'microstep':20B 'microstep-mis':19B 'mid':23B 'mis':21B 'nguon':30B 'nhiet':6A,14B 'plk':31B 'ra':24B 'soat':25B 'tb':1A 'tram':22B 'va':8A,16B",2026-07-17 01:20:13.233503+00
thiet_bi,1828692b-0e6c-409c-9399-197b161081d9,TB_1G47NM17,Cảm biến đo mưa,"Cảm biến đo mưa MeteoServis Trạm MID Ra soat 2026-07-11, file nguon: PLK_IMS",/thiet-bi/TB_1G47NM17,"'-07':17B '-11':18B '1g47nm17':2A '2026':16B 'bien':4A,8B 'cam':3A,7B 'do':5A,9B 'file':19B 'ims':22B 'meteoservis':11B 'mid':13B 'mua':6A,10B 'nguon':20B 'plk':21B 'ra':14B 'soat':15B 'tb':1A 'tram':12B",2026-07-17 01:20:13.233503+00
thiet_bi,0b311268-c094-4a59-9561-1537f03ccba3,TB_KC9YPEAM,Cảm biến đo Giông sét,"Cảm biến đo Giông sét MicroStep-MIS Trạm MID Ra soat 2026-07-11, file nguon: PLK_IMS",/thiet-bi/TB_KC9YPEAM,"'-07':21B '-11':22B '2026':20B 'bien':4A,9B 'cam':3A,8B 'do':5A,10B 'file':23B 'giong':6A,11B 'ims':26B 'kc9ypeam':2A 'microstep':14B 'microstep-mis':13B 'mid':17B 'mis':15B 'nguon':24B 'plk':25B 'ra':18B 'set':7A,12B 'soat':19B 'tb':1A 'tram':16B",2026-07-17 01:20:13.233503+00
thiet_bi,08312da5-b207-4924-93c7-c16b27b7ea9f,TB_JVNJ39S7,Cảm biến đo khí áp,"Cảm biến đo khí áp MicroStep-MIS Trạm MID Ra soat 2026-07-11, file nguon: PLK_IMS",/thiet-bi/TB_JVNJ39S7,"'-07':21B '-11':22B '2026':20B 'ap':7A,12B 'bien':4A,9B 'cam':3A,8B 'do':5A,10B 'file':23B 'ims':26B 'jvnj39s7':2A 'khi':6A,11B 'microstep':14B 'microstep-mis':13B 'mid':17B 'mis':15B 'nguon':24B 'plk':25B 'ra':18B 'soat':19B 'tb':1A 'tram':16B",2026-07-17 01:20:13.233503+00
thiet_bi,7efcfb6c-5998-495d-808c-c2e0e6e6f922,TB_5ZW669RT,"Bộ phận sấy, sưởi thiết bị (heater/blower) 83397-00","0386 Bộ phận sấy, sưởi thiết bị (heater/blower) 83397-00 Đề xuất: Đã đề xuất cho sensor trần mây | Hỏng hóc: 0 lần | Tình trạng: Hoạt động bình thường | VTDP: Không | Niên hạn: Không",/thiet-bi/TB_5ZW669RT,"'-00':11A,21B '0':33B '0386':12B '5zw669rt':2A '83397':10A,20B 'bi':8A,18B 'binh':39B 'bo':3A,13B 'cho':27B 'da':24B 'de':22B,25B 'dong':38B 'han':44B 'heater/blower':9A,19B 'hoat':37B 'hoc':32B 'hong':31B 'khong':42B,45B 'lan':34B 'may':30B 'nien':43B 'phan':4A,14B 'say':5A,15B 'sensor':28B 'suoi':6A,16B 'tb':1A 'thiet':7A,17B 'thuong':40B 'tinh':35B 'tran':29B 'trang':36B 'vtdp':41B 'xuat':23B,26B",2026-07-17 01:20:13.233503+00
thiet_bi,a1fb224f-b2f8-4d46-ac10-b0d7fad35151,TB_V3X6D61W,Thiết bị chuyển đổi Serial/Fiber,"TBZCE1047811 Thiết bị chuyển đổi Serial/Fiber Moxa Trạm trần mây 14 Ra soat 2026-07-11, file nguon: CLA_IMS",/thiet-bi/TB_V3X6D61W,"'-07':22B '-11':23B '14':18B '2026':21B 'bi':4A,10B 'chuyen':5A,11B 'cla':26B 'doi':6A,12B 'file':24B 'ims':27B 'may':17B 'moxa':14B 'nguon':25B 'ra':19B 'serial/fiber':7A,13B 'soat':20B 'tb':1A 'tbzce1047811':8B 'thiet':3A,9B 'tram':15B 'tran':16B 'v3x6d61w':2A",2026-07-16 03:53:31.441458+00
thiet_bi,c5be6bf6-e7d0-40c3-8b67-1b73a029090a,TB_915AMMEQ,Thiết bị bảo vệ quá áp,"Thiết bị bảo vệ quá áp MicroStep-MIS Trạm MID Ra soat 2026-07-11, file nguon: PLK_IMS",/thiet-bi/TB_915AMMEQ,"'-07':23B '-11':24B '2026':22B '915ammeq':2A 'ap':8A,14B 'bao':5A,11B 'bi':4A,10B 'file':25B 'ims':28B 'microstep':16B 'microstep-mis':15B 'mid':19B 'mis':17B 'nguon':26B 'plk':27B 'qua':7A,13B 'ra':20B 'soat':21B 'tb':1A 'thiet':3A,9B 'tram':18B 've':6A,12B",2026-07-17 01:20:13.233503+00
thiet_bi,f0053b0c-3a16-47c5-9f22-e18d29d8119d,TB_YETC2NZY,Thiết bị bảo vệ quá áp,"Thiết bị bảo vệ quá áp MicroStep-MIS Trạm MID Ra soat 2026-07-11, file nguon: PLK_IMS",/thiet-bi/TB_YETC2NZY,"'-07':23B '-11':24B '2026':22B 'ap':8A,14B 'bao':5A,11B 'bi':4A,10B 'file':25B 'ims':28B 'microstep':16B 'microstep-mis':15B 'mid':19B 'mis':17B 'nguon':26B 'plk':27B 'qua':7A,13B 'ra':20B 'soat':21B 'tb':1A 'thiet':3A,9B 'tram':18B 've':6A,12B 'yetc2nzy':2A",2026-07-17 01:20:13.233503+00
thiet_bi,cad28685-3769-4e9e-8836-d719f0588153,TB_NCEYXRKC,Thiết bị bảo vệ quá áp,"Thiết bị bảo vệ quá áp MicroStep-MIS Trạm MID Ra soat 2026-07-11, file nguon: PLK_IMS",/thiet-bi/TB_NCEYXRKC,"'-07':23B '-11':24B '2026':22B 'ap':8A,14B 'bao':5A,11B 'bi':4A,10B 'file':25B 'ims':28B 'microstep':16B 'microstep-mis':15B 'mid':19B 'mis':17B 'nceyxrkc':2A 'nguon':26B 'plk':27B 'qua':7A,13B 'ra':20B 'soat':21B 'tb':1A 'thiet':3A,9B 'tram':18B 've':6A,12B",2026-07-17 01:20:13.233503+00
thiet_bi,5a726bc5-884b-48f1-8187-38de6e19e639,TB_WR685ZMV,Thiết bị bảo vệ quá áp,"Thiết bị bảo vệ quá áp MicroStep-MIS Trạm MID Ra soat 2026-07-11, file nguon: PLK_IMS",/thiet-bi/TB_WR685ZMV,"'-07':23B '-11':24B '2026':22B 'ap':8A,14B 'bao':5A,11B 'bi':4A,10B 'file':25B 'ims':28B 'microstep':16B 'microstep-mis':15B 'mid':19B 'mis':17B 'nguon':26B 'plk':27B 'qua':7A,13B 'ra':20B 'soat':21B 'tb':1A 'thiet':3A,9B 'tram':18B 've':6A,12B 'wr685zmv':2A",2026-07-17 01:20:13.233503+00
thiet_bi,64a39008-ecfb-482c-bd13-b471cbcf6c99,TB_CCR1BEVC,Thiết bị bảo vệ quá áp,"Thiết bị bảo vệ quá áp MicroStep-MIS Trạm MID Ra soat 2026-07-11, file nguon: PLK_IMS",/thiet-bi/TB_CCR1BEVC,"'-07':23B '-11':24B '2026':22B 'ap':8A,14B 'bao':5A,11B 'bi':4A,10B 'ccr1bevc':2A 'file':25B 'ims':28B 'microstep':16B 'microstep-mis':15B 'mid':19B 'mis':17B 'nguon':26B 'plk':27B 'qua':7A,13B 'ra':20B 'soat':21B 'tb':1A 'thiet':3A,9B 'tram':18B 've':6A,12B",2026-07-17 01:20:13.233503+00
thiet_bi,12a1acdb-491b-403e-9a6d-cb8057d53b8b,TB_52ATC4VG,Radio Modem MR400,"Radio Modem MR400 RACOM Trạm 09 Ra soat 2026-07-11, file nguon: PLK_IMS",/thiet-bi/TB_52ATC4VG,"'-07':15B '-11':16B '09':11B '2026':14B '52atc4vg':2A 'file':17B 'ims':20B 'modem':4A,7B 'mr400':5A,8B 'nguon':18B 'plk':19B 'ra':12B 'racom':9B 'radio':3A,6B 'soat':13B 'tb':1A 'tram':10B",2026-07-17 01:20:13.233503+00
thiet_bi,0838a25c-1f82-44f8-b8d7-9d4cd53558cd,TB_SSQE6RQP,Cảm biến tầm nhìn,"Cảm biến tầm nhìn Biral Trạm 09 Ra soat 2026-07-11, file nguon: PLK_IMS",/thiet-bi/TB_SSQE6RQP,"'-07':17B '-11':18B '09':13B '2026':16B 'bien':4A,8B 'biral':11B 'cam':3A,7B 'file':19B 'ims':22B 'nguon':20B 'nhin':6A,10B 'plk':21B 'ra':14B 'soat':15B 'ssqe6rqp':2A 'tam':5A,9B 'tb':1A 'tram':12B",2026-07-17 01:20:13.233503+00
thiet_bi,3cbbf8f0-a286-4310-b2d0-a59ae5ce1315,TB_RA4CK051,Cảm biến ánh sáng nền,"Cảm biến đo ánh sáng nền Biral Trạm 09 Ra soat 2026-07-11, file nguon: PLK_IMS",/thiet-bi/TB_RA4CK051,"'-07':20B '-11':21B '09':16B '2026':19B 'anh':5A,11B 'bien':4A,9B 'biral':14B 'cam':3A,8B 'do':10B 'file':22B 'ims':25B 'nen':7A,13B 'nguon':23B 'plk':24B 'ra':17B 'ra4ck051':2A 'sang':6A,12B 'soat':18B 'tb':1A 'tram':15B",2026-07-17 01:20:13.233503+00
thiet_bi,6c68fd52-0a1a-4cd9-a9d0-68d6eff52e5a,TB_DT874BTB,"Bộ phận sấy, sưởi thiết bị (heater/blower) 83397-00","0387 Bộ phận sấy, sưởi thiết bị (heater/blower) 83397-00 Đề xuất: Đã đề xuất cho sensor trần mây ở trên | Hỏng hóc: 0 lần | Tình trạng: Hoạt động bình thường | VTDP: Không | Niên hạn: Không",/thiet-bi/TB_DT874BTB,"'-00':11A,21B '0':35B '0387':12B '83397':10A,20B 'bi':8A,18B 'binh':41B 'bo':3A,13B 'cho':27B 'da':24B 'de':22B,25B 'dong':40B 'dt874btb':2A 'han':46B 'heater/blower':9A,19B 'hoat':39B 'hoc':34B 'hong':33B 'khong':44B,47B 'lan':36B 'may':30B 'nien':45B 'o':31B 'phan':4A,14B 'say':5A,15B 'sensor':28B 'suoi':6A,16B 'tb':1A 'thiet':7A,17B 'thuong':42B 'tinh':37B 'tran':29B 'trang':38B 'tren':32B 'vtdp':43B 'xuat':23B,26B",2026-07-17 01:20:13.233503+00
thiet_bi,62c02aec-8b62-40c9-8f91-09afb80c348c,TB_G4V2WRXZ,Bộ chuyển đổi tín hiệu  16 cổng RS232/485/422 sang Ethernet,"Thiết bị Serial to Ethernet Moxa PTB Đài KSKL CHU LAI Ra soat 2026-07-11, file nguon: CLA_IMS",/thiet-bi/TB_G4V2WRXZ,"'-07':27B '-11':28B '16':8A '2026':26B 'bi':14B 'bo':3A 'chu':22B 'chuyen':4A 'cla':31B 'cong':9A 'dai':20B 'doi':5A 'ethernet':12A,17B 'file':29B 'g4v2wrxz':2A 'hieu':7A 'ims':32B 'kskl':21B 'lai':23B 'moxa':18B 'nguon':30B 'ptb':19B 'ra':24B 'rs232/485/422':10A 'sang':11A 'serial':15B 'soat':25B 'tb':1A 'thiet':13B 'tin':6A 'to':16B",2026-07-16 03:53:31.441458+00
thiet_bi,03c6b5a6-0e5f-4be0-affe-152f47788b7d,TB_CNB4ZYXX,Thiết bị chuyển đổi Serial/Fiber ( 7 PCS),"Thiết bị chuyển đổi Serial/Fiber ( 7 PCS) Moxa PTB Đài KSKL CHU LAI Ra soat 2026-07-11, file nguon: CLA_IMS",/thiet-bi/TB_CNB4ZYXX,"'-07':26B '-11':27B '2026':25B '7':8A,15B 'bi':4A,11B 'chu':21B 'chuyen':5A,12B 'cla':30B 'cnb4zyxx':2A 'dai':19B 'doi':6A,13B 'file':28B 'ims':31B 'kskl':20B 'lai':22B 'moxa':17B 'nguon':29B 'pcs':9A,16B 'ptb':18B 'ra':23B 'serial/fiber':7A,14B 'soat':24B 'tb':1A 'thiet':3A,10B",2026-07-16 03:53:31.441458+00
thiet_bi,c828bfec-f248-4d9e-80eb-11b59739e625,TB_SKA82F87,Modem Moxa 16 port,"Thiết bị Serial to Ethernet Moxa Phòng thiết bị Ra soat 2026-07-11, file nguon: PLK_IMS",/thiet-bi/TB_SKA82F87,"'-07':19B '-11':20B '16':5A '2026':18B 'bi':8B,15B 'ethernet':11B 'file':21B 'ims':24B 'modem':3A 'moxa':4A,12B 'nguon':22B 'phong':13B 'plk':23B 'port':6A 'ra':16B 'serial':9B 'ska82f87':2A 'soat':17B 'tb':1A 'thiet':7B,14B 'to':10B",2026-07-16 03:53:31.441458+00
thiet_bi,b54e3446-df59-4e20-8137-e223041971da,TB_0QSR5QFX,Modem Moxa 8 port,"Modem Moxa 8 port Moxa Phòng thiết bị Ra soat 2026-07-11, file nguon: PLK_IMS",/thiet-bi/TB_0QSR5QFX,"'-07':18B '-11':19B '0qsr5qfx':2A '2026':17B '8':5A,9B 'bi':14B 'file':20B 'ims':23B 'modem':3A,7B 'moxa':4A,8B,11B 'nguon':21B 'phong':12B 'plk':22B 'port':6A,10B 'ra':15B 'soat':16B 'tb':1A 'thiet':13B",2026-07-16 03:53:31.441458+00
thiet_bi,6e0d1218-a2fc-4735-be36-23c0b3310269,TB_81RBX2E1,Chống sét đường tín hiệu,"Chống sét đường tín hiệu AT3W Phòng thiết bị Ra soat 2026-07-11, file nguon: PLK_IMS",/thiet-bi/TB_81RBX2E1,"'-07':20B '-11':21B '2026':19B '81rbx2e1':2A 'at3w':13B 'bi':16B 'chong':3A,8B 'duong':5A,10B 'file':22B 'hieu':7A,12B 'ims':25B 'nguon':23B 'phong':14B 'plk':24B 'ra':17B 'set':4A,9B 'soat':18B 'tb':1A 'thiet':15B 'tin':6A,11B",2026-07-16 03:53:31.441458+00
thiet_bi,a1e5128d-525e-4398-a099-3cc87cb9c089,TB_C6ERVRPT,Thiết bị đo gió Ultrasonic wind sensor 2D,"Cảm biến đo hướng và tốc độ gió Thies Clima Trạm 09 Ra soat 2026-07-11, file nguon: PLK_IMS",/thiet-bi/TB_C6ERVRPT,"'-07':26B '-11':27B '09':22B '2026':25B '2d':10A 'bi':4A 'bien':12B 'c6ervrpt':2A 'cam':11B 'clima':20B 'do':5A,13B,17B 'file':28B 'gio':6A,18B 'huong':14B 'ims':31B 'nguon':29B 'plk':30B 'ra':23B 'sensor':9A 'soat':24B 'tb':1A 'thies':19B 'thiet':3A 'toc':16B 'tram':21B 'ultrasonic':7A 'va':15B 'wind':8A",2026-07-17 01:20:13.233503+00
thiet_bi,1c0c54b1-d8dd-4bc1-8834-7ebcf012cfaf,TB_544DFDPY,RS232/485 Converter,"RS232/485 Converter Comergon Trạm 09 Ra soat 2026-07-11, file nguon: PLK_IMS",/thiet-bi/TB_544DFDPY,"'-07':13B '-11':14B '09':9B '2026':12B '544dfdpy':2A 'comergon':7B 'converter':4A,6B 'file':15B 'ims':18B 'nguon':16B 'plk':17B 'ra':10B 'rs232/485':3A,5B 'soat':11B 'tb':1A 'tram':8B",2026-07-17 01:20:13.233503+00
thiet_bi,26cde9c2-c968-491f-a927-165933e31ce1,TB_6DQWNQAV,RS232/485 Converter,"RS232/485 Converter Comergon Trạm 09 Ra soat 2026-07-11, file nguon: PLK_IMS",/thiet-bi/TB_6DQWNQAV,"'-07':13B '-11':14B '09':9B '2026':12B '6dqwnqav':2A 'comergon':7B 'converter':4A,6B 'file':15B 'ims':18B 'nguon':16B 'plk':17B 'ra':10B 'rs232/485':3A,5B 'soat':11B 'tb':1A 'tram':8B",2026-07-17 01:20:13.233503+00
thiet_bi,4aa18001-06a8-4517-b482-02654b902455,TB_KFYNBV26,Bộ chuyển đổi AC/DC,"Bộ chuyển đổi AC/DC MeanWell Trạm 09 Ra soat 2026-07-11, file nguon: PLK_IMS",/thiet-bi/TB_KFYNBV26,"'-07':17B '-11':18B '09':13B '2026':16B 'ac/dc':6A,10B 'bo':3A,7B 'chuyen':4A,8B 'doi':5A,9B 'file':19B 'ims':22B 'kfynbv26':2A 'meanwell':11B 'nguon':20B 'plk':21B 'ra':14B 'soat':15B 'tb':1A 'tram':12B",2026-07-17 01:20:13.233503+00
thiet_bi,ecb21811-ead7-4bac-9947-7d7413622138,TB_1FWJEAKF,Bộ chuyển đổi AC/DC,"Bộ Charger MeanWell Trạm 09 Ra soat 2026-07-11, file nguon: PLK_IMS",/thiet-bi/TB_1FWJEAKF,"'-07':15B '-11':16B '09':11B '1fwjeakf':2A '2026':14B 'ac/dc':6A 'bo':3A,7B 'charger':8B 'chuyen':4A 'doi':5A 'file':17B 'ims':20B 'meanwell':9B 'nguon':18B 'plk':19B 'ra':12B 'soat':13B 'tb':1A 'tram':10B",2026-07-17 01:20:13.233503+00
thiet_bi,a8913ed5-0ddb-4eb1-b6fc-aa80f5535b4e,TB_4XP7RSEX,Bộ chuyển đổi AC/DC,"Nguồn AC/DC MeanWell Trạm 09 Ra soat 2026-07-11, file nguon: PLK_IMS",/thiet-bi/TB_4XP7RSEX,"'-07':15B '-11':16B '09':11B '2026':14B '4xp7rsex':2A 'ac/dc':6A,8B 'bo':3A 'chuyen':4A 'doi':5A 'file':17B 'ims':20B 'meanwell':9B 'nguon':7B,18B 'plk':19B 'ra':12B 'soat':13B 'tb':1A 'tram':10B",2026-07-17 01:20:13.233503+00
thiet_bi,8123fafb-e089-4aa3-b4f4-4030587cfca0,TB_GAHEQFG3,Converter Serial to Fiber,"Media Converter Moxa QUANG-CEILO-33 Ra soat 2026-07-11, file nguon: PCA_IMS",/thiet-bi/TB_GAHEQFG3,"'-07':17B '-11':18B '2026':16B '33':13B 'ceilo':12B 'converter':3A,8B 'fiber':6A 'file':19B 'gaheqfg3':2A 'ims':22B 'media':7B 'moxa':9B 'nguon':20B 'pca':21B 'quang':11B 'quang-ceilo':10B 'ra':14B 'serial':4A 'soat':15B 'tb':1A 'to':5A",2026-07-17 01:20:13.233503+00
thiet_bi,133b94c6-1546-44a2-86db-d9cff3b6a9f5,TB_KP9YEE8Z,Chống sét RF,"Chống sét RF RACOM Trạm 09 Ra soat 2026-07-11, file nguon: PLK_IMS",/thiet-bi/TB_KP9YEE8Z,"'-07':15B '-11':16B '09':11B '2026':14B 'chong':3A,6B 'file':17B 'ims':20B 'kp9yee8z':2A 'nguon':18B 'plk':19B 'ra':12B 'racom':9B 'rf':5A,8B 'set':4A,7B 'soat':13B 'tb':1A 'tram':10B",2026-07-17 01:20:13.233503+00
thiet_bi,e0e88821-acc5-4978-a262-2a1216d9e58b,TB_N660QJAB,Data logger AMS 111 II,"Data logger MicroStep-MIS Trạm 09 Ra soat 2026-07-11, file nguon: PLK_IMS",/thiet-bi/TB_N660QJAB,"'-07':18B '-11':19B '09':14B '111':6A '2026':17B 'ams':5A 'data':3A,8B 'file':20B 'ii':7A 'ims':23B 'logger':4A,9B 'microstep':11B 'microstep-mis':10B 'mis':12B 'n660qjab':2A 'nguon':21B 'plk':22B 'ra':15B 'soat':16B 'tb':1A 'tram':13B",2026-07-17 01:20:13.233503+00
thiet_bi,ac30e189-8f27-4843-9b36-ba75f724ff77,TB_BJWZ1RM0,Sensor đo dông 6500-AC,"0100 Sensor đo dông 6500-AC All Weather, Inc. (ADB SAFEGATE) Trạm khí tượng Nguồn: Sensor đo dông 455 LSS | Đề xuất: Không bắt buộc, sử dụng sensor của hệ thống AVIMET | Hỏng hóc: 0 lần | Tình trạng: Hoạt động bình thường | VTDP: Không | Niên hạn: Không",/thiet-bi/TB_BJWZ1RM0,"'0':42B '0100':8B '455':26B '6500':6A,12B 'ac':7A,13B 'adb':17B 'all':14B 'avimet':39B 'bat':31B 'binh':48B 'bjwz1rm0':2A 'buoc':32B 'cua':36B 'de':28B 'do':4A,10B,24B 'dong':5A,11B,25B,47B 'dung':34B 'han':53B 'he':37B 'hoat':46B 'hoc':41B 'hong':40B 'inc':16B 'khi':20B 'khong':30B,51B,54B 'lan':43B 'lss':27B 'nguon':22B 'nien':52B 'safegate':18B 'sensor':3A,9B,23B,35B 'su':33B 'tb':1A 'thong':38B 'thuong':49B 'tinh':44B 'tram':19B 'trang':45B 'tuong':21B 'vtdp':50B 'weather':15B 'xuat':29B",2026-07-16 03:53:31.441458+00
thiet_bi,8eccf570-dc65-4f41-bb04-3fbd7b463ae4,TB_E6BNN7GC,Thiết bị bảo vệ quá áp,"Thiết bị bảo vệ quá áp MicroStep-MIS Trạm 09 Ra soat 2026-07-11, file nguon: PLK_IMS",/thiet-bi/TB_E6BNN7GC,"'-07':23B '-11':24B '09':19B '2026':22B 'ap':8A,14B 'bao':5A,11B 'bi':4A,10B 'e6bnn7gc':2A 'file':25B 'ims':28B 'microstep':16B 'microstep-mis':15B 'mis':17B 'nguon':26B 'plk':27B 'qua':7A,13B 'ra':20B 'soat':21B 'tb':1A 'thiet':3A,9B 'tram':18B 've':6A,12B",2026-07-17 01:20:13.233503+00
thiet_bi,9261b2ab-e07c-4b89-8372-9e5580c55ddd,TB_A4XFA8KD,KVM 19inch,"XL1908-X3V723B0022 KVM 19inch Kinan PTB Đài KSKL TUY HÒA Ra soat 2026-07-11, file nguon: THA_DAW21",/thiet-bi/TB_A4XFA8KD,"'-07':19B '-11':20B '19inch':4A,9B '2026':18B 'a4xfa8kd':2A 'dai':12B 'daw21':24B 'file':21B 'hoa':15B 'kinan':10B 'kskl':13B 'kvm':3A,8B 'nguon':22B 'ptb':11B 'ra':16B 'soat':17B 'tb':1A 'tha':23B 'tuy':14B 'x3v723b0022':7B 'xl1908':6B 'xl1908-x3v723b0022':5B",2026-07-17 01:20:13.233503+00
thiet_bi,e59f5a30-5253-424e-b446-b29e7cb8311a,TB_6D68H7TM,Thiết bị đo trần mây,"Cảm biến đo độ cao trần mây Eliasson Trạm 09 Ceilo Ra soat 2026-07-11, file nguon: PLK_IMS",/thiet-bi/TB_6D68H7TM,"'-07':22B '-11':23B '09':17B '2026':21B '6d68h7tm':2A 'bi':4A 'bien':9B 'cam':8B 'cao':12B 'ceilo':18B 'do':5A,10B,11B 'eliasson':15B 'file':24B 'ims':27B 'may':7A,14B 'nguon':25B 'plk':26B 'ra':19B 'soat':20B 'tb':1A 'thiet':3A 'tram':16B 'tran':6A,13B",2026-07-17 01:20:13.233503+00
thiet_bi,618b1a76-096e-44db-92ed-8b1267e445e2,TB_DJAF67N7,Sensor đo trần mây 8339-G+,"1290 Sensor đo trần mây 8339-G+ All Weather, Inc. (ADB SAFEGATE) Trạm khí tượng Nguồn: Đã gởi về Cty thực hiện sửa chữa | Đề xuất: Đề nghị nhanh chóng sử sửa chữa sensor hỏng. Mua sắm VTDP sử dụng chung cho hệ thống AWOS Optimet và AWOS 900 Phú Bài | Hỏng hóc: 1 lần 01.2026 | Tình trạng: Đang hỏng | VTDP: Không | Niên hạn: Không",/thiet-bi/TB_DJAF67N7,"'01.2026':64B '1':62B '1290':9B '8339':7A,14B '900':57B 'adb':19B 'all':16B 'awos':53B,56B 'bai':59B 'cho':50B 'chong':38B 'chua':32B,41B 'chung':49B 'cty':28B 'da':25B 'dang':67B 'de':33B,35B 'djaf67n7':2A 'do':4A,11B 'dung':48B 'g':8A,15B 'goi':26B 'han':72B 'he':51B 'hien':30B 'hoc':61B 'hong':43B,60B,68B 'inc':18B 'khi':22B 'khong':70B,73B 'lan':63B 'may':6A,13B 'mua':44B 'nghi':36B 'nguon':24B 'nhanh':37B 'nien':71B 'optimet':54B 'phu':58B 'safegate':20B 'sam':45B 'sensor':3A,10B,42B 'su':39B,47B 'sua':31B,40B 'tb':1A 'thong':52B 'thuc':29B 'tinh':65B 'tram':21B 'tran':5A,12B 'trang':66B 'tuong':23B 'va':55B 've':27B 'vtdp':46B,69B 'weather':17B 'xuat':34B",2026-07-16 03:53:31.441458+00
thiet_bi,6975545c-11de-40c2-b5e8-ca65526edf68,TB_PKJP9MPK,Radio Modem MR400,"Radio Modem MR400 RACOM Trạm 09 Ceilo Ra soat 2026-07-11, file nguon: PLK_IMS",/thiet-bi/TB_PKJP9MPK,"'-07':16B '-11':17B '09':11B '2026':15B 'ceilo':12B 'file':18B 'ims':21B 'modem':4A,7B 'mr400':5A,8B 'nguon':19B 'pkjp9mpk':2A 'plk':20B 'ra':13B 'racom':9B 'radio':3A,6B 'soat':14B 'tb':1A 'tram':10B",2026-07-17 01:20:13.233503+00
thiet_bi,e5e3e1d9-0c13-4812-bbaf-2a4b11948173,TB_4EPBB7SN,"Antenna  405-430 MHz, 5YAGI","Antenna  405-430 MHz, 5YAGI RACOM Trạm 09 Ceilo Ra soat 2026-07-11, file nguon: PLK_IMS",/thiet-bi/TB_4EPBB7SN,"'-07':20B '-11':21B '-430':5A,10B '09':15B '2026':19B '405':4A,9B '4epbb7sn':2A '5yagi':7A,12B 'antenna':3A,8B 'ceilo':16B 'file':22B 'ims':25B 'mhz':6A,11B 'nguon':23B 'plk':24B 'ra':17B 'racom':13B 'soat':18B 'tb':1A 'tram':14B",2026-07-17 01:20:13.233503+00
thiet_bi,b8788c4f-d4ee-4842-b639-835c97e478dc,TB_ZHSBW2JS,Bộ chuyển đổi AC/DC,"Bộ chuyển đổi AC/DC MeanWell Trạm 09 Ceilo Ra soat 2026-07-11, file nguon: PLK_IMS",/thiet-bi/TB_ZHSBW2JS,"'-07':18B '-11':19B '09':13B '2026':17B 'ac/dc':6A,10B 'bo':3A,7B 'ceilo':14B 'chuyen':4A,8B 'doi':5A,9B 'file':20B 'ims':23B 'meanwell':11B 'nguon':21B 'plk':22B 'ra':15B 'soat':16B 'tb':1A 'tram':12B 'zhsbw2js':2A",2026-07-17 01:20:13.233503+00
thiet_bi,15d72013-ae22-49f7-9742-f77332caa6f5,TB_RE16FH68,Chassis Etherwan,EMC1600 Chassis Etherwan ETHEWAN Hỏng hóc: 0 lần | Tình trạng: Hoạt động bình thường | VTDP: Không | Niên hạn: Quá 2/3,/thiet-bi/TB_RE16FH68,"'0':11B '2/3':24B 'binh':17B 'chassis':3A,6B 'dong':16B 'emc1600':5B 'etherwan':4A,7B 'ethewan':8B 'han':22B 'hoat':15B 'hoc':10B 'hong':9B 'khong':20B 'lan':12B 'nien':21B 'qua':23B 're16fh68':2A 'tb':1A 'thuong':18B 'tinh':13B 'trang':14B 'vtdp':19B",2026-07-17 01:20:13.233503+00
thiet_bi,323fd78e-4546-4494-855d-1d0ef8ef8bb0,TB_8BP2DBYN,Switch trung tâm,"FOC27181ZM9 Switch trung tâm Cisco PTB Đài KSKL TUY HÒA Ra soat 2026-07-11, file nguon: THA_DAW21",/thiet-bi/TB_8BP2DBYN,"'-07':19B '-11':20B '2026':18B '8bp2dbyn':2A 'cisco':10B 'dai':12B 'daw21':24B 'file':21B 'foc27181zm9':6B 'hoa':15B 'kskl':13B 'nguon':22B 'ptb':11B 'ra':16B 'soat':17B 'switch':3A,7B 'tam':5A,9B 'tb':1A 'tha':23B 'trung':4A,8B 'tuy':14B",2026-07-17 01:20:13.233503+00
thiet_bi,fee7f6bf-b32c-40fc-80c0-5d2a10fef0f0,TB_501WDDNT,Máy chủ Standby,"4NC3QY3 Máy chủ Main Dell Technologies PTB Đài KSKL TUY HÒA Ra soat 2026-07-11, file nguon: THA_DAW21",/thiet-bi/TB_501WDDNT,"'-07':20B '-11':21B '2026':19B '4nc3qy3':6B '501wddnt':2A 'chu':4A,8B 'dai':13B 'daw21':25B 'dell':10B 'file':22B 'hoa':16B 'kskl':14B 'main':9B 'may':3A,7B 'nguon':23B 'ptb':12B 'ra':17B 'soat':18B 'standby':5A 'tb':1A 'technologies':11B 'tha':24B 'tuy':15B",2026-07-17 01:20:13.233503+00
thiet_bi,e2cbf2f4-88d1-44c4-b8cd-3a60e78ae577,TB_7P29AGWB,Thiết bị bảo vệ quá áp,"Thiết bị bảo vệ quá áp MicroStep-MIS Trạm 09 Ceilo Ra soat 2026-07-11, file nguon: PLK_IMS",/thiet-bi/TB_7P29AGWB,"'-07':24B '-11':25B '09':19B '2026':23B '7p29agwb':2A 'ap':8A,14B 'bao':5A,11B 'bi':4A,10B 'ceilo':20B 'file':26B 'ims':29B 'microstep':16B 'microstep-mis':15B 'mis':17B 'nguon':27B 'plk':28B 'qua':7A,13B 'ra':21B 'soat':22B 'tb':1A 'thiet':3A,9B 'tram':18B 've':6A,12B",2026-07-17 01:20:13.233503+00
thiet_bi,ce24ab2d-8f47-40da-a60c-14197de1aaca,TB_W1H5GPK1,Bộ chuyển đổi tín hiệu RS232-Fiber,"Bộ chuyển đổi tín hiệu RS232-Fiber Moxa Trạm 09 Ceilo Ra soat 2026-07-11, file nguon: PLK_IMS",/thiet-bi/TB_W1H5GPK1,"'-07':26B '-11':27B '09':21B '2026':25B 'bo':3A,11B 'ceilo':22B 'chuyen':4A,12B 'doi':5A,13B 'fiber':10A,18B 'file':28B 'hieu':7A,15B 'ims':31B 'moxa':19B 'nguon':29B 'plk':30B 'ra':23B 'rs232':9A,17B 'rs232-fiber':8A,16B 'soat':24B 'tb':1A 'tin':6A,14B 'tram':20B 'w1h5gpk1':2A",2026-07-17 01:20:13.233503+00
thiet_bi,d89bf712-7b13-4d1e-8c5e-e95985a94560,TB_HH7Z71WN,Converter IA5250,Converter Nport IA5250 MOXA Đề xuất: Đề nghị mua thêm VTDP để sử dụng chung cho các hệ thống AWOS | Hỏng hóc: không | Tình trạng: Hoạt động bình thường | VTDP: Còn 1 bộ dự phòng trong kho Công ty | Niên hạn: Không,/thiet-bi/TB_HH7Z71WN,"'1':36B 'awos':24B 'binh':32B 'bo':37B 'cac':21B 'cho':20B 'chung':19B 'con':35B 'cong':42B 'converter':3A,5B 'de':9B,11B,16B 'dong':31B 'du':38B 'dung':18B 'han':45B 'he':22B 'hh7z71wn':2A 'hoat':30B 'hoc':26B 'hong':25B 'ia5250':4A,7B 'kho':41B 'khong':27B,46B 'moxa':8B 'mua':13B 'nghi':12B 'nien':44B 'nport':6B 'phong':39B 'su':17B 'tb':1A 'them':14B 'thong':23B 'thuong':33B 'tinh':28B 'trang':29B 'trong':40B 'ty':43B 'vtdp':15B,34B 'xuat':10B",2026-07-17 01:20:13.233503+00
thiet_bi,5523ddfb-3e97-4857-a7d1-6ce96c682dd0,TB_9TQDY2NR,Cảm biến đo khí áp Thies 1.1006.54.080,Cảm biến đo nhiệt độ Thies 1.1006.54.080 Thies Clima Hỏng hóc: 0 lần | Tình trạng: Khai thác bình thường | VTDP: Không có VTDP | Niên hạn: Không,/thiet-bi/TB_9TQDY2NR,"'0':21B '1.1006.54.080':9A,16B '9tqdy2nr':2A 'ap':7A 'bien':4A,11B 'binh':27B 'cam':3A,10B 'clima':18B 'co':31B 'do':5A,12B,14B 'han':34B 'hoc':20B 'hong':19B 'khai':25B 'khi':6A 'khong':30B,35B 'lan':22B 'nhiet':13B 'nien':33B 'tb':1A 'thac':26B 'thies':8A,15B,17B 'thuong':28B 'tinh':23B 'trang':24B 'vtdp':29B,32B",2026-07-17 01:20:13.233503+00
thiet_bi,7176bd59-ac20-46a7-9883-66671d5351ae,TB_AATE96K8,Lều Khí tượng HY-LKT01,Lều Khí tượng HY-LKT01 Hỏng hóc: 0 lần | Tình trạng: Khai thác bình thường | VTDP: Không có VTDP | Niên hạn: Không,/thiet-bi/TB_AATE96K8,"'0':17B 'aate96k8':2A 'binh':23B 'co':27B 'han':30B 'hoc':16B 'hong':15B 'hy':7A,13B 'hy-lkt01':6A,12B 'khai':21B 'khi':4A,10B 'khong':26B,31B 'lan':18B 'leu':3A,9B 'lkt01':8A,14B 'nien':29B 'tb':1A 'thac':22B 'thuong':24B 'tinh':19B 'trang':20B 'tuong':5A,11B 'vtdp':25B,28B",2026-07-17 01:20:13.233503+00
thiet_bi,f7058a32-3c99-4400-b532-01d1d5d5e053,TB_F4KBGYQG,KVM AMHS,KVM AMHS Đề xuất: Khi có sự cố thì xuất kho Cty QLBMT thay thế sửa chữa | Hỏng hóc: 0 lần | Tình trạng: Hoạt động bình thường | VTDP: Không,/thiet-bi/TB_F4KBGYQG,"'0':24B 'amhs':4A,6B 'binh':30B 'chua':21B 'co':10B,12B 'cty':16B 'de':7B 'dong':29B 'f4kbgyqg':2A 'hoat':28B 'hoc':23B 'hong':22B 'khi':9B 'kho':15B 'khong':33B 'kvm':3A,5B 'lan':25B 'qlbmt':17B 'su':11B 'sua':20B 'tb':1A 'thay':18B 'the':19B 'thi':13B 'thuong':31B 'tinh':26B 'trang':27B 'vtdp':32B 'xuat':8B,14B",2026-07-17 01:20:13.233503+00
thiet_bi,e194f782-6dd9-4b3f-836c-22c6baf29779,TB_7YG5X2R3,KVM AMHS,KVM AMHS Đề xuất: Khi có sự cố thì xuất kho Cty QLBMT thay thế sửa chữa | Hỏng hóc: 0 lần | Tình trạng: Hoạt động bình thường | VTDP: Không,/thiet-bi/TB_7YG5X2R3,"'0':24B '7yg5x2r3':2A 'amhs':4A,6B 'binh':30B 'chua':21B 'co':10B,12B 'cty':16B 'de':7B 'dong':29B 'hoat':28B 'hoc':23B 'hong':22B 'khi':9B 'kho':15B 'khong':33B 'kvm':3A,5B 'lan':25B 'qlbmt':17B 'su':11B 'sua':20B 'tb':1A 'thay':18B 'the':19B 'thi':13B 'thuong':31B 'tinh':26B 'trang':27B 'vtdp':32B 'xuat':8B,14B",2026-07-17 01:20:13.233503+00
thiet_bi,4039f2b0-3bf2-466a-91b7-2310bc5add8a,TB_G45FD57W,PC OPT-APP1,PC OPT-APP1 Đề xuất: Đề nghị mua HĐH Windows bản quyền sử dụng chung cho các đầu cuối | Hỏng hóc: không | Tình trạng: Hoạt động bình thường | VTDP: Có 2 CPU (HP Z2) dự phòng trong kho dự phòng nhưng phải mua HĐH Windows để cài đặt,/thiet-bi/TB_G45FD57W,"'2':38B 'app1':6A,10B 'ban':18B 'binh':34B 'cac':24B 'cai':54B 'cho':23B 'chung':22B 'co':37B 'cpu':39B 'cuoi':26B 'dat':55B 'dau':25B 'de':11B,13B,53B 'dong':33B 'du':42B,46B 'dung':21B 'g45fd57w':2A 'hdh':16B,51B 'hoat':32B 'hoc':28B 'hong':27B 'hp':40B 'kho':45B 'khong':29B 'mua':15B,50B 'nghi':14B 'nhung':48B 'opt':5A,9B 'opt-app1':4A,8B 'pc':3A,7B 'phai':49B 'phong':43B,47B 'quyen':19B 'su':20B 'tb':1A 'thuong':35B 'tinh':30B 'trang':31B 'trong':44B 'vtdp':36B 'windows':17B,52B 'xuat':12B 'z2':41B",2026-07-17 01:20:13.233503+00
thiet_bi,6df6d73c-0bec-4888-9938-8a30d7930e35,TB_J31TASMK,Bộ chuyển đổi tín hiệu 485/fiber,"Bộ chuyển đổi tín hiệu 485/fiber 3Onedata Trạm MID Ra soat 2026-07-11, file nguon: PLK_IMS",/thiet-bi/TB_J31TASMK,"'-07':21B '-11':22B '2026':20B '3onedata':15B '485/fiber':8A,14B 'bo':3A,9B 'chuyen':4A,10B 'doi':5A,11B 'file':23B 'hieu':7A,13B 'ims':26B 'j31tasmk':2A 'mid':17B 'nguon':24B 'plk':25B 'ra':18B 'soat':19B 'tb':1A 'tin':6A,12B 'tram':16B",2026-07-17 01:20:13.233503+00
thiet_bi,7ba8a743-6c9f-4f68-9a15-18368f318502,TB_CH7XMRKT,PC OPT-APP2,PC OPT-APP2 Đề xuất: Đề nghị mua HĐH Windows bản quyền sử dụng chung cho các đầu cuối | Hỏng hóc: không | Tình trạng: Hoạt động bình thường | VTDP: Có 2 CPU (HP Z2) dự phòng trong kho dự phòng nhưng phải mua HĐH Windows để cài đặt,/thiet-bi/TB_CH7XMRKT,"'2':38B 'app2':6A,10B 'ban':18B 'binh':34B 'cac':24B 'cai':54B 'ch7xmrkt':2A 'cho':23B 'chung':22B 'co':37B 'cpu':39B 'cuoi':26B 'dat':55B 'dau':25B 'de':11B,13B,53B 'dong':33B 'du':42B,46B 'dung':21B 'hdh':16B,51B 'hoat':32B 'hoc':28B 'hong':27B 'hp':40B 'kho':45B 'khong':29B 'mua':15B,50B 'nghi':14B 'nhung':48B 'opt':5A,9B 'opt-app2':4A,8B 'pc':3A,7B 'phai':49B 'phong':43B,47B 'quyen':19B 'su':20B 'tb':1A 'thuong':35B 'tinh':30B 'trang':31B 'trong':44B 'vtdp':36B 'windows':17B,52B 'xuat':12B 'z2':41B",2026-07-17 01:20:13.233503+00
thiet_bi,cd8d41a3-59cd-4e94-a0fe-5e4e93788a81,TB_SQERQQH5,PC OPT-OBS 1,PC OPT-OBS 1 Đề xuất: Đề nghị mua HĐH Windows bản quyền sử dụng chung cho các đầu cuối | Hỏng hóc: không | Tình trạng: Hoạt động bình thường | VTDP: Có 2 CPU (HP Z2) dự phòng trong kho dự phòng nhưng phải mua HĐH Windows để cài đặt,/thiet-bi/TB_SQERQQH5,"'1':7A,12B '2':40B 'ban':20B 'binh':36B 'cac':26B 'cai':56B 'cho':25B 'chung':24B 'co':39B 'cpu':41B 'cuoi':28B 'dat':57B 'dau':27B 'de':13B,15B,55B 'dong':35B 'du':44B,48B 'dung':23B 'hdh':18B,53B 'hoat':34B 'hoc':30B 'hong':29B 'hp':42B 'kho':47B 'khong':31B 'mua':17B,52B 'nghi':16B 'nhung':50B 'obs':6A,11B 'opt':5A,10B 'opt-obs':4A,9B 'pc':3A,8B 'phai':51B 'phong':45B,49B 'quyen':21B 'sqerqqh5':2A 'su':22B 'tb':1A 'thuong':37B 'tinh':32B 'trang':33B 'trong':46B 'vtdp':38B 'windows':19B,54B 'xuat':14B 'z2':43B",2026-07-17 01:20:13.233503+00
thiet_bi,f35aec85-de10-489f-bde1-eab1854e12c9,TB_9RSMG7Q6,Cảm biến đo độ cao chân mây,"Cảm biến đo độ cao trần mây Eliasson CEILO-33 Ra soat 2026-07-11, file nguon: PCA_IMS",/thiet-bi/TB_9RSMG7Q6,"'-07':23B '-11':24B '-33':19B '2026':22B '9rsmg7q6':2A 'bien':4A,11B 'cam':3A,10B 'cao':7A,14B 'ceilo':18B 'chan':8A 'do':5A,6A,12B,13B 'eliasson':17B 'file':25B 'ims':28B 'may':9A,16B 'nguon':26B 'pca':27B 'ra':20B 'soat':21B 'tb':1A 'tran':15B",2026-07-17 01:20:13.233503+00
thiet_bi,ef64c3ca-8f9f-4356-9087-cc0d3649a613,TB_1P2QT83V,HUB modem STB,Ripex2-HS-A-A HUB modem STB RACOM Đề xuất: Mua sắm VTDP sử dụng chung cho Cam Ranh và Tuy Hòa | Hỏng hóc: 0 lần | Tình trạng: Hoạt động bình thường | VTDP: Không | Niên hạn: Không,/thiet-bi/TB_1P2QT83V,"'0':31B '1p2qt83v':2A 'a':9B,10B 'binh':37B 'cam':24B 'cho':23B 'chung':22B 'de':15B 'dong':36B 'dung':21B 'han':42B 'hoa':28B 'hoat':35B 'hoc':30B 'hong':29B 'hs':8B 'hub':3A,11B 'khong':40B,43B 'lan':32B 'modem':4A,12B 'mua':17B 'nien':41B 'racom':14B 'ranh':25B 'ripex2':7B 'ripex2-hs-a-a':6B 'sam':18B 'stb':5A,13B 'su':20B 'tb':1A 'thuong':38B 'tinh':33B 'trang':34B 'tuy':27B 'va':26B 'vtdp':19B,39B 'xuat':16B",2026-07-17 01:20:13.233503+00
thiet_bi,ba3b381a-b6d8-4cae-a830-44fe0a7dc606,TB_CAWTAWTA,Bộ chuyển đổi AC/DC,"Nguồn AC/DC MeanWell Trạm MID Ra soat 2026-07-11, file nguon: PLK_IMS",/thiet-bi/TB_CAWTAWTA,"'-07':15B '-11':16B '2026':14B 'ac/dc':6A,8B 'bo':3A 'cawtawta':2A 'chuyen':4A 'doi':5A 'file':17B 'ims':20B 'meanwell':9B 'mid':11B 'nguon':7B,18B 'plk':19B 'ra':12B 'soat':13B 'tb':1A 'tram':10B",2026-07-17 01:20:13.233503+00
thiet_bi,541ad069-7ccd-4c41-a3fd-22890f47d436,TB_TBR8TDTK,Cảm biến gió,"Cảm biến gió Gill Trạm MID Ra soat 2026-07-11, file nguon: PLK_IMS",/thiet-bi/TB_TBR8TDTK,"'-07':15B '-11':16B '2026':14B 'bien':4A,7B 'cam':3A,6B 'file':17B 'gill':9B 'gio':5A,8B 'ims':20B 'mid':11B 'nguon':18B 'plk':19B 'ra':12B 'soat':13B 'tb':1A 'tbr8tdtk':2A 'tram':10B",2026-07-17 01:20:13.233503+00
thiet_bi,f87233bc-9a00-4493-89b6-12292520e6ca,TB_8Y0CPKQY,"Thiết bị điện tử đo nhiệt độ, độ ẩm, khí áp","Cảm biến đo nhiệt độ Thies 1.1006.54.080 Thies Clima Chân Đài Ra soat 2026-07-11, file nguon: PLK_IMS",/thiet-bi/TB_8Y0CPKQY,"'-07':28B '-11':29B '1.1006.54.080':20B '2026':27B '8y0cpkqy':2A 'am':11A 'ap':13A 'bi':4A 'bien':15B 'cam':14B 'chan':23B 'clima':22B 'dai':24B 'dien':5A 'do':7A,9A,10A,16B,18B 'file':30B 'ims':33B 'khi':12A 'nguon':31B 'nhiet':8A,17B 'plk':32B 'ra':25B 'soat':26B 'tb':1A 'thies':19B,21B 'thiet':3A 'tu':6A",2026-07-17 01:20:13.233503+00
thiet_bi,fb4560ce-9faa-4a89-83e1-8252716e76a0,TB_T8M2DABG,"Đo nhiệt độ, độ ẩm","Đo nhiệt độ, độ ẩm Việt Nam Lều khí tượng Ra soat 2026-07-11, file nguon: PLK_IMS",/thiet-bi/TB_T8M2DABG,"'-07':21B '-11':22B '2026':20B 'am':7A,12B 'do':3A,5A,6A,8B,10B,11B 'file':23B 'ims':26B 'khi':16B 'leu':15B 'nam':14B 'nguon':24B 'nhiet':4A,9B 'plk':25B 'ra':18B 'soat':19B 't8m2dabg':2A 'tb':1A 'tuong':17B 'viet':13B",2026-07-17 01:20:13.233503+00
thiet_bi,bd8f78fb-dc91-4538-826d-1fc7cdab56a4,TB_1QEJ5699,Chống sét tín hiệu RS232(X3),"Chống sét đường tín hiệu AT3W QUANG-33 Ra soat 2026-07-11, file nguon: PCA_IMS",/thiet-bi/TB_1QEJ5699,"'-07':20B '-11':21B '-33':16B '1qej5699':2A '2026':19B 'at3w':14B 'chong':3A,9B 'duong':11B 'file':22B 'hieu':6A,13B 'ims':25B 'nguon':23B 'pca':24B 'quang':15B 'ra':17B 'rs232':7A 'set':4A,10B 'soat':18B 'tb':1A 'tin':5A,12B 'x3':8A",2026-07-17 01:20:13.233503+00
thiet_bi,b2f59425-458c-4078-aa1f-123779a935a9,TB_XX3ZFMM3,Switch 1,"Switch 1 Cisco P. THIẾT BỊ Ra soat 2026-07-11, file nguon: PCA_IMS",/thiet-bi/TB_XX3ZFMM3,"'-07':14B '-11':15B '1':4A,6B '2026':13B 'bi':10B 'cisco':7B 'file':16B 'ims':19B 'nguon':17B 'p':8B 'pca':18B 'ra':11B 'soat':12B 'switch':3A,5B 'tb':1A 'thiet':9B 'xx3zfmm3':2A",2026-07-17 01:20:13.233503+00
thiet_bi,b5500c9f-59ac-4f5b-a769-8b910cdec040,TB_J385CB8Q,Switch 2,"Switch 1 Cisco P. THIẾT BỊ Ra soat 2026-07-11, file nguon: PCA_IMS",/thiet-bi/TB_J385CB8Q,"'-07':14B '-11':15B '1':6B '2':4A '2026':13B 'bi':10B 'cisco':7B 'file':16B 'ims':19B 'j385cb8q':2A 'nguon':17B 'p':8B 'pca':18B 'ra':11B 'soat':12B 'switch':3A,5B 'tb':1A 'thiet':9B",2026-07-17 01:20:13.233503+00
thiet_bi,bc775d77-82db-44dd-8e96-908790cddc66,TB_3AZ57PFM,Cắt lọc sét AC đèn cao không,"Cắt lọc sét AC đèn cao không nVent ERICO Trạm MID Ra soat 2026-07-11, file nguon: BDKT_OPTIMET",/thiet-bi/TB_3AZ57PFM,"'-07':24B '-11':25B '2026':23B '3az57pfm':2A 'ac':6A,13B 'bdkt':28B 'cao':8A,15B 'cat':3A,10B 'den':7A,14B 'erico':18B 'file':26B 'khong':9A,16B 'loc':4A,11B 'mid':20B 'nguon':27B 'nvent':17B 'optimet':29B 'ra':21B 'set':5A,12B 'soat':22B 'tb':1A 'tram':19B",2026-07-17 01:20:13.233503+00
thiet_bi,6fcd4be3-9f4d-431e-8b72-0bf4ba35c126,TB_V142SNEZ,Thiết bị giao tiếp dữ liệu Advantech UNO-137,Thiết bị giao tiếp dữ liệu Advantech UNO-137 Advantech Đề xuất: Không đề xuất do có 3 bộ dự phòng cho nhau | Hỏng hóc: 0 lần | Tình trạng: Hoạt động bình thường | VTDP: Không | Niên hạn: Không,/thiet-bi/TB_V142SNEZ,"'-137':11A,20B '0':37B '3':29B 'advantech':9A,18B,21B 'bi':4A,13B 'binh':43B 'bo':30B 'cho':33B 'co':28B 'de':22B,25B 'do':27B 'dong':42B 'du':7A,16B,31B 'giao':5A,14B 'han':48B 'hoat':41B 'hoc':36B 'hong':35B 'khong':24B,46B,49B 'lan':38B 'lieu':8A,17B 'nhau':34B 'nien':47B 'phong':32B 'tb':1A 'thiet':3A,12B 'thuong':44B 'tiep':6A,15B 'tinh':39B 'trang':40B 'uno':10A,19B 'v142snez':2A 'vtdp':45B 'xuat':23B,26B",2026-07-17 01:20:13.233503+00
thiet_bi,5e9bf9ff-f72a-4a66-b2d3-06e2b6653a30,TB_655GYJN4,Thiết bị giao tiếp dữ liệu Advantech UNO-137,"KSA6187193 Thiết bị giao tiếp dữ liệu Advantech UNO-137 Advantech Nguồn: để tích hợp tín hiệu từ máy đo tầm nhìn vào hệ thống Optimet | Đề xuất: Không đề xuất, có 3 bộ dự phòng cho nhau tại phòng thiết bị | Hỏng hóc: 0 lần | Tình trạng: Hoạt động bình thường | VTDP: Không | Niên hạn: Không",/thiet-bi/TB_655GYJN4,"'-137':11A,21B '0':56B '3':44B '655gyjn4':2A 'advantech':9A,19B,22B 'bi':4A,14B,53B 'binh':62B 'bo':45B 'cho':48B 'co':43B 'de':24B,38B,41B 'do':31B 'dong':61B 'du':7A,17B,46B 'giao':5A,15B 'han':67B 'he':35B 'hieu':28B 'hoat':60B 'hoc':55B 'hong':54B 'hop':26B 'khong':40B,65B,68B 'ksa6187193':12B 'lan':57B 'lieu':8A,18B 'may':30B 'nguon':23B 'nhau':49B 'nhin':33B 'nien':66B 'optimet':37B 'phong':47B,51B 'tai':50B 'tam':32B 'tb':1A 'thiet':3A,13B,52B 'thong':36B 'thuong':63B 'tich':25B 'tiep':6A,16B 'tin':27B 'tinh':58B 'trang':59B 'tu':29B 'uno':10A,20B 'vao':34B 'vtdp':64B 'xuat':39B,42B",2026-07-17 01:20:13.233503+00
thiet_bi,e3913d36-f4b0-48f5-b9c6-3adb6575a25b,TB_1H526W4Y,Thiết bị giao tiếp dữ liệu Advantech UNO-137,Thiết bị giao tiếp dữ liệu Advantech UNO-137 Advantech Đề xuất: Không đề xuất do có 3 bộ dự phòng cho nhau đặt tại Phòng thiết bị | Hỏng hóc: 0 lần | Tình trạng: Hoạt động bình thường | VTDP: Không | Niên hạn: Không,/thiet-bi/TB_1H526W4Y,"'-137':11A,20B '0':42B '1h526w4y':2A '3':29B 'advantech':9A,18B,21B 'bi':4A,13B,39B 'binh':48B 'bo':30B 'cho':33B 'co':28B 'dat':35B 'de':22B,25B 'do':27B 'dong':47B 'du':7A,16B,31B 'giao':5A,14B 'han':53B 'hoat':46B 'hoc':41B 'hong':40B 'khong':24B,51B,54B 'lan':43B 'lieu':8A,17B 'nhau':34B 'nien':52B 'phong':32B,37B 'tai':36B 'tb':1A 'thiet':3A,12B,38B 'thuong':49B 'tiep':6A,15B 'tinh':44B 'trang':45B 'uno':10A,19B 'vtdp':50B 'xuat':23B,26B",2026-07-17 01:20:13.233503+00
thiet_bi,1eda7753-342a-4492-ab1a-94f14b96df2a,TB_2X8JH3W0,Thiết bị giao tiếp dữ liệu Advantech UNO-137,UNO-137 Thiết bị giao tiếp dữ liệu Advantech UNO-137 Advantech Đề xuất: Không đề xuất do có 3 bộ dự phòng cho nhau đặt tại Phòng thiết bị | Hỏng hóc: 0 lần | Tình trạng: Hoạt động bình thường | VTDP: Không | Niên hạn: Không,/thiet-bi/TB_2X8JH3W0,"'-137':11A,13B,22B '0':44B '2x8jh3w0':2A '3':31B 'advantech':9A,20B,23B 'bi':4A,15B,41B 'binh':50B 'bo':32B 'cho':35B 'co':30B 'dat':37B 'de':24B,27B 'do':29B 'dong':49B 'du':7A,18B,33B 'giao':5A,16B 'han':55B 'hoat':48B 'hoc':43B 'hong':42B 'khong':26B,53B,56B 'lan':45B 'lieu':8A,19B 'nhau':36B 'nien':54B 'phong':34B,39B 'tai':38B 'tb':1A 'thiet':3A,14B,40B 'thuong':51B 'tiep':6A,17B 'tinh':46B 'trang':47B 'uno':10A,12B,21B 'vtdp':52B 'xuat':25B,28B",2026-07-17 01:20:13.233503+00
thiet_bi,d4907c65-682c-4003-90d3-c1b605321570,TB_W9REVAQN,AC/DC converter,"Nguồn AC/DC MeanWell 27 Ra soat 2026-07-11, file nguon: PBA_AWOS900",/thiet-bi/TB_W9REVAQN,"'-07':12B '-11':13B '2026':11B '27':8B 'ac/dc':3A,6B 'awos900':17B 'converter':4A 'file':14B 'meanwell':7B 'nguon':5B,15B 'pba':16B 'ra':9B 'soat':10B 'tb':1A 'w9revaqn':2A",2026-07-17 01:20:13.233503+00
thiet_bi,273589fb-511a-4239-b4c9-ec07df719952,TB_JVJPFR7Z,Thiết bị giao tiếp dữ liệu Advantech UNO-138,"KSA6162412 Thiết bị giao tiếp dữ liệu Advantech UNO-137 Advantech Nguồn: để tích hợp tín hiệu từ máy đo tầm nhìn vào hệ thống Optimet | Đề xuất: Không đề xuất, có 3 bộ dự phòng cho nhau tại phòng thiết bị | Hỏng hóc: 0 lần | Tình trạng: Hoạt động bình thường | VTDP: Không | Niên hạn: Không",/thiet-bi/TB_JVJPFR7Z,"'-137':21B '-138':11A '0':56B '3':44B 'advantech':9A,19B,22B 'bi':4A,14B,53B 'binh':62B 'bo':45B 'cho':48B 'co':43B 'de':24B,38B,41B 'do':31B 'dong':61B 'du':7A,17B,46B 'giao':5A,15B 'han':67B 'he':35B 'hieu':28B 'hoat':60B 'hoc':55B 'hong':54B 'hop':26B 'jvjpfr7z':2A 'khong':40B,65B,68B 'ksa6162412':12B 'lan':57B 'lieu':8A,18B 'may':30B 'nguon':23B 'nhau':49B 'nhin':33B 'nien':66B 'optimet':37B 'phong':47B,51B 'tai':50B 'tam':32B 'tb':1A 'thiet':3A,13B,52B 'thong':36B 'thuong':63B 'tich':25B 'tiep':6A,16B 'tin':27B 'tinh':58B 'trang':59B 'tu':29B 'uno':10A,20B 'vao':34B 'vtdp':64B 'xuat':39B,42B",2026-07-17 01:20:13.233503+00
thiet_bi,cd96d356-0a34-4783-a73a-a42a91ae2d9c,TB_3G97Q626,Nguồn AC/DC,"Nguồn AC/DC MeanWell QUANG-33 Ra soat 2026-07-11, file nguon: PCA_IMS",/thiet-bi/TB_3G97Q626,"'-07':13B '-11':14B '-33':9B '2026':12B '3g97q626':2A 'ac/dc':4A,6B 'file':15B 'ims':18B 'meanwell':7B 'nguon':3A,5B,16B 'pca':17B 'quang':8B 'ra':10B 'soat':11B 'tb':1A",2026-07-17 01:20:13.233503+00
thiet_bi,f58604ac-4613-49b2-aadf-cfe5477dab85,TB_97M7MFF7,Data logger,"Data logger MicroStep-MIS Trạm 33 Ra soat 2026-07-11, file nguon: CLA_IMS",/thiet-bi/TB_97M7MFF7,"'-07':15B '-11':16B '2026':14B '33':11B '97m7mff7':2A 'cla':19B 'data':3A,5B 'file':17B 'ims':20B 'logger':4A,6B 'microstep':8B 'microstep-mis':7B 'mis':9B 'nguon':18B 'ra':12B 'soat':13B 'tb':1A 'tram':10B",2026-07-16 03:53:31.441458+00
thiet_bi,ddbfe5bb-49f8-4f73-96df-dc63682f9846,TB_7X0KXZ11,Cảm biến đo ánh sáng nền,"J9442-03 Cảm biến đo ánh sáng nền Biral VIS-15 Ra soat 2026-07-11, file nguon: PCA_IMS",/thiet-bi/TB_7X0KXZ11,"'-03':10B '-07':23B '-11':24B '-15':19B '2026':22B '7x0kxz11':2A 'anh':6A,14B 'bien':4A,12B 'biral':17B 'cam':3A,11B 'do':5A,13B 'file':25B 'ims':28B 'j9442':9B 'nen':8A,16B 'nguon':26B 'pca':27B 'ra':20B 'sang':7A,15B 'soat':21B 'tb':1A 'vis':18B",2026-07-17 01:20:13.233503+00
thiet_bi,2efaa765-c68f-4a33-8a27-b5128e263eac,TB_NZCH7WC2,Cảm biến đo độ cao chân mây,"Cảm biến đo độ cao trần mây Eliasson CEILO-15 Ra soat 2026-07-11, file nguon: PCA_IMS",/thiet-bi/TB_NZCH7WC2,"'-07':23B '-11':24B '-15':19B '2026':22B 'bien':4A,11B 'cam':3A,10B 'cao':7A,14B 'ceilo':18B 'chan':8A 'do':5A,6A,12B,13B 'eliasson':17B 'file':25B 'ims':28B 'may':9A,16B 'nguon':26B 'nzch7wc2':2A 'pca':27B 'ra':20B 'soat':21B 'tb':1A 'tran':15B",2026-07-17 01:20:13.233503+00
thiet_bi,cc555ae4-7eab-496c-92b1-636ff454f3b2,TB_RY5FFQKE,Cắt lọc sét nguồn AC,"Cắt lọc sét nguồn AC Phoenix Contact Trạm 35 Ra soat 2026-07-11, file nguon: BDKT_OPTIMET",/thiet-bi/TB_RY5FFQKE,"'-07':20B '-11':21B '2026':19B '35':16B 'ac':7A,12B 'bdkt':24B 'cat':3A,8B 'contact':14B 'file':22B 'loc':4A,9B 'nguon':6A,11B,23B 'optimet':25B 'phoenix':13B 'ra':17B 'ry5ffqke':2A 'set':5A,10B 'soat':18B 'tb':1A 'tram':15B",2026-07-16 03:53:31.441458+00
thiet_bi,ff9524b4-0aad-4761-8dab-2d76a8208aee,TB_JH8VM95Y,Cảm biến đo khí áp,"MSB780X-1.0-1508 Cảm biến đo khí áp MicroStep-MIS AWS-33 Ra soat 2026-07-11, file nguon: PCA_IMS",/thiet-bi/TB_JH8VM95Y,"'-07':24B '-1.0':9B '-11':25B '-1508':10B '-33':20B '2026':23B 'ap':7A,15B 'aws':19B 'bien':4A,12B 'cam':3A,11B 'do':5A,13B 'file':26B 'ims':29B 'jh8vm95y':2A 'khi':6A,14B 'microstep':17B 'microstep-mis':16B 'mis':18B 'msb780x':8B 'nguon':27B 'pca':28B 'ra':21B 'soat':22B 'tb':1A",2026-07-17 01:20:13.233503+00
thiet_bi,7b2e2603-a07a-4c4c-a2ce-e1e7f604f657,TB_WK37NY91,Cảm biến đo nhiệt độ độ ẩm,"Cảm biến đo nhiệt độ độ ẩm MicroStep-MIS AWS-33 Ra soat 2026-07-11, file nguon: PCA_IMS",/thiet-bi/TB_WK37NY91,"'-07':25B '-11':26B '-33':21B '2026':24B 'am':9A,16B 'aws':20B 'bien':4A,11B 'cam':3A,10B 'do':5A,7A,8A,12B,14B,15B 'file':27B 'ims':30B 'microstep':18B 'microstep-mis':17B 'mis':19B 'nguon':28B 'nhiet':6A,13B 'pca':29B 'ra':22B 'soat':23B 'tb':1A 'wk37ny91':2A",2026-07-17 01:20:13.233503+00
thiet_bi,9ea89d6d-65b6-4a2b-a2ff-450da2f0f58c,TB_FBQ09EQ8,Cảm biến đo mưa,"Cảm biến đo lượng mưa MicroStep-MIS AWS-33 Ra soat 2026-07-11, file nguon: PCA_IMS",/thiet-bi/TB_FBQ09EQ8,"'-07':20B '-11':21B '-33':16B '2026':19B 'aws':15B 'bien':4A,8B 'cam':3A,7B 'do':5A,9B 'fbq09eq8':2A 'file':22B 'ims':25B 'luong':10B 'microstep':13B 'microstep-mis':12B 'mis':14B 'mua':6A,11B 'nguon':23B 'pca':24B 'ra':17B 'soat':18B 'tb':1A",2026-07-17 01:20:13.233503+00
thiet_bi,5d4499fc-668a-45dc-8d0f-80168d9dd671,TB_K6DM6AAP,Cảm biến đo dông,"Cảm biến đo Giông sét MicroStep-MIS TST-33 Ra soat 2026-07-11, file nguon: PCA_IMS",/thiet-bi/TB_K6DM6AAP,"'-07':20B '-11':21B '-33':16B '2026':19B 'bien':4A,8B 'cam':3A,7B 'do':5A,9B 'dong':6A 'file':22B 'giong':10B 'ims':25B 'k6dm6aap':2A 'microstep':13B 'microstep-mis':12B 'mis':14B 'nguon':23B 'pca':24B 'ra':17B 'set':11B 'soat':18B 'tb':1A 'tst':15B",2026-07-17 01:20:13.233503+00
thiet_bi,d7f628a7-5c46-40f0-ba4e-6f24e50ebe10,TB_7QDEY49W,Chống sét - UHF,"Chống sét - UHF Citel Trạm 03 Ra soat 2026-07-11, file nguon: THA_DAW21",/thiet-bi/TB_7QDEY49W,"'-07':15B '-11':16B '03':11B '2026':14B '7qdey49w':2A 'chong':3A,6B 'citel':9B 'daw21':20B 'file':17B 'nguon':18B 'ra':12B 'set':4A,7B 'soat':13B 'tb':1A 'tha':19B 'tram':10B 'uhf':5A,8B",2026-07-17 01:20:13.233503+00
thiet_bi,a010d039-420a-4797-9b6f-85ee89137e7c,TB_KNQXRNDZ,Ắc quy cấp nguồn cho modem UHF,Ắc quy cấp nguồn cho modem UHF YUASA Đề xuất: Thay thế định kỳ | Hỏng hóc: 0 lần | Tình trạng: Hoạt động bình thường | VTDP: Không | Niên hạn: Không,/thiet-bi/TB_KNQXRNDZ,"'0':26B 'ac':3A,10B 'binh':32B 'cap':5A,12B 'cho':7A,14B 'de':18B 'dinh':22B 'dong':31B 'han':37B 'hoat':30B 'hoc':25B 'hong':24B 'khong':35B,38B 'knqxrndz':2A 'ky':23B 'lan':27B 'modem':8A,15B 'nguon':6A,13B 'nien':36B 'quy':4A,11B 'tb':1A 'thay':20B 'the':21B 'thuong':33B 'tinh':28B 'trang':29B 'uhf':9A,16B 'vtdp':34B 'xuat':19B 'yuasa':17B",2026-07-17 01:20:13.233503+00
thiet_bi,dd29b325-8200-4e7e-af91-8685bad2a1da,TB_HCXA82H1,Máy chủ 2,"SGH834TQ2M Máy chủ 2 HP P. THIẾT BỊ Ra soat 2026-07-11, file nguon: PCA_IMS",/thiet-bi/TB_HCXA82H1,"'-07':17B '-11':18B '2':5A,9B '2026':16B 'bi':13B 'chu':4A,8B 'file':19B 'hcxa82h1':2A 'hp':10B 'ims':22B 'may':3A,7B 'nguon':20B 'p':11B 'pca':21B 'ra':14B 'sgh834tq2m':6B 'soat':15B 'tb':1A 'thiet':12B",2026-07-17 01:20:13.233503+00
thiet_bi,0d16621b-c61e-41d0-acf2-70f334aa51dd,TB_0NP08B8Y,Thiết bị Datalogger,"Data logger MicroStep-MIS AWS-33 Ra soat 2026-07-11, file nguon: PCA_IMS",/thiet-bi/TB_0NP08B8Y,'-07':16B '-11':17B '-33':12B '0np08b8y':2A '2026':15B 'aws':11B 'bi':4A 'data':6B 'datalogger':5A 'file':18B 'ims':21B 'logger':7B 'microstep':9B 'microstep-mis':8B 'mis':10B 'nguon':19B 'pca':20B 'ra':13B 'soat':14B 'tb':1A 'thiet':3A,2026-07-17 01:20:13.233503+00
thiet_bi,9b60e803-e2b6-4b2d-8cb0-13279b3ec5a6,TB_RV6GFZJD,Modem FSK,"Modem FSK MicroStep-MIS P. THIẾT BỊ Ra soat 2026-07-11, file nguon: PCA_IMS",/thiet-bi/TB_RV6GFZJD,"'-07':16B '-11':17B '2026':15B 'bi':12B 'file':18B 'fsk':4A,6B 'ims':21B 'microstep':8B 'microstep-mis':7B 'mis':9B 'modem':3A,5B 'nguon':19B 'p':10B 'pca':20B 'ra':13B 'rv6gfzjd':2A 'soat':14B 'tb':1A 'thiet':11B",2026-07-17 01:20:13.233503+00
thiet_bi,9688a138-9638-4b2c-a7e6-f9db5bc904fc,TB_VGWYW7AP,Nguồn AC/DC,"Nguồn AC/DC MeanWell P. THIẾT BỊ Ra soat 2026-07-11, file nguon: PCA_IMS",/thiet-bi/TB_VGWYW7AP,"'-07':14B '-11':15B '2026':13B 'ac/dc':4A,6B 'bi':10B 'file':16B 'ims':19B 'meanwell':7B 'nguon':3A,5B,17B 'p':8B 'pca':18B 'ra':11B 'soat':12B 'tb':1A 'thiet':9B 'vgwyw7ap':2A",2026-07-17 01:20:13.233503+00
thiet_bi,1995dda1-22cc-4eb0-8af0-ea20713e694c,TB_TCN73H2F,Thiết bị Serial to Ethernet,"Thiết bị Serial to Ethernet Moxa P. THIẾT BỊ Ra soat 2026-07-11, file nguon: PCA_IMS",/thiet-bi/TB_TCN73H2F,"'-07':20B '-11':21B '2026':19B 'bi':4A,9B,16B 'ethernet':7A,12B 'file':22B 'ims':25B 'moxa':13B 'nguon':23B 'p':14B 'pca':24B 'ra':17B 'serial':5A,10B 'soat':18B 'tb':1A 'tcn73h2f':2A 'thiet':3A,8B,15B 'to':6A,11B",2026-07-17 01:20:13.233503+00
thiet_bi,ac4525bc-dcc0-4acf-8abc-87c5e3e0cc03,TB_1WHVNB2X,ModemHub UHF,"2315773375.0 ModemHub UHF RACOM P. THIẾT BỊ Ra soat 2026-07-11, file nguon: PCA_IMS",/thiet-bi/TB_1WHVNB2X,"'-07':15B '-11':16B '1whvnb2x':2A '2026':14B '2315773375.0':5B 'bi':11B 'file':17B 'ims':20B 'modemhub':3A,6B 'nguon':18B 'p':9B 'pca':19B 'ra':12B 'racom':8B 'soat':13B 'tb':1A 'thiet':10B 'uhf':4A,7B",2026-07-17 01:20:13.233503+00
thiet_bi,5432ba4b-421c-4a47-8074-2c79f860940f,TB_9JT3DRGR,Modem UHF,"12306313.0 Modem UHF RACOM P. THIẾT BỊ Ra soat 2026-07-11, file nguon: PCA_IMS",/thiet-bi/TB_9JT3DRGR,"'-07':15B '-11':16B '12306313.0':5B '2026':14B '9jt3drgr':2A 'bi':11B 'file':17B 'ims':20B 'modem':3A,6B 'nguon':18B 'p':9B 'pca':19B 'ra':12B 'racom':8B 'soat':13B 'tb':1A 'thiet':10B 'uhf':4A,7B",2026-07-17 01:20:13.233503+00
thiet_bi,4803727e-dfd9-47ad-bfaa-ba6108c5902e,TB_FA00KM5B,Cảm biến đo nhiệt độ Thies 1.1006.54.080,09230014 Cảm biến đo nhiệt độ Thies 1.1006.54.080 Thies Clima 2023 Hỏng hóc: 0 lần | Tình trạng: Khai thác bình thường | VTDP: Không có VTDP | Niên hạn: Không,/thiet-bi/TB_FA00KM5B,"'0':23B '09230014':10B '1.1006.54.080':9A,17B '2023':20B 'bien':4A,12B 'binh':29B 'cam':3A,11B 'clima':19B 'co':33B 'do':5A,7A,13B,15B 'fa00km5b':2A 'han':36B 'hoc':22B 'hong':21B 'khai':27B 'khong':32B,37B 'lan':24B 'nhiet':6A,14B 'nien':35B 'tb':1A 'thac':28B 'thies':8A,16B,18B 'thuong':30B 'tinh':25B 'trang':26B 'vtdp':31B,34B",2026-07-16 03:53:31.441458+00
thiet_bi,d58ca06d-58c9-4f74-b71b-8ca82b124e5a,TB_9JK88874,Modem UHF,"12294313.0 Modem UHF RACOM P. THIẾT BỊ Ra soat 2026-07-11, file nguon: PCA_IMS",/thiet-bi/TB_9JK88874,"'-07':15B '-11':16B '12294313.0':5B '2026':14B '9jk88874':2A 'bi':11B 'file':17B 'ims':20B 'modem':3A,6B 'nguon':18B 'p':9B 'pca':19B 'ra':12B 'racom':8B 'soat':13B 'tb':1A 'thiet':10B 'uhf':4A,7B",2026-07-17 01:20:13.233503+00
thiet_bi,ed8a390b-e40b-458a-9aa9-d924c5bbe8fc,TB_30MFDE1J,Nguồn AC/DC,"Bộ Charger MeanWell AWS-15 Ra soat 2026-07-11, file nguon: PCA_IMS",/thiet-bi/TB_30MFDE1J,"'-07':13B '-11':14B '-15':9B '2026':12B '30mfde1j':2A 'ac/dc':4A 'aws':8B 'bo':5B 'charger':6B 'file':15B 'ims':18B 'meanwell':7B 'nguon':3A,16B 'pca':17B 'ra':10B 'soat':11B 'tb':1A",2026-07-17 01:20:13.233503+00
thiet_bi,b07a9c64-9f0a-4e3c-867e-8aac6a3ab452,TB_6MYC1T7M,Nguồn AC/DC,"Bộ chuyển đổi AC/DC MeanWell CEILO-33 Ra soat 2026-07-11, file nguon: PCA_IMS",/thiet-bi/TB_6MYC1T7M,"'-07':15B '-11':16B '-33':11B '2026':14B '6myc1t7m':2A 'ac/dc':4A,8B 'bo':5B 'ceilo':10B 'chuyen':6B 'doi':7B 'file':17B 'ims':20B 'meanwell':9B 'nguon':3A,18B 'pca':19B 'ra':12B 'soat':13B 'tb':1A",2026-07-17 01:20:13.233503+00
thiet_bi,d9aa6be5-939e-42bc-8116-823cf0b0e647,TB_Q4Q8N0D8,Modem FSK,"Modem FSK MicroStep-MIS TST-33 Ra soat 2026-07-11, file nguon: PCA_IMS",/thiet-bi/TB_Q4Q8N0D8,"'-07':15B '-11':16B '-33':11B '2026':14B 'file':17B 'fsk':4A,6B 'ims':20B 'microstep':8B 'microstep-mis':7B 'mis':9B 'modem':3A,5B 'nguon':18B 'pca':19B 'q4q8n0d8':2A 'ra':12B 'soat':13B 'tb':1A 'tst':10B",2026-07-17 01:20:13.233503+00
thiet_bi,9ed98dca-f125-4de7-a1b0-3cebc0db291c,TB_AQV4YR6J,Chống sét RF,"Chống sét RF Citel Trạm 35 Ra soat 2026-07-11, file nguon: BDKT_OPTIMET",/thiet-bi/TB_AQV4YR6J,"'-07':15B '-11':16B '2026':14B '35':11B 'aqv4yr6j':2A 'bdkt':19B 'chong':3A,6B 'citel':9B 'file':17B 'nguon':18B 'optimet':20B 'ra':12B 'rf':5A,8B 'set':4A,7B 'soat':13B 'tb':1A 'tram':10B",2026-07-16 03:53:31.441458+00
thiet_bi,4adf69a1-a897-4b2e-acd6-0c1214b8abdb,TB_93Z8SCW2,Modem FSK,"Modem FSK MicroStep-MIS UHF-CEILO-33 Ra soat 2026-07-11, file nguon: PCA_IMS",/thiet-bi/TB_93Z8SCW2,"'-07':17B '-11':18B '2026':16B '33':13B '93z8scw2':2A 'ceilo':12B 'file':19B 'fsk':4A,6B 'ims':22B 'microstep':8B 'microstep-mis':7B 'mis':9B 'modem':3A,5B 'nguon':20B 'pca':21B 'ra':14B 'soat':15B 'tb':1A 'uhf':11B 'uhf-ceilo':10B",2026-07-17 01:20:13.233503+00
thiet_bi,07409290-5adc-494b-83b3-4aac887154f2,TB_XQV3ZJXQ,Cắt lọc sét nguồn AC,"Cắt lọc sét nguồn AC - Tủ thiết bị Schneider CEILO 35 Ra soat 2026-07-11, file nguon: BDKT_OPTIMET",/thiet-bi/TB_XQV3ZJXQ,"'-07':22B '-11':23B '2026':21B '35':18B 'ac':7A,12B 'bdkt':26B 'bi':15B 'cat':3A,8B 'ceilo':17B 'file':24B 'loc':4A,9B 'nguon':6A,11B,25B 'optimet':27B 'ra':19B 'schneider':16B 'set':5A,10B 'soat':20B 'tb':1A 'thiet':14B 'tu':13B 'xqv3zjxq':2A",2026-07-17 01:20:13.233503+00
thiet_bi,aadb2cf1-d3af-4ee4-9db3-09cff1f3eebc,TB_J9T8ENBE,Chống sét tín hiệu RS232(X3),"Chống sét đường tín hiệu AT3W QUANG-15 Ra soat 2026-07-11, file nguon: PCA_IMS",/thiet-bi/TB_J9T8ENBE,"'-07':20B '-11':21B '-15':16B '2026':19B 'at3w':14B 'chong':3A,9B 'duong':11B 'file':22B 'hieu':6A,13B 'ims':25B 'j9t8enbe':2A 'nguon':23B 'pca':24B 'quang':15B 'ra':17B 'rs232':7A 'set':4A,10B 'soat':18B 'tb':1A 'tin':5A,12B 'x3':8A",2026-07-17 01:20:13.233503+00
thiet_bi,387cebec-5e41-4c1e-9ce9-60f0792d139f,TB_83G7FPHF,Bộ Charger,"Bộ Charger MeanWell Trạm 14 Ra soat 2026-07-11, file nguon: CLA_IMS",/thiet-bi/TB_83G7FPHF,"'-07':13B '-11':14B '14':9B '2026':12B '83g7fphf':2A 'bo':3A,5B 'charger':4A,6B 'cla':17B 'file':15B 'ims':18B 'meanwell':7B 'nguon':16B 'ra':10B 'soat':11B 'tb':1A 'tram':8B",2026-07-16 03:53:31.441458+00
thiet_bi,654124c9-3774-4f07-bdc9-07f94008d03e,TB_0FBBN8P9,Sensor đo gió 4.3820.00.300,08240187 Cảm biến đo hướng và tốc độ gió Thies Clima Trạm khí tượng Đề xuất: Đề nghị mua sắm sử dụng chung cho các sân bay | Tình trạng: Hoạt động bình thường | VTDP: Hiện nay chỉ còn 1 sensor gió dự phòng tại Phú Bài | Niên hạn: Không,/thiet-bi/TB_0FBBN8P9,"'08240187':7B '0fbbn8p9':2A '1':45B '4.3820.00.300':6A 'bai':52B 'bay':33B 'bien':9B 'binh':38B 'cac':31B 'cam':8B 'chi':43B 'cho':30B 'chung':29B 'clima':17B 'con':44B 'de':21B,23B 'do':4A,10B,14B 'dong':37B 'du':48B 'dung':28B 'gio':5A,15B,47B 'han':54B 'hien':41B 'hoat':36B 'huong':11B 'khi':19B 'khong':55B 'mua':25B 'nay':42B 'nghi':24B 'nien':53B 'phong':49B 'phu':51B 'sam':26B 'san':32B 'sensor':3A,46B 'su':27B 'tai':50B 'tb':1A 'thies':16B 'thuong':39B 'tinh':34B 'toc':13B 'tram':18B 'trang':35B 'tuong':20B 'va':12B 'vtdp':40B 'xuat':22B",2026-07-16 03:53:31.441458+00
thiet_bi,3af8d2f1-7b1d-4ce7-9d1b-03adc09d2f65,TB_4539NCWW,Nguồn AC/DC,"Nguồn AC/DC MeanWell QUANG-CEILO-33 Ra soat 2026-07-11, file nguon: PCA_IMS",/thiet-bi/TB_4539NCWW,"'-07':15B '-11':16B '2026':14B '33':11B '4539ncww':2A 'ac/dc':4A,6B 'ceilo':10B 'file':17B 'ims':20B 'meanwell':7B 'nguon':3A,5B,18B 'pca':19B 'quang':9B 'quang-ceilo':8B 'ra':12B 'soat':13B 'tb':1A",2026-07-17 01:20:13.233503+00
thiet_bi,bb354b14-3835-4577-aaa2-edca6523b7da,TB_M2E7843T,Switch trunk 2,"Switch trunk 1 Cisco P.TBTT Ra soat 2026-07-11, file nguon: BDKT_OPTIMET",/thiet-bi/TB_M2E7843T,"'-07':14B '-11':15B '1':8B '2':5A '2026':13B 'bdkt':18B 'cisco':9B 'file':16B 'm2e7843t':2A 'nguon':17B 'optimet':19B 'p.tbtt':10B 'ra':11B 'soat':12B 'switch':3A,6B 'tb':1A 'trunk':4A,7B",2026-07-16 03:53:31.441458+00
thiet_bi,20ab8bd4-71b8-4567-a170-7ac7e9a9e6b9,TB_W92ECENX,Trạm đo trần mây đầu 02,Trạm đo trần mây đầu 02 Trạm khí tượng Niên hạn: Không,/thiet-bi/TB_W92ECENX,"'02':8A,14B 'dau':7A,13B 'do':4A,10B 'han':19B 'khi':16B 'khong':20B 'may':6A,12B 'nien':18B 'tb':1A 'tram':3A,9B,15B 'tran':5A,11B 'tuong':17B 'w92ecenx':2A",2026-07-16 03:53:31.441458+00
thiet_bi,ddee13c3-2df2-484d-ae19-69c60ee7e097,TB_55HN602F,Ắc quy dự phòng,"Ắc quy dự phòng Vision Trạm 32 Ra soat 2026-07-11, file nguon: CLA_IMS",/thiet-bi/TB_55HN602F,"'-07':17B '-11':18B '2026':16B '32':13B '55hn602f':2A 'ac':3A,7B 'cla':21B 'du':5A,9B 'file':19B 'ims':22B 'nguon':20B 'phong':6A,10B 'quy':4A,8B 'ra':14B 'soat':15B 'tb':1A 'tram':12B 'vision':11B",2026-07-16 03:53:31.441458+00
thiet_bi,78a0bae7-1f34-4105-b90e-8dfd17389b14,TB_C1Y88HG9,Chống sét đường tín hiệu,"Chống sét đường tín hiệu Citel QUANG-15 Ra soat 2026-07-11, file nguon: PCA_IMS",/thiet-bi/TB_C1Y88HG9,"'-07':19B '-11':20B '-15':15B '2026':18B 'c1y88hg9':2A 'chong':3A,8B 'citel':13B 'duong':5A,10B 'file':21B 'hieu':7A,12B 'ims':24B 'nguon':22B 'pca':23B 'quang':14B 'ra':16B 'set':4A,9B 'soat':17B 'tb':1A 'tin':6A,11B",2026-07-17 01:20:13.233503+00
thiet_bi,24292dd5-267d-44a9-9d48-e6e01186d24e,TB_6S3HKX48,Sensor đo gió siêu âm,07220066 Sensor đo gió siêu âm Thies Clima Trạm khí tượng Đề xuất: Đề nghị mua sắm sử dụng chung cho các sân bay | Tình trạng: Hoạt động bình thường | VTDP: Hiện nay chỉ còn 1 sensor gió dự phòng tại Phú Bài | Niên hạn: Không,/thiet-bi/TB_6S3HKX48,"'07220066':8B '1':43B '6s3hkx48':2A 'am':7A,13B 'bai':50B 'bay':31B 'binh':36B 'cac':29B 'chi':41B 'cho':28B 'chung':27B 'clima':15B 'con':42B 'de':19B,21B 'do':4A,10B 'dong':35B 'du':46B 'dung':26B 'gio':5A,11B,45B 'han':52B 'hien':39B 'hoat':34B 'khi':17B 'khong':53B 'mua':23B 'nay':40B 'nghi':22B 'nien':51B 'phong':47B 'phu':49B 'sam':24B 'san':30B 'sensor':3A,9B,44B 'sieu':6A,12B 'su':25B 'tai':48B 'tb':1A 'thies':14B 'thuong':37B 'tinh':32B 'tram':16B 'trang':33B 'tuong':18B 'vtdp':38B 'xuat':20B",2026-07-16 03:53:31.441458+00
thiet_bi,b9db110a-99cc-419d-a496-03cdb0ee8761,TB_35X8Y5AF,Chống sét RF,"Chống sét RF Citel Trạm MID Ra soat 2026-07-11, file nguon: BDKT_OPTIMET",/thiet-bi/TB_35X8Y5AF,"'-07':15B '-11':16B '2026':14B '35x8y5af':2A 'bdkt':19B 'chong':3A,6B 'citel':9B 'file':17B 'mid':11B 'nguon':18B 'optimet':20B 'ra':12B 'rf':5A,8B 'set':4A,7B 'soat':13B 'tb':1A 'tram':10B",2026-07-17 01:20:13.233503+00
thiet_bi,a6eed06e-ebda-454c-b9a5-82a79e091133,TB_AYKQWJFA,Chống sét đường tín hiệu,"Chống sét đường tín hiệu Citel VIS-15 Ra soat 2026-07-11, file nguon: PCA_IMS",/thiet-bi/TB_AYKQWJFA,"'-07':19B '-11':20B '-15':15B '2026':18B 'aykqwjfa':2A 'chong':3A,8B 'citel':13B 'duong':5A,10B 'file':21B 'hieu':7A,12B 'ims':24B 'nguon':22B 'pca':23B 'ra':16B 'set':4A,9B 'soat':17B 'tb':1A 'tin':6A,11B 'vis':14B",2026-07-17 01:20:13.233503+00
thiet_bi,5acf22cb-f788-4f6e-8a62-684f74c54fc9,TB_GDCGPMBJ,Cắt lọc sét nguồn AC - tủ điện tổng các trạm,"Thiết bị cắt lọc sét 1 pha nVent ERICO Trạm khí tượng giữa, trạm khí tượng 03, trạm khí tượng 21, trạm trần mây 03, trạm trần mây 21 Ra soat 2026-07-11, file nguon: THA_DAW21",/thiet-bi/TB_GDCGPMBJ,"'-07':45B '-11':46B '03':29B,37B '1':18B '2026':44B '21':33B,41B 'ac':7A 'bi':14B 'cac':11A 'cat':3A,15B 'daw21':50B 'dien':9A 'erico':21B 'file':47B 'gdcgpmbj':2A 'giua':25B 'khi':23B,27B,31B 'loc':4A,16B 'may':36B,40B 'nguon':6A,48B 'nvent':20B 'pha':19B 'ra':42B 'set':5A,17B 'soat':43B 'tb':1A 'tha':49B 'thiet':13B 'tong':10A 'tram':12A,22B,26B,30B,34B,38B 'tran':35B,39B 'tu':8A 'tuong':24B,28B,32B",2026-07-17 01:20:13.233503+00
thiet_bi,7437650f-6b48-4b3d-880a-22d7f69eb174,TB_8XPGME8S,Sensor đo tầm nhìn 6498-V,"E3696 Sensor đo tầm nhìn 6498-V All Weather, Inc. (ADB SAFEGATE) Trạm khí tượng Nguồn: Sensor đo tầm nhìn 5000-200 EMOR s/n: 2011-11883 | Đề xuất: Không | Hỏng hóc: 0 lần | Tình trạng: Hoạt động bình thường | VTDP: Có dự phòng trong kho | Niên hạn: Không",/thiet-bi/TB_8XPGME8S,"'-11883':34B '-200':30B '0':40B '2011':33B '5000':29B '6498':7A,14B '8xpgme8s':2A 'adb':19B 'all':16B 'binh':46B 'co':49B 'de':35B 'do':4A,11B,26B 'dong':45B 'du':50B 'e3696':9B 'emor':31B 'han':55B 'hoat':44B 'hoc':39B 'hong':38B 'inc':18B 'khi':22B 'kho':53B 'khong':37B,56B 'lan':41B 'nguon':24B 'nhin':6A,13B,28B 'nien':54B 'phong':51B 's/n':32B 'safegate':20B 'sensor':3A,10B,25B 'tam':5A,12B,27B 'tb':1A 'thuong':47B 'tinh':42B 'tram':21B 'trang':43B 'trong':52B 'tuong':23B 'v':8A,15B 'vtdp':48B 'weather':17B 'xuat':36B",2026-07-16 03:53:31.441458+00
thiet_bi,dfb30d6a-9874-443e-9001-b6dd562cc16e,TB_7109VNRM,Switch 1,"Switch 1 Cisco P.TBTT Ra soat 2026-07-11, file nguon: BDKT_OPTIMET",/thiet-bi/TB_7109VNRM,"'-07':12B '-11':13B '1':4A,6B '2026':11B '7109vnrm':2A 'bdkt':16B 'cisco':7B 'file':14B 'nguon':15B 'optimet':17B 'p.tbtt':8B 'ra':9B 'soat':10B 'switch':3A,5B 'tb':1A",2026-07-16 03:53:31.441458+00
thiet_bi,00a1938a-7101-4fa6-acb3-495c544e26cd,TB_DPPAXZFW,Switch 2,"Switch 1 Cisco P.TBTT Ra soat 2026-07-11, file nguon: BDKT_OPTIMET",/thiet-bi/TB_DPPAXZFW,"'-07':12B '-11':13B '1':6B '2':4A '2026':11B 'bdkt':16B 'cisco':7B 'dppaxzfw':2A 'file':14B 'nguon':15B 'optimet':17B 'p.tbtt':8B 'ra':9B 'soat':10B 'switch':3A,5B 'tb':1A",2026-07-16 03:53:31.441458+00
thiet_bi,98d35a9d-a8b7-4ae1-9aa0-93621d7e7eee,TB_K3C0XZ18,Switch trunk 1,"Switch trunk 1 Cisco P.TBTT Ra soat 2026-07-11, file nguon: BDKT_OPTIMET",/thiet-bi/TB_K3C0XZ18,"'-07':14B '-11':15B '1':5A,8B '2026':13B 'bdkt':18B 'cisco':9B 'file':16B 'k3c0xz18':2A 'nguon':17B 'optimet':19B 'p.tbtt':10B 'ra':11B 'soat':12B 'switch':3A,6B 'tb':1A 'trunk':4A,7B",2026-07-16 03:53:31.441458+00
thiet_bi,4c579d39-611a-45bf-ac43-4fec72b1e2cb,TB_55HA7GGK,Thiết bị thu phát vô tuyến,"12178313 Thiết bị thu phát vô tuyến RACOM Trạm 32 Ra soat 2026-07-11, file nguon: CLA_IMS",/thiet-bi/TB_55HA7GGK,"'-07':22B '-11':23B '12178313':9B '2026':21B '32':18B '55ha7ggk':2A 'bi':4A,11B 'cla':26B 'file':24B 'ims':27B 'nguon':25B 'phat':6A,13B 'ra':19B 'racom':16B 'soat':20B 'tb':1A 'thiet':3A,10B 'thu':5A,12B 'tram':17B 'tuyen':8A,15B 'vo':7A,14B",2026-07-16 03:53:31.441458+00
thiet_bi,03db7374-71a9-4cf2-b314-8132f55a99b1,TB_B2G23QZ1,Cảm biến gió,"06210046 Cảm biến đo hướng và tốc độ gió Thies Clima Trạm 14 Ra soat 2026-07-11, file nguon: CLA_IMS",/thiet-bi/TB_B2G23QZ1,"'-07':22B '-11':23B '06210046':6B '14':18B '2026':21B 'b2g23qz1':2A 'bien':4A,8B 'cam':3A,7B 'cla':26B 'clima':16B 'do':9B,13B 'file':24B 'gio':5A,14B 'huong':10B 'ims':27B 'nguon':25B 'ra':19B 'soat':20B 'tb':1A 'thies':15B 'toc':12B 'tram':17B 'va':11B",2026-07-16 03:53:31.441458+00
thiet_bi,d76ac4e5-8e82-4919-8923-c8d16aa86109,TB_1AM51J0C,Chống sét - UHF,"Chống sét - UHF Citel Trạm trần mây 03 Ra soat 2026-07-11, file nguon: THA_DAW21",/thiet-bi/TB_1AM51J0C,"'-07':17B '-11':18B '03':13B '1am51j0c':2A '2026':16B 'chong':3A,6B 'citel':9B 'daw21':22B 'file':19B 'may':12B 'nguon':20B 'ra':14B 'set':4A,7B 'soat':15B 'tb':1A 'tha':21B 'tram':10B 'tran':11B 'uhf':5A,8B",2026-07-17 01:20:13.233503+00
thiet_bi,ccaeeaf2-b75c-4b3c-9382-962420ea1cc7,TB_01TWCZB5,Modem UHF,"Modem UHF RACOM UHF-15 Ra soat 2026-07-11, file nguon: PCA_IMS",/thiet-bi/TB_01TWCZB5,"'-07':13B '-11':14B '-15':9B '01twczb5':2A '2026':12B 'file':15B 'ims':18B 'modem':3A,5B 'nguon':16B 'pca':17B 'ra':10B 'racom':7B 'soat':11B 'tb':1A 'uhf':4A,6B,8B",2026-07-17 01:20:13.233503+00
thiet_bi,ba3b0cca-ce38-4e94-b325-d13352cf1120,TB_P5D2AC16,Cảm biến gió,"11230123 Cảm biến đo hướng và tốc độ gió Thies Clima Trạm 32 Ra soat 2026-07-11, file nguon: CLA_IMS",/thiet-bi/TB_P5D2AC16,"'-07':22B '-11':23B '11230123':6B '2026':21B '32':18B 'bien':4A,8B 'cam':3A,7B 'cla':26B 'clima':16B 'do':9B,13B 'file':24B 'gio':5A,14B 'huong':10B 'ims':27B 'nguon':25B 'p5d2ac16':2A 'ra':19B 'soat':20B 'tb':1A 'thies':15B 'toc':12B 'tram':17B 'va':11B",2026-07-16 03:53:31.441458+00
thiet_bi,5ea3a058-c4b9-4286-9f28-1b0e6c7daaa8,TB_V11916Z4,Nguồn AC/DC,"Nguồn AC/DC MeanWell Trạm 35 Ra soat 2026-07-11, file nguon: BDKT_OPTIMET",/thiet-bi/TB_V11916Z4,"'-07':13B '-11':14B '2026':12B '35':9B 'ac/dc':4A,6B 'bdkt':17B 'file':15B 'meanwell':7B 'nguon':3A,5B,16B 'optimet':18B 'ra':10B 'soat':11B 'tb':1A 'tram':8B 'v11916z4':2A",2026-07-16 03:53:31.441458+00
thiet_bi,f6a3b9b1-588a-40e0-be2a-049c2014ae4c,TB_2X4SNBH2,Cảm biến tầm nhìn,"J9441-01 Cảm biến tầm nhìn Biral Trạm 32 Ra soat 2026-07-11, file nguon: CLA_IMS",/thiet-bi/TB_2X4SNBH2,"'-01':8B '-07':19B '-11':20B '2026':18B '2x4snbh2':2A '32':15B 'bien':4A,10B 'biral':13B 'cam':3A,9B 'cla':23B 'file':21B 'ims':24B 'j9441':7B 'nguon':22B 'nhin':6A,12B 'ra':16B 'soat':17B 'tam':5A,11B 'tb':1A 'tram':14B",2026-07-16 03:53:31.441458+00
thiet_bi,61b551fc-88d7-4701-b46e-b9751d02e1a0,TB_EC1PM127,Modem UHF,"Modem UHF RACOM UHF-33 Ra soat 2026-07-11, file nguon: PCA_IMS",/thiet-bi/TB_EC1PM127,"'-07':13B '-11':14B '-33':9B '2026':12B 'ec1pm127':2A 'file':15B 'ims':18B 'modem':3A,5B 'nguon':16B 'pca':17B 'ra':10B 'racom':7B 'soat':11B 'tb':1A 'uhf':4A,6B,8B",2026-07-17 01:20:13.233503+00
thiet_bi,c1dad33e-bd03-4e8c-b7bd-de08f602a99c,TB_209B8Y72,Modem UHF,"Modem UHF RACOM UHF-CEILO-33 Ra soat 2026-07-11, file nguon: PCA_IMS",/thiet-bi/TB_209B8Y72,"'-07':15B '-11':16B '2026':14B '209b8y72':2A '33':11B 'ceilo':10B 'file':17B 'ims':20B 'modem':3A,5B 'nguon':18B 'pca':19B 'ra':12B 'racom':7B 'soat':13B 'tb':1A 'uhf':4A,6B,9B 'uhf-ceilo':8B",2026-07-17 01:20:13.233503+00
thiet_bi,eba89979-43b4-4787-b329-5132592be866,TB_JCZS7QW5,Chống sét RF,"Chống sét RF Citel UHF-15 Ra soat 2026-07-11, file nguon: PCA_IMS",/thiet-bi/TB_JCZS7QW5,"'-07':15B '-11':16B '-15':11B '2026':14B 'chong':3A,6B 'citel':9B 'file':17B 'ims':20B 'jczs7qw5':2A 'nguon':18B 'pca':19B 'ra':12B 'rf':5A,8B 'set':4A,7B 'soat':13B 'tb':1A 'uhf':10B",2026-07-17 01:20:13.233503+00
thiet_bi,72c8d427-3cde-423b-80aa-36574f1f177e,TB_0EQEJHP4,Cảm biến gió,"2302016.0 Cảm biến gió Gill dp Gió -33 Ra soat 2026-07-11, file nguon: PCA_IMS",/thiet-bi/TB_0EQEJHP4,"'-07':17B '-11':18B '-33':13B '0eqejhp4':2A '2026':16B '2302016.0':6B 'bien':4A,8B 'cam':3A,7B 'dp':11B 'file':19B 'gill':10B 'gio':5A,9B,12B 'ims':22B 'nguon':20B 'pca':21B 'ra':14B 'soat':15B 'tb':1A",2026-07-17 01:20:13.233503+00
thiet_bi,16495880-3b60-4e2e-b2b9-137cd85c0418,TB_6V5HJBPX,Màn hình hiển thị số liệu Nhiệt-Ẩm-Áp,"Màn hình hiển thị số liệu Nhiệt-Ẩm-Áp VTD P. KHÍ TƯỢNG Ra soat 2026-07-11, file nguon: PCA_IMS",/thiet-bi/TB_6V5HJBPX,"'-07':30B '-11':31B '2026':29B '6v5hjbpx':2A 'am':11A,21B 'ap':12A,22B 'file':32B 'hien':5A,15B 'hinh':4A,14B 'ims':35B 'khi':25B 'lieu':8A,18B 'man':3A,13B 'nguon':33B 'nhiet':10A,20B 'nhiet-am-ap':9A,19B 'p':24B 'pca':34B 'ra':27B 'so':7A,17B 'soat':28B 'tb':1A 'thi':6A,16B 'tuong':26B 'vtd':23B",2026-07-17 01:20:13.233503+00
thiet_bi,8ffabb9f-6572-4581-9988-6d9b7e86d211,TB_71B9WJ6G,Anten định hướng,"240018010007 Anten định hướng RCD Trạm 32 Ra soat 2026-07-11, file nguon: CLA_IMS",/thiet-bi/TB_71B9WJ6G,"'-07':16B '-11':17B '2026':15B '240018010007':6B '32':12B '71b9wj6g':2A 'anten':3A,7B 'cla':20B 'dinh':4A,8B 'file':18B 'huong':5A,9B 'ims':21B 'nguon':19B 'ra':13B 'rcd':10B 'soat':14B 'tb':1A 'tram':11B",2026-07-16 03:53:31.441458+00
thiet_bi,03a4f16f-d1c7-4de5-be04-6ee74eee6a2c,TB_5M0HZAH4,Cảm biến độ cao trần mây,"1821 Cảm biến đo độ cao trần mây Eliasson Trạm trần mây 32 Ra soat 2026-07-11, file nguon: CLA_IMS",/thiet-bi/TB_5M0HZAH4,"'-07':25B '-11':26B '1821':9B '2026':24B '32':21B '5m0hzah4':2A 'bien':4A,11B 'cam':3A,10B 'cao':6A,14B 'cla':29B 'do':5A,12B,13B 'eliasson':17B 'file':27B 'ims':30B 'may':8A,16B,20B 'nguon':28B 'ra':22B 'soat':23B 'tb':1A 'tram':18B 'tran':7A,15B,19B",2026-07-16 03:53:31.441458+00
thiet_bi,97c3cdd7-c8f7-4330-9e0f-55a34038f01f,TB_DXD13AD6,Thiết bị thu phát vô tuyến,"12266313 Thiết bị thu phát vô tuyến RACOM Trạm trần mây 32 Ra soat 2026-07-11, file nguon: CLA_IMS",/thiet-bi/TB_DXD13AD6,"'-07':24B '-11':25B '12266313':9B '2026':23B '32':20B 'bi':4A,11B 'cla':28B 'dxd13ad6':2A 'file':26B 'ims':29B 'may':19B 'nguon':27B 'phat':6A,13B 'ra':21B 'racom':16B 'soat':22B 'tb':1A 'thiet':3A,10B 'thu':5A,12B 'tram':17B 'tran':18B 'tuyen':8A,15B 'vo':7A,14B",2026-07-16 03:53:31.441458+00
thiet_bi,177e9184-befa-4a86-9a33-e54ba30fcab6,TB_BYEW4258,Anten định hướng,"240018010003 Anten định hướng RCD Trạm trần mây 32 Ra soat 2026-07-11, file nguon: CLA_IMS",/thiet-bi/TB_BYEW4258,"'-07':18B '-11':19B '2026':17B '240018010003':6B '32':14B 'anten':3A,7B 'byew4258':2A 'cla':22B 'dinh':4A,8B 'file':20B 'huong':5A,9B 'ims':23B 'may':13B 'nguon':21B 'ra':15B 'rcd':10B 'soat':16B 'tb':1A 'tram':11B 'tran':12B",2026-07-16 03:53:31.441458+00
thiet_bi,0c6b5d61-6121-4f5f-82d7-032f3905bb66,TB_5MNBRM7Y,Thiết bị đo nhiệt ẩm,"Thiết bị đo nhiệt ẩm T.Q Lều KT Ra soat 2026-07-11, file nguon: PCA_IMS",/thiet-bi/TB_5MNBRM7Y,"'-07':19B '-11':20B '2026':18B '5mnbrm7y':2A 'am':7A,12B 'bi':4A,9B 'do':5A,10B 'file':21B 'ims':24B 'kt':15B 'leu':14B 'nguon':22B 'nhiet':6A,11B 'pca':23B 'ra':16B 'soat':17B 't.q':13B 'tb':1A 'thiet':3A,8B",2026-07-17 01:20:13.233503+00
thiet_bi,de7d281b-1c7f-4cdf-8931-79db6ec4f27d,TB_WMSCM92N,Ắc quy dự phòng,"Ắc quy dự phòng Vision Trạm trần mây 32 Ra soat 2026-07-11, file nguon: CLA_IMS",/thiet-bi/TB_WMSCM92N,"'-07':19B '-11':20B '2026':18B '32':15B 'ac':3A,7B 'cla':23B 'du':5A,9B 'file':21B 'ims':24B 'may':14B 'nguon':22B 'phong':6A,10B 'quy':4A,8B 'ra':16B 'soat':17B 'tb':1A 'tram':12B 'tran':13B 'vision':11B 'wmscm92n':2A",2026-07-16 03:53:31.441458+00
thiet_bi,3c0a264a-f0bf-4ce4-b910-b7436b0292b9,TB_807VQ64Y,Chống sét RF,"Chống sét RF Citel P. THIẾT BỊ Ra soat 2026-07-11, file nguon: PCA_IMS",/thiet-bi/TB_807VQ64Y,"'-07':16B '-11':17B '2026':15B '807vq64y':2A 'bi':12B 'chong':3A,6B 'citel':9B 'file':18B 'ims':21B 'nguon':19B 'p':10B 'pca':20B 'ra':13B 'rf':5A,8B 'set':4A,7B 'soat':14B 'tb':1A 'thiet':11B",2026-07-17 01:20:13.233503+00
thiet_bi,9f4c9a44-cff2-4134-9e13-84c4ca159af7,TB_MQ3SR1P7,Nguồn AC/DC,"Nguồn AC/DC MeanWell dp Gió -33 Ra soat 2026-07-11, file nguon: PCA_IMS",/thiet-bi/TB_MQ3SR1P7,"'-07':14B '-11':15B '-33':10B '2026':13B 'ac/dc':4A,6B 'dp':8B 'file':16B 'gio':9B 'ims':19B 'meanwell':7B 'mq3sr1p7':2A 'nguon':3A,5B,17B 'pca':18B 'ra':11B 'soat':12B 'tb':1A",2026-07-17 01:20:13.233503+00
thiet_bi,5cdde878-b34c-422f-bdba-5fac3b2c5f08,TB_Z6Q66Y8X,Converter Serial to fiber,"Converter Serial to fiber 3Onedata dp Gió -33 Ra soat 2026-07-11, file nguon: PCA_IMS",/thiet-bi/TB_Z6Q66Y8X,"'-07':18B '-11':19B '-33':14B '2026':17B '3onedata':11B 'converter':3A,7B 'dp':12B 'fiber':6A,10B 'file':20B 'gio':13B 'ims':23B 'nguon':21B 'pca':22B 'ra':15B 'serial':4A,8B 'soat':16B 'tb':1A 'to':5A,9B 'z6q66y8x':2A",2026-07-17 01:20:13.233503+00
thiet_bi,8f78e2c5-62d4-48fa-ba4e-47b79ec4295a,TB_XF6F90HP,Cảm biến tầm nhìn,"J14130-01 Cảm biến tầm nhìn Biral Trạm 14 Ra soat 2026-07-11, file nguon: CLA_IMS",/thiet-bi/TB_XF6F90HP,"'-01':8B '-07':19B '-11':20B '14':15B '2026':18B 'bien':4A,10B 'biral':13B 'cam':3A,9B 'cla':23B 'file':21B 'ims':24B 'j14130':7B 'nguon':22B 'nhin':6A,12B 'ra':16B 'soat':17B 'tam':5A,11B 'tb':1A 'tram':14B 'xf6f90hp':2A",2026-07-16 03:53:31.441458+00
thiet_bi,42471278-4e6b-456a-9ab3-6bed4d8aa791,TB_KJP0B2EW,Cảm biến đo ánh sáng nền,"J9442-01 Cảm biến đo ánh sáng nền Biral Trạm 14 Ra soat 2026-07-11, file nguon: CLA_IMS",/thiet-bi/TB_KJP0B2EW,"'-01':10B '-07':23B '-11':24B '14':19B '2026':22B 'anh':6A,14B 'bien':4A,12B 'biral':17B 'cam':3A,11B 'cla':27B 'do':5A,13B 'file':25B 'ims':28B 'j9442':9B 'kjp0b2ew':2A 'nen':8A,16B 'nguon':26B 'ra':20B 'sang':7A,15B 'soat':21B 'tb':1A 'tram':18B",2026-07-16 03:53:31.441458+00
thiet_bi,27b710fc-9e7f-43be-bb8f-009be3820624,TB_1254NHTK,Sensor đo khí áp PTB300,Sensor đo khí áp PTB300 MTECH Trạm khí tượng Đề xuất: Không | Hỏng hóc: không | Tình trạng: Hoạt động bình thường | VTDP: Có VTDP trong kho | Niên hạn: Quá niên hạn,/thiet-bi/TB_1254NHTK,"'1254nhtk':2A 'ap':6A,11B 'binh':27B 'co':30B 'de':17B 'do':4A,9B 'dong':26B 'han':35B,38B 'hoat':25B 'hoc':21B 'hong':20B 'khi':5A,10B,15B 'kho':33B 'khong':19B,22B 'mtech':13B 'nien':34B,37B 'ptb300':7A,12B 'qua':36B 'sensor':3A,8B 'tb':1A 'thuong':28B 'tinh':23B 'tram':14B 'trang':24B 'trong':32B 'tuong':16B 'vtdp':29B,31B 'xuat':18B",2026-07-16 03:53:31.441458+00
thiet_bi,34362f11-8585-4090-86f6-39e2fe650ac7,TB_6JFXQGEJ,Anten định hướng,"240018010008 Anten định hướng RCD Trạm 14 Ra soat 2026-07-11, file nguon: CLA_IMS",/thiet-bi/TB_6JFXQGEJ,"'-07':16B '-11':17B '14':12B '2026':15B '240018010008':6B '6jfxqgej':2A 'anten':3A,7B 'cla':20B 'dinh':4A,8B 'file':18B 'huong':5A,9B 'ims':21B 'nguon':19B 'ra':13B 'rcd':10B 'soat':14B 'tb':1A 'tram':11B",2026-07-16 03:53:31.441458+00
thiet_bi,a941b048-aa04-4935-88af-d101dc9f305c,TB_WYC13G1E,Thiết bị Serial server,"Thiết bị Serial server 3Onedata 09 Ra soat 2026-07-11, file nguon: PBA_AWOS900",/thiet-bi/TB_WYC13G1E,"'-07':16B '-11':17B '09':12B '2026':15B '3onedata':11B 'awos900':21B 'bi':4A,8B 'file':18B 'nguon':19B 'pba':20B 'ra':13B 'serial':5A,9B 'server':6A,10B 'soat':14B 'tb':1A 'thiet':3A,7B 'wyc13g1e':2A",2026-07-17 01:20:13.233503+00
thiet_bi,d86f24d5-859c-4a60-9084-373957c1494d,TB_HRZN9FC2,Chống sét RF cho modem,Chống sét RF cho modem Citel Hỏng hóc: 0 lần | Tình trạng: Hoạt động bình thường | VTDP: Không | Niên hạn: Không,/thiet-bi/TB_HRZN9FC2,"'0':16B 'binh':22B 'cho':6A,11B 'chong':3A,8B 'citel':13B 'dong':21B 'han':27B 'hoat':20B 'hoc':15B 'hong':14B 'hrzn9fc2':2A 'khong':25B,28B 'lan':17B 'modem':7A,12B 'nien':26B 'rf':5A,10B 'set':4A,9B 'tb':1A 'thuong':23B 'tinh':18B 'trang':19B 'vtdp':24B",2026-07-17 01:20:13.233503+00
thiet_bi,f3384d5f-6be3-47dd-afee-2f898d4577f3,TB_C6X5P099,Chống sét RF cho modem,Chống sét RF cho modem Citel Hỏng hóc: 0 lần | Tình trạng: Hoạt động bình thường | VTDP: Không | Niên hạn: Không,/thiet-bi/TB_C6X5P099,"'0':16B 'binh':22B 'c6x5p099':2A 'cho':6A,11B 'chong':3A,8B 'citel':13B 'dong':21B 'han':27B 'hoat':20B 'hoc':15B 'hong':14B 'khong':25B,28B 'lan':17B 'modem':7A,12B 'nien':26B 'rf':5A,10B 'set':4A,9B 'tb':1A 'thuong':23B 'tinh':18B 'trang':19B 'vtdp':24B",2026-07-17 01:20:13.233503+00
thiet_bi,0b576486-f706-4ac1-a724-d1b01cf4f402,TB_HZ6GNRCJ,Thiết bị thu phát vô tuyến,"12154313 Thiết bị thu phát vô tuyến RACOM Trạm trần mây 14 Ra soat 2026-07-11, file nguon: CLA_IMS",/thiet-bi/TB_HZ6GNRCJ,"'-07':24B '-11':25B '12154313':9B '14':20B '2026':23B 'bi':4A,11B 'cla':28B 'file':26B 'hz6gnrcj':2A 'ims':29B 'may':19B 'nguon':27B 'phat':6A,13B 'ra':21B 'racom':16B 'soat':22B 'tb':1A 'thiet':3A,10B 'thu':5A,12B 'tram':17B 'tran':18B 'tuyen':8A,15B 'vo':7A,14B",2026-07-16 03:53:31.441458+00
thiet_bi,702a4f5f-67b8-44e2-b71c-297dca7d8259,TB_TFYB7WY5,Thiết bị Serial server,"Thiết bị Serial server 3Onedata 27 Ra soat 2026-07-11, file nguon: PBA_AWOS900",/thiet-bi/TB_TFYB7WY5,"'-07':16B '-11':17B '2026':15B '27':12B '3onedata':11B 'awos900':21B 'bi':4A,8B 'file':18B 'nguon':19B 'pba':20B 'ra':13B 'serial':5A,9B 'server':6A,10B 'soat':14B 'tb':1A 'tfyb7wy5':2A 'thiet':3A,7B",2026-07-17 01:20:13.233503+00
thiet_bi,c4a829f4-5308-4239-850f-d143ad7f1bca,TB_3BMP0GJ7,Chống sét đường tín hiệu,"Chống sét đường tín hiệu AT3W Trạm 27 Celio Ra soat 2026-07-11, file nguon: PLK_IMS",/thiet-bi/TB_3BMP0GJ7,"'-07':20B '-11':21B '2026':19B '27':15B '3bmp0gj7':2A 'at3w':13B 'celio':16B 'chong':3A,8B 'duong':5A,10B 'file':22B 'hieu':7A,12B 'ims':25B 'nguon':23B 'plk':24B 'ra':17B 'set':4A,9B 'soat':18B 'tb':1A 'tin':6A,11B 'tram':14B",2026-07-17 01:20:13.233503+00
thiet_bi,2fce5c3c-c70e-4fe1-bfd0-657ecf4b37c4,TB_WBM4YKF5,Thiết bị Serial server,"DCP về Server Thiết bị Serial server 3Onedata Mid Ra soat 2026-07-11, file nguon: PBA_AWOS900",/thiet-bi/TB_WBM4YKF5,"'-07':19B '-11':20B '2026':18B '3onedata':14B 'awos900':24B 'bi':4A,11B 'dcp':7B 'file':21B 'mid':15B 'nguon':22B 'pba':23B 'ra':16B 'serial':5A,12B 'server':6A,9B,13B 'soat':17B 'tb':1A 'thiet':3A,10B 've':8B 'wbm4ykf5':2A",2026-07-17 01:20:13.233503+00
thiet_bi,df216426-639e-4757-8567-37c1542d6daa,TB_KYYYD88A,Thiết bị cắt lọc sét 1 pha,"Thiết bị cắt lọc sét 1 pha nVent ERICO Trạm 27 Celio Ra soat 2026-07-11, file nguon: PLK_IMS",/thiet-bi/TB_KYYYD88A,"'-07':25B '-11':26B '1':8A,15B '2026':24B '27':20B 'bi':4A,11B 'cat':5A,12B 'celio':21B 'erico':18B 'file':27B 'ims':30B 'kyyyd88a':2A 'loc':6A,13B 'nguon':28B 'nvent':17B 'pha':9A,16B 'plk':29B 'ra':22B 'set':7A,14B 'soat':23B 'tb':1A 'thiet':3A,10B 'tram':19B",2026-07-17 01:20:13.233503+00
thiet_bi,2d025afb-a258-44a9-b3dd-112f0a6c0e5e,TB_PT5XF35V,Chống sét RF,"Chống sét RF RACOM Trạm 27 Ra soat 2026-07-11, file nguon: PLK_IMS",/thiet-bi/TB_PT5XF35V,"'-07':15B '-11':16B '2026':14B '27':11B 'chong':3A,6B 'file':17B 'ims':20B 'nguon':18B 'plk':19B 'pt5xf35v':2A 'ra':12B 'racom':9B 'rf':5A,8B 'set':4A,7B 'soat':13B 'tb':1A 'tram':10B",2026-07-17 01:20:13.233503+00
thiet_bi,e48c1352-846a-4bfd-932a-1140e93fe7d8,TB_6E25NRY4,Chống sét đường tín hiệu,"Chống sét đường tín hiệu Phoenix Contact Trạm 35 Ra soat 2026-07-11, file nguon: BDKT_OPTIMET",/thiet-bi/TB_6E25NRY4,"'-07':21B '-11':22B '2026':20B '35':17B '6e25':2A 'bdkt':25B 'chong':4A,9B 'contact':15B 'duong':6A,11B 'file':23B 'hieu':8A,13B 'nguon':24B 'nry4':3A 'optimet':26B 'phoenix':14B 'ra':18B 'set':5A,10B 'soat':19B 'tb':1A 'tin':7A,12B 'tram':16B",2026-07-16 03:53:31.441458+00
thiet_bi,d53a649e-3ef0-4f5f-a6c6-f8db4571763d,TB_WKDJH9CD,Trạm 02,Trạm 02 Trạm khí tượng Niên hạn: Không,/thiet-bi/TB_WKDJH9CD,"'02':4A,6B 'han':11B 'khi':8B 'khong':12B 'nien':10B 'tb':1A 'tram':3A,5B,7B 'tuong':9B 'wkdjh9cd':2A",2026-07-16 03:53:31.441458+00
thiet_bi,09bf9c75-3870-4f2e-9f22-da90def7f43b,TB_V4Q5TFN1,Chống sét đường tín hiệu,"Chống sét đường tín hiệu AT3W Trạm 27 Ra soat 2026-07-11, file nguon: PLK_IMS",/thiet-bi/TB_V4Q5TFN1,"'-07':19B '-11':20B '2026':18B '27':15B 'at3w':13B 'chong':3A,8B 'duong':5A,10B 'file':21B 'hieu':7A,12B 'ims':24B 'nguon':22B 'plk':23B 'ra':16B 'set':4A,9B 'soat':17B 'tb':1A 'tin':6A,11B 'tram':14B 'v4q5tfn1':2A",2026-07-17 01:20:13.233503+00
thiet_bi,da59f724-46f3-4970-a9fa-4f042c9bc40d,TB_AC48R22H,Chống sét đường tín hiệu,"Chống sét đường tín hiệu AT3W Trạm 27 Ra soat 2026-07-11, file nguon: PLK_IMS",/thiet-bi/TB_AC48R22H,"'-07':19B '-11':20B '2026':18B '27':15B 'ac48r22h':2A 'at3w':13B 'chong':3A,8B 'duong':5A,10B 'file':21B 'hieu':7A,12B 'ims':24B 'nguon':22B 'plk':23B 'ra':16B 'set':4A,9B 'soat':17B 'tb':1A 'tin':6A,11B 'tram':14B",2026-07-17 01:20:13.233503+00
thiet_bi,05d070da-1b38-4126-855a-86b95fa0bf85,TB_XZJYECQ3,Chống sét đường tín hiệu,"Chống sét đường tín hiệu AT3W Trạm MID Ra soat 2026-07-11, file nguon: PLK_IMS",/thiet-bi/TB_XZJYECQ3,"'-07':19B '-11':20B '2026':18B 'at3w':13B 'chong':3A,8B 'duong':5A,10B 'file':21B 'hieu':7A,12B 'ims':24B 'mid':15B 'nguon':22B 'plk':23B 'ra':16B 'set':4A,9B 'soat':17B 'tb':1A 'tin':6A,11B 'tram':14B 'xzjyecq3':2A",2026-07-17 01:20:13.233503+00
thiet_bi,e357409b-bfde-4043-8403-087ca9755d3e,TB_Y1A8M60X,Chống sét đường tín hiệu,"Chống sét đường tín hiệu AT3W Trạm MID Ra soat 2026-07-11, file nguon: PLK_IMS",/thiet-bi/TB_Y1A8M60X,"'-07':19B '-11':20B '2026':18B 'at3w':13B 'chong':3A,8B 'duong':5A,10B 'file':21B 'hieu':7A,12B 'ims':24B 'mid':15B 'nguon':22B 'plk':23B 'ra':16B 'set':4A,9B 'soat':17B 'tb':1A 'tin':6A,11B 'tram':14B 'y1a8m60x':2A",2026-07-17 01:20:13.233503+00
thiet_bi,632f9911-7c02-4d6e-9449-cf567b08cf38,TB_ZYKANKWB,Chống sét đường tín hiệu,"Chống sét đường tín hiệu AT3W Trạm MID Ra soat 2026-07-11, file nguon: PLK_IMS",/thiet-bi/TB_ZYKANKWB,"'-07':19B '-11':20B '2026':18B 'at3w':13B 'chong':3A,8B 'duong':5A,10B 'file':21B 'hieu':7A,12B 'ims':24B 'mid':15B 'nguon':22B 'plk':23B 'ra':16B 'set':4A,9B 'soat':17B 'tb':1A 'tin':6A,11B 'tram':14B 'zykankwb':2A",2026-07-17 01:20:13.233503+00
thiet_bi,e2e39fca-2629-425c-8765-48b4673d8462,TB_BB66ECHA,Thiết bị cắt lọc sét 1 pha,"Thiết bị cắt lọc sét 1 pha nVent ERICO Trạm MID Ra soat 2026-07-11, file nguon: PLK_IMS",/thiet-bi/TB_BB66ECHA,"'-07':24B '-11':25B '1':8A,15B '2026':23B 'bb66echa':2A 'bi':4A,11B 'cat':5A,12B 'erico':18B 'file':26B 'ims':29B 'loc':6A,13B 'mid':20B 'nguon':27B 'nvent':17B 'pha':9A,16B 'plk':28B 'ra':21B 'set':7A,14B 'soat':22B 'tb':1A 'thiet':3A,10B 'tram':19B",2026-07-17 01:20:13.233503+00
thiet_bi,6cef27f2-4362-4615-8ff0-5d648f55caa3,TB_VHXXMB8K,Thiết bị cắt lọc sét 1 pha,"Thiết bị cắt lọc sét 1 pha nVent ERICO Trạm MID Ra soat 2026-07-11, file nguon: PLK_IMS",/thiet-bi/TB_VHXXMB8K,"'-07':24B '-11':25B '1':8A,15B '2026':23B 'bi':4A,11B 'cat':5A,12B 'erico':18B 'file':26B 'ims':29B 'loc':6A,13B 'mid':20B 'nguon':27B 'nvent':17B 'pha':9A,16B 'plk':28B 'ra':21B 'set':7A,14B 'soat':22B 'tb':1A 'thiet':3A,10B 'tram':19B 'vhxxmb8k':2A",2026-07-17 01:20:13.233503+00
thiet_bi,967b7a52-e79b-4e8a-8dd8-fbd85c27f65b,TB_THQ78F7J,"Dell Optiplex 3020. Intel Cor i3 4130, CPU 3.40 Ghz. RAM 4G. HDD 1TB",CPU : 9ZCX622 Display : CN-05YJ8T-64180-46A-OYTU Dell OptiPlex 3020 Dell Technologies TWR PBA Vật tư dự phòng: Không; Hỏng hóc: 1 lần; Tình trạng nguồn: Hoạt động bình thường; Đề xuất: Có kế hoạch thay mới do thiết bị quá niên hạn sử dụng; STT nguồn: 5.4; thời gian sử dụng: 12 năm.,/thiet-bi/TB_THQ78F7J,"'-46':24B '05yj8t':22B '1':42B '12':73B '1tb':16A '3.40':11A '3020':5A,30B '4130':9A '4g':14A '5.4':68B '64180':23B '9zcx622':18B 'a':26B 'a-oytu':25B 'bi':60B 'binh':49B 'cn':21B 'cn-05yj8t':20B 'co':53B 'cor':7A 'cpu':10A,17B 'de':51B 'dell':3A,28B,31B 'display':19B 'do':58B 'dong':48B 'du':37B 'dung':65B,72B 'ghz':12A 'gian':70B 'han':63B 'hdd':15A 'hoach':55B 'hoat':47B 'hoc':41B 'hong':40B 'i3':8A 'intel':6A 'ke':54B 'khong':39B 'lan':43B 'moi':57B 'nam':74B 'nguon':46B,67B 'nien':62B 'optiplex':4A,29B 'oytu':27B 'pba':34B 'phong':38B 'qua':61B 'ram':13A 'stt':66B 'su':64B,71B 'tb':1A 'technologies':32B 'thay':56B 'thiet':59B 'thoi':69B 'thq78f7j':2A 'thuong':50B 'tinh':44B 'trang':45B 'tu':36B 'twr':33B 'vat':35B 'xuat':52B",2026-07-16 03:53:31.441458+00
thiet_bi,87b033a1-ac3b-4e0c-b087-5b34fdf945a3,TB_BCAQQVVJ,Server,"Server Fujitsu Phòng thiết bị Ra soat 2026-07-11, file nguon: PLK_IMS",/thiet-bi/TB_BCAQQVVJ,"'-07':12B '-11':13B '2026':11B 'bcaqqvvj':2A 'bi':8B 'file':14B 'fujitsu':5B 'ims':17B 'nguon':15B 'phong':6B 'plk':16B 'ra':9B 'server':3A,4B 'soat':10B 'tb':1A 'thiet':7B",2026-07-16 03:53:31.441458+00
thiet_bi,9965dab0-c548-432d-8e45-0ec1aee9a268,TB_ZAJCAHYR,Thiết bị cắt lọc sét 1 pha,"Thiết bị cắt lọc sét 1 pha nVent ERICO Trạm MID Ra soat 2026-07-11, file nguon: PLK_IMS",/thiet-bi/TB_ZAJCAHYR,"'-07':24B '-11':25B '1':8A,15B '2026':23B 'bi':4A,11B 'cat':5A,12B 'erico':18B 'file':26B 'ims':29B 'loc':6A,13B 'mid':20B 'nguon':27B 'nvent':17B 'pha':9A,16B 'plk':28B 'ra':21B 'set':7A,14B 'soat':22B 'tb':1A 'thiet':3A,10B 'tram':19B 'zajcahyr':2A",2026-07-17 01:20:13.233503+00
thiet_bi,b149602d-b725-497b-b9c5-dd4ff6f8a76e,TB_P6W64J6J,Thiết bị cắt lọc sét 1 pha,"Thiết bị cắt lọc sét 1 pha nVent ERICO Trạm 09 Ra soat 2026-07-11, file nguon: PLK_IMS",/thiet-bi/TB_P6W64J6J,"'-07':24B '-11':25B '09':20B '1':8A,15B '2026':23B 'bi':4A,11B 'cat':5A,12B 'erico':18B 'file':26B 'ims':29B 'loc':6A,13B 'nguon':27B 'nvent':17B 'p6w64j6j':2A 'pha':9A,16B 'plk':28B 'ra':21B 'set':7A,14B 'soat':22B 'tb':1A 'thiet':3A,10B 'tram':19B",2026-07-17 01:20:13.233503+00
thiet_bi,4243f871-7241-4bd3-b981-d7d8268aa3d1,TB_SMXMTP6N,Thiết bị cắt lọc sét 1 pha,"Thiết bị cắt lọc sét 1 pha nVent ERICO Trạm 09 Ra soat 2026-07-11, file nguon: PLK_IMS",/thiet-bi/TB_SMXMTP6N,"'-07':24B '-11':25B '09':20B '1':8A,15B '2026':23B 'bi':4A,11B 'cat':5A,12B 'erico':18B 'file':26B 'ims':29B 'loc':6A,13B 'nguon':27B 'nvent':17B 'pha':9A,16B 'plk':28B 'ra':21B 'set':7A,14B 'smxmtp6n':2A 'soat':22B 'tb':1A 'thiet':3A,10B 'tram':19B",2026-07-17 01:20:13.233503+00
thiet_bi,79b19410-1a4c-443c-88fb-9c2a07877ef3,TB_GYQJN8CP,Thiết bị cắt lọc sét 1 pha,"Thiết bị cắt lọc sét 1 pha nVent ERICO Trạm 09 Ra soat 2026-07-11, file nguon: PLK_IMS",/thiet-bi/TB_GYQJN8CP,"'-07':24B '-11':25B '09':20B '1':8A,15B '2026':23B 'bi':4A,11B 'cat':5A,12B 'erico':18B 'file':26B 'gyqjn8cp':2A 'ims':29B 'loc':6A,13B 'nguon':27B 'nvent':17B 'pha':9A,16B 'plk':28B 'ra':21B 'set':7A,14B 'soat':22B 'tb':1A 'thiet':3A,10B 'tram':19B",2026-07-17 01:20:13.233503+00
thiet_bi,08d29cc5-d58c-4bd8-9ca3-602ffdd932df,TB_NGQ2Z7HT,Thiết bị cắt lọc sét 1 pha,"Thiết bị cắt lọc sét 1 pha nVent ERICO Trạm 09 Ceilo Ra soat 2026-07-11, file nguon: PLK_IMS",/thiet-bi/TB_NGQ2Z7HT,"'-07':25B '-11':26B '09':20B '1':8A,15B '2026':24B 'bi':4A,11B 'cat':5A,12B 'ceilo':21B 'erico':18B 'file':27B 'ims':30B 'loc':6A,13B 'ngq2z7ht':2A 'nguon':28B 'nvent':17B 'pha':9A,16B 'plk':29B 'ra':22B 'set':7A,14B 'soat':23B 'tb':1A 'thiet':3A,10B 'tram':19B",2026-07-17 01:20:13.233503+00
thiet_bi,f812a0a9-0e6f-4d75-ac93-9b20b04c95ce,TB_P5ZJQ5YV,Anten định hướng,"09062348405 Anten định hướng CompleTech Trạm 03 Ra soat 2026-07-11, file nguon: THA_DAW21",/thiet-bi/TB_P5ZJQ5YV,"'-07':16B '-11':17B '03':12B '09062348405':6B '2026':15B 'anten':3A,7B 'completech':10B 'daw21':21B 'dinh':4A,8B 'file':18B 'huong':5A,9B 'nguon':19B 'p5zjq5yv':2A 'ra':13B 'soat':14B 'tb':1A 'tha':20B 'tram':11B",2026-07-17 01:20:13.233503+00
thiet_bi,f9160d3f-07ee-4b83-ac73-52a76be78757,TB_7B4RV4TZ,Đèn chớp báo chướng ngại,Đèn chớp báo chướng ngại Ptel Đề xuất: Khi có sự cố thì xuất kho Cty QLBMT thay thế sửa chữa | Hỏng hóc: 0 lần | VTDP: không | Niên hạn: Không,/thiet-bi/TB_7B4RV4TZ,"'0':31B '7b4rv4tz':2A 'bao':5A,10B 'chop':4A,9B 'chua':28B 'chuong':6A,11B 'co':17B,19B 'cty':23B 'de':14B 'den':3A,8B 'han':36B 'hoc':30B 'hong':29B 'khi':16B 'kho':22B 'khong':34B,37B 'lan':32B 'ngai':7A,12B 'nien':35B 'ptel':13B 'qlbmt':24B 'su':18B 'sua':27B 'tb':1A 'thay':25B 'the':26B 'thi':20B 'vtdp':33B 'xuat':15B,21B",2026-07-17 01:20:13.233503+00
thiet_bi,f5b34036-faf6-4a37-b1d2-85b71c570ca0,TB_62659JPH,Đèn chớp báo chướng ngại,Đèn chớp báo chướng ngại Ptel Đề xuất: Khi có sự cố thì xuất kho Cty QLBMT thay thế sửa chữa | Hỏng hóc: 0 lần | VTDP: không | Niên hạn: Không,/thiet-bi/TB_62659JPH,"'0':31B '62659jph':2A 'bao':5A,10B 'chop':4A,9B 'chua':28B 'chuong':6A,11B 'co':17B,19B 'cty':23B 'de':14B 'den':3A,8B 'han':36B 'hoc':30B 'hong':29B 'khi':16B 'kho':22B 'khong':34B,37B 'lan':32B 'ngai':7A,12B 'nien':35B 'ptel':13B 'qlbmt':24B 'su':18B 'sua':27B 'tb':1A 'thay':25B 'the':26B 'thi':20B 'vtdp':33B 'xuat':15B,21B",2026-07-17 01:20:13.233503+00
thiet_bi,af9aa41c-a428-45df-8bd3-18680fd3a311,TB_XC1TCC0V,Đèn chớp báo chướng ngại,Đèn chớp báo chướng ngại Ptel Đề xuất: Khi có sự cố thì xuất kho Cty QLBMT thay thế sửa chữa | Hỏng hóc: 0 lần | VTDP: không | Niên hạn: Không,/thiet-bi/TB_XC1TCC0V,"'0':31B 'bao':5A,10B 'chop':4A,9B 'chua':28B 'chuong':6A,11B 'co':17B,19B 'cty':23B 'de':14B 'den':3A,8B 'han':36B 'hoc':30B 'hong':29B 'khi':16B 'kho':22B 'khong':34B,37B 'lan':32B 'ngai':7A,12B 'nien':35B 'ptel':13B 'qlbmt':24B 'su':18B 'sua':27B 'tb':1A 'thay':25B 'the':26B 'thi':20B 'vtdp':33B 'xc1tcc0v':2A 'xuat':15B,21B",2026-07-17 01:20:13.233503+00
thiet_bi,42b2709a-defa-4ebe-b1fc-fba5b3b45b29,TB_Y1CEANHT,Đèn chớp báo chướng ngại,Đèn chớp báo chướng ngại Ptel Đề xuất: Khi có sự cố thì xuất kho Cty QLBMT thay thế sửa chữa | Hỏng hóc: 0 lần | VTDP: không | Niên hạn: Không,/thiet-bi/TB_Y1CEANHT,"'0':31B 'bao':5A,10B 'chop':4A,9B 'chua':28B 'chuong':6A,11B 'co':17B,19B 'cty':23B 'de':14B 'den':3A,8B 'han':36B 'hoc':30B 'hong':29B 'khi':16B 'kho':22B 'khong':34B,37B 'lan':32B 'ngai':7A,12B 'nien':35B 'ptel':13B 'qlbmt':24B 'su':18B 'sua':27B 'tb':1A 'thay':25B 'the':26B 'thi':20B 'vtdp':33B 'xuat':15B,21B 'y1ceanht':2A",2026-07-17 01:20:13.233503+00
thiet_bi,9729331b-3024-41db-bb40-bed9a5a21831,TB_M9MEXR8P,Đèn chớp báo chướng ngại,Đèn chớp báo chướng ngại Ptel Đề xuất: Khi có sự cố thì xuất kho Cty QLBMT thay thế sửa chữa | Hỏng hóc: 0 lần | VTDP: không | Niên hạn: Không,/thiet-bi/TB_M9MEXR8P,"'0':31B 'bao':5A,10B 'chop':4A,9B 'chua':28B 'chuong':6A,11B 'co':17B,19B 'cty':23B 'de':14B 'den':3A,8B 'han':36B 'hoc':30B 'hong':29B 'khi':16B 'kho':22B 'khong':34B,37B 'lan':32B 'm9mexr8p':2A 'ngai':7A,12B 'nien':35B 'ptel':13B 'qlbmt':24B 'su':18B 'sua':27B 'tb':1A 'thay':25B 'the':26B 'thi':20B 'vtdp':33B 'xuat':15B,21B",2026-07-17 01:20:13.233503+00
thiet_bi,928d7339-4364-4197-9644-7010f4f39fd5,TB_W05AFN39,"07 bộ máy tính đầu cuối : / + CPU: Intel Core i5-14400 (up to 4.8GHz/65W) / + RAM: 8G DDR4 / + Ổ cứng SSD 512G / + Giao tiếp 10/100/1000Mbps / - Màn Hình Dell E2225H (21.5 inch - VA - FHD - 75Hz - 5ms ) / - Hệ điều hành Win10, có bản quyền",Máy tính: / - 71MJJ64 / - C2MJJ64 / - 9XLJJ64 / - DZXJJ64 / - G5YJJ64 / - 55YJJ64 / - 75YJJ64 / Màn hình: / - F0MM964 / - GSKM964 / - B4LM964 / - 29PFN54 / - BTD0N54 / - C2J0N54 / - CLPM964 Màn hình HP Đề xuất: Khi có sự cố thì xuất kho Cty QLBMT thay thế sửa chữa | Hỏng hóc: 0 lần | VTDP: không | Niên hạn: Không,/thiet-bi/TB_W05AFN39,"'-14400':13A '0':83B '07':3A '10/100/1000mbps':27A '21.5':32A '29pfn54':59B '4.8':16A '512g':24A '55yjj64':52B '5ms':37A '71mjj64':47B '75hz':36A '75yjj64':53B '8g':19A '9xljj64':49B 'b4lm964':58B 'ban':43A 'bo':4A 'btd0n54':60B 'c2j0n54':61B 'c2mjj64':48B 'chua':80B 'clpm964':62B 'co':42A,69B,71B 'core':11A 'cpu':9A 'cty':75B 'cung':22A 'cuoi':8A 'dau':7A 'ddr4':20A 'de':66B 'dell':30A 'dieu':39A 'dzxjj64':50B 'e2225h':31A 'f0mm964':56B 'fhd':35A 'g5yjj64':51B 'ghz/65w':17A 'giao':25A 'gskm964':57B 'han':88B 'hanh':40A 'he':38A 'hinh':29A,55B,64B 'hoc':82B 'hong':81B 'hp':65B 'i5':12A 'inch':33A 'intel':10A 'khi':68B 'kho':74B 'khong':86B,89B 'lan':84B 'man':28A,54B,63B 'may':5A,45B 'nien':87B 'o':21A 'qlbmt':76B 'quyen':44A 'ram':18A 'ssd':23A 'su':70B 'sua':79B 'tb':1A 'thay':77B 'the':78B 'thi':72B 'tiep':26A 'tinh':6A,46B 'to':15A 'up':14A 'va':34A 'vtdp':85B 'w05afn39':2A 'win10':41A 'xuat':67B,73B",2026-07-17 01:20:13.233503+00
thiet_bi,9b3e27b3-e3f9-487a-b514-f11a12f1feb3,TB_XYNC743E,Sensor đo hiện tượng thời tiết 600 PWS,13418 Sensor đo hiện tượng thời tiết 600 PWS MTECH Trạm khí tượng Đề xuất: Nghiên cứu sử dụng chung với sensor HTTT Phú Bài | Hỏng hóc: 0 lần | Tình trạng: Hoạt động bình thường | VTDP: Không | Niên hạn: Không,/thiet-bi/TB_XYNC743E,"'0':38B '13418':11B '600':9A,18B 'bai':35B 'binh':44B 'chung':30B 'cuu':27B 'de':24B 'do':4A,13B 'dong':43B 'dung':29B 'han':49B 'hien':5A,14B 'hoat':42B 'hoc':37B 'hong':36B 'httt':33B 'khi':22B 'khong':47B,50B 'lan':39B 'mtech':20B 'nghien':26B 'nien':48B 'phu':34B 'pws':10A,19B 'sensor':3A,12B,32B 'su':28B 'tb':1A 'thoi':7A,16B 'thuong':45B 'tiet':8A,17B 'tinh':40B 'tram':21B 'trang':41B 'tuong':6A,15B,23B 'voi':31B 'vtdp':46B 'xuat':25B 'xync743e':2A",2026-07-16 03:53:31.441458+00
thiet_bi,d444eb57-a0ee-4322-942c-a7506f108e4d,TB_F0W3XGWQ,Ắc quy dự phòng,"Ắc quy dự phòng Vision Trạm 14 Ra soat 2026-07-11, file nguon: CLA_IMS",/thiet-bi/TB_F0W3XGWQ,"'-07':17B '-11':18B '14':13B '2026':16B 'ac':3A,7B 'cla':21B 'du':5A,9B 'f0w3xgwq':2A 'file':19B 'ims':22B 'nguon':20B 'phong':6A,10B 'quy':4A,8B 'ra':14B 'soat':15B 'tb':1A 'tram':12B 'vision':11B",2026-07-16 03:53:31.441458+00
thiet_bi,d3ef7a7d-b969-4675-9524-28090fda75ac,TB_BCPB8Z5P,Data logger,"PC3-30-1503-MB-2387 Data logger MicroStep-MIS Trạm 14 Ra soat 2026-07-11, file nguon: CLA_IMS",/thiet-bi/TB_BCPB8Z5P,"'-07':20B '-11':21B '-1503':7B '-2387':9B '-30':6B '14':16B '2026':19B 'bcpb8z5p':2A 'cla':24B 'data':3A,10B 'file':22B 'ims':25B 'logger':4A,11B 'mb':8B 'microstep':13B 'microstep-mis':12B 'mis':14B 'nguon':23B 'pc3':5B 'ra':17B 'soat':18B 'tb':1A 'tram':15B",2026-07-16 03:53:31.441458+00
thiet_bi,5f72bea0-1a21-41c1-951f-7a2fd73a3db4,TB_20ZBVXP4,Cảm biến độ cao trần mây,"1820 Cảm biến đo độ cao trần mây Eliasson Trạm trần mây 14 Ra soat 2026-07-11, file nguon: CLA_IMS",/thiet-bi/TB_20ZBVXP4,"'-07':25B '-11':26B '14':21B '1820':9B '2026':24B '20zbvxp4':2A 'bien':4A,11B 'cam':3A,10B 'cao':6A,14B 'cla':29B 'do':5A,12B,13B 'eliasson':17B 'file':27B 'ims':30B 'may':8A,16B,20B 'nguon':28B 'ra':22B 'soat':23B 'tb':1A 'tram':18B 'tran':7A,15B,19B",2026-07-16 03:53:31.441458+00
thiet_bi,f85e304e-b3e3-42e8-8d06-ab932d7c8fc9,TB_14ZKTVG1,Máy chủ STB,"Máy chủ MAIN Dell Technologies P.TBTT Ra soat 2026-07-11, file nguon: BDKT_OPTIMET",/thiet-bi/TB_14ZKTVG1,"'-07':15B '-11':16B '14zktvg1':2A '2026':14B 'bdkt':19B 'chu':4A,7B 'dell':9B 'file':17B 'main':8B 'may':3A,6B 'nguon':18B 'optimet':20B 'p.tbtt':11B 'ra':12B 'soat':13B 'stb':5A 'tb':1A 'technologies':10B",2026-07-16 03:53:31.441458+00
thiet_bi,92625dcf-00de-4b56-bbc6-4d0f2845e522,TB_D9KFDHGP,Anten định hướng,"240018010004 Anten định hướng RCD Trạm trần mây 14 Ra soat 2026-07-11, file nguon: CLA_IMS",/thiet-bi/TB_D9KFDHGP,"'-07':18B '-11':19B '14':14B '2026':17B '240018010004':6B 'anten':3A,7B 'cla':22B 'd9kfdhgp':2A 'dinh':4A,8B 'file':20B 'huong':5A,9B 'ims':23B 'may':13B 'nguon':21B 'ra':15B 'rcd':10B 'soat':16B 'tb':1A 'tram':11B 'tran':12B",2026-07-16 03:53:31.441458+00
thiet_bi,c2398705-b124-4f86-82aa-17e4d9402bb8,TB_W1VW6P1C,"Dell Optiplex 3020. Intel Cor i3 4130, CPU 3.40 Ghz. RAM 4G. HDD 1TB. Hệ điều hành Win 7 Pro, 64 bit",RDTTD-8GX9K-J2C6Q-PKC9X-8VHGR Dell OptiPlex 3020 Dell Technologies TWR PBA Vật tư dự phòng: Không; Hỏng hóc: 0 lần; Tình trạng nguồn: Hoạt động bình thường; Đề xuất: Có kế hoạch thay mới do thiết bị quá niên hạn sử dụng; STT nguồn: 5.1; thời gian sử dụng: 12 năm.,/thiet-bi/TB_W1VW6P1C,"'0':45B '12':76B '1tb':16A '3.40':11A '3020':5A,33B '4130':9A '4g':14A '5.1':71B '64':23A '7':21A '8gx9k':27B '8vhgr':30B 'bi':63B 'binh':52B 'bit':24A 'co':56B 'cor':7A 'cpu':10A 'de':54B 'dell':3A,31B,34B 'dieu':18A 'do':61B 'dong':51B 'du':40B 'dung':68B,75B 'ghz':12A 'gian':73B 'han':66B 'hanh':19A 'hdd':15A 'he':17A 'hoach':58B 'hoat':50B 'hoc':44B 'hong':43B 'i3':8A 'intel':6A 'j2c6q':28B 'ke':57B 'khong':42B 'lan':46B 'moi':60B 'nam':77B 'nguon':49B,70B 'nien':65B 'optiplex':4A,32B 'pba':37B 'phong':41B 'pkc9x':29B 'pro':22A 'qua':64B 'ram':13A 'rdttd':26B 'rdttd-8gx9k-j2c6q-pkc9x-8vhgr':25B 'stt':69B 'su':67B,74B 'tb':1A 'technologies':35B 'thay':59B 'thiet':62B 'thoi':72B 'thuong':53B 'tinh':47B 'trang':48B 'tu':39B 'twr':36B 'vat':38B 'w1vw6p1c':2A 'win':20A 'xuat':55B",2026-07-16 03:53:31.441458+00
thiet_bi,fe659d0a-d25d-485c-b7bd-373cda101eed,TB_VQGX0Q56,"Màn hình (19”), bàn phím và chuột loại KVM gắn tủ rack 19” dùng chung 02 server",Màn hình HP Đề xuất: Khi có sự cố thì xuất kho Cty QLBMT thay thế sửa chữa | Hỏng hóc: 0 lần | VTDP: không | Niên hạn: Không,/thiet-bi/TB_VQGX0Q56,"'0':40B '02':18A '19':5A,15A 'ban':6A 'chua':37B 'chung':17A 'chuot':9A 'co':26B,28B 'cty':32B 'de':23B 'dung':16A 'gan':12A 'han':45B 'hinh':4A,21B 'hoc':39B 'hong':38B 'hp':22B 'khi':25B 'kho':31B 'khong':43B,46B 'kvm':11A 'lan':41B 'loai':10A 'man':3A,20B 'nien':44B 'phim':7A 'qlbmt':33B 'rack':14A 'server':19A 'su':27B 'sua':36B 'tb':1A 'thay':34B 'the':35B 'thi':29B 'tu':13A 'va':8A 'vqgx0q56':2A 'vtdp':42B 'xuat':24B,30B",2026-07-17 01:20:13.233503+00
thiet_bi,e4b09472-ece8-42b5-bbf1-8be25846e6d8,TB_3HHFDA9Q,02 máy chủ loại CPU lắp rack 19” (rackmount server); CPU: Intel Xeon E-2434 / 3.4 GHz / 8M Cache / 4 Cores; Bộ nhớ RAM: 32 GB (2 x 16 GB) / 4800 MT/s / DDR5; Ổ cứng: 2 x 1920 GB (4 x 960 GB RAID-10) / SSD SATA Read Intensive 6Gbps /Hot-plug / 2.5”; Hệ điều hành: Microsoft Windows Server IoT 2022 Standard 5 CAL (Hệ điều hành có bản quyền vĩnh viễn (lifetime license),- 9S7KB94 (Service tag) / - 7PKXW84 (Service tag) Server Đề xuất: Khi có sự cố thì xuất kho Cty QLBMT thay thế sửa chữa | Hỏng hóc: 0 lần | VTDP: không | Niên hạn: Không,/thiet-bi/TB_3HHFDA9Q,"'-10':47A '-2434':17A '/hot-plug':53A '0':100B '02':3A '16':31A '19':10A '1920':40A '2':29A,38A '2.5':54A '2022':62A '3.4':18A '32':27A '3hhfda9q':2A '4':22A,42A '4800':33A '5':64A '6gbps':52A '7pkxw84':79B '8m':20A '960':44A '9s7kb94':76B 'ban':70A 'bo':24A 'cache':21A 'cal':65A 'chu':5A 'chua':97B 'co':69A,86B,88B 'cores':23A 'cpu':7A,13A 'cty':92B 'cung':37A 'ddr5':35A 'de':83B 'dieu':56A,67A 'e':16A 'gb':28A,32A,41A,45A 'ghz':19A 'han':105B 'hanh':57A,68A 'he':55A,66A 'hoc':99B 'hong':98B 'intel':14A 'intensive':51A 'iot':61A 'khi':85B 'kho':91B 'khong':103B,106B 'lan':101B 'lap':8A 'license':75A 'lifetime':74A 'loai':6A 'may':4A 'microsoft':58A 'mt/s':34A 'nho':25A 'nien':104B 'o':36A 'qlbmt':93B 'quyen':71A 'rack':9A 'rackmount':11A 'raid':46A 'ram':26A 'read':50A 'sata':49A 'server':12A,60A,82B 'service':77B,80B 'ssd':48A 'standard':63A 'su':87B 'sua':96B 'tag':78B,81B 'tb':1A 'thay':94B 'the':95B 'thi':89B 'vien':73A 'vinh':72A 'vtdp':102B 'windows':59A 'x':30A,39A,43A 'xeon':15A 'xuat':84B,90B",2026-07-17 01:20:13.233503+00
thiet_bi,4025f69d-a9c8-41ee-a200-6098ee77335a,TB_X2M4MZVF,Thiết bị thu phát vô tuyến,"12360313 Thiết bị thu phát vô tuyến RACOM PTB Đài KSKL CHU LAI Ra soat 2026-07-11, file nguon: CLA_IMS",/thiet-bi/TB_X2M4MZVF,"'-07':25B '-11':26B '12360313':9B '2026':24B 'bi':4A,11B 'chu':20B 'cla':29B 'dai':18B 'file':27B 'ims':30B 'kskl':19B 'lai':21B 'nguon':28B 'phat':6A,13B 'ptb':17B 'ra':22B 'racom':16B 'soat':23B 'tb':1A 'thiet':3A,10B 'thu':5A,12B 'tuyen':8A,15B 'vo':7A,14B 'x2m4mzvf':2A",2026-07-16 03:53:31.441458+00
thiet_bi,ed164f26-97e3-4e84-8665-9209412cec5f,TB_XWX1WDE8,"Phần mềm xử lý số liệu cho hệ thống máy chủ AWOS và phần mềm khai thác dùng cho nhân viên quan trắc, kiểm soát viên không lưu và nhân viên kỹ thuật","Phần mềm xử lý số liệu cho hệ thống máy chủ AWOS và phần mềm khai thác dùng cho nhân viên quan trắc, kiểm soát viên không lưu và nhân viên kỹ thuật Đề xuất: Khi có sự cố thì xuất kho Cty QLBMT thay thế sửa chữa | Hỏng hóc: 0 lần | VTDP: không | Niên hạn: Không",/thiet-bi/TB_XWX1WDE8,"'0':86B 'awos':14A,47B 'cho':9A,21A,42B,54B 'chu':13A,46B 'chua':83B 'co':72B,74B 'cty':78B 'de':69B 'dung':20A,53B 'han':91B 'he':10A,43B 'hoc':85B 'hong':84B 'khai':18A,51B 'khi':71B 'kho':77B 'khong':29A,62B,89B,92B 'kiem':26A,59B 'ky':34A,67B 'lan':87B 'lieu':8A,41B 'luu':30A,63B 'ly':6A,39B 'may':12A,45B 'mem':4A,17A,37B,50B 'nhan':22A,32A,55B,65B 'nien':90B 'phan':3A,16A,36B,49B 'qlbmt':79B 'quan':24A,57B 'so':7A,40B 'soat':27A,60B 'su':73B 'sua':82B 'tb':1A 'thac':19A,52B 'thay':80B 'the':81B 'thi':75B 'thong':11A,44B 'thuat':35A,68B 'trac':25A,58B 'va':15A,31A,48B,64B 'vien':23A,28A,33A,56B,61B,66B 'vtdp':88B 'xu':5A,38B 'xuat':70B,76B 'xwx1wde8':2A",2026-07-17 01:20:13.233503+00
thiet_bi,a8209ee3-1122-429c-8e59-46df2ba5fb84,TB_4R0371D7,Thiết bị thu phát vô tuyến,"12458313 Thiết bị thu phát vô tuyến RACOM PTB Đài KSKL CHU LAI Ra soat 2026-07-11, file nguon: CLA_IMS",/thiet-bi/TB_4R0371D7,"'-07':25B '-11':26B '12458313':9B '2026':24B '4r0371d7':2A 'bi':4A,11B 'chu':20B 'cla':29B 'dai':18B 'file':27B 'ims':30B 'kskl':19B 'lai':21B 'nguon':28B 'phat':6A,13B 'ptb':17B 'ra':22B 'racom':16B 'soat':23B 'tb':1A 'thiet':3A,10B 'thu':5A,12B 'tuyen':8A,15B 'vo':7A,14B",2026-07-16 03:53:31.441458+00
thiet_bi,1fe6f52e-6795-440e-a53d-4ccee879670e,TB_1WN5VVXQ,Bộ hiển thị Meterological TFT,"Màn hình hiển thị số liệu gió Observator TWR Ra soat 2026-07-11, file nguon: PLK_IMS",/thiet-bi/TB_1WN5VVXQ,"'-07':20B '-11':21B '1wn5vvxq':2A '2026':19B 'bo':3A 'file':22B 'gio':14B 'hien':4A,10B 'hinh':9B 'ims':25B 'lieu':13B 'man':8B 'meterological':6A 'nguon':23B 'observator':15B 'plk':24B 'ra':17B 'so':12B 'soat':18B 'tb':1A 'tft':7A 'thi':5A,11B 'twr':16B",2026-07-16 03:53:31.441458+00
thiet_bi,650010f7-d414-47aa-baf1-bbdad865300c,TB_14C7QTNT,Màn hình hiển thị Nhiệt độ-Độ ẩm-Khí áp,"Màn hình hiển thị Nhiệt độ-Độ ẩm-Khí áp PiPad TWR Ra soat 2026-07-11, file nguon: PLK_IMS",/thiet-bi/TB_14C7QTNT,"'-07':32B '-11':33B '14c7qtnt':2A '2026':31B 'am':12A,24B 'am-khi':11A,23B 'ap':14A,26B 'do':9A,10A,21B,22B 'do-do':8A,20B 'file':34B 'hien':5A,17B 'hinh':4A,16B 'ims':37B 'khi':13A,25B 'man':3A,15B 'nguon':35B 'nhiet':7A,19B 'pipad':27B 'plk':36B 'ra':29B 'soat':30B 'tb':1A 'thi':6A,18B 'twr':28B",2026-07-16 03:53:31.441458+00
thiet_bi,2dda890a-aef5-40f5-bd40-e5b23297d565,TB_RN3EFET3,Màn hình hiển thị Nhiệt độ-Độ ẩm-Khí áp,"Màn hình hiển thị Nhiệt độ-Độ ẩm-Khí áp PiPad TWR Ra soat 2026-07-11, file nguon: PLK_IMS",/thiet-bi/TB_RN3EFET3,"'-07':32B '-11':33B '2026':31B 'am':12A,24B 'am-khi':11A,23B 'ap':14A,26B 'do':9A,10A,21B,22B 'do-do':8A,20B 'file':34B 'hien':5A,17B 'hinh':4A,16B 'ims':37B 'khi':13A,25B 'man':3A,15B 'nguon':35B 'nhiet':7A,19B 'pipad':27B 'plk':36B 'ra':29B 'rn3efet3':2A 'soat':30B 'tb':1A 'thi':6A,18B 'twr':28B",2026-07-16 03:53:31.441458+00
thiet_bi,3b708b69-cebc-44f5-a6e1-833106fd3ae2,TB_S5RB37NP,Khí áp kế kỹ thuật số,"Cảm biến đo khí áp Vaisala TWR Ra soat 2026-07-11, file nguon: PLK_IMS",/thiet-bi/TB_S5RB37NP,"'-07':19B '-11':20B '2026':18B 'ap':4A,13B 'bien':10B 'cam':9B 'do':11B 'file':21B 'ims':24B 'ke':5A 'khi':3A,12B 'ky':6A 'nguon':22B 'plk':23B 'ra':16B 's5rb37np':2A 'so':8A 'soat':17B 'tb':1A 'thuat':7A 'twr':15B 'vaisala':14B",2026-07-16 03:53:31.441458+00
thiet_bi,ce53e2e0-4efe-48f9-b72c-0a65ad7328b0,TB_QRG4YTRF,Thiết bị chuyển đổi tín hiệu,"Thiết bị Serial server 3Onedata Phòng thiết bị Ra soat 2026-07-11, file nguon: PLK_IMS",/thiet-bi/TB_QRG4YTRF,"'-07':20B '-11':21B '2026':19B '3onedata':13B 'bi':4A,10B,16B 'chuyen':5A 'doi':6A 'file':22B 'hieu':8A 'ims':25B 'nguon':23B 'phong':14B 'plk':24B 'qrg4ytrf':2A 'ra':17B 'serial':11B 'server':12B 'soat':18B 'tb':1A 'thiet':3A,9B,15B 'tin':7A",2026-07-16 03:53:31.441458+00
thiet_bi,ea843dc1-eb9d-44f8-b39f-648e65d676c3,TB_85BQFGZ0,Modem Hub UHF,"Modem UHF RACOM Mid Ra soat 2026-07-11, file nguon: PBA_AWOS900",/thiet-bi/TB_85BQFGZ0,"'-07':13B '-11':14B '2026':12B '85bqfgz0':2A 'awos900':18B 'file':15B 'hub':4A 'mid':9B 'modem':3A,6B 'nguon':16B 'pba':17B 'ra':10B 'racom':8B 'soat':11B 'tb':1A 'uhf':5A,7B",2026-07-17 01:20:13.233503+00
thiet_bi,c3aa4a39-710d-442b-be7a-6e672f7290da,TB_CGSMRGM8,Máy tính đầu cuối,"Máy tính đầu cuối Ra soat 2026-07-11, file nguon: PBA_AWOS900",/thiet-bi/TB_CGSMRGM8,"'-07':14B '-11':15B '2026':13B 'awos900':19B 'cgsmrgm8':2A 'cuoi':6A,10B 'dau':5A,9B 'file':16B 'may':3A,7B 'nguon':17B 'pba':18B 'ra':11B 'soat':12B 'tb':1A 'tinh':4A,8B",2026-07-17 01:20:13.233503+00
thiet_bi,e53eb0fb-04e3-4c07-bbcf-d39a60c96200,TB_04HFMGG3,Cảm biến đo gió,"Cảm biến đo gió All Weather 09 Ra soat 2026-07-11, file nguon: PBA_AWOS900",/thiet-bi/TB_04HFMGG3,"'-07':17B '-11':18B '04hfmgg3':2A '09':13B '2026':16B 'all':11B 'awos900':22B 'bien':4A,8B 'cam':3A,7B 'do':5A,9B 'file':19B 'gio':6A,10B 'nguon':20B 'pba':21B 'ra':14B 'soat':15B 'tb':1A 'weather':12B",2026-07-17 01:20:13.233503+00
thiet_bi,41b13cef-355e-4b0a-8891-fc4ec3b1447e,TB_46TW7F6C,Cảm biến đo gió,"Cảm biến đo gió All Weather 27 Ra soat 2026-07-11, file nguon: PBA_AWOS900",/thiet-bi/TB_46TW7F6C,"'-07':17B '-11':18B '2026':16B '27':13B '46tw7f6c':2A 'all':11B 'awos900':22B 'bien':4A,8B 'cam':3A,7B 'do':5A,9B 'file':19B 'gio':6A,10B 'nguon':20B 'pba':21B 'ra':14B 'soat':15B 'tb':1A 'weather':12B",2026-07-17 01:20:13.233503+00
thiet_bi,cc058133-c8da-49a3-92e4-d132fc910abe,TB_6E075XED,Cảm biến đo tầm nhìn,"Cảm biến đo tầm nhìn All Weather 09 Ra soat 2026-07-11, file nguon: PBA_AWOS900",/thiet-bi/TB_6E075XED,"'-07':20B '-11':21B '09':16B '2026':19B '6e075':2A 'all':14B 'awos900':25B 'bien':5A,10B 'cam':4A,9B 'do':6A,11B 'file':22B 'nguon':23B 'nhin':8A,13B 'pba':24B 'ra':17B 'soat':18B 'tam':7A,12B 'tb':1A 'weather':15B 'xed':3A",2026-07-17 01:20:13.233503+00
thiet_bi,9b914e48-6f59-4ac7-9780-936c8f5a64c4,TB_J3PPX899,RF Modem Client,RF Modem Client RACOM Đề xuất: Mua sắm VTDP sử dụng chung cho Cam Ranh và Tuy Hòa | Hỏng hóc: 0 lần | Tình trạng: Hoạt động bình thường | VTDP: Không | Niên hạn: Không,/thiet-bi/TB_J3PPX899,"'0':26B 'binh':32B 'cam':19B 'cho':18B 'chung':17B 'client':5A,8B 'de':10B 'dong':31B 'dung':16B 'han':37B 'hoa':23B 'hoat':30B 'hoc':25B 'hong':24B 'j3ppx899':2A 'khong':35B,38B 'lan':27B 'modem':4A,7B 'mua':12B 'nien':36B 'racom':9B 'ranh':20B 'rf':3A,6B 'sam':13B 'su':15B 'tb':1A 'thuong':33B 'tinh':28B 'trang':29B 'tuy':22B 'va':21B 'vtdp':14B,34B 'xuat':11B",2026-07-17 01:20:13.233503+00
thiet_bi,627d66c5-5ede-4983-8eba-9dcbd7691a5c,TB_G6E362ZC,Radio modem DTXM-460-OBN6I,A100865631 Radio modem DTXM-460-OBN6I Ritron Đề xuất: Không | Hỏng hóc: 0 lần | Tình trạng: Khai thác bình thường | VTDP: Có VTDP | Niên hạn: Không,/thiet-bi/TB_G6E362ZC,"'-460':6A,12B '0':20B 'a100865631':8B 'binh':26B 'co':29B 'de':15B 'dtxm':5A,11B 'g6e362zc':2A 'han':32B 'hoc':19B 'hong':18B 'khai':24B 'khong':17B,33B 'lan':21B 'modem':4A,10B 'nien':31B 'obn6i':7A,13B 'radio':3A,9B 'ritron':14B 'tb':1A 'thac':25B 'thuong':27B 'tinh':22B 'trang':23B 'vtdp':28B,30B 'xuat':16B",2026-07-17 01:20:13.233503+00
thiet_bi,9a94e18f-c8eb-4fcc-abdb-d7dc00a79e16,TB_8RZD8RZA,Màn hình hiển thị số liệu gió 27,"Màn hình hiển thị số liệu gió 27 Observator Tower Ra soat 2026-07-11, file nguon: PBA_AWOS900",/thiet-bi/TB_8RZD8RZA,"'-07':24B '-11':25B '2026':23B '27':10A,18B '8rzd8rza':2A 'awos900':29B 'file':26B 'gio':9A,17B 'hien':5A,13B 'hinh':4A,12B 'lieu':8A,16B 'man':3A,11B 'nguon':27B 'observator':19B 'pba':28B 'ra':21B 'so':7A,15B 'soat':22B 'tb':1A 'thi':6A,14B 'tower':20B",2026-07-17 01:20:13.233503+00
thiet_bi,174e9e99-a10d-4ca0-a6cc-c7fd2520e6d7,TB_TTJJGDXH,Màn hình hiển thị số liệu Nhiệt-Ẩm-Áp,"CT Màn hình hiển thị số liệu Nhiệt-Ẩm-Áp VTD Tower Ra soat 2026-07-11, file nguon: PBA_AWOS900",/thiet-bi/TB_TTJJGDXH,"'-07':29B '-11':30B '2026':28B 'am':11A,22B 'ap':12A,23B 'awos900':34B 'ct':13B 'file':31B 'hien':5A,16B 'hinh':4A,15B 'lieu':8A,19B 'man':3A,14B 'nguon':32B 'nhiet':10A,21B 'nhiet-am-ap':9A,20B 'pba':33B 'ra':26B 'so':7A,18B 'soat':27B 'tb':1A 'thi':6A,17B 'tower':25B 'ttjjgdxh':2A 'vtd':24B",2026-07-17 01:20:13.233503+00
thiet_bi,77949dbb-86ed-40cd-9254-1cbe32fdefe0,TB_PG6T4G92,Máy chủ Main,"3NC3QY3 Máy chủ Main Dell Technologies PTB Đài KSKL TUY HÒA Ra soat 2026-07-11, file nguon: THA_DAW21",/thiet-bi/TB_PG6T4G92,"'-07':20B '-11':21B '2026':19B '3nc3qy3':6B 'chu':4A,8B 'dai':13B 'daw21':25B 'dell':10B 'file':22B 'hoa':16B 'kskl':14B 'main':5A,9B 'may':3A,7B 'nguon':23B 'pg6t4g92':2A 'ptb':12B 'ra':17B 'soat':18B 'tb':1A 'technologies':11B 'tha':24B 'tuy':15B",2026-07-17 01:20:13.233503+00
thiet_bi,c86958e4-dd87-4e6c-a258-c3a0f3882194,TB_K1V3H1P9,Sensor khí áp,"Cảm biến đo khí áp Vaisala Tower Ra soat 2026-07-11, file nguon: PBA_AWOS900",/thiet-bi/TB_K1V3H1P9,"'-07':16B '-11':17B '2026':15B 'ap':5A,10B 'awos900':21B 'bien':7B 'cam':6B 'do':8B 'file':18B 'k1v3h1p9':2A 'khi':4A,9B 'nguon':19B 'pba':20B 'ra':13B 'sensor':3A 'soat':14B 'tb':1A 'tower':12B 'vaisala':11B",2026-07-17 01:20:13.233503+00
thiet_bi,3ab1f9c0-d222-40b9-a000-3144166df682,TB_V2RVJYAN,Cắt lọc sét nguồn AC - Tủ thiết bị,"Thiết bị cắt lọc sét 1 pha nVent ERICO Trạm trần mây 32 Ra soat 2026-07-11, file nguon: CLA_IMS",/thiet-bi/TB_V2RVJYAN,"'-07':27B '-11':28B '1':16B '2026':26B '32':23B 'ac':7A 'bi':10A,12B 'cat':3A,13B 'cla':31B 'erico':19B 'file':29B 'ims':32B 'loc':4A,14B 'may':22B 'nguon':6A,30B 'nvent':18B 'pha':17B 'ra':24B 'set':5A,15B 'soat':25B 'tb':1A 'thiet':9A,11B 'tram':20B 'tran':21B 'tu':8A 'v2rvjyan':2A",2026-07-16 03:53:31.441458+00
thiet_bi,1f5da9bc-24e0-4204-b3f0-a081d12d513e,TB_4MD98PFF,Chống sét - UHF,"Chống sét - UHF Citel Trạm trần mây 32 Ra soat 2026-07-11, file nguon: CLA_IMS",/thiet-bi/TB_4MD98PFF,"'-07':17B '-11':18B '2026':16B '32':13B '4md98pff':2A 'chong':3A,6B 'citel':9B 'cla':21B 'file':19B 'ims':22B 'may':12B 'nguon':20B 'ra':14B 'set':4A,7B 'soat':15B 'tb':1A 'tram':10B 'tran':11B 'uhf':5A,8B",2026-07-16 03:53:31.441458+00
thiet_bi,9340548c-adfd-467c-acfa-8e528c9cdfb2,TB_3KY8RDYC,Chống sét giao tiếp Ethernet-UHF,"Chống sét giao tiếp Ethernet-UHF Citel Trạm trần mây 32 Ra soat 2026-07-11, file nguon: CLA_IMS",/thiet-bi/TB_3KY8RDYC,"'-07':25B '-11':26B '2026':24B '32':21B '3ky8rdyc':2A 'chong':3A,10B 'citel':17B 'cla':29B 'ethernet':8A,15B 'ethernet-uhf':7A,14B 'file':27B 'giao':5A,12B 'ims':30B 'may':20B 'nguon':28B 'ra':22B 'set':4A,11B 'soat':23B 'tb':1A 'tiep':6A,13B 'tram':18B 'tran':19B 'uhf':9A,16B",2026-07-16 03:53:31.441458+00
thiet_bi,945026f0-1776-49b7-a0fc-c5b58217a15c,TB_JCP1EYW7,Chống sét đường dữ liệu RS-232,"Chống sét đường dữ liệu RS-232 AT3W Trạm trần mây 32 Ra soat 2026-07-11, file nguon: CLA_IMS",/thiet-bi/TB_JCP1EYW7,"'-07':25B '-11':26B '-232':9A,16B '2026':24B '32':21B 'at3w':17B 'chong':3A,10B 'cla':29B 'du':6A,13B 'duong':5A,12B 'file':27B 'ims':30B 'jcp1eyw7':2A 'lieu':7A,14B 'may':20B 'nguon':28B 'ra':22B 'rs':8A,15B 'set':4A,11B 'soat':23B 'tb':1A 'tram':18B 'tran':19B",2026-07-16 03:53:31.441458+00
thiet_bi,0b63ce25-8f17-423f-b59a-2a02e5cf6630,TB_M1RK23XQ,Thiết bị chuyển mạch,"DNI214004U1 Switch Cisco 24 port Cisco PTB Đài KSKL CHU LAI Ra soat 2026-07-11, file nguon: CLA_IMS",/thiet-bi/TB_M1RK23XQ,"'-07':21B '-11':22B '2026':20B '24':10B 'bi':4A 'chu':16B 'chuyen':5A 'cisco':9B,12B 'cla':25B 'dai':14B 'dni214004u1':7B 'file':23B 'ims':26B 'kskl':15B 'lai':17B 'm1rk23xq':2A 'mach':6A 'nguon':24B 'port':11B 'ptb':13B 'ra':18B 'soat':19B 'switch':8B 'tb':1A 'thiet':3A",2026-07-16 03:53:31.441458+00
thiet_bi,96276e34-c728-46a3-8843-d7c8e650d1a3,TB_GR0QJ65B,Cảm biến đo hướng và đo tốc độ gió,"2302004 Cảm biến gió Gill Trạm khí tượng 32 Ra soat 2026-07-11, file nguon: CLA_IMS",/thiet-bi/TB_GR0QJ65B,"'-07':24B '-11':25B '2026':23B '2302004':12B '32':20B 'bien':4A,14B 'cam':3A,13B 'cla':28B 'do':5A,8A,10A 'file':26B 'gill':16B 'gio':11A,15B 'gr0qj65b':2A 'huong':6A 'ims':29B 'khi':18B 'nguon':27B 'ra':21B 'soat':22B 'tb':1A 'toc':9A 'tram':17B 'tuong':19B 'va':7A",2026-07-16 03:53:31.441458+00
thiet_bi,b0c09e44-58ae-4aa3-8679-1f1294fd2aee,TB_ECYV7H25,Anten đa hướng,"240101020008 Anten đa hướng RCD TWR Đài KSKL CHU LAI Ra soat 2026-07-11, file nguon: CLA_IMS",/thiet-bi/TB_ECYV7H25,"'-07':19B '-11':20B '2026':18B '240101020008':6B 'anten':3A,7B 'chu':14B 'cla':23B 'da':4A,8B 'dai':12B 'ecyv7h25':2A 'file':21B 'huong':5A,9B 'ims':24B 'kskl':13B 'lai':15B 'nguon':22B 'ra':16B 'rcd':10B 'soat':17B 'tb':1A 'twr':11B",2026-07-16 03:53:31.441458+00
thiet_bi,8000ff57-f2b1-4721-a2ab-1b6d608283d7,TB_READXY3J,Đo nhiệt độ - độ ẩm - khí áp,"09230017 Cảm biến đo nhiệt độ Thies 1.1006.54.080 Thies Clima Phòng MET - Đài KSKL CHU LAI Ra soat 2026-07-11, file nguon: CLA_IMS",/thiet-bi/TB_READXY3J,"'-07':29B '-11':30B '09230017':10B '1.1006.54.080':17B '2026':28B 'am':7A 'ap':9A 'bien':12B 'cam':11B 'chu':24B 'cla':33B 'clima':19B 'dai':22B 'do':3A,5A,6A,13B,15B 'file':31B 'ims':34B 'khi':8A 'kskl':23B 'lai':25B 'met':21B 'nguon':32B 'nhiet':4A,14B 'phong':20B 'ra':26B 'readxy3j':2A 'soat':27B 'tb':1A 'thies':16B,18B",2026-07-16 03:53:31.441458+00
thiet_bi,cd857d57-c776-4758-9fd4-fe3c7bfb8535,TB_TJKBKKYE,Chống sét RF  - UHF,"Chống sét RF  - UHF Citel Trạm 14 Ra soat 2026-07-11, file nguon: CLA_IMS",/thiet-bi/TB_TJKBKKYE,"'-07':17B '-11':18B '14':13B '2026':16B 'chong':3A,7B 'citel':11B 'cla':21B 'file':19B 'ims':22B 'nguon':20B 'ra':14B 'rf':5A,9B 'set':4A,8B 'soat':15B 'tb':1A 'tjkbkkye':2A 'tram':12B 'uhf':6A,10B",2026-07-16 03:53:31.441458+00
thiet_bi,3b974113-cc53-4373-976b-876b521003f3,TB_DVKVAGEZ,Chống sét giao tiếp Ethernet-UHF,"Chống sét giao tiếp Ethernet-UHF Citel Trạm 14 Ra soat 2026-07-11, file nguon: CLA_IMS",/thiet-bi/TB_DVKVAGEZ,"'-07':23B '-11':24B '14':19B '2026':22B 'chong':3A,10B 'citel':17B 'cla':27B 'dvkvagez':2A 'ethernet':8A,15B 'ethernet-uhf':7A,14B 'file':25B 'giao':5A,12B 'ims':28B 'nguon':26B 'ra':20B 'set':4A,11B 'soat':21B 'tb':1A 'tiep':6A,13B 'tram':18B 'uhf':9A,16B",2026-07-16 03:53:31.441458+00
thiet_bi,b972fab8-94a1-4006-a000-89287f66d0e0,TB_ETV2ERHH,Chống sét đường dữ liệu RS-232,"Chống sét đường dữ liệu RS-232 AT3W Trạm 14 Ra soat 2026-07-11, file nguon: CLA_IMS",/thiet-bi/TB_ETV2ERHH,"'-07':23B '-11':24B '-232':9A,16B '14':19B '2026':22B 'at3w':17B 'chong':3A,10B 'cla':27B 'du':6A,13B 'duong':5A,12B 'etv2erhh':2A 'file':25B 'ims':28B 'lieu':7A,14B 'nguon':26B 'ra':20B 'rs':8A,15B 'set':4A,11B 'soat':21B 'tb':1A 'tram':18B",2026-07-16 03:53:31.441458+00
thiet_bi,725c0614-8603-4d89-b3d7-608ff6ffb380,TB_WV72XBYC,Cắt sét nguồn 220VAC -  UHF,"Cắt sét nguồn 220VAC -  UHF Schneider Trạm 14 Ra soat 2026-07-11, file nguon: CLA_IMS",/thiet-bi/TB_WV72XBYC,"'-07':19B '-11':20B '14':15B '2026':18B '220vac':6A,11B 'cat':3A,8B 'cla':23B 'file':21B 'ims':24B 'nguon':5A,10B,22B 'ra':16B 'schneider':13B 'set':4A,9B 'soat':17B 'tb':1A 'tram':14B 'uhf':7A,12B 'wv72xbyc':2A",2026-07-16 03:53:31.441458+00
thiet_bi,4fde4fb1-a542-455c-b691-ba4d450d08ca,TB_C2YW9SGV,Cắt lọc sét nguồn AC - Tủ thiết bị,"Thiết bị cắt lọc sét 1 pha nVent ERICO Trạm 14 Ra soat 2026-07-11, file nguon: CLA_IMS",/thiet-bi/TB_C2YW9SGV,"'-07':25B '-11':26B '1':16B '14':21B '2026':24B 'ac':7A 'bi':10A,12B 'c2yw9sgv':2A 'cat':3A,13B 'cla':29B 'erico':19B 'file':27B 'ims':30B 'loc':4A,14B 'nguon':6A,28B 'nvent':18B 'pha':17B 'ra':22B 'set':5A,15B 'soat':23B 'tb':1A 'thiet':9A,11B 'tram':20B 'tu':8A",2026-07-16 03:53:31.441458+00
thiet_bi,3f2c0ad3-6b2b-467c-ab8a-9856ad4989ab,TB_5JP7CBK5,Chống sét - UHF,"Chống sét - UHF Citel Trạm trần mây 14 Ra soat 2026-07-11, file nguon: CLA_IMS",/thiet-bi/TB_5JP7CBK5,"'-07':17B '-11':18B '14':13B '2026':16B '5jp7cbk5':2A 'chong':3A,6B 'citel':9B 'cla':21B 'file':19B 'ims':22B 'may':12B 'nguon':20B 'ra':14B 'set':4A,7B 'soat':15B 'tb':1A 'tram':10B 'tran':11B 'uhf':5A,8B",2026-07-16 03:53:31.441458+00
thiet_bi,fc69c0a2-3f36-4640-ba73-bb592706e8c3,TB_36H1CCS1,Chống sét giao tiếp Ethernet-UHF,"Chống sét giao tiếp Ethernet-UHF Citel Trạm trần mây 14 Ra soat 2026-07-11, file nguon: CLA_IMS",/thiet-bi/TB_36H1CCS1,"'-07':25B '-11':26B '14':21B '2026':24B '36h1ccs1':2A 'chong':3A,10B 'citel':17B 'cla':29B 'ethernet':8A,15B 'ethernet-uhf':7A,14B 'file':27B 'giao':5A,12B 'ims':30B 'may':20B 'nguon':28B 'ra':22B 'set':4A,11B 'soat':23B 'tb':1A 'tiep':6A,13B 'tram':18B 'tran':19B 'uhf':9A,16B",2026-07-16 03:53:31.441458+00
thiet_bi,fde56146-e9c2-4e23-bf06-63359740874a,TB_A1CFMQ8J,Chống sét đường dữ liệu RS-232,"Chống sét đường dữ liệu RS-232 AT3W Trạm trần mây 14 Ra soat 2026-07-11, file nguon: CLA_IMS",/thiet-bi/TB_A1CFMQ8J,"'-07':25B '-11':26B '-232':9A,16B '14':21B '2026':24B 'a1cfmq8j':2A 'at3w':17B 'chong':3A,10B 'cla':29B 'du':6A,13B 'duong':5A,12B 'file':27B 'ims':30B 'lieu':7A,14B 'may':20B 'nguon':28B 'ra':22B 'rs':8A,15B 'set':4A,11B 'soat':23B 'tb':1A 'tram':18B 'tran':19B",2026-07-16 03:53:31.441458+00
thiet_bi,bcf06d0f-614c-4d6a-94e4-0833470c60cb,TB_DSEQSR0S,Chống sét đường tín hiệu,"Chống sét đường tín hiệu AT3W Phòng thiết bị Ra soat 2026-07-11, file nguon: PLK_IMS",/thiet-bi/TB_DSEQSR0S,"'-07':20B '-11':21B '2026':19B 'at3w':13B 'bi':16B 'chong':3A,8B 'dseqsr0s':2A 'duong':5A,10B 'file':22B 'hieu':7A,12B 'ims':25B 'nguon':23B 'phong':14B 'plk':24B 'ra':17B 'set':4A,9B 'soat':18B 'tb':1A 'thiet':15B 'tin':6A,11B",2026-07-16 03:53:31.441458+00
thiet_bi,bfd2217b-8b41-4c54-93b1-9997617de013,TB_W46N6ZDR,Cắt sét nguồn 220VAC -  UHF,"Cắt sét nguồn 220VAC -  UHF Schneider Trạm trần mây 14 Ra soat 2026-07-11, file nguon: CLA_IMS",/thiet-bi/TB_W46N6ZDR,"'-07':21B '-11':22B '14':17B '2026':20B '220vac':6A,11B 'cat':3A,8B 'cla':25B 'file':23B 'ims':26B 'may':16B 'nguon':5A,10B,24B 'ra':18B 'schneider':13B 'set':4A,9B 'soat':19B 'tb':1A 'tram':14B 'tran':15B 'uhf':7A,12B 'w46n6zdr':2A",2026-07-16 03:53:31.441458+00
thiet_bi,d0669518-9041-4dd8-86f4-7e26bfa1f552,TB_BKA5P0H5,Đo nhiệt độ độ ẩm,"Đo nhiệt độ độ ẩm Lều khí tượng - Đài KSKL CHU LAI Ra soat 2026-07-11, file nguon: CLA_IMS",/thiet-bi/TB_BKA5P0H5,"'-07':23B '-11':24B '2026':22B 'am':7A,12B 'bka5p0h5':2A 'chu':18B 'cla':27B 'dai':16B 'do':3A,5A,6A,8B,10B,11B 'file':25B 'ims':28B 'khi':14B 'kskl':17B 'lai':19B 'leu':13B 'nguon':26B 'nhiet':4A,9B 'ra':20B 'soat':21B 'tb':1A 'tuong':15B",2026-07-16 03:53:31.441458+00
thiet_bi,f0e6b89b-7279-4ed1-9dc9-beb49778626f,TB_4WQSJBFG,"CPU core i5 12500, 3.0Ghz, RAM 8GB, HDD 1TB, NVIDIA Quadro T400 4GB","5WCBZR3
FWCBZR3
DYCBZR3
7YCBZR3
JYCBZR3
DXCBZR3 CPU core i5 12500, 3.0Ghz, RAM 8GB, HDD 1TB, NVIDIA Quadro T400 4GB Dell Technologies Phòng trực TB - 1
Phòng MET - 2
Cabin - 2
K4 QS - 1 Ra soat 2026-07-11, file nguon: THA_DAW21",/thiet-bi/TB_4WQSJBFG,"'-07':54B '-11':55B '1':42B,50B '12500':6A,26B '1tb':12A,32B '2':45B,47B '2026':53B '3.0':7A,27B '4gb':16A,36B '4wqsjbfg':2A '5wcbzr3':17B '7ycbzr3':20B '8gb':10A,30B 'cabin':46B 'core':4A,24B 'cpu':3A,23B 'daw21':59B 'dell':37B 'dxcbzr3':22B 'dycbzr3':19B 'file':56B 'fwcbzr3':18B 'ghz':8A,28B 'hdd':11A,31B 'i5':5A,25B 'jycbzr3':21B 'k4':48B 'met':44B 'nguon':57B 'nvidia':13A,33B 'phong':39B,43B 'qs':49B 'quadro':14A,34B 'ra':51B 'ram':9A,29B 'soat':52B 't400':15A,35B 'tb':1A,41B 'technologies':38B 'tha':58B 'truc':40B",2026-07-17 01:20:13.233503+00
thiet_bi,ca7fead6-b1be-4966-aaa6-31e042da978e,TB_9ZB5NCEN,RF Modem Client,RF Modem Client RACOM Đề xuất: Mua sắm VTDP sử dụng chung cho Cam Ranh và Tuy Hòa | Hỏng hóc: 0 lần | Tình trạng: Hoạt động bình thường | VTDP: Không | Niên hạn: Không,/thiet-bi/TB_9ZB5NCEN,"'0':26B '9zb5ncen':2A 'binh':32B 'cam':19B 'cho':18B 'chung':17B 'client':5A,8B 'de':10B 'dong':31B 'dung':16B 'han':37B 'hoa':23B 'hoat':30B 'hoc':25B 'hong':24B 'khong':35B,38B 'lan':27B 'modem':4A,7B 'mua':12B 'nien':36B 'racom':9B 'ranh':20B 'rf':3A,6B 'sam':13B 'su':15B 'tb':1A 'thuong':33B 'tinh':28B 'trang':29B 'tuy':22B 'va':21B 'vtdp':14B,34B 'xuat':11B",2026-07-17 01:20:13.233503+00
thiet_bi,859f744a-a091-4e79-b1e7-f1cb5fb6c46d,TB_3JRE1NYK,Chống sét đường tín hiệu,"Chống sét đường tín hiệu AT3W Phòng thiết bị Ra soat 2026-07-11, file nguon: PLK_IMS",/thiet-bi/TB_3JRE1NYK,"'-07':20B '-11':21B '2026':19B '3jre1nyk':2A 'at3w':13B 'bi':16B 'chong':3A,8B 'duong':5A,10B 'file':22B 'hieu':7A,12B 'ims':25B 'nguon':23B 'phong':14B 'plk':24B 'ra':17B 'set':4A,9B 'soat':18B 'tb':1A 'thiet':15B 'tin':6A,11B",2026-07-16 03:53:31.441458+00
thiet_bi,15d32675-7e09-47ae-8e75-d5eda2f0e856,TB_ZC69R6H1,Atis Uher VC- MDx,049002-400442 VC-MDx VoiceCollect (ATIS UHER) P.Thiết bị Nhà sản xuất nguồn: Atis Uher (Đức); chuẩn hóa: VoiceCollect (ATIS UHER); Vật tư dự phòng: Tại Kho Cty: - 01 card giao tiếp - 01 card nguồn - 01 HDD - 01 ổ RDX Cartridge; Hỏng hóc: 0 Lần; Tình trạng nguồn: Hoạt động bình thường; Đề xuất: Năm 2026 Cty cần có kế hoạch mua VTPD : Card CPU; Card Analog; STT nguồn: 6.1; thời gian sử dụng: 6 năm.,/thiet-bi/TB_ZC69R6H1,"'-400442':8B '0':51B '01':36B,40B,43B,45B '049002':7B '2026':63B '6':82B '6.1':77B 'analog':74B 'atis':3A,13B,21B,27B 'bi':16B 'binh':58B 'can':65B 'card':37B,41B,71B,73B 'cartridge':48B 'chuan':24B 'co':66B 'cpu':72B 'cty':35B,64B 'de':60B 'dong':57B 'du':31B 'duc':23B 'dung':81B 'gian':79B 'giao':38B 'hdd':44B 'hoa':25B 'hoach':68B 'hoat':56B 'hoc':50B 'hong':49B 'ke':67B 'kho':34B 'lan':52B 'mdx':6A,11B 'mua':69B 'nam':62B,83B 'nguon':20B,42B,55B,76B 'nha':17B 'o':46B 'p.thiet':15B 'phong':32B 'rdx':47B 'san':18B 'stt':75B 'su':80B 'tai':33B 'tb':1A 'thoi':78B 'thuong':59B 'tiep':39B 'tinh':53B 'trang':54B 'tu':30B 'uher':4A,14B,22B,28B 'vat':29B 'vc':5A,10B 'vc-mdx':9B 'voicecollect':12B,26B 'vtpd':70B 'xuat':19B,61B 'zc69r6h1':2A",2026-07-16 03:53:31.441458+00
thiet_bi,5e3212b4-66e0-43c9-a9b9-c6aad1aba47d,TB_NVNEEK6J,Chống sét đường dữ liệu RS-232,"Chống sét đường dữ liệu RS-232 AT3W PTB Đài KSKL CHU LAI Ra soat 2026-07-11, file nguon: CLA_IMS",/thiet-bi/TB_NVNEEK6J,"'-07':26B '-11':27B '-232':9A,16B '2026':25B 'at3w':17B 'chong':3A,10B 'chu':21B 'cla':30B 'dai':19B 'du':6A,13B 'duong':5A,12B 'file':28B 'ims':31B 'kskl':20B 'lai':22B 'lieu':7A,14B 'nguon':29B 'nvneek6j':2A 'ptb':18B 'ra':23B 'rs':8A,15B 'set':4A,11B 'soat':24B 'tb':1A",2026-07-16 03:53:31.441458+00
thiet_bi,fad810f5-7cc8-467f-bf77-0c0da9df8797,TB_WD7V6TK4,Cắt lọc sét nguồn AC - Tủ thiết bị,"Thiết bị cắt lọc sét 1 pha nVent ERICO Trạm trần mây 14 Ra soat 2026-07-11, file nguon: CLA_IMS",/thiet-bi/TB_WD7V6TK4,"'-07':27B '-11':28B '1':16B '14':23B '2026':26B 'ac':7A 'bi':10A,12B 'cat':3A,13B 'cla':31B 'erico':19B 'file':29B 'ims':32B 'loc':4A,14B 'may':22B 'nguon':6A,30B 'nvent':18B 'pha':17B 'ra':24B 'set':5A,15B 'soat':25B 'tb':1A 'thiet':9A,11B 'tram':20B 'tran':21B 'tu':8A 'wd7v6tk4':2A",2026-07-16 03:53:31.441458+00
thiet_bi,8536e202-2bda-4ef0-afd2-04961a487411,TB_H6YNNX7E,Chống sét - LAN,"Chống sét - LAN APC PTB Đài KSKL CHU LAI Ra soat 2026-07-11, file nguon: CLA_IMS",/thiet-bi/TB_H6YNNX7E,"'-07':18B '-11':19B '2026':17B 'apc':9B 'chong':3A,6B 'chu':13B 'cla':22B 'dai':11B 'file':20B 'h6ynnx7e':2A 'ims':23B 'kskl':12B 'lai':14B 'lan':5A,8B 'nguon':21B 'ptb':10B 'ra':15B 'set':4A,7B 'soat':16B 'tb':1A",2026-07-16 03:53:31.441458+00
thiet_bi,ccc2bf03-5343-4696-a4af-54bf2d6ef83b,TB_CAAZ5708,Chống sét - UHF,"Chống sét - UHF Citel PHÒNG NGUỒN Đài KSKL CHU LAI Ra soat 2026-07-11, file nguon: CLA_IMS",/thiet-bi/TB_CAAZ5708,"'-07':19B '-11':20B '2026':18B 'caaz5708':2A 'chong':3A,6B 'chu':14B 'citel':9B 'cla':23B 'dai':12B 'file':21B 'ims':24B 'kskl':13B 'lai':15B 'nguon':11B,22B 'phong':10B 'ra':16B 'set':4A,7B 'soat':17B 'tb':1A 'uhf':5A,8B",2026-07-16 03:53:31.441458+00
thiet_bi,c5a93ccc-04f6-4c89-907f-91fcf8e79a21,TB_6T8ABRN0,Chống sét đường tín hiệu,"Chống sét đường tín hiệu AT3W Phòng thiết bị Ra soat 2026-07-11, file nguon: PLK_IMS",/thiet-bi/TB_6T8ABRN0,"'-07':20B '-11':21B '2026':19B '6t8abrn0':2A 'at3w':13B 'bi':16B 'chong':3A,8B 'duong':5A,10B 'file':22B 'hieu':7A,12B 'ims':25B 'nguon':23B 'phong':14B 'plk':24B 'ra':17B 'set':4A,9B 'soat':18B 'tb':1A 'thiet':15B 'tin':6A,11B",2026-07-16 03:53:31.441458+00
thiet_bi,c12f98a3-7991-4282-9f6e-635b024ecda2,TB_YQGAC8Q5,Chống sét đường tín hiệu,"Chống sét đường tín hiệu AT3W Phòng thiết bị Ra soat 2026-07-11, file nguon: PLK_IMS",/thiet-bi/TB_YQGAC8Q5,"'-07':20B '-11':21B '2026':19B 'at3w':13B 'bi':16B 'chong':3A,8B 'duong':5A,10B 'file':22B 'hieu':7A,12B 'ims':25B 'nguon':23B 'phong':14B 'plk':24B 'ra':17B 'set':4A,9B 'soat':18B 'tb':1A 'thiet':15B 'tin':6A,11B 'yqgac8q5':2A",2026-07-16 03:53:31.441458+00
thiet_bi,b8477caf-9614-4fb3-bd8c-42b9289d40e5,TB_1BZPQY46,Chống sét đường tín hiệu,"Chống sét đường tín hiệu AT3W Phòng thiết bị Ra soat 2026-07-11, file nguon: PLK_IMS",/thiet-bi/TB_1BZPQY46,"'-07':20B '-11':21B '1bzpqy46':2A '2026':19B 'at3w':13B 'bi':16B 'chong':3A,8B 'duong':5A,10B 'file':22B 'hieu':7A,12B 'ims':25B 'nguon':23B 'phong':14B 'plk':24B 'ra':17B 'set':4A,9B 'soat':18B 'tb':1A 'thiet':15B 'tin':6A,11B",2026-07-16 03:53:31.441458+00
thiet_bi,b03343a3-d6c1-45f2-bfe5-94e040090c47,TB_VW6CYF63,Chống sét đường tín hiệu,"Chống sét đường tín hiệu AT3W Phòng thiết bị Ra soat 2026-07-11, file nguon: PLK_IMS",/thiet-bi/TB_VW6CYF63,"'-07':20B '-11':21B '2026':19B 'at3w':13B 'bi':16B 'chong':3A,8B 'duong':5A,10B 'file':22B 'hieu':7A,12B 'ims':25B 'nguon':23B 'phong':14B 'plk':24B 'ra':17B 'set':4A,9B 'soat':18B 'tb':1A 'thiet':15B 'tin':6A,11B 'vw6cyf63':2A",2026-07-16 03:53:31.441458+00
thiet_bi,6626a9b8-39fb-4496-9bc5-0c008f881672,TB_BEAP8DTY,Chống sét đường tín hiệu,"Chống sét đường tín hiệu AT3W Phòng thiết bị Ra soat 2026-07-11, file nguon: PLK_IMS",/thiet-bi/TB_BEAP8DTY,"'-07':20B '-11':21B '2026':19B 'at3w':13B 'beap8dty':2A 'bi':16B 'chong':3A,8B 'duong':5A,10B 'file':22B 'hieu':7A,12B 'ims':25B 'nguon':23B 'phong':14B 'plk':24B 'ra':17B 'set':4A,9B 'soat':18B 'tb':1A 'thiet':15B 'tin':6A,11B",2026-07-16 03:53:31.441458+00
thiet_bi,6f60a30a-fadc-4106-8cbe-62bf3ff94f6a,TB_48GEFXQP,Chống sét đường tín hiệu,"Chống sét đường tín hiệu AT3W Phòng thiết bị Ra soat 2026-07-11, file nguon: PLK_IMS",/thiet-bi/TB_48GEFXQP,"'-07':20B '-11':21B '2026':19B '48gefxqp':2A 'at3w':13B 'bi':16B 'chong':3A,8B 'duong':5A,10B 'file':22B 'hieu':7A,12B 'ims':25B 'nguon':23B 'phong':14B 'plk':24B 'ra':17B 'set':4A,9B 'soat':18B 'tb':1A 'thiet':15B 'tin':6A,11B",2026-07-16 03:53:31.441458+00
thiet_bi,8f3c5fd3-db42-48f0-a5f1-09e4427dddcb,TB_7YTD07DG,RF Modem Client,RF Modem Client RACOM Đề xuất: Mua sắm VTDP sử dụng chung cho Cam Ranh và Tuy Hòa | Hỏng hóc: 0 lần | Tình trạng: Hoạt động bình thường | VTDP: Không | Niên hạn: Không,/thiet-bi/TB_7YTD07DG,"'0':26B '7ytd07dg':2A 'binh':32B 'cam':19B 'cho':18B 'chung':17B 'client':5A,8B 'de':10B 'dong':31B 'dung':16B 'han':37B 'hoa':23B 'hoat':30B 'hoc':25B 'hong':24B 'khong':35B,38B 'lan':27B 'modem':4A,7B 'mua':12B 'nien':36B 'racom':9B 'ranh':20B 'rf':3A,6B 'sam':13B 'su':15B 'tb':1A 'thuong':33B 'tinh':28B 'trang':29B 'tuy':22B 'va':21B 'vtdp':14B,34B 'xuat':11B",2026-07-17 01:20:13.233503+00
thiet_bi,8e6a78fa-ffa7-4c0b-9bae-c1329d9f5289,TB_4PNVHBFW,Attech Recoder AR-16-A-Standard,15 AR-16-A-Standard ATTECH TWR PBA Nhà sản xuất nguồn: Việt nam; chuẩn hóa: ATTECH; Vật tư dự phòng: Tại Kho Cty: - 02 HDD - 01 bộ Hub kết nối tín hiệu Serial; Hỏng hóc: 07 lần; Tình trạng nguồn: Hoạt động kém ổn định; hay treo phần mềm ghi âm và giám sát; lưu trữ ổ đĩa DCD-RAM không thuận lợi cho việc khai thác; truy xuất; Đề xuất: Cty QLBMT đang thực hiện thay mới Ghi âm theo kế hoạch năm 2026; STT nguồn: 6.2; thời gian sử dụng: 12 năm.,/thiet-bi/TB_4PNVHBFW,"'-16':6A,12B '01':37B '02':35B '07':47B '12':105B '15':10B '2026':97B '4pnvhbfw':2A '6.2':100B 'a':8A,14B 'a-standard':7A,13B 'am':62B,92B 'ar':5A,11B 'attech':3A,16B,27B 'bo':38B 'cho':76B 'chuan':25B 'cty':34B,84B 'dang':86B 'dcd':71B 'dcd-ram':70B 'de':82B 'dia':69B 'dinh':56B 'dong':53B 'du':30B 'dung':104B 'ghi':61B,91B 'giam':64B 'gian':102B 'hay':57B 'hdd':36B 'hien':88B 'hieu':43B 'hoa':26B 'hoach':95B 'hoat':52B 'hoc':46B 'hong':45B 'hub':39B 'ke':94B 'kem':54B 'ket':40B 'khai':78B 'kho':33B 'khong':73B 'lan':48B 'loi':75B 'luu':66B 'mem':60B 'moi':90B 'nam':24B,96B,106B 'nguon':22B,51B,99B 'nha':19B 'noi':41B 'o':68B 'on':55B 'pba':18B 'phan':59B 'phong':31B 'qlbmt':85B 'ram':72B 'recoder':4A 'san':20B 'sat':65B 'serial':44B 'standard':9A,15B 'stt':98B 'su':103B 'tai':32B 'tb':1A 'thac':79B 'thay':89B 'theo':93B 'thoi':101B 'thuan':74B 'thuc':87B 'tin':42B 'tinh':49B 'trang':50B 'treo':58B 'tru':67B 'truy':80B 'tu':29B 'twr':17B 'va':63B 'vat':28B 'viec':77B 'viet':23B 'xuat':21B,81B,83B",2026-07-16 03:53:31.441458+00
thiet_bi,bac0468f-ad54-4673-8383-8c8539244d5b,TB_6AAXGVNX,Cảm biến đo nhiệt ẩm,"Cảm biến đo nhiệt ẩm Vaisala Mid Ra soat 2026-07-11, file nguon: PBA_AWOS900",/thiet-bi/TB_6AAXGVNX,"'-07':18B '-11':19B '2026':17B '6aaxgvnx':2A 'am':7A,12B 'awos900':23B 'bien':4A,9B 'cam':3A,8B 'do':5A,10B 'file':20B 'mid':14B 'nguon':21B 'nhiet':6A,11B 'pba':22B 'ra':15B 'soat':16B 'tb':1A 'vaisala':13B",2026-07-17 01:20:13.233503+00
thiet_bi,737d697e-d3c1-4f64-b692-e66425193f1a,TB_8R997AX8,Server,"Server Fujitsu Phòng thiết bị Ra soat 2026-07-11, file nguon: PLK_IMS",/thiet-bi/TB_8R997AX8,"'-07':12B '-11':13B '2026':11B '8r997ax8':2A 'bi':8B 'file':14B 'fujitsu':5B 'ims':17B 'nguon':15B 'phong':6B 'plk':16B 'ra':9B 'server':3A,4B 'soat':10B 'tb':1A 'thiet':7B",2026-07-16 03:53:31.441458+00
thiet_bi,d0b48a76-916d-4518-9910-6653311edec4,TB_HECYSK45,Radio Modem MR400,"Radio Modem MR400 RACOM TWR Ra soat 2026-07-11, file nguon: PLK_IMS",/thiet-bi/TB_HECYSK45,"'-07':14B '-11':15B '2026':13B 'file':16B 'hecysk45':2A 'ims':19B 'modem':4A,7B 'mr400':5A,8B 'nguon':17B 'plk':18B 'ra':11B 'racom':9B 'radio':3A,6B 'soat':12B 'tb':1A 'twr':10B",2026-07-16 03:53:31.441458+00
thiet_bi,37f712b9-9ccb-4bc9-8bd2-5a2b286a2e80,TB_N3B0GANR,SWS Calibration Kit,"SWS Calibration Kit Biral Phòng thiết bị Ra soat 2026-07-11, file nguon: PLK_IMS",/thiet-bi/TB_N3B0GANR,"'-07':16B '-11':17B '2026':15B 'bi':12B 'biral':9B 'calibration':4A,7B 'file':18B 'ims':21B 'kit':5A,8B 'n3b0ganr':2A 'nguon':19B 'phong':10B 'plk':20B 'ra':13B 'soat':14B 'sws':3A,6B 'tb':1A 'thiet':11B",2026-07-16 03:53:31.441458+00
thiet_bi,644f7968-51a0-4e5a-82a9-a10123c0e4f4,TB_YNCJDZNK,Cảm biến đo khí áp,"Cảm biến đo khí áp Vaisala NHÀ QUAN TRẮC Ra soat 2026-07-11, file nguon: BDKT_OPTIMET",/thiet-bi/TB_YNCJDZNK,"'-07':20B '-11':21B '2026':19B 'ap':7A,12B 'bdkt':24B 'bien':4A,9B 'cam':3A,8B 'do':5A,10B 'file':22B 'khi':6A,11B 'nguon':23B 'nha':14B 'optimet':25B 'quan':15B 'ra':17B 'soat':18B 'tb':1A 'trac':16B 'vaisala':13B 'yncjdznk':2A",2026-07-17 01:20:13.233503+00
thiet_bi,611c1016-a663-490b-81ac-d5c23c45a826,TB_1E1MK1CN,RF Modem Client,RF Modem Client RACOM Đề xuất: Mua sắm VTDP sử dụng chung cho Cam Ranh và Tuy Hòa | Hỏng hóc: 0 lần | Tình trạng: Hoạt động bình thường | VTDP: Không | Niên hạn: Không,/thiet-bi/TB_1E1MK1CN,"'0':27B '1e1':2A 'binh':33B 'cam':20B 'cho':19B 'chung':18B 'client':6A,9B 'de':11B 'dong':32B 'dung':17B 'han':38B 'hoa':24B 'hoat':31B 'hoc':26B 'hong':25B 'khong':36B,39B 'lan':28B 'mk1cn':3A 'modem':5A,8B 'mua':13B 'nien':37B 'racom':10B 'ranh':21B 'rf':4A,7B 'sam':14B 'su':16B 'tb':1A 'thuong':34B 'tinh':29B 'trang':30B 'tuy':23B 'va':22B 'vtdp':15B,35B 'xuat':12B",2026-07-17 01:20:13.233503+00
giay_phep_khai_thac,4baa3a74-b880-40ba-85cf-cd99a2e99407,Tại Phụ lục 1 kèm theo,Hệ thống xử lý dữ liệu ra đa (RDP),Không,/giay-phep/4baa3a74-b880-40ba-85cf-cd99a2e99407,'1':4A 'da':14A 'du':11A 'he':7A 'kem':5A 'khong':16B 'lieu':12A 'luc':3A 'ly':10A 'phu':2A 'ra':13A 'rdp':15A 'tai':1A 'theo':6A 'thong':8A 'xu':9A,2026-07-16 03:53:44.014593+00
thiet_bi,02be9cab-f89d-488c-87cd-e77271fabf94,TB_VVJ63NXA,RF Modem Client,Ripex2 RF Modem Client RACOM Đề xuất: Mua sắm VTDP sử dụng chung cho Cam Ranh và Tuy Hòa | Hỏng hóc: 0 lần | Tình trạng: Hoạt động bình thường | VTDP: Không | Niên hạn: Không,/thiet-bi/TB_VVJ63NXA,"'0':27B 'binh':33B 'cam':20B 'cho':19B 'chung':18B 'client':5A,9B 'de':11B 'dong':32B 'dung':17B 'han':38B 'hoa':24B 'hoat':31B 'hoc':26B 'hong':25B 'khong':36B,39B 'lan':28B 'modem':4A,8B 'mua':13B 'nien':37B 'racom':10B 'ranh':21B 'rf':3A,7B 'ripex2':6B 'sam':14B 'su':16B 'tb':1A 'thuong':34B 'tinh':29B 'trang':30B 'tuy':23B 'va':22B 'vtdp':15B,35B 'vvj63nxa':2A 'xuat':12B",2026-07-17 01:20:13.233503+00
thiet_bi,de76e3dc-6cf8-4410-802b-2ca6613e4d97,TB_MZ50MAN2,Ắc quy cấp nguồn cho modem UHF,Ắc quy cấp nguồn cho modem UHF YUASA Đề xuất: Thay thế định kỳ | Hỏng hóc: 0 lần | Tình trạng: Hoạt động bình thường | VTDP: Không | Niên hạn: Không,/thiet-bi/TB_MZ50MAN2,"'0':26B 'ac':3A,10B 'binh':32B 'cap':5A,12B 'cho':7A,14B 'de':18B 'dinh':22B 'dong':31B 'han':37B 'hoat':30B 'hoc':25B 'hong':24B 'khong':35B,38B 'ky':23B 'lan':27B 'modem':8A,15B 'mz50man2':2A 'nguon':6A,13B 'nien':36B 'quy':4A,11B 'tb':1A 'thay':20B 'the':21B 'thuong':33B 'tinh':28B 'trang':29B 'uhf':9A,16B 'vtdp':34B 'xuat':19B 'yuasa':17B",2026-07-17 01:20:13.233503+00
thiet_bi,16c92118-4032-431f-ac12-11c1003cafce,TB_YBHBFSG2,Ắc quy cấp nguồn cho modem UHF,NP7-12 Ắc quy cấp nguồn cho modem UHF YUASA Đề xuất: Thay thế định kỳ | Hỏng hóc: 0 lần | Tình trạng: Hoạt động bình thường | VTDP: Không | Niên hạn: Không,/thiet-bi/TB_YBHBFSG2,"'-12':11B '0':28B 'ac':3A,12B 'binh':34B 'cap':5A,14B 'cho':7A,16B 'de':20B 'dinh':24B 'dong':33B 'han':39B 'hoat':32B 'hoc':27B 'hong':26B 'khong':37B,40B 'ky':25B 'lan':29B 'modem':8A,17B 'nguon':6A,15B 'nien':38B 'np7':10B 'quy':4A,13B 'tb':1A 'thay':22B 'the':23B 'thuong':35B 'tinh':30B 'trang':31B 'uhf':9A,18B 'vtdp':36B 'xuat':21B 'ybhbfsg2':2A 'yuasa':19B",2026-07-17 01:20:13.233503+00
thiet_bi,78546fd0-e135-4e01-9c6e-3b06e365f48f,TB_SW288QDQ,Ắc quy cấp nguồn cho modem UHF,Ắc quy cấp nguồn cho modem UHF YUASA Đề xuất: Thay thế định kỳ | Hỏng hóc: 0 lần | Tình trạng: Hoạt động bình thường | VTDP: Không | Niên hạn: Không,/thiet-bi/TB_SW288QDQ,"'0':26B 'ac':3A,10B 'binh':32B 'cap':5A,12B 'cho':7A,14B 'de':18B 'dinh':22B 'dong':31B 'han':37B 'hoat':30B 'hoc':25B 'hong':24B 'khong':35B,38B 'ky':23B 'lan':27B 'modem':8A,15B 'nguon':6A,13B 'nien':36B 'quy':4A,11B 'sw288qdq':2A 'tb':1A 'thay':20B 'the':21B 'thuong':33B 'tinh':28B 'trang':29B 'uhf':9A,16B 'vtdp':34B 'xuat':19B 'yuasa':17B",2026-07-17 01:20:13.233503+00
thiet_bi,d75f6c13-5b97-4b72-acfa-a4fff37ebb55,TB_V3A98APY,Ắc quy cấp nguồn cho modem UHF,Ắc quy cấp nguồn cho modem UHF YUASA Đề xuất: Thay thế định kỳ | Hỏng hóc: 0 lần | Tình trạng: Hoạt động bình thường | VTDP: Không | Niên hạn: Không,/thiet-bi/TB_V3A98APY,"'0':26B 'ac':3A,10B 'binh':32B 'cap':5A,12B 'cho':7A,14B 'de':18B 'dinh':22B 'dong':31B 'han':37B 'hoat':30B 'hoc':25B 'hong':24B 'khong':35B,38B 'ky':23B 'lan':27B 'modem':8A,15B 'nguon':6A,13B 'nien':36B 'quy':4A,11B 'tb':1A 'thay':20B 'the':21B 'thuong':33B 'tinh':28B 'trang':29B 'uhf':9A,16B 'v3a98apy':2A 'vtdp':34B 'xuat':19B 'yuasa':17B",2026-07-17 01:20:13.233503+00
thiet_bi,3ae61d20-df96-4436-93c9-fd58f773a916,TB_84R473ST,Bộ nguồn AC/DC,Bộ nguồn AC/DC MEAN WELL Đề xuất: Không | Hỏng hóc: 0 lần | Tình trạng: Hoạt động bình thường | VTDP: Có VTDP trong kho | Niên hạn: Không,/thiet-bi/TB_84R473ST,"'0':16B '84r473st':2A 'ac/dc':5A,8B 'binh':22B 'bo':3A,6B 'co':25B 'de':11B 'dong':21B 'han':30B 'hoat':20B 'hoc':15B 'hong':14B 'kho':28B 'khong':13B,31B 'lan':17B 'mean':9B 'nguon':4A,7B 'nien':29B 'tb':1A 'thuong':23B 'tinh':18B 'trang':19B 'trong':27B 'vtdp':24B,26B 'well':10B 'xuat':12B",2026-07-17 01:20:13.233503+00
thiet_bi,77b1fa7e-b3a9-44b2-8d50-9aba478b2a4d,TB_CTMCY5W4,Thiết bị Serial to Ethernet,"Thiết bị Serial to Ethernet Moxa P. THIẾT BỊ Ra soat 2026-07-11, file nguon: PCA_IMS",/thiet-bi/TB_CTMCY5W4,"'-07':20B '-11':21B '2026':19B 'bi':4A,9B,16B 'ctmcy5w4':2A 'ethernet':7A,12B 'file':22B 'ims':25B 'moxa':13B 'nguon':23B 'p':14B 'pca':24B 'ra':17B 'serial':5A,10B 'soat':18B 'tb':1A 'thiet':3A,8B,15B 'to':6A,11B",2026-07-17 01:20:13.233503+00
thiet_bi,e7ddf0da-ec3a-4cdb-9506-887fc03925bd,TB_T56ZQZ3W,Thiết bị Fiber to Ethernet,"TBAAB1146131 Thiết bị Fiber to Ethernet Moxa P. THIẾT BỊ Ra soat 2026-07-11, file nguon: PCA_IMS",/thiet-bi/TB_T56ZQZ3W,"'-07':21B '-11':22B '2026':20B 'bi':4A,10B,17B 'ethernet':7A,13B 'fiber':5A,11B 'file':23B 'ims':26B 'moxa':14B 'nguon':24B 'p':15B 'pca':25B 'ra':18B 'soat':19B 't56zqz3w':2A 'tb':1A 'tbaab1146131':8B 'thiet':3A,9B,16B 'to':6A,12B",2026-07-17 01:20:13.233503+00
thiet_bi,c776b48f-5af8-4821-b137-92f6f650c6d7,TB_361M50YH,Converter Serial to Fiber (X3),"Media Converter Moxa QUANG-15 Ra soat 2026-07-11, file nguon: PCA_IMS",/thiet-bi/TB_361M50YH,"'-07':16B '-11':17B '-15':12B '2026':15B '361m50yh':2A 'converter':3A,9B 'fiber':6A 'file':18B 'ims':21B 'media':8B 'moxa':10B 'nguon':19B 'pca':20B 'quang':11B 'ra':13B 'serial':4A 'soat':14B 'tb':1A 'to':5A 'x3':7A",2026-07-17 01:20:13.233503+00
thiet_bi,b3dbbd88-e2ff-413f-ba1f-ef24d4f5a6d2,TB_A07TFSBJ,Thiết bị Serial to Ethernet,"Converter Nport IA5250 Moxa P. THIẾT BỊ Ra soat 2026-07-11, file nguon: PCA_IMS",/thiet-bi/TB_A07TFSBJ,"'-07':18B '-11':19B '2026':17B 'a07tfsbj':2A 'bi':4A,14B 'converter':8B 'ethernet':7A 'file':20B 'ia5250':10B 'ims':23B 'moxa':11B 'nguon':21B 'nport':9B 'p':12B 'pca':22B 'ra':15B 'serial':5A 'soat':16B 'tb':1A 'thiet':3A,13B 'to':6A",2026-07-17 01:20:13.233503+00
thiet_bi,3224e225-2b80-4578-b1b2-954639e745f0,TB_K63QNPYQ,Thiết bị Serial to Ethernet,"Converter Nport IA5250 Moxa P. THIẾT BỊ Ra soat 2026-07-11, file nguon: PCA_IMS",/thiet-bi/TB_K63QNPYQ,"'-07':18B '-11':19B '2026':17B 'bi':4A,14B 'converter':8B 'ethernet':7A 'file':20B 'ia5250':10B 'ims':23B 'k63qnpyq':2A 'moxa':11B 'nguon':21B 'nport':9B 'p':12B 'pca':22B 'ra':15B 'serial':5A 'soat':16B 'tb':1A 'thiet':3A,13B 'to':6A",2026-07-17 01:20:13.233503+00
thiet_bi,a5579100-1466-446e-b00a-3211348480a1,TB_PVTTNH1Y,Media Converter,"Media Converter Moxa 09 Ra soat 2026-07-11, file nguon: PBA_AWOS900",/thiet-bi/TB_PVTTNH1Y,"'-07':12B '-11':13B '09':8B '2026':11B 'awos900':17B 'converter':4A,6B 'file':14B 'media':3A,5B 'moxa':7B 'nguon':15B 'pba':16B 'pvttnh1y':2A 'ra':9B 'soat':10B 'tb':1A",2026-07-17 01:20:13.233503+00
thiet_bi,67a63b9f-0156-471b-a382-65fa94b628a0,TB_RN2B04TB,Media Converter,"Media Converter Moxa 27 Ra soat 2026-07-11, file nguon: PBA_AWOS900",/thiet-bi/TB_RN2B04TB,"'-07':12B '-11':13B '2026':11B '27':8B 'awos900':17B 'converter':4A,6B 'file':14B 'media':3A,5B 'moxa':7B 'nguon':15B 'pba':16B 'ra':9B 'rn2b04tb':2A 'soat':10B 'tb':1A",2026-07-17 01:20:13.233503+00
thiet_bi,7be02bb6-b6a5-417c-8641-a6f61d34b657,TB_QQ5VEH1K,Media Converter,"Media Converter Moxa Mid Ra soat 2026-07-11, file nguon: PBA_AWOS900",/thiet-bi/TB_QQ5VEH1K,"'-07':12B '-11':13B '2026':11B 'awos900':17B 'converter':4A,6B 'file':14B 'media':3A,5B 'mid':8B 'moxa':7B 'nguon':15B 'pba':16B 'qq5veh1k':2A 'ra':9B 'soat':10B 'tb':1A",2026-07-17 01:20:13.233503+00
thiet_bi,5cbee390-3299-400f-b211-dd29bda509c8,TB_VBMEBSG7,Thiết bị chuyển mạch quang,"TBCGB1004636 Thiết bị chuyển mạch quang Moxa Trạm trần mây 03 Ra soat 2026-07-11, file nguon: THA_DAW21",/thiet-bi/TB_VBMEBSG7,"'-07':22B '-11':23B '03':18B '2026':21B 'bi':4A,10B 'chuyen':5A,11B 'daw21':27B 'file':24B 'mach':6A,12B 'may':17B 'moxa':14B 'nguon':25B 'quang':7A,13B 'ra':19B 'soat':20B 'tb':1A 'tbcgb1004636':8B 'tha':26B 'thiet':3A,9B 'tram':15B 'tran':16B 'vbmebsg7':2A",2026-07-17 01:20:13.233503+00
thiet_bi,ebede61b-c073-4c93-97bf-b14bf90231ad,TB_CR8ST1AT,Thiết bị chuyển đổi Serial/Ethernet,"TBCAB1110834 Thiết bị chuyển đổi Serial/Ethernet Moxa Trạm trần mây 03 Ra soat 2026-07-11, file nguon: THA_DAW21",/thiet-bi/TB_CR8ST1AT,"'-07':22B '-11':23B '03':18B '2026':21B 'bi':4A,10B 'chuyen':5A,11B 'cr8st1at':2A 'daw21':27B 'doi':6A,12B 'file':24B 'may':17B 'moxa':14B 'nguon':25B 'ra':19B 'serial/ethernet':7A,13B 'soat':20B 'tb':1A 'tbcab1110834':8B 'tha':26B 'thiet':3A,9B 'tram':15B 'tran':16B",2026-07-17 01:20:13.233503+00
thiet_bi,c6446da7-014b-4413-bf1e-c1f402a25b50,TB_CTG45A4A,Thiết bị chuyển đổi Serial/Ethernet,"TBCAB1110604 Thiết bị chuyển đổi Serial/Ethernet Moxa Trạm trần mây 21 Ra soat 2026-07-11, file nguon: THA_DAW21",/thiet-bi/TB_CTG45A4A,"'-07':22B '-11':23B '2026':21B '21':18B 'bi':4A,10B 'chuyen':5A,11B 'ctg45a4a':2A 'daw21':27B 'doi':6A,12B 'file':24B 'may':17B 'moxa':14B 'nguon':25B 'ra':19B 'serial/ethernet':7A,13B 'soat':20B 'tb':1A 'tbcab1110604':8B 'tha':26B 'thiet':3A,9B 'tram':15B 'tran':16B",2026-07-17 01:20:13.233503+00
thiet_bi,0b3a9735-e0ec-4c8a-8e4a-b6f33694a270,TB_3ZTH07VM,Thiết bị chuyển mạch quang,"TBCGB1095871,TBCGB1095708,TBCGB1095870,TBCGB1095951,TBCGB1095689,TBCGB1096022,TBCGB1004973,
TBCGB1004917,TBCFB1078530,TBCGB1095691, TBCGB1095710,TBCGB1095732 Thiết bị chuyển mạch quang Moxa PTB Đài KSKL TUY HÒA Ra soat 2026-07-11, file nguon: THA_DAW21",/thiet-bi/TB_3ZTH07VM,"'-07':34B '-11':35B '2026':33B '3zth07vm':2A 'bi':4A,21B 'chuyen':5A,22B 'dai':27B 'daw21':39B 'file':36B 'hoa':30B 'kskl':28B 'mach':6A,23B 'moxa':25B 'nguon':37B 'ptb':26B 'quang':7A,24B 'ra':31B 'soat':32B 'tb':1A 'tbcfb1078530':16B 'tbcgb1004917':15B 'tbcgb1004973':14B 'tbcgb1095689':12B 'tbcgb1095691':17B 'tbcgb1095708':9B 'tbcgb1095710':18B 'tbcgb1095732':19B 'tbcgb1095870':10B 'tbcgb1095871':8B 'tbcgb1095951':11B 'tbcgb1096022':13B 'tha':38B 'thiet':3A,20B 'tuy':29B",2026-07-17 01:20:13.233503+00
thiet_bi,745a1d3f-11f1-48be-9723-534566caa5c0,TB_GT873N2H,Thiết bị chuyển mạch quang,"TBCGB1095707, TBCFB1078575, TBCGB1095662, TBCGB1004861, TBCGB1078615, TBCGB1095645, TBCGB1004701, TBCGB1004687, TBCGB1095669 Thiết bị chuyển mạch quang Moxa Kho VTDP -  Đài KSKL TUY HÒA Ra soat 2026-07-11, file nguon: THA_DAW21",/thiet-bi/TB_GT873N2H,"'-07':32B '-11':33B '2026':31B 'bi':4A,18B 'chuyen':5A,19B 'dai':25B 'daw21':37B 'file':34B 'gt873n2h':2A 'hoa':28B 'kho':23B 'kskl':26B 'mach':6A,20B 'moxa':22B 'nguon':35B 'quang':7A,21B 'ra':29B 'soat':30B 'tb':1A 'tbcfb1078575':9B 'tbcgb1004687':15B 'tbcgb1004701':14B 'tbcgb1004861':11B 'tbcgb1078615':12B 'tbcgb1095645':13B 'tbcgb1095662':10B 'tbcgb1095669':16B 'tbcgb1095707':8B 'tha':36B 'thiet':3A,17B 'tuy':27B 'vtdp':24B",2026-07-17 01:20:13.233503+00
thiet_bi,582f0910-3810-467a-baab-f0c9bd5f6e65,TB_DXAKE8VY,Switch tích hợp cổng quang,"Switch tích hợp cổng quang Moxa Trạm MID Ra soat 2026-07-11, file nguon: BDKT_OPTIMET",/thiet-bi/TB_DXAKE8VY,"'-07':19B '-11':20B '2026':18B 'bdkt':23B 'cong':6A,11B 'dxake8vy':2A 'file':21B 'hop':5A,10B 'mid':15B 'moxa':13B 'nguon':22B 'optimet':24B 'quang':7A,12B 'ra':16B 'soat':17B 'switch':3A,8B 'tb':1A 'tich':4A,9B 'tram':14B",2026-07-17 01:20:13.233503+00
thiet_bi,493c5d52-ea26-4f4a-bd3b-0e2b3a065aaa,TB_7MZTCYW5,Máy chủ MAIN,"Máy chủ MAIN Dell Technologies P.TBTT Ra soat 2026-07-11, file nguon: BDKT_OPTIMET",/thiet-bi/TB_7MZTCYW5,"'-07':15B '-11':16B '2026':14B '7mztcyw5':2A 'bdkt':19B 'chu':4A,7B 'dell':9B 'file':17B 'main':5A,8B 'may':3A,6B 'nguon':18B 'optimet':20B 'p.tbtt':11B 'ra':12B 'soat':13B 'tb':1A 'technologies':10B",2026-07-16 03:53:31.441458+00
thiet_bi,e6049565-1c16-4860-8fe6-e7fad4e62885,TB_46PZWYN7,Switch Cisco 2960 VLAN quang,Switch Cisco 2960 VLAN quang CISCO Đề xuất: Không | Hỏng hóc: 0 lần | Tình trạng: Hoạt động bình thường | VTDP: Có dự phòng trong kho | Niên hạn: Không,/thiet-bi/TB_46PZWYN7,"'0':19B '2960':5A,10B '46pzwyn7':2A 'binh':25B 'cisco':4A,9B,13B 'co':28B 'de':14B 'dong':24B 'du':29B 'han':34B 'hoat':23B 'hoc':18B 'hong':17B 'kho':32B 'khong':16B,35B 'lan':20B 'nien':33B 'phong':30B 'quang':7A,12B 'switch':3A,8B 'tb':1A 'thuong':26B 'tinh':21B 'trang':22B 'trong':31B 'vlan':6A,11B 'vtdp':27B 'xuat':15B",2026-07-17 01:20:13.233503+00
thiet_bi,4228e3d3-2daa-44d0-bcb1-4b1ff5377c80,TB_4Z042115,Cảm biến gió,"07230071 Cảm biến đo hướng và tốc độ gió Thies Clima Trạm 03 Ra soat 2026-07-11, file nguon: THA_DAW21",/thiet-bi/TB_4Z042115,"'-07':22B '-11':23B '03':18B '07230071':6B '2026':21B '4z042115':2A 'bien':4A,8B 'cam':3A,7B 'clima':16B 'daw21':27B 'do':9B,13B 'file':24B 'gio':5A,14B 'huong':10B 'nguon':25B 'ra':19B 'soat':20B 'tb':1A 'tha':26B 'thies':15B 'toc':12B 'tram':17B 'va':11B",2026-07-17 01:20:13.233503+00
thiet_bi,c1e299f7-89f5-40ac-a0b7-e4c7f9c41a0f,TB_71SY4QK8,Switch Cisco 2960 VLAN quang,WS-C2960+24LC-S Switch Cisco 2960 VLAN quang CISCO Đề xuất: Không | Hỏng hóc: 0 lần | Tình trạng: Hoạt động bình thường | VTDP: Có dự phòng trong kho | Niên hạn: Không,/thiet-bi/TB_71SY4QK8,"'+24':11B '0':26B '2960':5A,17B '71sy4qk8':2A 'binh':32B 'c2960':10B 'cisco':4A,16B,20B 'co':35B 'de':21B 'dong':31B 'du':36B 'han':41B 'hoat':30B 'hoc':25B 'hong':24B 'kho':39B 'khong':23B,42B 'lan':27B 'lc':13B 'lc-s':12B 'nien':40B 'phong':37B 'quang':7A,19B 's':14B 'switch':3A,15B 'tb':1A 'thuong':33B 'tinh':28B 'trang':29B 'trong':38B 'vlan':6A,18B 'vtdp':34B 'ws':9B 'ws-c2960':8B 'xuat':22B",2026-07-17 01:20:13.233503+00
thiet_bi,5f653b6e-aa7e-4ea4-969a-71d2e7cd5dfe,TB_8M0SQ0J3,Cảm biến tầm nhìn,"J15318-03 Cảm biến tầm nhìn Biral Trạm 03 Ra soat 2026-07-11, file nguon: THA_DAW21",/thiet-bi/TB_8M0SQ0J3,"'-03':8B '-07':19B '-11':20B '03':15B '2026':18B '8m0sq0j3':2A 'bien':4A,10B 'biral':13B 'cam':3A,9B 'daw21':24B 'file':21B 'j15318':7B 'nguon':22B 'nhin':6A,12B 'ra':16B 'soat':17B 'tam':5A,11B 'tb':1A 'tha':23B 'tram':14B",2026-07-17 01:20:13.233503+00
thiet_bi,d8f99343-e4ed-4301-9d7d-3e23260f42ce,TB_GKESSF96,Cảm biến đo ánh sáng nền,"J15359-01 Cảm biến đo ánh sáng nền Biral Trạm 03 Ra soat 2026-07-11, file nguon: THA_DAW21",/thiet-bi/TB_GKESSF96,"'-01':10B '-07':23B '-11':24B '03':19B '2026':22B 'anh':6A,14B 'bien':4A,12B 'biral':17B 'cam':3A,11B 'daw21':28B 'do':5A,13B 'file':25B 'gkessf96':2A 'j15359':9B 'nen':8A,16B 'nguon':26B 'ra':20B 'sang':7A,15B 'soat':21B 'tb':1A 'tha':27B 'tram':18B",2026-07-17 01:20:13.233503+00
thiet_bi,61014244-4bab-4a06-8a45-dd062a1a3c09,TB_S0Y7CXEC,Thiết bị chuyển mạch quang,"Tủ dataloger: TBCGB1004847
Tủ thiết bị 03: TBCGB1004603 Thiết bị chuyển mạch quang Moxa Trạm 03 Ra soat 2026-07-11, file nguon: THA_DAW21",/thiet-bi/TB_S0Y7CXEC,"'-07':27B '-11':28B '03':14B,23B '2026':26B 'bi':4A,13B,17B 'chuyen':5A,18B 'dataloger':9B 'daw21':32B 'file':29B 'mach':6A,19B 'moxa':21B 'nguon':30B 'quang':7A,20B 'ra':24B 's0y7cxec':2A 'soat':25B 'tb':1A 'tbcgb1004603':15B 'tbcgb1004847':10B 'tha':31B 'thiet':3A,12B,16B 'tram':22B 'tu':8B,11B",2026-07-17 01:20:13.233503+00
thiet_bi,05716f22-3fb0-4466-a625-a6f49b8de791,TB_Z9ARPKVJ,Switch Cisco 3650 VLAN UHF,WS-C3650-24TS-S Switch Cisco 3650 VLAN UHF CISCO Đề xuất: Không | Hỏng hóc: 0 lần | Tình trạng: Hoạt động bình thường | VTDP: Có dự phòng trong kho | Niên hạn: Không,/thiet-bi/TB_Z9ARPKVJ,"'0':24B '24ts':11B '3650':5A,15B 'binh':30B 'c3650':10B 'cisco':4A,14B,18B 'co':33B 'de':19B 'dong':29B 'du':34B 'han':39B 'hoat':28B 'hoc':23B 'hong':22B 'kho':37B 'khong':21B,40B 'lan':25B 'nien':38B 'phong':35B 's':12B 'switch':3A,13B 'tb':1A 'thuong':31B 'tinh':26B 'trang':27B 'trong':36B 'uhf':7A,17B 'vlan':6A,16B 'vtdp':32B 'ws':9B 'ws-c3650-24ts-s':8B 'xuat':20B 'z9arpkvj':2A",2026-07-17 01:20:13.233503+00
thiet_bi,0306db81-2733-49e1-a0f6-79f0faebecf2,TB_WGQ77AGH,Thiết bị thu phát vô tuyến,"2204707244 Thiết bị thu phát vô tuyến RACOM Trạm 03 Ra soat 2026-07-11, file nguon: THA_DAW21",/thiet-bi/TB_WGQ77AGH,"'-07':22B '-11':23B '03':18B '2026':21B '2204707244':9B 'bi':4A,11B 'daw21':27B 'file':24B 'nguon':25B 'phat':6A,13B 'ra':19B 'racom':16B 'soat':20B 'tb':1A 'tha':26B 'thiet':3A,10B 'thu':5A,12B 'tram':17B 'tuyen':8A,15B 'vo':7A,14B 'wgq77agh':2A",2026-07-17 01:20:13.233503+00
thiet_bi,652a96a2-7cf9-48d4-8e67-df8dd565263d,TB_PT9H79G7,Data logger,"1020463 Data logger NESA Trạm 03 Ra soat 2026-07-11, file nguon: THA_DAW21",/thiet-bi/TB_PT9H79G7,"'-07':14B '-11':15B '03':10B '1020463':5B '2026':13B 'data':3A,6B 'daw21':19B 'file':16B 'logger':4A,7B 'nesa':8B 'nguon':17B 'pt9h79g7':2A 'ra':11B 'soat':12B 'tb':1A 'tha':18B 'tram':9B",2026-07-17 01:20:13.233503+00
thiet_bi,ca5e13dc-15a0-4220-b9d7-e8fa3b161579,TB_99TPW97S,Cảm biến đo hiện tượng thời tiết,"Cảm biến đo hiện tượng thời tiết All Weather Mid Ra soat 2026-07-11, file nguon: PBA_AWOS900",/thiet-bi/TB_99TPW97S,"'-07':23B '-11':24B '2026':22B '99tpw97s':2A 'all':17B 'awos900':28B 'bien':4A,11B 'cam':3A,10B 'do':5A,12B 'file':25B 'hien':6A,13B 'mid':19B 'nguon':26B 'pba':27B 'ra':20B 'soat':21B 'tb':1A 'thoi':8A,15B 'tiet':9A,16B 'tuong':7A,14B 'weather':18B",2026-07-17 01:20:13.233503+00
thiet_bi,1d498044-eb9e-4e79-8aff-6aefb2d2c93b,TB_C927DHZ0,Ắc quy dự phòng,"CJ15APYNVR K3B Ắc quy dự phòng Vision Trạm 03 Ra soat 2026-07-11, file nguon: THA_DAW21",/thiet-bi/TB_C927DHZ0,"'-07':19B '-11':20B '03':15B '2026':18B 'ac':3A,9B 'c927dhz0':2A 'cj15apynvr':7B 'daw21':24B 'du':5A,11B 'file':21B 'k3b':8B 'nguon':22B 'phong':6A,12B 'quy':4A,10B 'ra':16B 'soat':17B 'tb':1A 'tha':23B 'tram':14B 'vision':13B",2026-07-17 01:20:13.233503+00
thiet_bi,5a390239-f321-498f-a4cd-79087dc2de8b,TB_WJMRKAH5,Bộ Charger,"Bộ Charger MeanWell Trạm 03 Ra soat 2026-07-11, file nguon: THA_DAW21",/thiet-bi/TB_WJMRKAH5,"'-07':13B '-11':14B '03':9B '2026':12B 'bo':3A,5B 'charger':4A,6B 'daw21':18B 'file':15B 'meanwell':7B 'nguon':16B 'ra':10B 'soat':11B 'tb':1A 'tha':17B 'tram':8B 'wjmrkah5':2A",2026-07-17 01:20:13.233503+00
thiet_bi,ebf0e9c4-a166-4a44-a09c-b6eee1b8e352,TB_B8TA0515,Cảm biến độ cao trần mây,"2945 Cảm biến đo độ cao trần mây Eliasson Trạm trần mây 03 Ra soat 2026-07-11, file nguon: THA_DAW21",/thiet-bi/TB_B8TA0515,"'-07':25B '-11':26B '03':21B '2026':24B '2945':9B 'b8ta0515':2A 'bien':4A,11B 'cam':3A,10B 'cao':6A,14B 'daw21':30B 'do':5A,12B,13B 'eliasson':17B 'file':27B 'may':8A,16B,20B 'nguon':28B 'ra':22B 'soat':23B 'tb':1A 'tha':29B 'tram':18B 'tran':7A,15B,19B",2026-07-17 01:20:13.233503+00
thiet_bi,29c38e40-aed9-4921-be4d-b8622c577343,TB_PM0NGDKS,Thiết bị chuyển đổi Serial/Ethernet,"TBCBB1068599 Thiết bị chuyển đổi Serial/Ethernet Moxa Trạm 03 Ra soat 2026-07-11, file nguon: THA_DAW21",/thiet-bi/TB_PM0NGDKS,"'-07':20B '-11':21B '03':16B '2026':19B 'bi':4A,10B 'chuyen':5A,11B 'daw21':25B 'doi':6A,12B 'file':22B 'moxa':14B 'nguon':23B 'pm0ngdks':2A 'ra':17B 'serial/ethernet':7A,13B 'soat':18B 'tb':1A 'tbcbb1068599':8B 'tha':24B 'thiet':3A,9B 'tram':15B",2026-07-17 01:20:13.233503+00
thiet_bi,f6b0ad79-34bc-4920-9f66-7d92dd4d516f,TB_KYHH2FWC,Thiết bị thu phát vô tuyến,"2204708444 Thiết bị thu phát vô tuyến RACOM Trạm trần mây 03 Ra soat 2026-07-11, file nguon: THA_DAW21",/thiet-bi/TB_KYHH2FWC,"'-07':24B '-11':25B '03':20B '2026':23B '2204708444':9B 'bi':4A,11B 'daw21':29B 'file':26B 'kyhh2fwc':2A 'may':19B 'nguon':27B 'phat':6A,13B 'ra':21B 'racom':16B 'soat':22B 'tb':1A 'tha':28B 'thiet':3A,10B 'thu':5A,12B 'tram':17B 'tran':18B 'tuyen':8A,15B 'vo':7A,14B",2026-07-17 01:20:13.233503+00
thiet_bi,9c2a1fe9-7876-42a4-956b-329aff383045,TB_D0DGA5EM,Ắc quy dự phòng,"Ắc quy dự phòng Vision Trạm trần mây 03 Ra soat 2026-07-11, file nguon: THA_DAW21",/thiet-bi/TB_D0DGA5EM,"'-07':19B '-11':20B '03':15B '2026':18B 'ac':3A,7B 'd0dga5em':2A 'daw21':24B 'du':5A,9B 'file':21B 'may':14B 'nguon':22B 'phong':6A,10B 'quy':4A,8B 'ra':16B 'soat':17B 'tb':1A 'tha':23B 'tram':12B 'tran':13B 'vision':11B",2026-07-17 01:20:13.233503+00
thiet_bi,48912d58-c498-4e92-b69f-bb75df554987,TB_QFE8V80Q,Bộ Charger,"Bộ chuyển đổi AC/DC MeanWell Trạm trần mây 03 Ra soat 2026-07-11, file nguon: THA_DAW21",/thiet-bi/TB_QFE8V80Q,"'-07':17B '-11':18B '03':13B '2026':16B 'ac/dc':8B 'bo':3A,5B 'charger':4A 'chuyen':6B 'daw21':22B 'doi':7B 'file':19B 'may':12B 'meanwell':9B 'nguon':20B 'qfe8v80q':2A 'ra':14B 'soat':15B 'tb':1A 'tha':21B 'tram':10B 'tran':11B",2026-07-17 01:20:13.233503+00
thiet_bi,c281867e-4e71-4f4f-ad8f-05680d3041ee,TB_3XHQSK5V,Anten định hướng,"09062348404 Anten định hướng CompleTech Trạm trần mây 03 Ra soat 2026-07-11, file nguon: THA_DAW21",/thiet-bi/TB_3XHQSK5V,"'-07':18B '-11':19B '03':14B '09062348404':6B '2026':17B '3xhqsk5v':2A 'anten':3A,7B 'completech':10B 'daw21':23B 'dinh':4A,8B 'file':20B 'huong':5A,9B 'may':13B 'nguon':21B 'ra':15B 'soat':16B 'tb':1A 'tha':22B 'tram':11B 'tran':12B",2026-07-17 01:20:13.233503+00
thiet_bi,73e5f1b7-8192-4b0b-9635-b067ec23253c,TB_J5WDJ0XJ,Cảm biến hiện tượng thời tiết,"J15360-01 Cảm biến tầm nhìn Biral Trạm giũa Ra soat 2026-07-11, file nguon: THA_DAW21",/thiet-bi/TB_J5WDJ0XJ,"'-01':10B '-07':21B '-11':22B '2026':20B 'bien':4A,12B 'biral':15B 'cam':3A,11B 'daw21':26B 'file':23B 'giua':17B 'hien':5A 'j15360':9B 'j5wdj0xj':2A 'nguon':24B 'nhin':14B 'ra':18B 'soat':19B 'tam':13B 'tb':1A 'tha':25B 'thoi':7A 'tiet':8A 'tram':16B 'tuong':6A",2026-07-17 01:20:13.233503+00
thiet_bi,2731cad7-37e8-4696-a32f-9dfff3569041,TB_BBHNZQM4,Cảm biến gió,"07230072 Cảm biến đo hướng và tốc độ gió Thies Clima Trạm 21 Ra soat 2026-07-11, file nguon: THA_DAW21",/thiet-bi/TB_BBHNZQM4,"'-07':22B '-11':23B '07230072':6B '2026':21B '21':18B 'bbhnzqm4':2A 'bien':4A,8B 'cam':3A,7B 'clima':16B 'daw21':27B 'do':9B,13B 'file':24B 'gio':5A,14B 'huong':10B 'nguon':25B 'ra':19B 'soat':20B 'tb':1A 'tha':26B 'thies':15B 'toc':12B 'tram':17B 'va':11B",2026-07-17 01:20:13.233503+00
thiet_bi,c44620ac-7970-473b-b7c0-a47bdc762ecc,TB_029B312B,Cảm biến tầm nhìn,"J15318-04 Cảm biến tầm nhìn Biral Trạm 21 Ra soat 2026-07-11, file nguon: THA_DAW21",/thiet-bi/TB_029B312B,"'-04':8B '-07':19B '-11':20B '029b312b':2A '2026':18B '21':15B 'bien':4A,10B 'biral':13B 'cam':3A,9B 'daw21':24B 'file':21B 'j15318':7B 'nguon':22B 'nhin':6A,12B 'ra':16B 'soat':17B 'tam':5A,11B 'tb':1A 'tha':23B 'tram':14B",2026-07-17 01:20:13.233503+00
thiet_bi,460d4cad-5dad-4f29-9b34-05b6ab42c4c0,TB_HTD80Q2Y,Cảm biến đo ánh sáng nền,"J15359-02 Cảm biến đo ánh sáng nền Biral Trạm 21 Ra soat 2026-07-11, file nguon: THA_DAW21",/thiet-bi/TB_HTD80Q2Y,"'-02':10B '-07':23B '-11':24B '2026':22B '21':19B 'anh':6A,14B 'bien':4A,12B 'biral':17B 'cam':3A,11B 'daw21':28B 'do':5A,13B 'file':25B 'htd80q2y':2A 'j15359':9B 'nen':8A,16B 'nguon':26B 'ra':20B 'sang':7A,15B 'soat':21B 'tb':1A 'tha':27B 'tram':18B",2026-07-17 01:20:13.233503+00
thiet_bi,3e4848b2-e539-410b-a8a9-9692c851e417,TB_878VD5G4,Thiết bị thu phát vô tuyến,"2204715644 Thiết bị thu phát vô tuyến RACOM Trạm 21 Ra soat 2026-07-11, file nguon: THA_DAW21",/thiet-bi/TB_878VD5G4,"'-07':22B '-11':23B '2026':21B '21':18B '2204715644':9B '878vd5g4':2A 'bi':4A,11B 'daw21':27B 'file':24B 'nguon':25B 'phat':6A,13B 'ra':19B 'racom':16B 'soat':20B 'tb':1A 'tha':26B 'thiet':3A,10B 'thu':5A,12B 'tram':17B 'tuyen':8A,15B 'vo':7A,14B",2026-07-17 01:20:13.233503+00
thiet_bi,e8843c5c-4ec2-4fbd-818e-5cab9895e13e,TB_SHMQS74S,Thiết bị Datalogger,"Thiết bị Datalogger P. THIẾT BỊ Ra soat 2026-07-11, file nguon: PCA_IMS",/thiet-bi/TB_SHMQS74S,"'-07':15B '-11':16B '2026':14B 'bi':4A,7B,11B 'datalogger':5A,8B 'file':17B 'ims':20B 'nguon':18B 'p':9B 'pca':19B 'ra':12B 'shmqs74s':2A 'soat':13B 'tb':1A 'thiet':3A,6B,10B",2026-07-17 01:20:13.233503+00
thiet_bi,326a9b6b-ef86-47ff-9761-b21a3fc5c64a,TB_3EBAP9NM,Ắc quy dự phòng,"Ắc quy dự phòng Vision Trạm 21 Ra soat 2026-07-11, file nguon: THA_DAW21",/thiet-bi/TB_3EBAP9NM,"'-07':17B '-11':18B '2026':16B '21':13B '3ebap9nm':2A 'ac':3A,7B 'daw21':22B 'du':5A,9B 'file':19B 'nguon':20B 'phong':6A,10B 'quy':4A,8B 'ra':14B 'soat':15B 'tb':1A 'tha':21B 'tram':12B 'vision':11B",2026-07-17 01:20:13.233503+00
thiet_bi,468e27fc-ba0d-4ac2-9d41-729a34256745,TB_8KYK8RG1,Cảm biến độ cao trần mây,"2946 Cảm biến đo độ cao trần mây Eliasson Trạm trần mây 21 Ra soat 2026-07-11, file nguon: THA_DAW21",/thiet-bi/TB_8KYK8RG1,"'-07':25B '-11':26B '2026':24B '21':21B '2946':9B '8kyk8rg1':2A 'bien':4A,11B 'cam':3A,10B 'cao':6A,14B 'daw21':30B 'do':5A,12B,13B 'eliasson':17B 'file':27B 'may':8A,16B,20B 'nguon':28B 'ra':22B 'soat':23B 'tb':1A 'tha':29B 'tram':18B 'tran':7A,15B,19B",2026-07-17 01:20:13.233503+00
thiet_bi,d6590871-0980-42b7-b559-c130dff85b4b,TB_B3XGW3C2,Data logger,"1020462 Data logger NESA Trạm 21 Ra soat 2026-07-11, file nguon: THA_DAW21",/thiet-bi/TB_B3XGW3C2,"'-07':14B '-11':15B '1020462':5B '2026':13B '21':10B 'b3xgw3c2':2A 'data':3A,6B 'daw21':19B 'file':16B 'logger':4A,7B 'nesa':8B 'nguon':17B 'ra':11B 'soat':12B 'tb':1A 'tha':18B 'tram':9B",2026-07-17 01:20:13.233503+00
thiet_bi,4864a3fc-f476-4325-9acc-4507e9ce5b0d,TB_TXGTD52J,Thiết bị thu phát vô tuyến,"2204714944 Thiết bị thu phát vô tuyến RACOM Trạm trần mây 21 Ra soat 2026-07-11, file nguon: THA_DAW21",/thiet-bi/TB_TXGTD52J,"'-07':24B '-11':25B '2026':23B '21':20B '2204714944':9B 'bi':4A,11B 'daw21':29B 'file':26B 'may':19B 'nguon':27B 'phat':6A,13B 'ra':21B 'racom':16B 'soat':22B 'tb':1A 'tha':28B 'thiet':3A,10B 'thu':5A,12B 'tram':17B 'tran':18B 'tuyen':8A,15B 'txgtd52j':2A 'vo':7A,14B",2026-07-17 01:20:13.233503+00
thiet_bi,76534b22-49d5-42ba-aa43-fe7d224a0f7e,TB_25YSHWF1,Thiết bị chuyển mạch quang,"TBCGB1004875 Thiết bị chuyển mạch quang Moxa Trạm trần mây 21 Ra soat 2026-07-11, file nguon: THA_DAW21",/thiet-bi/TB_25YSHWF1,"'-07':22B '-11':23B '2026':21B '21':18B '25yshwf1':2A 'bi':4A,10B 'chuyen':5A,11B 'daw21':27B 'file':24B 'mach':6A,12B 'may':17B 'moxa':14B 'nguon':25B 'quang':7A,13B 'ra':19B 'soat':20B 'tb':1A 'tbcgb1004875':8B 'tha':26B 'thiet':3A,9B 'tram':15B 'tran':16B",2026-07-17 01:20:13.233503+00
thiet_bi,97cf2fe3-8f07-472d-a291-cc1d732c72b1,TB_G2WGSF57,Ắc quy dự phòng,"Ắc quy dự phòng Vision Trạm trần mây 21 Ra soat 2026-07-11, file nguon: THA_DAW21",/thiet-bi/TB_G2WGSF57,"'-07':19B '-11':20B '2026':18B '21':15B 'ac':3A,7B 'daw21':24B 'du':5A,9B 'file':21B 'g2wgsf57':2A 'may':14B 'nguon':22B 'phong':6A,10B 'quy':4A,8B 'ra':16B 'soat':17B 'tb':1A 'tha':23B 'tram':12B 'tran':13B 'vision':11B",2026-07-17 01:20:13.233503+00
thiet_bi,bf9a9c17-c910-4045-a9f7-12cb4383add7,TB_S8VV5S08,Bộ Charger,"Bộ chuyển đổi AC/DC MeanWell Trạm trần mây 21 Ra soat 2026-07-11, file nguon: THA_DAW21",/thiet-bi/TB_S8VV5S08,"'-07':17B '-11':18B '2026':16B '21':13B 'ac/dc':8B 'bo':3A,5B 'charger':4A 'chuyen':6B 'daw21':22B 'doi':7B 'file':19B 'may':12B 'meanwell':9B 'nguon':20B 'ra':14B 's8vv5s08':2A 'soat':15B 'tb':1A 'tha':21B 'tram':10B 'tran':11B",2026-07-17 01:20:13.233503+00
thiet_bi,05ba231d-299c-4ba3-9510-8be06aefb460,TB_0J0FZ76H,Anten,Anten Ritron Đề xuất: Không | Hỏng hóc: 0 lần | Tình trạng: Khai thác bình thường | VTDP: Có VTDP | Niên hạn: Không,/thiet-bi/TB_0J0FZ76H,"'0':11B '0j0fz76h':2A 'anten':3A,4B 'binh':17B 'co':20B 'de':6B 'han':23B 'hoc':10B 'hong':9B 'khai':15B 'khong':8B,24B 'lan':12B 'nien':22B 'ritron':5B 'tb':1A 'thac':16B 'thuong':18B 'tinh':13B 'trang':14B 'vtdp':19B,21B 'xuat':7B",2026-07-17 01:20:13.233503+00
thiet_bi,8d90136c-8c70-4789-9e1d-fef63ac2f9b9,TB_R5EKD49N,Anten,Anten Ritron Đề xuất: Không | Hỏng hóc: 0 lần | Tình trạng: Khai thác bình thường | VTDP: Có VTDP | Niên hạn: Không,/thiet-bi/TB_R5EKD49N,"'0':11B 'anten':3A,4B 'binh':17B 'co':20B 'de':6B 'han':23B 'hoc':10B 'hong':9B 'khai':15B 'khong':8B,24B 'lan':12B 'nien':22B 'r5ekd49n':2A 'ritron':5B 'tb':1A 'thac':16B 'thuong':18B 'tinh':13B 'trang':14B 'vtdp':19B,21B 'xuat':7B",2026-07-17 01:20:13.233503+00
giay_phep_khai_thac,f9738389-2a68-4e53-8c94-96656243776d,Máy chính: 049002-400443; máy dự phòng: 032,Thiết bị ghi âm,Không,/giay-phep/f9738389-2a68-4e53-8c94-96656243776d,"'-400443':4A '032':8A '049002':3A 'am':12A 'bi':10A 'chinh':2A 'du':6A 'ghi':11A 'khong':13B 'may':1A,5A 'phong':7A 'thiet':9A",2026-07-16 03:53:44.014593+00
thiet_bi,16a55215-42f4-4222-b12e-4c114ecbb1d8,TB_GRF2RCFT,Chống sét - UHF,"Chống sét - UHF Citel Trạm trần mây 21 Ra soat 2026-07-11, file nguon: THA_DAW21",/thiet-bi/TB_GRF2RCFT,"'-07':17B '-11':18B '2026':16B '21':13B 'chong':3A,6B 'citel':9B 'daw21':22B 'file':19B 'grf2rcft':2A 'may':12B 'nguon':20B 'ra':14B 'set':4A,7B 'soat':15B 'tb':1A 'tha':21B 'tram':10B 'tran':11B 'uhf':5A,8B",2026-07-17 01:20:13.233503+00
thiet_bi,d86d6875-17fe-45c6-a3a7-34ba235b37c3,TB_NAKA5MB8,Anten định hướng,"09062348400 Anten định hướng CompleTech Trạm trần mây 21 Ra soat 2026-07-11, file nguon: THA_DAW21",/thiet-bi/TB_NAKA5MB8,"'-07':18B '-11':19B '09062348400':6B '2026':17B '21':14B 'anten':3A,7B 'completech':10B 'daw21':23B 'dinh':4A,8B 'file':20B 'huong':5A,9B 'may':13B 'naka5mb8':2A 'nguon':21B 'ra':15B 'soat':16B 'tb':1A 'tha':22B 'tram':11B 'tran':12B",2026-07-17 01:20:13.233503+00
thiet_bi,ab826a6e-ee8a-4e28-889f-55091e7ca5ad,TB_SY1TQWFN,Thiết bị thu phát vô tuyến,"2204702344 Thiết bị thu phát vô tuyến RACOM PTB Đài KSKL TUY HÒA Ra soat 2026-07-11, file nguon: THA_DAW21",/thiet-bi/TB_SY1TQWFN,"'-07':25B '-11':26B '2026':24B '2204702344':9B 'bi':4A,11B 'dai':18B 'daw21':30B 'file':27B 'hoa':21B 'kskl':19B 'nguon':28B 'phat':6A,13B 'ptb':17B 'ra':22B 'racom':16B 'soat':23B 'sy1tqwfn':2A 'tb':1A 'tha':29B 'thiet':3A,10B 'thu':5A,12B 'tuy':20B 'tuyen':8A,15B 'vo':7A,14B",2026-07-17 01:20:13.233503+00
thiet_bi,db96db41-b7e5-4fca-a0fe-d765a2089437,TB_9QX09NMR,UPS 220VAC,"AS2209264778 UPS 220VAC APC PTB Đài KSKL TUY HÒA Ra soat 2026-07-11, file nguon: THA_DAW21",/thiet-bi/TB_9QX09NMR,"'-07':17B '-11':18B '2026':16B '220vac':4A,7B '9qx09nmr':2A 'apc':8B 'as2209264778':5B 'dai':10B 'daw21':22B 'file':19B 'hoa':13B 'kskl':11B 'nguon':20B 'ptb':9B 'ra':14B 'soat':15B 'tb':1A 'tha':21B 'tuy':12B 'ups':3A,6B",2026-07-17 01:20:13.233503+00
thiet_bi,dfb88108-3fda-4bc3-b3f8-443f7e3af800,TB_MXPEF967,UPS 220VAC,"AS2217165432 UPS 220VAC APC PTB Đài KSKL TUY HÒA Ra soat 2026-07-11, file nguon: THA_DAW21",/thiet-bi/TB_MXPEF967,"'-07':17B '-11':18B '2026':16B '220vac':4A,7B 'apc':8B 'as2217165432':5B 'dai':10B 'daw21':22B 'file':19B 'hoa':13B 'kskl':11B 'mxpef967':2A 'nguon':20B 'ptb':9B 'ra':14B 'soat':15B 'tb':1A 'tha':21B 'tuy':12B 'ups':3A,6B",2026-07-17 01:20:13.233503+00
thiet_bi,0ae0c87d-72c8-4f73-9824-b5f5d3fffa4a,TB_DWN4HTB4,Hệ thống đồng hồ chủ GPS,"23-2449 Hệ thống đồng hồ chủ GPS Valiant Trạm xử lý trung tâm Đài KSKL TUY HÒA Ra soat 2026-07-11, file nguon: THA_DAW21",/thiet-bi/TB_DWN4HTB4,"'-07':30B '-11':31B '-2449':10B '2026':29B '23':9B 'chu':7A,15B 'dai':23B 'daw21':35B 'dong':5A,13B 'dwn4htb4':2A 'file':32B 'gps':8A,16B 'he':3A,11B 'ho':6A,14B 'hoa':26B 'kskl':24B 'ly':20B 'nguon':33B 'ra':27B 'soat':28B 'tam':22B 'tb':1A 'tha':34B 'thong':4A,12B 'tram':18B 'trung':21B 'tuy':25B 'valiant':17B 'xu':19B",2026-07-17 01:20:13.233503+00
thiet_bi,ec48d3ce-f9d8-4772-86b4-a1a76caaec83,TB_YDWXE122,Thiết bị giám sát cường độ ánh sáng đèn đường băng (RLIM),"TPAD683955 Thiết bị giám sát cường độ ánh sáng đèn đường băng (RLIM) Advantech Trạm xử lý trung tâm Đài KSKL TUY HÒA Ra soat 2026-07-11, file nguon: THA_DAW21",/thiet-bi/TB_YDWXE122,"'-07':41B '-11':42B '2026':40B 'advantech':28B 'anh':9A,22B 'bang':13A,26B 'bi':4A,17B 'cuong':7A,20B 'dai':34B 'daw21':46B 'den':11A,24B 'do':8A,21B 'duong':12A,25B 'file':43B 'giam':5A,18B 'hoa':37B 'kskl':35B 'ly':31B 'nguon':44B 'ra':38B 'rlim':14A,27B 'sang':10A,23B 'sat':6A,19B 'soat':39B 'tam':33B 'tb':1A 'tha':45B 'thiet':3A,16B 'tpad683955':15B 'tram':29B 'trung':32B 'tuy':36B 'xu':30B 'ydwxe122':2A",2026-07-17 01:20:13.233503+00
thiet_bi,a81e77f1-5fd5-4f68-806e-c00b771e8037,TB_03KWMXE6,Cắt lọc sét nguồn AC,"Cắt lọc sét nguồn AC Schneider UHF-15 Ra soat 2026-07-11, file nguon: PCA_IMS",/thiet-bi/TB_03KWMXE6,"'-07':19B '-11':20B '-15':15B '03kwmxe6':2A '2026':18B 'ac':7A,12B 'cat':3A,8B 'file':21B 'ims':24B 'loc':4A,9B 'nguon':6A,11B,22B 'pca':23B 'ra':16B 'schneider':13B 'set':5A,10B 'soat':17B 'tb':1A 'uhf':14B",2026-07-17 01:20:13.233503+00
thiet_bi,c2ea2398-49c2-4407-a41f-6c8ad10aa05a,TB_FS0CWM5Q,Phần mềm ứng dụng Dicom,"Phần mềm ứng dụng Dicom Dicom HME Trạm xử lý trung tâm Đài KSKL TUY HÒA Ra soat 2026-07-11, file nguon: THA_DAW21",/thiet-bi/TB_FS0CWM5Q,"'-07':27B '-11':28B '2026':26B 'dai':20B 'daw21':32B 'dicom':7A,12B,13B 'dung':6A,11B 'file':29B 'fs0cwm5q':2A 'hme':14B 'hoa':23B 'kskl':21B 'ly':17B 'mem':4A,9B 'nguon':30B 'phan':3A,8B 'ra':24B 'soat':25B 'tam':19B 'tb':1A 'tha':31B 'tram':15B 'trung':18B 'tuy':22B 'ung':5A,10B 'xu':16B",2026-07-17 01:20:13.233503+00
thiet_bi,fb1a6fce-dc88-4a55-996a-abf816080c9c,TB_G8HKT2PA,Anten UHF,Anten UHF RCD Đề xuất: Không | Hỏng hóc: 0 lần | Tình trạng: Hoạt động bình thường | VTDP: Có VTDP trong kho | Niên hạn: Không,/thiet-bi/TB_G8HKT2PA,"'0':13B 'anten':3A,5B 'binh':19B 'co':22B 'de':8B 'dong':18B 'g8hkt2pa':2A 'han':27B 'hoat':17B 'hoc':12B 'hong':11B 'kho':25B 'khong':10B,28B 'lan':14B 'nien':26B 'rcd':7B 'tb':1A 'thuong':20B 'tinh':15B 'trang':16B 'trong':24B 'uhf':4A,6B 'vtdp':21B,23B 'xuat':9B",2026-07-17 01:20:13.233503+00
thiet_bi,0081d5ed-e637-4540-8f39-c54324f05b96,TB_92E0KD99,Anten UHF,BD 460A Anten UHF RCD Đề xuất: Không | Hỏng hóc: 0 lần | Tình trạng: Hoạt động bình thường | VTDP: Có VTDP trong kho | Niên hạn: Không,/thiet-bi/TB_92E0KD99,"'0':16B '460a':7B '92e0':2A 'anten':4A,8B 'bd':6B 'binh':22B 'co':25B 'de':11B 'dong':21B 'han':30B 'hoat':20B 'hoc':15B 'hong':14B 'kd99':3A 'kho':28B 'khong':13B,31B 'lan':17B 'nien':29B 'rcd':10B 'tb':1A 'thuong':23B 'tinh':18B 'trang':19B 'trong':27B 'uhf':5A,9B 'vtdp':24B,26B 'xuat':12B",2026-07-17 01:20:13.233503+00
thiet_bi,50ee8c27-07ea-499e-853c-e9af334cfdfa,TB_9424JCND,"Window bản quyền, chuột, bàn phím","Window bản quyền, chuột, bàn phím Ra soat 2026-07-11, file nguon: THA_DAW21",/thiet-bi/TB_9424JCND,"'-07':18B '-11':19B '2026':17B '9424jcnd':2A 'ban':4A,7A,10B,13B 'chuot':6A,12B 'daw21':23B 'file':20B 'nguon':21B 'phim':8A,14B 'quyen':5A,11B 'ra':15B 'soat':16B 'tb':1A 'tha':22B 'window':3A,9B",2026-07-17 01:20:13.233503+00
thiet_bi,41044649-f6b6-469a-a1d0-02c08532b6ae,TB_X5J7N399,"Tiếp địa: 24 giếng sâu 35m chôn tiếp địa, đóng cọc đồng d16 l=2,4m, cáp đồng trần M70. Lắp hố đan kiểm tra - thanh đồng 30x3, thanh nối đơn. Đo điện trở bộ phận nội đất - bản mã đồng 50x200x5. 2 Cột 3m lắp kim thu sét","Tiếp địa: 24 giếng sâu 35m chôn tiếp địa, đóng cọc đồng d16 l=2,4m, cáp đồng trần M70. Lắp hố đan kiểm tra - thanh đồng 30x3, thanh nối đơn. Đo điện trở bộ phận nội đất - bản mã đồng 50x200x5. 2 Cột 3m lắp kim thu sét Ra soat 2026-07-11, file nguon: THA_DAW21",/thiet-bi/TB_X5J7N399,"'-07':104B '-11':105B '2':17A,45A,66B,94B '2026':103B '24':5A,54B '30x3':30A,79B '35m':8A,57B '3m':47A,96B '4m':18A,67B '50x200x5':44A,93B 'ban':41A,90B 'bo':37A,86B 'cap':19A,68B 'chon':9A,58B 'coc':13A,62B 'cot':46A,95B 'd16':15A,64B 'dan':25A,74B 'dat':40A,89B 'daw21':109B 'dia':4A,11A,53B,60B 'dien':35A,84B 'do':34A,83B 'don':33A,82B 'dong':12A,14A,20A,29A,43A,61B,63B,69B,78B,92B 'file':106B 'gieng':6A,55B 'ho':24A,73B 'kiem':26A,75B 'kim':49A,98B 'l':16A,65B 'lap':23A,48A,72B,97B 'm70':22A,71B 'ma':42A,91B 'nguon':107B 'noi':32A,39A,81B,88B 'phan':38A,87B 'ra':101B 'sau':7A,56B 'set':51A,100B 'soat':102B 'tb':1A 'tha':108B 'thanh':28A,31A,77B,80B 'thu':50A,99B 'tiep':3A,10A,52B,59B 'tra':27A,76B 'tran':21A,70B 'tro':36A,85B 'x5j7n399':2A",2026-07-17 01:20:13.233503+00
thiet_bi,3df858d8-9c99-43f8-aff9-6ff83b1754e8,TB_7D3NTF0J,Anten UHF,Anten UHF RCD Đề xuất: Không | Hỏng hóc: không | Tình trạng: Hoạt động bình thường | VTDP: Có VTDP trong kho | Niên hạn: Không,/thiet-bi/TB_7D3NTF0J,"'7d3ntf0j':2A 'anten':3A,5B 'binh':18B 'co':21B 'de':8B 'dong':17B 'han':26B 'hoat':16B 'hoc':12B 'hong':11B 'kho':24B 'khong':10B,13B,27B 'nien':25B 'rcd':7B 'tb':1A 'thuong':19B 'tinh':14B 'trang':15B 'trong':23B 'uhf':4A,6B 'vtdp':20B,22B 'xuat':9B",2026-07-17 01:20:13.233503+00
thiet_bi,780b9768-a012-4027-b1e3-a4bfe581af55,TB_6Z8KFC76,Kim thu sét Franklin,"Kim thu sét Franklin nVent ERICO 5 Trạm khí tượng Ra soat 2026-07-11, file nguon: THA_DAW21",/thiet-bi/TB_6Z8KFC76,"'-07':20B '-11':21B '2026':19B '5':13B '6z8kfc76':2A 'daw21':25B 'erico':12B 'file':22B 'franklin':6A,10B 'khi':15B 'kim':3A,7B 'nguon':23B 'nvent':11B 'ra':17B 'set':5A,9B 'soat':18B 'tb':1A 'tha':24B 'thu':4A,8B 'tram':14B 'tuong':16B",2026-07-17 01:20:13.233503+00
thiet_bi,0c8d7800-509d-4d5d-a92f-e0832804bc72,TB_31PYTEF6,Thiết bị đo gió,"07230073 Cảm biến đo hướng và tốc độ gió Thies Clima Kho VTDP -  Đài KSKL TUY HÒA Ra soat 2026-07-11, file nguon: THA_DAW21",/thiet-bi/TB_31PYTEF6,"'-07':27B '-11':28B '07230073':7B '2026':26B '31pytef6':2A 'bi':4A 'bien':9B 'cam':8B 'clima':17B 'dai':20B 'daw21':32B 'do':5A,10B,14B 'file':29B 'gio':6A,15B 'hoa':23B 'huong':11B 'kho':18B 'kskl':21B 'nguon':30B 'ra':24B 'soat':25B 'tb':1A 'tha':31B 'thies':16B 'thiet':3A 'toc':13B 'tuy':22B 'va':12B 'vtdp':19B",2026-07-17 01:20:13.233503+00
thiet_bi,c7c6e911-4945-4db4-bb99-6b8b1b0d3bb3,TB_BY4WCZA8,MMonitor,"99HMZV3
997KZV3
8JSNYV3
8M8NYV3
8JPNYV3
8XKPYV3 MMonitor Dell Technologies Phòng trực TB - 1
Phòng MET - 2
Cabin - 2
K4 QS - 1 Ra soat 2026-07-11, file nguon: THA_DAW21",/thiet-bi/TB_BY4WCZA8,"'-07':28B '-11':29B '1':16B,24B '2':19B,21B '2026':27B '8jpnyv3':8B '8jsnyv3':6B '8m8nyv3':7B '8xkpyv3':9B '997kzv3':5B '99hmzv3':4B 'by4wcza8':2A 'cabin':20B 'daw21':33B 'dell':11B 'file':30B 'k4':22B 'met':18B 'mmonitor':3A,10B 'nguon':31B 'phong':13B,17B 'qs':23B 'ra':25B 'soat':26B 'tb':1A,15B 'technologies':12B 'tha':32B 'truc':14B",2026-07-17 01:20:13.233503+00
thiet_bi,01bc9eaa-6cf3-4ac3-8cfc-9e396db970ad,TB_T942NSGA,Anten vô hướng,BG 402 Anten vô hướng RCD Đề xuất: Không | Hỏng hóc: 0 lần | Tình trạng: Hoạt động bình thường | VTDP: Có dự phòng trong kho | Niên hạn: Không,/thiet-bi/TB_T942NSGA,"'0':17B '402':7B 'anten':3A,8B 'bg':6B 'binh':23B 'co':26B 'de':12B 'dong':22B 'du':27B 'han':32B 'hoat':21B 'hoc':16B 'hong':15B 'huong':5A,10B 'kho':30B 'khong':14B,33B 'lan':18B 'nien':31B 'phong':28B 'rcd':11B 't942nsga':2A 'tb':1A 'thuong':24B 'tinh':19B 'trang':20B 'trong':29B 'vo':4A,9B 'vtdp':25B 'xuat':13B",2026-07-17 01:20:13.233503+00
thiet_bi,5fd3b5c4-b2a3-49c8-a288-620f0fad0d21,TB_Y5WS4C7C,Tủ trạm tăng áp PTS95,"Tủ trạm tăng áp PTS95 Phòng MP Đài KSKL TUY HÒA Ra soat 2026-07-11, file nguon: THA_DAW21",/thiet-bi/TB_Y5WS4C7C,"'-07':22B '-11':23B '2026':21B 'ap':6A,11B 'dai':15B 'daw21':27B 'file':24B 'hoa':18B 'kskl':16B 'mp':14B 'nguon':25B 'phong':13B 'pts95':7A,12B 'ra':19B 'soat':20B 'tang':5A,10B 'tb':1A 'tha':26B 'tram':4A,9B 'tu':3A,8B 'tuy':17B 'y5ws4c7c':2A",2026-07-17 01:20:13.233503+00
thiet_bi,f3cbfed7-f17e-46c5-847b-6d35ca7664ba,TB_1NTFG1E9,Máy biến tăng áp khô 3 pha 20KVA 400/950V,"Máy biến tăng áp khô 3 pha 20KVA 400/950V Augier Phòng MP Đài KSKL TUY HÒA Ra soat 2026-07-11, file nguon: THA_DAW21",/thiet-bi/TB_1NTFG1E9,"'-07':31B '-11':32B '1ntfg1e9':2A '2026':30B '20kva':10A,19B '3':8A,17B '400/950v':11A,20B 'ap':6A,15B 'augier':21B 'bien':4A,13B 'dai':24B 'daw21':36B 'file':33B 'hoa':27B 'kho':7A,16B 'kskl':25B 'may':3A,12B 'mp':23B 'nguon':34B 'pha':9A,18B 'phong':22B 'ra':28B 'soat':29B 'tang':5A,14B 'tb':1A 'tha':35B 'tuy':26B",2026-07-17 01:20:13.233503+00
thiet_bi,2ceaad9d-2798-4f3c-8060-160b5ab9d5d2,TB_7SA8H12Z,Tủ trạm hạ áp,"Tủ trạm hạ áp Trạm khí tượng giữa, trạm khí tượng 03, trạm khí tượng 21 Ra soat 2026-07-11, file nguon: THA_DAW21",/thiet-bi/TB_7SA8H12Z,"'-07':26B '-11':27B '03':18B '2026':25B '21':22B '7sa8h12z':2A 'ap':6A,10B 'daw21':31B 'file':28B 'giua':14B 'ha':5A,9B 'khi':12B,16B,20B 'nguon':29B 'ra':23B 'soat':24B 'tb':1A 'tha':30B 'tram':4A,8B,11B,15B,19B 'tu':3A,7B 'tuong':13B,17B,21B",2026-07-17 01:20:13.233503+00
thiet_bi,b5219f5f-0cea-43d6-a51c-abe63c32cccc,TB_ZJG4ZCAV,Máy biến hạ áp 1 pha TER Transformers 5KVA 950/230V,"Máy biến hạ áp 1 pha TER Transformers 5KVA 950/230V Augier Trạm khí tượng giữa, trạm khí tượng 03, trạm khí tượng 21 Ra soat 2026-07-11, file nguon: THA_DAW21",/thiet-bi/TB_ZJG4ZCAV,"'-07':39B '-11':40B '03':31B '1':7A,17B '2026':38B '21':35B '5kva':11A,21B '950/230v':12A,22B 'ap':6A,16B 'augier':23B 'bien':4A,14B 'daw21':44B 'file':41B 'giua':27B 'ha':5A,15B 'khi':25B,29B,33B 'may':3A,13B 'nguon':42B 'pha':8A,18B 'ra':36B 'soat':37B 'tb':1A 'ter':9A,19B 'tha':43B 'tram':24B,28B,32B 'transformers':10A,20B 'tuong':26B,30B,34B 'zjg4zcav':2A",2026-07-17 01:20:13.233503+00
thiet_bi,4a54e57c-fd71-47b0-be14-931957d55aaf,TB_W1H8NN70,Cảm biến nhiệt độ,"1020455 Cảm biến nhiệt độ NESA Kho VTDP -  Đài KSKL TUY HÒA Ra soat 2026-07-11, file nguon: THA_DAW21",/thiet-bi/TB_W1H8NN70,"'-07':22B '-11':23B '1020455':7B '2026':21B 'bien':4A,9B 'cam':3A,8B 'dai':15B 'daw21':27B 'do':6A,11B 'file':24B 'hoa':18B 'kho':13B 'kskl':16B 'nesa':12B 'nguon':25B 'nhiet':5A,10B 'ra':19B 'soat':20B 'tb':1A 'tha':26B 'tuy':17B 'vtdp':14B 'w1h8nn70':2A",2026-07-17 01:20:13.233503+00
thiet_bi,a9d023c4-0e00-4435-8000-fd9e7cac3050,TB_FQC0CZTJ,Cảm biến độ ẩm,"1020457 Cảm biến độ ẩm NESA Kho VTDP -  Đài KSKL TUY HÒA Ra soat 2026-07-11, file nguon: THA_DAW21",/thiet-bi/TB_FQC0CZTJ,"'-07':22B '-11':23B '1020457':7B '2026':21B 'am':6A,11B 'bien':4A,9B 'cam':3A,8B 'dai':15B 'daw21':27B 'do':5A,10B 'file':24B 'fqc0cztj':2A 'hoa':18B 'kho':13B 'kskl':16B 'nesa':12B 'nguon':25B 'ra':19B 'soat':20B 'tb':1A 'tha':26B 'tuy':17B 'vtdp':14B",2026-07-17 01:20:13.233503+00
thiet_bi,16bed946-8dbe-433c-93de-43adb40c16cc,TB_1ESVSE5H,Cảm biến áp suất,"1020135 Cảm biến áp suất NESA Kho VTDP -  Đài KSKL TUY HÒA Ra soat 2026-07-11, file nguon: THA_DAW21",/thiet-bi/TB_1ESVSE5H,"'-07':22B '-11':23B '1020135':7B '1esvse5h':2A '2026':21B 'ap':5A,10B 'bien':4A,9B 'cam':3A,8B 'dai':15B 'daw21':27B 'file':24B 'hoa':18B 'kho':13B 'kskl':16B 'nesa':12B 'nguon':25B 'ra':19B 'soat':20B 'suat':6A,11B 'tb':1A 'tha':26B 'tuy':17B 'vtdp':14B",2026-07-17 01:20:13.233503+00
thiet_bi,c264d9a9-0aaa-423a-892b-2ae5a0660f4e,TB_KPK59Q5B,Cảm biến đo hướng và đo tốc độ gió,"2302009 Cảm biến đo hướng và đo tốc độ gió Gill Trạm khí tượng giữa (cột AW11) Ra soat 2026-07-11, file nguon: THA_DAW21",/thiet-bi/TB_KPK59Q5B,"'-07':32B '-11':33B '2026':31B '2302009':12B 'aw11':28B 'bien':4A,14B 'cam':3A,13B 'cot':27B 'daw21':37B 'do':5A,8A,10A,15B,18B,20B 'file':34B 'gill':22B 'gio':11A,21B 'giua':26B 'huong':6A,16B 'khi':24B 'kpk59q5b':2A 'nguon':35B 'ra':29B 'soat':30B 'tb':1A 'tha':36B 'toc':9A,19B 'tram':23B 'tuong':25B 'va':7A,17B",2026-07-17 01:20:13.233503+00
thiet_bi,f6b90913-4e1e-4fd4-90de-0a1b533a1d98,TB_3C007NYX,Datalogger,"1020464 Data logger NESA Kho VTDP -  Đài KSKL TUY HÒA Ra soat 2026-07-11, file nguon: THA_DAW21",/thiet-bi/TB_3C007NYX,'-07':17B '-11':18B '1020464':4B '2026':16B '3c007nyx':2A 'dai':10B 'data':5B 'datalogger':3A 'daw21':22B 'file':19B 'hoa':13B 'kho':8B 'kskl':11B 'logger':6B 'nesa':7B 'nguon':20B 'ra':14B 'soat':15B 'tb':1A 'tha':21B 'tuy':12B 'vtdp':9B,2026-07-17 01:20:13.233503+00
thiet_bi,0e285115-cbbd-439a-8bf0-f6fdfa46d139,TB_SX5QP6GW,Chống sét LAN,"Chống sét LAN APC Trạm 35 Ra soat 2026-07-11, file nguon: BDKT_OPTIMET",/thiet-bi/TB_SX5QP6GW,"'-07':15B '-11':16B '2026':14B '35':11B 'apc':9B 'bdkt':19B 'chong':3A,6B 'file':17B 'lan':5A,8B 'nguon':18B 'optimet':20B 'ra':12B 'set':4A,7B 'soat':13B 'sx5qp6gw':2A 'tb':1A 'tram':10B",2026-07-16 03:53:31.441458+00
thiet_bi,a224920f-7bfb-4aa7-ae00-fcd3e58106d6,TB_ECX8QY7W,Thiết bị thu phát vô tuyến,"Thiết bị thu phát vô tuyến Ritron Cabin - Đài KSKL TUY HÒA Ra soat 2026-07-11, file nguon: THA_DAW21",/thiet-bi/TB_ECX8QY7W,"'-07':24B '-11':25B '2026':23B 'bi':4A,10B 'cabin':16B 'dai':17B 'daw21':29B 'ecx8qy7w':2A 'file':26B 'hoa':20B 'kskl':18B 'nguon':27B 'phat':6A,12B 'ra':21B 'ritron':15B 'soat':22B 'tb':1A 'tha':28B 'thiet':3A,9B 'thu':5A,11B 'tuy':19B 'tuyen':8A,14B 'vo':7A,13B",2026-07-17 01:20:13.233503+00
thiet_bi,ce49f1ed-ac39-4395-8a0a-591f05f4abf2,TB_FSZ9M838,Nguồn AC/DC,"Nguồn AC/DC MeanWell Trạm khí tượng giữa (cột AW11) Ra soat 2026-07-11, file nguon: THA_DAW21",/thiet-bi/TB_FSZ9M838,"'-07':17B '-11':18B '2026':16B 'ac/dc':4A,6B 'aw11':13B 'cot':12B 'daw21':22B 'file':19B 'fsz9m838':2A 'giua':11B 'khi':9B 'meanwell':7B 'nguon':3A,5B,20B 'ra':14B 'soat':15B 'tb':1A 'tha':21B 'tram':8B 'tuong':10B",2026-07-17 01:20:13.233503+00
thiet_bi,dc3cdce6-235f-40db-88ca-5b811575ec2c,TB_HNRH1NMQ,Nguồn AC/DC,"Nguồn AC/DC MeanWell Cabin - Đài KSKL TUY HÒA Ra soat 2026-07-11, file nguon: THA_DAW21",/thiet-bi/TB_HNRH1NMQ,"'-07':16B '-11':17B '2026':15B 'ac/dc':4A,6B 'cabin':8B 'dai':9B 'daw21':21B 'file':18B 'hnrh1nmq':2A 'hoa':12B 'kskl':10B 'meanwell':7B 'nguon':3A,5B,19B 'ra':13B 'soat':14B 'tb':1A 'tha':20B 'tuy':11B",2026-07-17 01:20:13.233503+00
thiet_bi,f3906bce-58e1-46b5-96c4-64bfc4d6c197,TB_ST02N0BA,Ắc quy dự phòng 12V,"Ắc quy dự phòng 12V Globe Trạm khí tượng giữa (cột AW11) Ra soat 2026-07-11, file nguon: THA_DAW21",/thiet-bi/TB_ST02N0BA,"'-07':23B '-11':24B '12v':7A,12B '2026':22B 'ac':3A,8B 'aw11':19B 'cot':18B 'daw21':28B 'du':5A,10B 'file':25B 'giua':17B 'globe':13B 'khi':15B 'nguon':26B 'phong':6A,11B 'quy':4A,9B 'ra':20B 'soat':21B 'st02n0ba':2A 'tb':1A 'tha':27B 'tram':14B 'tuong':16B",2026-07-17 01:20:13.233503+00
thiet_bi,c66b8583-9f9a-4865-81a8-49c93a5b9b58,TB_1PEH1W49,Màn hình hiển thị số liệu gió,"14000002941 Màn hình hiển thị số liệu gió Observator Cabin - Đài KSKL TUY HÒA Ra soat 2026-07-11, file nguon: THA_DAW21",/thiet-bi/TB_1PEH1W49,"'-07':27B '-11':28B '14000002941':10B '1peh1w49':2A '2026':26B 'cabin':19B 'dai':20B 'daw21':32B 'file':29B 'gio':9A,17B 'hien':5A,13B 'hinh':4A,12B 'hoa':23B 'kskl':21B 'lieu':8A,16B 'man':3A,11B 'nguon':30B 'observator':18B 'ra':24B 'so':7A,15B 'soat':25B 'tb':1A 'tha':31B 'thi':6A,14B 'tuy':22B",2026-07-17 01:20:13.233503+00
thiet_bi,ac15add6-c322-4d41-8af7-c575d5f5286c,TB_W3XTRTX8,Đo nhiệt độ độ ẩm,"1  Và 24 Đo nhiệt độ độ ẩm Lều khí tượng - Đài KSKL TUY HÒA Ra soat 2026-07-11, file nguon: THA_DAW21",/thiet-bi/TB_W3XTRTX8,"'-07':26B '-11':27B '1':8B '2026':25B '24':10B 'am':7A,15B 'dai':19B 'daw21':31B 'do':3A,5A,6A,11B,13B,14B 'file':28B 'hoa':22B 'khi':17B 'kskl':20B 'leu':16B 'nguon':29B 'nhiet':4A,12B 'ra':23B 'soat':24B 'tb':1A 'tha':30B 'tuong':18B 'tuy':21B 'va':9B 'w3xtrtx8':2A",2026-07-17 01:20:13.233503+00
thiet_bi,9119568c-da9f-40ba-b7a1-c5dc07e908b2,TB_DM1YEYFR,Cắt lọc sét nguồn AC - tủ điện tổng các trạm,"Cắt lọc sét nguồn AC - tủ điện tổng các trạm nVent ERICO Trạm khí tượng giữa, trạm khí tượng 03, trạm khí tượng 21, trạm trần mây 03, trạm trần mây 21 Ra soat 2026-07-11, file nguon: THA_DAW21",/thiet-bi/TB_DM1YEYFR,"'-07':48B '-11':49B '03':32B,40B '2026':47B '21':36B,44B 'ac':7A,17B 'cac':11A,21B 'cat':3A,13B 'daw21':53B 'dien':9A,19B 'dm1yeyfr':2A 'erico':24B 'file':50B 'giua':28B 'khi':26B,30B,34B 'loc':4A,14B 'may':39B,43B 'nguon':6A,16B,51B 'nvent':23B 'ra':45B 'set':5A,15B 'soat':46B 'tb':1A 'tha':52B 'tong':10A,20B 'tram':12A,22B,25B,29B,33B,37B,41B 'tran':38B,42B 'tu':8A,18B 'tuong':27B,31B,35B",2026-07-17 01:20:13.233503+00
thiet_bi,14010bb2-df23-48e2-b9ec-1bfaa423bbfd,TB_N8B4MXQK,Màn hình hiển thị số liệu độ - độ ẩm - khí áp,"Màn hình hiển thị số liệu Nhiệt-Ẩm-Áp VTD Phòng MET - Đài KSKL TUY HÒA Ra soat 2026-07-11, file nguon: THA_DAW21",/thiet-bi/TB_N8B4MXQK,"'-07':34B '-11':35B '2026':33B 'am':11A,22B 'ap':13A,23B 'dai':27B 'daw21':39B 'do':9A,10A 'file':36B 'hien':5A,16B 'hinh':4A,15B 'hoa':30B 'khi':12A 'kskl':28B 'lieu':8A,19B 'man':3A,14B 'met':26B 'n8b4mxqk':2A 'nguon':37B 'nhiet':21B 'nhiet-am-ap':20B 'phong':25B 'ra':31B 'so':7A,18B 'soat':32B 'tb':1A 'tha':38B 'thi':6A,17B 'tuy':29B 'vtd':24B",2026-07-17 01:20:13.233503+00
thiet_bi,426cde7a-e640-4ab4-9f9a-697e6428f33e,TB_H9X6CZ2N,Màn hình hiển thị số liệu độ - độ ẩm - khí áp,"Màn hình hiển thị số liệu Nhiệt-Ẩm-Áp VTD Cabin - Đài KSKL TUY HÒA Ra soat 2026-07-11, file nguon: THA_DAW21",/thiet-bi/TB_H9X6CZ2N,"'-07':33B '-11':34B '2026':32B 'am':11A,22B 'ap':13A,23B 'cabin':25B 'dai':26B 'daw21':38B 'do':9A,10A 'file':35B 'h9x6cz2n':2A 'hien':5A,16B 'hinh':4A,15B 'hoa':29B 'khi':12A 'kskl':27B 'lieu':8A,19B 'man':3A,14B 'nguon':36B 'nhiet':21B 'nhiet-am-ap':20B 'ra':30B 'so':7A,18B 'soat':31B 'tb':1A 'tha':37B 'thi':6A,17B 'tuy':28B 'vtd':24B",2026-07-17 01:20:13.233503+00
thiet_bi,117402a7-5b4d-485e-bbbe-3d236f4cfb9c,TB_RGTPC9GT,Thiết bị chuyển đổi tín hiệu,"Thiết bị Serial server 3Onedata Cabin - Đài KSKL TUY HÒA Ra soat 2026-07-11, file nguon: THA_DAW21",/thiet-bi/TB_RGTPC9GT,"'-07':22B '-11':23B '2026':21B '3onedata':13B 'bi':4A,10B 'cabin':14B 'chuyen':5A 'dai':15B 'daw21':27B 'doi':6A 'file':24B 'hieu':8A 'hoa':18B 'kskl':16B 'nguon':25B 'ra':19B 'rgtpc9gt':2A 'serial':11B 'server':12B 'soat':20B 'tb':1A 'tha':26B 'thiet':3A,9B 'tin':7A 'tuy':17B",2026-07-17 01:20:13.233503+00
thiet_bi,7c818972-fd6e-4731-adcb-df26f8615fc9,TB_M8E4NHK1,Khí áp kế,"V0821329 Cảm biến đo khí áp Vaisala Cabin - Đài KSKL TUY HÒA Ra soat 2026-07-11, file nguon: THA_DAW21",/thiet-bi/TB_M8E4NHK1,"'-07':21B '-11':22B '2026':20B 'ap':4A,11B 'bien':8B 'cabin':13B 'cam':7B 'dai':14B 'daw21':26B 'do':9B 'file':23B 'hoa':17B 'ke':5A 'khi':3A,10B 'kskl':15B 'm8e4nhk1':2A 'nguon':24B 'ra':18B 'soat':19B 'tb':1A 'tha':25B 'tuy':16B 'v0821329':6B 'vaisala':12B",2026-07-17 01:20:13.233503+00
thiet_bi,a43b16f7-98cb-46b3-a372-fc846d5f5480,TB_M780WKN2,Cảm biến đo khí áp,"Cảm biến đo khí áp Vaisala Trạm MID Ra soat 2026-07-11, file nguon: BDKT_OPTIMET",/thiet-bi/TB_M780WKN2,"'-07':19B '-11':20B '2026':18B 'ap':7A,12B 'bdkt':23B 'bien':4A,9B 'cam':3A,8B 'do':5A,10B 'file':21B 'khi':6A,11B 'm780wkn2':2A 'mid':15B 'nguon':22B 'optimet':24B 'ra':16B 'soat':17B 'tb':1A 'tram':14B 'vaisala':13B",2026-07-17 01:20:13.233503+00
thiet_bi,d6a19d83-43d7-43a8-acaa-b062c92fd741,TB_AZA4ABC7,04 Converter Etherwan 10/100BASE-TX to 100BASE-FX Single Mode (SC) -20Km Media Converter (1310nm),EL100C-20 04 Converter Etherwan 10/100BASE-TX to 100BASE-FX Single Mode (SC) -20Km Media Converter (1310nm) ETHEWAN Đề xuất: Không | Hỏng hóc: 0 lần | Tình trạng: Hoạt động bình thường | VTDP: Có dự phòng trong kho | Niên hạn: Quá 2/3,/thiet-bi/TB_AZA4ABC7,"'-20':14A,20B,32B '0':43B '04':3A,21B '10/100base-tx':6A,24B '100base':9A,27B '100base-fx':8A,26B '1310nm':18A,36B '2/3':60B 'aza4abc7':2A 'binh':49B 'co':52B 'converter':4A,17A,22B,35B 'de':38B 'dong':48B 'du':53B 'el100c':19B 'etherwan':5A,23B 'ethewan':37B 'fx':10A,28B 'han':58B 'hoat':47B 'hoc':42B 'hong':41B 'kho':56B 'khong':40B 'km':15A,33B 'lan':44B 'media':16A,34B 'mode':12A,30B 'nien':57B 'phong':54B 'qua':59B 'sc':13A,31B 'single':11A,29B 'tb':1A 'thuong':50B 'tinh':45B 'to':7A,25B 'trang':46B 'trong':55B 'vtdp':51B 'xuat':39B",2026-07-17 01:20:13.233503+00
thiet_bi,27d8dc95-1cd2-453a-a732-e45950e2dc90,TB_2CZV14WS,Modem UHF,"Modem UHF RACOM CEILO 35 Ra soat 2026-07-11, file nguon: BDKT_OPTIMET",/thiet-bi/TB_2CZV14WS,"'-07':13B '-11':14B '2026':12B '2czv14ws':2A '35':9B 'bdkt':17B 'ceilo':8B 'file':15B 'modem':3A,5B 'nguon':16B 'optimet':18B 'ra':10B 'racom':7B 'soat':11B 'tb':1A 'uhf':4A,6B",2026-07-17 01:20:13.233503+00
thiet_bi,c903c5a2-467c-4b0f-862c-99accc9bbc2b,TB_F00Z5S1G,Cảm biến đo tầm nhìn,"Cảm biến đo tầm nhìn M-Tech Trạm MID Ra soat 2026-07-11, file nguon: BDKT_OPTIMET",/thiet-bi/TB_F00Z5S1G,"'-07':21B '-11':22B '2026':20B 'bdkt':25B 'bien':4A,9B 'cam':3A,8B 'do':5A,10B 'f00z5s1g':2A 'file':23B 'm':14B 'm-tech':13B 'mid':17B 'nguon':24B 'nhin':7A,12B 'optimet':26B 'ra':18B 'soat':19B 'tam':6A,11B 'tb':1A 'tech':15B 'tram':16B",2026-07-17 01:20:13.233503+00
thiet_bi,e979351b-ecee-4f41-9572-d2d5a302c108,TB_80074X5Z,Cảm biến đo hướng và đo tốc độ gió,"Cảm biến đo hướng và đo tốc độ gió Gill Trạm MID Ra soat 2026-07-11, file nguon: BDKT_OPTIMET",/thiet-bi/TB_80074X5Z,"'-07':27B '-11':28B '2026':26B '80074x5z':2A 'bdkt':31B 'bien':4A,13B 'cam':3A,12B 'do':5A,8A,10A,14B,17B,19B 'file':29B 'gill':21B 'gio':11A,20B 'huong':6A,15B 'mid':23B 'nguon':30B 'optimet':32B 'ra':24B 'soat':25B 'tb':1A 'toc':9A,18B 'tram':22B 'va':7A,16B",2026-07-17 01:20:13.233503+00
thiet_bi,3c26ccaf-09bf-4850-86f5-98f0354fbca0,TB_YNEQYK8R,Cảm biến đo hiện tượng thời tiết,"Cảm biến đo hiện tượng thời tiết All Weather Trạm MID Ra soat 2026-07-11, file nguon: BDKT_OPTIMET",/thiet-bi/TB_YNEQYK8R,"'-07':24B '-11':25B '2026':23B 'all':17B 'bdkt':28B 'bien':4A,11B 'cam':3A,10B 'do':5A,12B 'file':26B 'hien':6A,13B 'mid':20B 'nguon':27B 'optimet':29B 'ra':21B 'soat':22B 'tb':1A 'thoi':8A,15B 'tiet':9A,16B 'tram':19B 'tuong':7A,14B 'weather':18B 'yneqyk8r':2A",2026-07-17 01:20:13.233503+00
thiet_bi,43d9e02e-0b8e-4bfa-b372-6f255afe0495,TB_YTWMMBVY,Thiết bị Datataker,"Thiết bị Datataker Datataker Trạm MID Ra soat 2026-07-11, file nguon: BDKT_OPTIMET",/thiet-bi/TB_YTWMMBVY,"'-07':15B '-11':16B '2026':14B 'bdkt':19B 'bi':4A,7B 'datataker':5A,8B,9B 'file':17B 'mid':11B 'nguon':18B 'optimet':20B 'ra':12B 'soat':13B 'tb':1A 'thiet':3A,6B 'tram':10B 'ytwmmbvy':2A",2026-07-17 01:20:13.233503+00
thiet_bi,bc770441-c06a-4e52-bf5a-41d0e2a21629,TB_46M14TWP,Cảm biến áp suất,"1020134 Cảm biến áp suất NESA Trạm giữa Ra soat 2026-07-11, file nguon: THA_DAW21",/thiet-bi/TB_46M14TWP,"'-07':18B '-11':19B '1020134':7B '2026':17B '46m14twp':2A 'ap':5A,10B 'bien':4A,9B 'cam':3A,8B 'daw21':23B 'file':20B 'giua':14B 'nesa':12B 'nguon':21B 'ra':15B 'soat':16B 'suat':6A,11B 'tb':1A 'tha':22B 'tram':13B",2026-07-16 03:53:31.441458+00
thiet_bi,94411feb-4f05-4e12-bafa-49f852482fe4,TB_ZDTYSZN1,Modem UHF,"Modem UHF RACOM Trạm MID Ra soat 2026-07-11, file nguon: BDKT_OPTIMET",/thiet-bi/TB_ZDTYSZN1,"'-07':13B '-11':14B '2026':12B 'bdkt':17B 'file':15B 'mid':9B 'modem':3A,5B 'nguon':16B 'optimet':18B 'ra':10B 'racom':7B 'soat':11B 'tb':1A 'tram':8B 'uhf':4A,6B 'zdtyszn1':2A",2026-07-17 01:20:13.233503+00
thiet_bi,efc9642f-4353-4763-828d-d5004a2ba159,TB_81QTA074,Cảm biến đo nhiệt độ độ ẩm,"Cảm biến đo nhiệt độ độ ẩm Vaisala Trạm MID Ra soat 2026-07-11, file nguon: BDKT_OPTIMET",/thiet-bi/TB_81QTA074,"'-07':23B '-11':24B '2026':22B '81qta074':2A 'am':9A,16B 'bdkt':27B 'bien':4A,11B 'cam':3A,10B 'do':5A,7A,8A,12B,14B,15B 'file':25B 'mid':19B 'nguon':26B 'nhiet':6A,13B 'optimet':28B 'ra':20B 'soat':21B 'tb':1A 'tram':18B 'vaisala':17B",2026-07-17 01:20:13.233503+00
thiet_bi,cb81c8cf-e693-4266-936a-8b54d674736c,TB_4X0YKF2P,Modem UHF,"Modem UHF RACOM CEILO 17 Ra soat 2026-07-11, file nguon: BDKT_OPTIMET",/thiet-bi/TB_4X0YKF2P,"'-07':13B '-11':14B '17':9B '2026':12B '4x0ykf2p':2A 'bdkt':17B 'ceilo':8B 'file':15B 'modem':3A,5B 'nguon':16B 'optimet':18B 'ra':10B 'racom':7B 'soat':11B 'tb':1A 'uhf':4A,6B",2026-07-17 01:20:13.233503+00
thiet_bi,5b9d4f8c-bb00-4d68-ae3a-6e04dfa1d596,TB_DNHZFZB8,Thiết bị Serial to Ethernet,"Converter Nport IA5250 Moxa CEILO 17 Ra soat 2026-07-11, file nguon: BDKT_OPTIMET",/thiet-bi/TB_DNHZFZB8,'-07':17B '-11':18B '17':13B '2026':16B 'bdkt':21B 'bi':4A 'ceilo':12B 'converter':8B 'dnhzfzb8':2A 'ethernet':7A 'file':19B 'ia5250':10B 'moxa':11B 'nguon':20B 'nport':9B 'optimet':22B 'ra':14B 'serial':5A 'soat':15B 'tb':1A 'thiet':3A 'to':6A,2026-07-17 01:20:13.233503+00
thiet_bi,6cfbcc92-f64b-402b-8635-7364da68a01e,TB_VHF94KMG,Cảm biến đo độ cao chân mây,"Sensor đo trần mây 8339-G+ All Weather CEILO 17 Ra soat 2026-07-11, file nguon: BDKT_OPTIMET",/thiet-bi/TB_VHF94KMG,"'-07':23B '-11':24B '17':19B '2026':22B '8339':14B 'all':16B 'bdkt':27B 'bien':4A 'cam':3A 'cao':7A 'ceilo':18B 'chan':8A 'do':5A,6A,11B 'file':25B 'g':15B 'may':9A,13B 'nguon':26B 'optimet':28B 'ra':20B 'sensor':10B 'soat':21B 'tb':1A 'tran':12B 'vhf94kmg':2A 'weather':17B",2026-07-17 01:20:13.233503+00
thiet_bi,28f93b31-5296-4000-910d-07f84f1a3ead,TB_457C5JSQ,Switch đầu cuối,"Switch đầu cuối TP-Link NHÀ QUAN TRẮC Ra soat 2026-07-11, file nguon: BDKT_OPTIMET",/thiet-bi/TB_457C5JSQ,"'-07':18B '-11':19B '2026':17B '457c5jsq':2A 'bdkt':22B 'cuoi':5A,8B 'dau':4A,7B 'file':20B 'link':11B 'nguon':21B 'nha':12B 'optimet':23B 'quan':13B 'ra':15B 'soat':16B 'switch':3A,6B 'tb':1A 'tp':10B 'tp-link':9B 'trac':14B",2026-07-17 01:20:13.233503+00
thiet_bi,0edb0e73-72da-4e41-b85a-d3fd1603399c,TB_WJ3HWD4E,Converter Nport IA5250,5250 Converter Nport IA5250 MOXA Đề xuất: Đề nghị mua thêm VTDP để sử dụng chung cho các hệ thống AWOS | Hỏng hóc: không | Tình trạng: Hoạt động bình thường | VTDP: Còn 1 bộ dự phòng trong kho Công ty | Niên hạn: Không,/thiet-bi/TB_WJ3HWD4E,"'1':38B '5250':6B 'awos':26B 'binh':34B 'bo':39B 'cac':23B 'cho':22B 'chung':21B 'con':37B 'cong':44B 'converter':3A,7B 'de':11B,13B,18B 'dong':33B 'du':40B 'dung':20B 'han':47B 'he':24B 'hoat':32B 'hoc':28B 'hong':27B 'ia5250':5A,9B 'kho':43B 'khong':29B,48B 'moxa':10B 'mua':15B 'nghi':14B 'nien':46B 'nport':4A,8B 'phong':41B 'su':19B 'tb':1A 'them':16B 'thong':25B 'thuong':35B 'tinh':30B 'trang':31B 'trong':42B 'ty':45B 'vtdp':17B,36B 'wj3hwd4e':2A 'xuat':12B",2026-07-17 01:20:13.233503+00
thiet_bi,b75d55e7-f565-4293-866d-c347b1c9da72,TB_7NYCRZ3E,Nguồn AC/DC,"Nguồn AC/DC MeanWell CEILO 17 Ra soat 2026-07-11, file nguon: BDKT_OPTIMET",/thiet-bi/TB_7NYCRZ3E,"'-07':13B '-11':14B '17':9B '2026':12B '7nycrz3e':2A 'ac/dc':4A,6B 'bdkt':17B 'ceilo':8B 'file':15B 'meanwell':7B 'nguon':3A,5B,16B 'optimet':18B 'ra':10B 'soat':11B 'tb':1A",2026-07-17 01:20:13.233503+00
thiet_bi,22e02e0e-8c00-4d96-9289-8535d64e9c6b,TB_49RXQS1Z,Cảm biến đo mưa,"Cảm biến đo mưa M-Tech Trạm MID Ra soat 2026-07-11, file nguon: BDKT_OPTIMET",/thiet-bi/TB_49RXQS1Z,"'-07':19B '-11':20B '2026':18B '49rxqs1z':2A 'bdkt':23B 'bien':4A,8B 'cam':3A,7B 'do':5A,9B 'file':21B 'm':12B 'm-tech':11B 'mid':15B 'mua':6A,10B 'nguon':22B 'optimet':24B 'ra':16B 'soat':17B 'tb':1A 'tech':13B 'tram':14B",2026-07-17 01:20:13.233503+00
thiet_bi,8d1996ee-34c3-4ce3-80fc-476a54ebd425,TB_JK85KN9Q,Cảm biến đo dông,"Cảm biến đo dông M-Tech Trạm MID Ra soat 2026-07-11, file nguon: BDKT_OPTIMET",/thiet-bi/TB_JK85KN9Q,"'-07':19B '-11':20B '2026':18B 'bdkt':23B 'bien':4A,8B 'cam':3A,7B 'do':5A,9B 'dong':6A,10B 'file':21B 'jk85kn9q':2A 'm':12B 'm-tech':11B 'mid':15B 'nguon':22B 'optimet':24B 'ra':16B 'soat':17B 'tb':1A 'tech':13B 'tram':14B",2026-07-17 01:20:13.233503+00
thiet_bi,f3271b48-df6e-4156-967d-bd702627b0c0,TB_FQD7DW0H,Cảm biến đo ánh sáng nền,"Cảm biến đo ánh sáng nền M-Tech Trạm MID Ra soat 2026-07-11, file nguon: BDKT_OPTIMET",/thiet-bi/TB_FQD7DW0H,"'-07':23B '-11':24B '2026':22B 'anh':6A,12B 'bdkt':27B 'bien':4A,10B 'cam':3A,9B 'do':5A,11B 'file':25B 'fqd7dw0h':2A 'm':16B 'm-tech':15B 'mid':19B 'nen':8A,14B 'nguon':26B 'optimet':28B 'ra':20B 'sang':7A,13B 'soat':21B 'tb':1A 'tech':17B 'tram':18B",2026-07-17 01:20:13.233503+00
thiet_bi,fd422ccf-ebf4-41f4-8635-c4f2f97c29f2,TB_4TNRVTJE,Bộ nguồn AC/DC,Bộ nguồn AC/DC MEAN WELL Đề xuất: Không | Hỏng hóc: 0 lần | Tình trạng: Hoạt động bình thường | VTDP: Có VTDP trong kho | Niên hạn: Không,/thiet-bi/TB_4TNRVTJE,"'0':16B '4tnrvtje':2A 'ac/dc':5A,8B 'binh':22B 'bo':3A,6B 'co':25B 'de':11B 'dong':21B 'han':30B 'hoat':20B 'hoc':15B 'hong':14B 'kho':28B 'khong':13B,31B 'lan':17B 'mean':9B 'nguon':4A,7B 'nien':29B 'tb':1A 'thuong':23B 'tinh':18B 'trang':19B 'trong':27B 'vtdp':24B,26B 'well':10B 'xuat':12B",2026-07-17 01:20:13.233503+00
thiet_bi,04b5cfc1-1296-4e81-8b5e-1d96e1132076,TB_HF87V3T8,Bộ nguồn AC/DC,DRC 100A Bộ nguồn AC/DC MEAN WELL Đề xuất: Không | Hỏng hóc: không | Tình trạng: Hoạt động bình thường | VTDP: Có VTDP trong kho | Niên hạn: Không,/thiet-bi/TB_HF87V3T8,"'100a':7B 'ac/dc':5A,10B 'binh':23B 'bo':3A,8B 'co':26B 'de':13B 'dong':22B 'drc':6B 'han':31B 'hf87v3t8':2A 'hoat':21B 'hoc':17B 'hong':16B 'kho':29B 'khong':15B,18B,32B 'mean':11B 'nguon':4A,9B 'nien':30B 'tb':1A 'thuong':24B 'tinh':19B 'trang':20B 'trong':28B 'vtdp':25B,27B 'well':12B 'xuat':14B",2026-07-17 01:20:13.233503+00
thiet_bi,e19eb455-33cf-419f-a3b4-ebb9cc858dbd,TB_PR2V1PFX,Nguồn AC/DC,"Nguồn AC/DC MeanWell CEILO 35 Ra soat 2026-07-11, file nguon: BDKT_OPTIMET",/thiet-bi/TB_PR2V1PFX,"'-07':13B '-11':14B '2026':12B '35':9B 'ac/dc':4A,6B 'bdkt':17B 'ceilo':8B 'file':15B 'meanwell':7B 'nguon':3A,5B,16B 'optimet':18B 'pr2v1pfx':2A 'ra':10B 'soat':11B 'tb':1A",2026-07-17 01:20:13.233503+00
thiet_bi,aec2a281-d35b-4ef9-80d4-c72b3df14079,TB_TD2ESQSE,Nguồn AC/DC,"Nguồn AC/DC MeanWell Trạm MID Ra soat 2026-07-11, file nguon: BDKT_OPTIMET",/thiet-bi/TB_TD2ESQSE,"'-07':13B '-11':14B '2026':12B 'ac/dc':4A,6B 'bdkt':17B 'file':15B 'meanwell':7B 'mid':9B 'nguon':3A,5B,16B 'optimet':18B 'ra':10B 'soat':11B 'tb':1A 'td2esqse':2A 'tram':8B",2026-07-17 01:20:13.233503+00
thiet_bi,64af52cf-3703-4a0c-b7a0-6fdb3c8f0b4e,TB_7SYQATQJ,Thiết bị chuyển đổi Serial/Ethernet,"TBCBB1068661 Thiết bị chuyển đổi Serial/Ethernet Moxa Trạm giữa Ra soat 2026-07-11, file nguon: THA_DAW21",/thiet-bi/TB_7SYQATQJ,"'-07':20B '-11':21B '2026':19B '7syqatqj':2A 'bi':4A,10B 'chuyen':5A,11B 'daw21':25B 'doi':6A,12B 'file':22B 'giua':16B 'moxa':14B 'nguon':23B 'ra':17B 'serial/ethernet':7A,13B 'soat':18B 'tb':1A 'tbcbb1068661':8B 'tha':24B 'thiet':3A,9B 'tram':15B",2026-07-16 03:53:31.441458+00
thiet_bi,58b58d96-26e0-4222-9a65-7d26d59f5773,TB_WA0H0Q84,Nguồn AC/DC,"Nguồn AC/DC MeanWell Trạm MID Ra soat 2026-07-11, file nguon: BDKT_OPTIMET",/thiet-bi/TB_WA0H0Q84,"'-07':13B '-11':14B '2026':12B 'ac/dc':4A,6B 'bdkt':17B 'file':15B 'meanwell':7B 'mid':9B 'nguon':3A,5B,16B 'optimet':18B 'ra':10B 'soat':11B 'tb':1A 'tram':8B 'wa0h0q84':2A",2026-07-17 01:20:13.233503+00
thiet_bi,85f64a10-0919-4fe5-a130-2db19a4105d7,TB_9MRNFQPB,Chống sét đường tín hiệu,"Chống sét đường tín hiệu RS232 Citel Trạm MID Ra soat 2026-07-11, file nguon: BDKT_OPTIMET",/thiet-bi/TB_9MRNFQPB,"'-07':20B '-11':21B '2026':19B '9mrnfqpb':2A 'bdkt':24B 'chong':3A,8B 'citel':14B 'duong':5A,10B 'file':22B 'hieu':7A,12B 'mid':16B 'nguon':23B 'optimet':25B 'ra':17B 'rs232':13B 'set':4A,9B 'soat':18B 'tb':1A 'tin':6A,11B 'tram':15B",2026-07-17 01:20:13.233503+00
thiet_bi,80d2bf97-61c1-4c3b-b5d7-24919deb478d,TB_M2VHA62X,Cắt sét nguồn AC,"Cắt sét nguồn AC nVent ERICO Ceilo 09 Ra soat 2026-07-11, file nguon: PBA_AWOS900",/thiet-bi/TB_M2VHA62X,"'-07':18B '-11':19B '09':14B '2026':17B 'ac':6A,10B 'awos900':23B 'cat':3A,7B 'ceilo':13B 'erico':12B 'file':20B 'm2vha62x':2A 'nguon':5A,9B,21B 'nvent':11B 'pba':22B 'ra':15B 'set':4A,8B 'soat':16B 'tb':1A",2026-07-17 01:20:13.233503+00
thiet_bi,d95ef535-4d6a-4851-9326-b9ad3afbdb57,TB_ND8W7VXP,Cắt sét nguồn AC,"Cắt sét nguồn AC nVent ERICO Ceilo 27 Ra soat 2026-07-11, file nguon: PBA_AWOS900",/thiet-bi/TB_ND8W7VXP,"'-07':18B '-11':19B '2026':17B '27':14B 'ac':6A,10B 'awos900':23B 'cat':3A,7B 'ceilo':13B 'erico':12B 'file':20B 'nd8w7vxp':2A 'nguon':5A,9B,21B 'nvent':11B 'pba':22B 'ra':15B 'set':4A,8B 'soat':16B 'tb':1A",2026-07-17 01:20:13.233503+00
thiet_bi,31943336-cd94-401b-87dc-4c37efc8de4d,TB_9A0P1CFC,Cắt sét nguồn AC,"Cắt sét nguồn AC nVent ERICO 09 Ra soat 2026-07-11, file nguon: PBA_AWOS900",/thiet-bi/TB_9A0P1CFC,"'-07':17B '-11':18B '09':13B '2026':16B '9a0p1cfc':2A 'ac':6A,10B 'awos900':22B 'cat':3A,7B 'erico':12B 'file':19B 'nguon':5A,9B,20B 'nvent':11B 'pba':21B 'ra':14B 'set':4A,8B 'soat':15B 'tb':1A",2026-07-17 01:20:13.233503+00
thiet_bi,530b0031-607b-4761-b384-49d2e420c387,TB_MTDA9A02,Cắt sét nguồn AC,"Cắt sét nguồn AC nVent ERICO Mid Ra soat 2026-07-11, file nguon: PBA_AWOS900",/thiet-bi/TB_MTDA9A02,"'-07':17B '-11':18B '2026':16B 'ac':6A,10B 'awos900':22B 'cat':3A,7B 'erico':12B 'file':19B 'mid':13B 'mtda9a02':2A 'nguon':5A,9B,20B 'nvent':11B 'pba':21B 'ra':14B 'set':4A,8B 'soat':15B 'tb':1A",2026-07-17 01:20:13.233503+00
thiet_bi,33e2933a-b18c-47c5-98c2-629fa07256d1,TB_KS6GE79B,CONVERTER QUANG,CONVERTER QUANG Phòng khí tượng Đề xuất: Không | Hỏng hóc: 0 lần | Tình trạng: Hoạt động bình thường | VTDP: Có dự phòng trong kho | Niên hạn: Quá 2/3,/thiet-bi/TB_KS6GE79B,"'0':15B '2/3':32B 'binh':21B 'co':24B 'converter':3A,5B 'de':10B 'dong':20B 'du':25B 'han':30B 'hoat':19B 'hoc':14B 'hong':13B 'khi':8B 'kho':28B 'khong':12B 'ks6ge79b':2A 'lan':16B 'nien':29B 'phong':7B,26B 'qua':31B 'quang':4A,6B 'tb':1A 'thuong':22B 'tinh':17B 'trang':18B 'trong':27B 'tuong':9B 'vtdp':23B 'xuat':11B",2026-07-16 03:53:31.441458+00
thiet_bi,b13f86f0-eb0f-45f4-b557-8d52e46f4957,TB_706YHW4R,Nguồn AC/DC,"Nguồn AC/DC MeanWell CEILO 17 Ra soat 2026-07-11, file nguon: BDKT_OPTIMET",/thiet-bi/TB_706YHW4R,"'-07':13B '-11':14B '17':9B '2026':12B '706yhw4r':2A 'ac/dc':4A,6B 'bdkt':17B 'ceilo':8B 'file':15B 'meanwell':7B 'nguon':3A,5B,16B 'optimet':18B 'ra':10B 'soat':11B 'tb':1A",2026-07-17 01:20:13.233503+00
thiet_bi,04b6cae0-b39f-4b6d-81ea-f89f17775ff7,TB_5NTMB9ZJ,Chống sét đường tín hiệu,"Chống sét đường tín hiệu RS232 Citel CEILO 17 Ra soat 2026-07-11, file nguon: BDKT_OPTIMET",/thiet-bi/TB_5NTMB9ZJ,"'-07':20B '-11':21B '17':16B '2026':19B '5ntmb9zj':2A 'bdkt':24B 'ceilo':15B 'chong':3A,8B 'citel':14B 'duong':5A,10B 'file':22B 'hieu':7A,12B 'nguon':23B 'optimet':25B 'ra':17B 'rs232':13B 'set':4A,9B 'soat':18B 'tb':1A 'tin':6A,11B",2026-07-17 01:20:13.233503+00
thiet_bi,98bf7aad-b6e9-485a-be90-684faa9ffc37,TB_T2PRG5BW,Cảm biến đo khí áp hiện số,"Cảm biến đo khí áp hiện số Thies Clima NHÀ QUAN TRẮC Ra soat 2026-07-11, file nguon: BDKT_OPTIMET",/thiet-bi/TB_T2PRG5BW,"'-07':25B '-11':26B '2026':24B 'ap':7A,14B 'bdkt':29B 'bien':4A,11B 'cam':3A,10B 'clima':18B 'do':5A,12B 'file':27B 'hien':8A,15B 'khi':6A,13B 'nguon':28B 'nha':19B 'optimet':30B 'quan':20B 'ra':22B 'so':9A,16B 'soat':23B 't2prg5bw':2A 'tb':1A 'thies':17B 'trac':21B",2026-07-17 01:20:13.233503+00
thiet_bi,d431e2d4-1aed-4270-8323-ab4d4004008f,TB_9J6H24JG,Cảm biến đo khí áp,"Cảm biến đo khí áp Vaisala NHÀ QUAN TRẮC Ra soat 2026-07-11, file nguon: BDKT_OPTIMET",/thiet-bi/TB_9J6H24JG,"'-07':20B '-11':21B '2026':19B '9j6h24jg':2A 'ap':7A,12B 'bdkt':24B 'bien':4A,9B 'cam':3A,8B 'do':5A,10B 'file':22B 'khi':6A,11B 'nguon':23B 'nha':14B 'optimet':25B 'quan':15B 'ra':17B 'soat':18B 'tb':1A 'trac':16B 'vaisala':13B",2026-07-17 01:20:13.233503+00
thiet_bi,a5a42369-fa18-4347-a29f-d80f673480e7,TB_45HB6A3Y,Đo nhiệt độ độ ẩm,"Đo nhiệt độ độ ẩm LỀU KHÍ TƯỢNG Ra soat 2026-07-11, file nguon: BDKT_OPTIMET",/thiet-bi/TB_45HB6A3Y,"'-07':19B '-11':20B '2026':18B '45hb6a3y':2A 'am':7A,12B 'bdkt':23B 'do':3A,5A,6A,8B,10B,11B 'file':21B 'khi':14B 'leu':13B 'nguon':22B 'nhiet':4A,9B 'optimet':24B 'ra':16B 'soat':17B 'tb':1A 'tuong':15B",2026-07-17 01:20:13.233503+00
thiet_bi,b27f9a1b-fbc2-4523-8e44-9f66853100f6,TB_B08YGP50,Bộ nguồn AC/DC,Bộ nguồn AC/DC MEAN WELL Đề xuất: Không | Hỏng hóc: 0 lần | Tình trạng: Hoạt động bình thường | VTDP: Có dự phòng trong kho | Niên hạn: Không,/thiet-bi/TB_B08YGP50,"'0':16B 'ac/dc':5A,8B 'b08ygp50':2A 'binh':22B 'bo':3A,6B 'co':25B 'de':11B 'dong':21B 'du':26B 'han':31B 'hoat':20B 'hoc':15B 'hong':14B 'kho':29B 'khong':13B,32B 'lan':17B 'mean':9B 'nguon':4A,7B 'nien':30B 'phong':27B 'tb':1A 'thuong':23B 'tinh':18B 'trang':19B 'trong':28B 'vtdp':24B 'well':10B 'xuat':12B",2026-07-17 01:20:13.233503+00
thiet_bi,09e6534f-d19e-41a9-82d7-d09db1407f46,TB_V7X56MXB,Thiết bị chống sét LAN 24 port,PL24-CAT6 Thiết bị chống sét LAN 24 port Citel Hỏng hóc: 0 lần | Tình trạng: Hoạt động bình thường | VTDP: Không | Niên hạn: Không,/thiet-bi/TB_V7X56MXB,"'0':23B '24':8A,18B 'bi':4A,14B 'binh':29B 'cat6':12B 'chong':5A,15B 'citel':20B 'dong':28B 'han':34B 'hoat':27B 'hoc':22B 'hong':21B 'khong':32B,35B 'lan':7A,17B,24B 'nien':33B 'pl24':11B 'pl24-cat6':10B 'port':9A,19B 'set':6A,16B 'tb':1A 'thiet':3A,13B 'thuong':30B 'tinh':25B 'trang':26B 'v7x56mxb':2A 'vtdp':31B",2026-07-17 01:20:13.233503+00
thiet_bi,0da8c12c-e64f-4b8b-8a0b-2fb5cb13dd9c,TB_VFRTJDHX,Chống sét đường tín hiệu (X4),"Chống sét đường tín hiệu MicroStep-MIS P. THIẾT BỊ Ra soat 2026-07-11, file nguon: PCA_IMS",/thiet-bi/TB_VFRTJDHX,"'-07':23B '-11':24B '2026':22B 'bi':19B 'chong':3A,9B 'duong':5A,11B 'file':25B 'hieu':7A,13B 'ims':28B 'microstep':15B 'microstep-mis':14B 'mis':16B 'nguon':26B 'p':17B 'pca':27B 'ra':20B 'set':4A,10B 'soat':21B 'tb':1A 'thiet':18B 'tin':6A,12B 'vfrtjdhx':2A 'x4':8A",2026-07-17 01:20:13.233503+00
thiet_bi,d7f9dfb9-4f0a-4cb8-b8a7-d16d200f4712,TB_FA4MCKF8,Chống sét tín hiệu RS232(X7),"Chống sét đường tín hiệu AT3W P. THIẾT BỊ Ra soat 2026-07-11, file nguon: PCA_IMS",/thiet-bi/TB_FA4MCKF8,"'-07':21B '-11':22B '2026':20B 'at3w':14B 'bi':17B 'chong':3A,9B 'duong':11B 'fa4mckf8':2A 'file':23B 'hieu':6A,13B 'ims':26B 'nguon':24B 'p':15B 'pca':25B 'ra':18B 'rs232':7A 'set':4A,10B 'soat':19B 'tb':1A 'thiet':16B 'tin':5A,12B 'x7':8A",2026-07-17 01:20:13.233503+00
thiet_bi,0aa7a544-273f-4942-a6d2-b3444f1b608d,TB_73WYGV8N,Cắt lọc sét nguồn AC,"Thiết bị cắt lọc sét 1 pha nVent ERICO NGUỒN AC-15 Ra soat 2026-07-11, file nguon: PCA_IMS",/thiet-bi/TB_73WYGV8N,"'-07':23B '-11':24B '-15':19B '1':13B '2026':22B '73wygv8n':2A 'ac':7A,18B 'bi':9B 'cat':3A,10B 'erico':16B 'file':25B 'ims':28B 'loc':4A,11B 'nguon':6A,17B,26B 'nvent':15B 'pca':27B 'pha':14B 'ra':20B 'set':5A,12B 'soat':21B 'tb':1A 'thiet':8B",2026-07-17 01:20:13.233503+00
thiet_bi,bb68c5b5-0bea-4953-a1a9-f7c53926b82f,TB_VZXP0PMP,Cắt lọc sét 1 pha,"Cắt lọc sét 1 pha Lpt NGUỒN AC-15 Ra soat 2026-07-11, file nguon: PCA_IMS",/thiet-bi/TB_VZXP0PMP,"'-07':20B '-11':21B '-15':16B '1':6A,11B '2026':19B 'ac':15B 'cat':3A,8B 'file':22B 'ims':25B 'loc':4A,9B 'lpt':13B 'nguon':14B,23B 'pca':24B 'pha':7A,12B 'ra':17B 'set':5A,10B 'soat':18B 'tb':1A 'vzxp0pmp':2A",2026-07-17 01:20:13.233503+00
thiet_bi,5dc0c18f-292b-4bf6-9a48-ed7606276877,TB_J6QR9KXT,Cắt lọc sét 1 pha,"Cắt lọc sét 1 pha Lpt NGUỒN AC-33 Ra soat 2026-07-11, file nguon: PCA_IMS",/thiet-bi/TB_J6QR9KXT,"'-07':20B '-11':21B '-33':16B '1':6A,11B '2026':19B 'ac':15B 'cat':3A,8B 'file':22B 'ims':25B 'j6qr9kxt':2A 'loc':4A,9B 'lpt':13B 'nguon':14B,23B 'pca':24B 'pha':7A,12B 'ra':17B 'set':5A,10B 'soat':18B 'tb':1A",2026-07-17 01:20:13.233503+00
thiet_bi,9d448ba0-76ed-4483-a7ff-7f45f9ee67aa,TB_BFXMH95C,Cắt lọc sét nguồn AC,"Cắt lọc sét nguồn AC Schneider AWS-33 Ra soat 2026-07-11, file nguon: PCA_IMS",/thiet-bi/TB_BFXMH95C,"'-07':19B '-11':20B '-33':15B '2026':18B 'ac':7A,12B 'aws':14B 'bfxmh95c':2A 'cat':3A,8B 'file':21B 'ims':24B 'loc':4A,9B 'nguon':6A,11B,22B 'pca':23B 'ra':16B 'schneider':13B 'set':5A,10B 'soat':17B 'tb':1A",2026-07-17 01:20:13.233503+00
thiet_bi,d914f929-ca0d-4b01-a7c9-8569e26593df,TB_02EJNRWJ,Cắt lọc sét nguồn AC,"Cắt lọc sét nguồn AC Schneider UHF-CEILO-33 Ra soat 2026-07-11, file nguon: PCA_IMS",/thiet-bi/TB_02EJNRWJ,"'-07':21B '-11':22B '02ejnrwj':2A '2026':20B '33':17B 'ac':7A,12B 'cat':3A,8B 'ceilo':16B 'file':23B 'ims':26B 'loc':4A,9B 'nguon':6A,11B,24B 'pca':25B 'ra':18B 'schneider':13B 'set':5A,10B 'soat':19B 'tb':1A 'uhf':15B 'uhf-ceilo':14B",2026-07-17 01:20:13.233503+00
thiet_bi,5b0eef01-f28a-4200-861f-287c6547f44b,TB_X228HA22,Cắt lọc sét nguồn AC,"Cắt lọc sét nguồn AC Schneider UHF-33 Ra soat 2026-07-11, file nguon: PCA_IMS",/thiet-bi/TB_X228HA22,"'-07':19B '-11':20B '-33':15B '2026':18B 'ac':7A,12B 'cat':3A,8B 'file':21B 'ims':24B 'loc':4A,9B 'nguon':6A,11B,22B 'pca':23B 'ra':16B 'schneider':13B 'set':5A,10B 'soat':17B 'tb':1A 'uhf':14B 'x228ha22':2A",2026-07-17 01:20:13.233503+00
thiet_bi,30437767-c462-4768-b1e4-c4a89c2db411,TB_CQJ6RA9B,Chống sét đường tín hiệu,"Chống sét đường tín hiệu MicroStep-MIS P. THIẾT BỊ Ra soat 2026-07-11, file nguon: PCA_IMS",/thiet-bi/TB_CQJ6RA9B,"'-07':22B '-11':23B '2026':21B 'bi':18B 'chong':3A,8B 'cqj6ra9b':2A 'duong':5A,10B 'file':24B 'hieu':7A,12B 'ims':27B 'microstep':14B 'microstep-mis':13B 'mis':15B 'nguon':25B 'p':16B 'pca':26B 'ra':19B 'set':4A,9B 'soat':20B 'tb':1A 'thiet':17B 'tin':6A,11B",2026-07-17 01:20:13.233503+00
thiet_bi,d7b7c484-d22e-427e-83cb-364b33848559,TB_HZPXEHTR,Chống sét đường tín hiệu,"Chống sét đường tín hiệu MicroStep-MIS AWS-15 Ra soat 2026-07-11, file nguon: PCA_IMS",/thiet-bi/TB_HZPXEHTR,"'-07':21B '-11':22B '-15':17B '2026':20B 'aws':16B 'chong':3A,8B 'duong':5A,10B 'file':23B 'hieu':7A,12B 'hzpxehtr':2A 'ims':26B 'microstep':14B 'microstep-mis':13B 'mis':15B 'nguon':24B 'pca':25B 'ra':18B 'set':4A,9B 'soat':19B 'tb':1A 'tin':6A,11B",2026-07-17 01:20:13.233503+00
thiet_bi,44b585f2-4ff2-4883-bd71-ca193779961b,TB_X221Y4PW,Chống sét đường tín hiệu,"Chống sét đường tín hiệu MicroStep-MIS VIS-15 Ra soat 2026-07-11, file nguon: PCA_IMS",/thiet-bi/TB_X221Y4PW,"'-07':21B '-11':22B '-15':17B '2026':20B 'chong':3A,8B 'duong':5A,10B 'file':23B 'hieu':7A,12B 'ims':26B 'microstep':14B 'microstep-mis':13B 'mis':15B 'nguon':24B 'pca':25B 'ra':18B 'set':4A,9B 'soat':19B 'tb':1A 'tin':6A,11B 'vis':16B 'x221y4pw':2A",2026-07-17 01:20:13.233503+00
thiet_bi,0c2a947f-15c4-47e7-b351-78d8690e90e1,TB_S2QAA4AX,Chống sét đường tín hiệu,"Chống sét đường tín hiệu MicroStep-MIS CEILO-15 Ra soat 2026-07-11, file nguon: PCA_IMS",/thiet-bi/TB_S2QAA4AX,"'-07':21B '-11':22B '-15':17B '2026':20B 'ceilo':16B 'chong':3A,8B 'duong':5A,10B 'file':23B 'hieu':7A,12B 'ims':26B 'microstep':14B 'microstep-mis':13B 'mis':15B 'nguon':24B 'pca':25B 'ra':18B 's2qaa4ax':2A 'set':4A,9B 'soat':19B 'tb':1A 'tin':6A,11B",2026-07-17 01:20:13.233503+00
thiet_bi,426323b9-860c-4b8b-a13e-5092674ccbeb,TB_2WBBK6PF,Chống sét đường tín hiệu,"Chống sét đường tín hiệu MicroStep-MIS AWS-15 Ra soat 2026-07-11, file nguon: PCA_IMS",/thiet-bi/TB_2WBBK6PF,"'-07':21B '-11':22B '-15':17B '2026':20B '2wbbk6pf':2A 'aws':16B 'chong':3A,8B 'duong':5A,10B 'file':23B 'hieu':7A,12B 'ims':26B 'microstep':14B 'microstep-mis':13B 'mis':15B 'nguon':24B 'pca':25B 'ra':18B 'set':4A,9B 'soat':19B 'tb':1A 'tin':6A,11B",2026-07-17 01:20:13.233503+00
thiet_bi,80fbebfb-38c2-46ff-8375-1c9f40d4c5e9,TB_QBTBNMAZ,Chống sét đường tín hiệu,"Chống sét đường tín hiệu MicroStep-MIS VIS-33 Ra soat 2026-07-11, file nguon: PCA_IMS",/thiet-bi/TB_QBTBNMAZ,"'-07':21B '-11':22B '-33':17B '2026':20B 'chong':3A,8B 'duong':5A,10B 'file':23B 'hieu':7A,12B 'ims':26B 'microstep':14B 'microstep-mis':13B 'mis':15B 'nguon':24B 'pca':25B 'qbtbnmaz':2A 'ra':18B 'set':4A,9B 'soat':19B 'tb':1A 'tin':6A,11B 'vis':16B",2026-07-17 01:20:13.233503+00
thiet_bi,2d64509f-1878-46f8-a01d-7b34bba27af3,TB_ZXAFZM4T,Chống sét đường tín hiệu,"Chống sét đường tín hiệu MicroStep-MIS TST-33 Ra soat 2026-07-11, file nguon: PCA_IMS",/thiet-bi/TB_ZXAFZM4T,"'-07':21B '-11':22B '-33':17B '2026':20B 'chong':3A,8B 'duong':5A,10B 'file':23B 'hieu':7A,12B 'ims':26B 'microstep':14B 'microstep-mis':13B 'mis':15B 'nguon':24B 'pca':25B 'ra':18B 'set':4A,9B 'soat':19B 'tb':1A 'tin':6A,11B 'tst':16B 'zxafzm4t':2A",2026-07-17 01:20:13.233503+00
thiet_bi,1c0c4d71-ac09-4c90-a29b-0cafc9c0b8ae,TB_Z8CMFSF1,Chống sét đường tín hiệu,"Chống sét đường tín hiệu Citel VIS-33 Ra soat 2026-07-11, file nguon: PCA_IMS",/thiet-bi/TB_Z8CMFSF1,"'-07':19B '-11':20B '-33':15B '2026':18B 'chong':3A,8B 'citel':13B 'duong':5A,10B 'file':21B 'hieu':7A,12B 'ims':24B 'nguon':22B 'pca':23B 'ra':16B 'set':4A,9B 'soat':17B 'tb':1A 'tin':6A,11B 'vis':14B 'z8cmfsf1':2A",2026-07-17 01:20:13.233503+00
thiet_bi,203c1732-c6f3-4258-b389-18b65a01b9f2,TB_4V8651HP,Chống sét đường tín hiệu,"Chống sét đường tín hiệu MicroStep-MIS CEILO-33 Ra soat 2026-07-11, file nguon: PCA_IMS",/thiet-bi/TB_4V8651HP,"'-07':21B '-11':22B '-33':17B '2026':20B '4v8651hp':2A 'ceilo':16B 'chong':3A,8B 'duong':5A,10B 'file':23B 'hieu':7A,12B 'ims':26B 'microstep':14B 'microstep-mis':13B 'mis':15B 'nguon':24B 'pca':25B 'ra':18B 'set':4A,9B 'soat':19B 'tb':1A 'tin':6A,11B",2026-07-17 01:20:13.233503+00
thiet_bi,e3ae4467-1eac-482b-8566-2169da04afbe,TB_08121ZEE,Chống sét tín hiệu RS232,"Chống sét đường tín hiệu AT3W QUANG-CEILO-33 Ra soat 2026-07-11, file nguon: PCA_IMS",/thiet-bi/TB_08121ZEE,"'-07':21B '-11':22B '08121zee':2A '2026':20B '33':17B 'at3w':13B 'ceilo':16B 'chong':3A,8B 'duong':10B 'file':23B 'hieu':6A,12B 'ims':26B 'nguon':24B 'pca':25B 'quang':15B 'quang-ceilo':14B 'ra':18B 'rs232':7A 'set':4A,9B 'soat':19B 'tb':1A 'tin':5A,11B",2026-07-17 01:20:13.233503+00
thiet_bi,33d63036-3303-4162-8087-8a5fa64818a8,TB_1FK8A3NB,Chống sét đường tín hiệu,"Chống sét đường tín hiệu Citel AWS-33 Ra soat 2026-07-11, file nguon: PCA_IMS",/thiet-bi/TB_1FK8A3NB,"'-07':19B '-11':20B '-33':15B '1fk8a3nb':2A '2026':18B 'aws':14B 'chong':3A,8B 'citel':13B 'duong':5A,10B 'file':21B 'hieu':7A,12B 'ims':24B 'nguon':22B 'pca':23B 'ra':16B 'set':4A,9B 'soat':17B 'tb':1A 'tin':6A,11B",2026-07-17 01:20:13.233503+00
thiet_bi,256a26cc-108e-463a-8f42-9f41273872ab,TB_1T53F8EM,Chống sét đường tín hiệu,"Chống sét đường tín hiệu Citel TST-33 Ra soat 2026-07-11, file nguon: PCA_IMS",/thiet-bi/TB_1T53F8EM,"'-07':19B '-11':20B '-33':15B '1t53f8em':2A '2026':18B 'chong':3A,8B 'citel':13B 'duong':5A,10B 'file':21B 'hieu':7A,12B 'ims':24B 'nguon':22B 'pca':23B 'ra':16B 'set':4A,9B 'soat':17B 'tb':1A 'tin':6A,11B 'tst':14B",2026-07-17 01:20:13.233503+00
thiet_bi,f5b5927e-fa65-43f5-907a-0419a6ef0842,TB_SCFVYFNY,Chống sét đường tín hiệu,"Chống sét đường tín hiệu Citel QUANG-CEILO-33 Ra soat 2026-07-11, file nguon: PCA_IMS",/thiet-bi/TB_SCFVYFNY,"'-07':21B '-11':22B '2026':20B '33':17B 'ceilo':16B 'chong':3A,8B 'citel':13B 'duong':5A,10B 'file':23B 'hieu':7A,12B 'ims':26B 'nguon':24B 'pca':25B 'quang':15B 'quang-ceilo':14B 'ra':18B 'scfvyfny':2A 'set':4A,9B 'soat':19B 'tb':1A 'tin':6A,11B",2026-07-17 01:20:13.233503+00
thiet_bi,30302ada-253c-4a0d-bbc5-3c0565ebd66b,TB_MF1T72JW,Trạm RWAY đầu 20,Trạm RWAY đầu 20 Trạm khí tượng Hỏng hóc: 1 lần: 03/2024: mất gió trên đường truyền UHF | Tình trạng: Hoạt động bình thường | VTDP: Không | Niên hạn: Không,/thiet-bi/TB_MF1T72JW,"'03/2024':18B '1':16B '20':6A,10B 'binh':29B 'dau':5A,9B 'dong':28B 'duong':22B 'gio':20B 'han':34B 'hoat':27B 'hoc':15B 'hong':14B 'khi':12B 'khong':32B,35B 'lan':17B 'mat':19B 'mf1t72jw':2A 'nien':33B 'rway':4A,8B 'tb':1A 'thuong':30B 'tinh':25B 'tram':3A,7B,11B 'trang':26B 'tren':21B 'truyen':23B 'tuong':13B 'uhf':24B 'vtdp':31B",2026-07-16 03:53:31.441458+00
thiet_bi,d844a62b-c68a-4e8c-ba28-2637045bf697,TB_BHAV7324,CONVETER QUANG,CONVETER QUANG Trạm khí tượng Đề xuất: Không | Hỏng hóc: 0 lần | Tình trạng: Hoạt động bình thường | VTDP: Có dự phòng trong kho | Niên hạn: Quá 2/3,/thiet-bi/TB_BHAV7324,"'0':15B '2/3':32B 'bhav7324':2A 'binh':21B 'co':24B 'conveter':3A,5B 'de':10B 'dong':20B 'du':25B 'han':30B 'hoat':19B 'hoc':14B 'hong':13B 'khi':8B 'kho':28B 'khong':12B 'lan':16B 'nien':29B 'phong':26B 'qua':31B 'quang':4A,6B 'tb':1A 'thuong':22B 'tinh':17B 'tram':7B 'trang':18B 'trong':27B 'tuong':9B 'vtdp':23B 'xuat':11B",2026-07-16 03:53:31.441458+00
thiet_bi,1f5a33f2-9e5e-4877-beac-84af73547d58,TB_TNNR8EPA,Cắt lọc sét nguồn AC,"Cắt lọc sét nguồn AC Phoenix Contact Trạm 17 Ra soat 2026-07-11, file nguon: BDKT_OPTIMET",/thiet-bi/TB_TNNR8EPA,"'-07':20B '-11':21B '17':16B '2026':19B 'ac':7A,12B 'bdkt':24B 'cat':3A,8B 'contact':14B 'file':22B 'loc':4A,9B 'nguon':6A,11B,23B 'optimet':25B 'phoenix':13B 'ra':17B 'set':5A,10B 'soat':18B 'tb':1A 'tnnr8epa':2A 'tram':15B",2026-07-16 03:53:31.441458+00
thiet_bi,afbeee3d-a470-4333-bcd1-7cb16c994642,TB_NYRDFMAP,CONVERTER QUANG,CONVERTER QUANG Trạm khí tượng Đề xuất: Không | Hỏng hóc: 0 lần | Tình trạng: Hoạt động bình thường | VTDP: Có VTDP trong kho | Niên hạn: Quá 2/3,/thiet-bi/TB_NYRDFMAP,"'0':15B '2/3':31B 'binh':21B 'co':24B 'converter':3A,5B 'de':10B 'dong':20B 'han':29B 'hoat':19B 'hoc':14B 'hong':13B 'khi':8B 'kho':27B 'khong':12B 'lan':16B 'nien':28B 'nyrdfmap':2A 'qua':30B 'quang':4A,6B 'tb':1A 'thuong':22B 'tinh':17B 'tram':7B 'trang':18B 'trong':26B 'tuong':9B 'vtdp':23B,25B 'xuat':11B",2026-07-16 03:53:31.441458+00
thiet_bi,f6af1d84-5bce-40d8-9bfc-7cd5267bc4a9,TB_78PR9Y4A,CONVERTER QUANG,CONVERTER QUANG Trạm khí tượng Đề xuất: Không | Hỏng hóc: không | Tình trạng: Hoạt động bình thường | VTDP: Có VTDP trong kho | Niên hạn: Quá 2/3,/thiet-bi/TB_78PR9Y4A,"'2/3':30B '78pr9y4a':2A 'binh':20B 'co':23B 'converter':3A,5B 'de':10B 'dong':19B 'han':28B 'hoat':18B 'hoc':14B 'hong':13B 'khi':8B 'kho':26B 'khong':12B,15B 'nien':27B 'qua':29B 'quang':4A,6B 'tb':1A 'thuong':21B 'tinh':16B 'tram':7B 'trang':17B 'trong':25B 'tuong':9B 'vtdp':22B,24B 'xuat':11B",2026-07-16 03:53:31.441458+00
thiet_bi,044dea87-339f-43b5-9b2e-23ffca10c48b,TB_MAD1MV7C,"Cột, túi gió đầu 02","Cột, túi gió đầu 02 Trạm khí tượng Hỏng hóc: 0 lần | Tình trạng: Hoạt động bình thường | VTDP: Không | Niên hạn: Quá 2/3",/thiet-bi/TB_MAD1MV7C,"'0':18B '02':7A,12B '2/3':31B 'binh':24B 'cot':3A,8B 'dau':6A,11B 'dong':23B 'gio':5A,10B 'han':29B 'hoat':22B 'hoc':17B 'hong':16B 'khi':14B 'khong':27B 'lan':19B 'mad1mv7c':2A 'nien':28B 'qua':30B 'tb':1A 'thuong':25B 'tinh':20B 'tram':13B 'trang':21B 'tui':4A,9B 'tuong':15B 'vtdp':26B",2026-07-16 03:53:31.441458+00
thiet_bi,42318abc-afbf-4a17-9fc2-e1d8c3ca44a1,TB_7RZWV9W3,"Cột, túi gió đầu 20","Cột, túi gió đầu 20 Trạm khí tượng Hỏng hóc: 0 lần | Tình trạng: Hoạt động bình thường | VTDP: Không | Niên hạn: Quá 2/3",/thiet-bi/TB_7RZWV9W3,"'0':18B '2/3':31B '20':7A,12B '7rzwv9w3':2A 'binh':24B 'cot':3A,8B 'dau':6A,11B 'dong':23B 'gio':5A,10B 'han':29B 'hoat':22B 'hoc':17B 'hong':16B 'khi':14B 'khong':27B 'lan':19B 'nien':28B 'qua':30B 'tb':1A 'thuong':25B 'tinh':20B 'tram':13B 'trang':21B 'tui':4A,9B 'tuong':15B 'vtdp':26B",2026-07-16 03:53:31.441458+00
thiet_bi,83f5d0ed-672b-45a3-99cb-1dade6df02dc,TB_PY06FP8J,PC Display MET,PC Display MET Phòng khí tượng Đề xuất: Đề nghị mua HĐH Windows bản quyền sử dụng chung cho các đầu cuối | Hỏng hóc: không | Tình trạng: Hoạt động bình thường | VTDP: Có 2 CPU (HP Z2) dự phòng trong kho dự phòng nhưng phải mua HĐH Windows để cài đặt | Niên hạn: Quá 2/3,/thiet-bi/TB_PY06FP8J,"'2':39B '2/3':60B 'ban':19B 'binh':35B 'cac':25B 'cai':55B 'cho':24B 'chung':23B 'co':38B 'cpu':40B 'cuoi':27B 'dat':56B 'dau':26B 'de':12B,14B,54B 'display':4A,7B 'dong':34B 'du':43B,47B 'dung':22B 'han':58B 'hdh':17B,52B 'hoat':33B 'hoc':29B 'hong':28B 'hp':41B 'khi':10B 'kho':46B 'khong':30B 'met':5A,8B 'mua':16B,51B 'nghi':15B 'nhung':49B 'nien':57B 'pc':3A,6B 'phai':50B 'phong':9B,44B,48B 'py06fp8j':2A 'qua':59B 'quyen':20B 'su':21B 'tb':1A 'thuong':36B 'tinh':31B 'trang':32B 'trong':45B 'tuong':11B 'vtdp':37B 'windows':18B,53B 'xuat':13B 'z2':42B",2026-07-16 03:53:31.441458+00
thiet_bi,bfe91584-c1b6-46b9-83bd-872b134979ed,TB_1YXNCKBT,Trạm đo trần mây đầu 20,Trạm đo trần mây đầu 20 Trạm khí tượng Niên hạn: Không,/thiet-bi/TB_1YXNCKBT,"'1yxnckbt':2A '20':8A,14B 'dau':7A,13B 'do':4A,10B 'han':19B 'khi':16B 'khong':20B 'may':6A,12B 'nien':18B 'tb':1A 'tram':3A,9B,15B 'tran':5A,11B 'tuong':17B",2026-07-16 03:53:31.441458+00
thiet_bi,199aed99-4028-4ec5-b5e0-ea6e57315b28,TB_MKWKD7RW,Cắt lọc sét nguồn AC,"Cắt sét nguồn 220VAC -  UHF Schneider Trạm 17 Ra soat 2026-07-11, file nguon: BDKT_OPTIMET",/thiet-bi/TB_MKWKD7RW,"'-07':19B '-11':20B '17':15B '2026':18B '220vac':11B 'ac':7A 'bdkt':23B 'cat':3A,8B 'file':21B 'loc':4A 'mkwkd7rw':2A 'nguon':6A,10B,22B 'optimet':24B 'ra':16B 'schneider':13B 'set':5A,9B 'soat':17B 'tb':1A 'tram':14B 'uhf':12B",2026-07-16 03:53:31.441458+00
thiet_bi,af6b49e9-8a23-408c-92a5-17e08d7eb9f3,TB_CH2XP8A9,Data Taker DT80,093882 Data Taker DT80 MTECH Trạm khí tượng Đề xuất: Không | Hỏng hóc: không | Tình trạng: Hoạt động bình thường | VTDP: Có VTDP trong kho | Niên hạn: Quá 2/3,/thiet-bi/TB_CH2XP8A9,"'093882':6B '2/3':34B 'binh':24B 'ch2xp8a9':2A 'co':27B 'data':3A,7B 'de':14B 'dong':23B 'dt80':5A,9B 'han':32B 'hoat':22B 'hoc':18B 'hong':17B 'khi':12B 'kho':30B 'khong':16B,19B 'mtech':10B 'nien':31B 'qua':33B 'taker':4A,8B 'tb':1A 'thuong':25B 'tinh':20B 'tram':11B 'trang':21B 'trong':29B 'tuong':13B 'vtdp':26B,28B 'xuat':15B",2026-07-16 03:53:31.441458+00
thiet_bi,169ac7e4-937b-4f7a-9e36-e9daadf49e7e,TB_JA2GK2Q0,PC OPT - OBS 2,PC OPT - OBS 2 Phòng khí tượng Đề xuất: Đề nghị mua HĐH Windows bản quyền sử dụng chung cho các đầu cuối | Hỏng hóc: không | Tình trạng: Hoạt động bình thường | VTDP: Có 2 CPU (HP Z2) dự phòng trong kho dự phòng nhưng phải mua HĐH Windows để cài đặt | Niên hạn: Quá 2/3,/thiet-bi/TB_JA2GK2Q0,"'2':6A,10B,41B '2/3':62B 'ban':21B 'binh':37B 'cac':27B 'cai':57B 'cho':26B 'chung':25B 'co':40B 'cpu':42B 'cuoi':29B 'dat':58B 'dau':28B 'de':14B,16B,56B 'dong':36B 'du':45B,49B 'dung':24B 'han':60B 'hdh':19B,54B 'hoat':35B 'hoc':31B 'hong':30B 'hp':43B 'ja2gk2q0':2A 'khi':12B 'kho':48B 'khong':32B 'mua':18B,53B 'nghi':17B 'nhung':51B 'nien':59B 'obs':5A,9B 'opt':4A,8B 'pc':3A,7B 'phai':52B 'phong':11B,46B,50B 'qua':61B 'quyen':22B 'su':23B 'tb':1A 'thuong':38B 'tinh':33B 'trang':34B 'trong':47B 'tuong':13B 'vtdp':39B 'windows':20B,55B 'xuat':15B 'z2':44B",2026-07-16 03:53:31.441458+00
thiet_bi,72b85e48-8148-478d-b2aa-5852c6f9e69f,TB_PMH9J6TE,Data logger,"1020461 Data logger NESA Trạm giữa Ra soat 2026-07-11, file nguon: THA_DAW21",/thiet-bi/TB_PMH9J6TE,"'-07':14B '-11':15B '1020461':5B '2026':13B 'data':3A,6B 'daw21':19B 'file':16B 'giua':10B 'logger':4A,7B 'nesa':8B 'nguon':17B 'pmh9j6te':2A 'ra':11B 'soat':12B 'tb':1A 'tha':18B 'tram':9B",2026-07-16 03:53:31.441458+00
thiet_bi,de625f01-2181-434d-9b44-d9add344c450,TB_DJMBRQRC,Chống sét đường tín hiệu(x3),"Chống sét đường tín hiệu Citel UHF-15 Ra soat 2026-07-11, file nguon: PCA_IMS",/thiet-bi/TB_DJMBRQRC,"'-07':20B '-11':21B '-15':16B '2026':19B 'chong':3A,9B 'citel':14B 'djmbrqrc':2A 'duong':5A,11B 'file':22B 'hieu':7A,13B 'ims':25B 'nguon':23B 'pca':24B 'ra':17B 'set':4A,10B 'soat':18B 'tb':1A 'tin':6A,12B 'uhf':15B 'x3':8A",2026-07-17 01:20:13.233503+00
thiet_bi,5696e1b6-78c1-47de-86bd-f22fa0601c42,TB_31APD2TN,Sensor đo gió 4.3820.00.300,08240186 Cảm biến đo hướng và tốc độ gió Thies Clima Trạm khí tượng Đề xuất: Đề nghị mua sắm sử dụng chung cho các sân bay | Tình trạng: Hoạt động bình thường | VTDP: Hiện nay chỉ còn 1 sensor gió dự phòng tại Phú Bài | Niên hạn: Không,/thiet-bi/TB_31APD2TN,"'08240186':7B '1':45B '31apd2tn':2A '4.3820.00.300':6A 'bai':52B 'bay':33B 'bien':9B 'binh':38B 'cac':31B 'cam':8B 'chi':43B 'cho':30B 'chung':29B 'clima':17B 'con':44B 'de':21B,23B 'do':4A,10B,14B 'dong':37B 'du':48B 'dung':28B 'gio':5A,15B,47B 'han':54B 'hien':41B 'hoat':36B 'huong':11B 'khi':19B 'khong':55B 'mua':25B 'nay':42B 'nghi':24B 'nien':53B 'phong':49B 'phu':51B 'sam':26B 'san':32B 'sensor':3A,46B 'su':27B 'tai':50B 'tb':1A 'thies':16B 'thuong':39B 'tinh':34B 'toc':13B 'tram':18B 'trang':35B 'tuong':20B 'va':12B 'vtdp':40B 'xuat':22B",2026-07-16 03:53:31.441458+00
thiet_bi,7803d454-e34a-438a-ae1f-bbad0880380b,TB_V9P4VVEN,SWITCH TPLINK + Adaptor,2239266017949 SWITCH TPLINK + Adaptor TP-Link 2023 Hỏng hóc: 0 lần | Tình trạng: Khai thác bình thường | VTDP: Không có VTDP | Niên hạn: Không,/thiet-bi/TB_V9P4VVEN,"'0':16B '2023':13B '2239266017949':6B 'adaptor':5A,9B 'binh':22B 'co':26B 'han':29B 'hoc':15B 'hong':14B 'khai':20B 'khong':25B,30B 'lan':17B 'link':12B 'nien':28B 'switch':3A,7B 'tb':1A 'thac':21B 'thuong':23B 'tinh':18B 'tp':11B 'tp-link':10B 'tplink':4A,8B 'trang':19B 'v9p4vven':2A 'vtdp':24B,27B",2026-07-16 03:53:31.441458+00
thiet_bi,fa3b498f-f32d-4a95-8adc-47e2a78ef249,TB_W9GXE3PG,Chống sét đường tín hiệu (x3),"Chống sét đường tín hiệu Citel UHF-33 Ra soat 2026-07-11, file nguon: PCA_IMS",/thiet-bi/TB_W9GXE3PG,"'-07':20B '-11':21B '-33':16B '2026':19B 'chong':3A,9B 'citel':14B 'duong':5A,11B 'file':22B 'hieu':7A,13B 'ims':25B 'nguon':23B 'pca':24B 'ra':17B 'set':4A,10B 'soat':18B 'tb':1A 'tin':6A,12B 'uhf':15B 'w9gxe3pg':2A 'x3':8A",2026-07-17 01:20:13.233503+00
thiet_bi,25e2509e-7331-4a80-85c2-a87f51050c17,TB_74GB627Y,Server M,"Server M Phòng khí tượng Đề xuất: Mua sắm VTDP sử dụng chung cho AWOS Optimet CR, ĐN, Tuy Hòa, Phú Bài | Hỏng hóc: 0 lần | Tình trạng: Hoạt động bình thường | VTDP: Không | Niên hạn: Quá niên hạn",/thiet-bi/TB_74GB627Y,"'0':29B '74gb627y':2A 'awos':19B 'bai':26B 'binh':35B 'cho':18B 'chung':17B 'cr':21B 'de':10B 'dn':22B 'dong':34B 'dung':16B 'han':40B,43B 'hoa':24B 'hoat':33B 'hoc':28B 'hong':27B 'khi':8B 'khong':38B 'lan':30B 'm':4A,6B 'mua':12B 'nien':39B,42B 'optimet':20B 'phong':7B 'phu':25B 'qua':41B 'sam':13B 'server':3A,5B 'su':15B 'tb':1A 'thuong':36B 'tinh':31B 'trang':32B 'tuong':9B 'tuy':23B 'vtdp':14B,37B 'xuat':11B",2026-07-16 03:53:31.441458+00
thiet_bi,ca7715b7-3949-431f-aaa1-cee0ce50d987,TB_Z7QVN7Y9,Server STB,"Server STB Phòng khí tượng Đề xuất: Mua sắm VTDP sử dụng chung cho AWOS Optimet CR, ĐN, Tuy Hòa, Phú Bài | Hỏng hóc: 0 lần | Tình trạng: Hoạt động bình thường | VTDP: Không | Niên hạn: Quá niên hạn",/thiet-bi/TB_Z7QVN7Y9,"'0':29B 'awos':19B 'bai':26B 'binh':35B 'cho':18B 'chung':17B 'cr':21B 'de':10B 'dn':22B 'dong':34B 'dung':16B 'han':40B,43B 'hoa':24B 'hoat':33B 'hoc':28B 'hong':27B 'khi':8B 'khong':38B 'lan':30B 'mua':12B 'nien':39B,42B 'optimet':20B 'phong':7B 'phu':25B 'qua':41B 'sam':13B 'server':3A,5B 'stb':4A,6B 'su':15B 'tb':1A 'thuong':36B 'tinh':31B 'trang':32B 'tuong':9B 'tuy':23B 'vtdp':14B,37B 'xuat':11B 'z7qvn7y9':2A",2026-07-16 03:53:31.441458+00
thiet_bi,1636e627-5b47-4e23-a30c-2ce405e10345,TB_DJXBNW7H,Sensor đo độ mưa 915 RG,Sensor đo độ mưa 915 RG MTECH Trạm khí tượng Đề xuất: Không | Hỏng hóc: không | Tình trạng: Hoạt động bình thường | VTDP: Có VTDP trong kho | Niên hạn: Quá niên hạn,/thiet-bi/TB_DJXBNW7H,"'915':7A,13B 'binh':29B 'co':32B 'de':19B 'djxbnw7h':2A 'do':4A,5A,10B,11B 'dong':28B 'han':37B,40B 'hoat':27B 'hoc':23B 'hong':22B 'khi':17B 'kho':35B 'khong':21B,24B 'mtech':15B 'mua':6A,12B 'nien':36B,39B 'qua':38B 'rg':8A,14B 'sensor':3A,9B 'tb':1A 'thuong':30B 'tinh':25B 'tram':16B 'trang':26B 'trong':34B 'tuong':18B 'vtdp':31B,33B 'xuat':20B",2026-07-16 03:53:31.441458+00
thiet_bi,8111cc60-460b-4c50-b769-cdb2b48876b3,TB_4PV1WPTM,Sensor đo độ sáng nền 5000-301M6,2001-11805 Sensor đo độ sáng nền 5000-301M6 MTECH Trạm khí tượng Đề xuất: Không | Hỏng hóc: 0 lần | Tình trạng: Hoạt động bình thường | VTDP: Có dự phòng trong kho | Niên hạn: Quá 2/3,/thiet-bi/TB_4PV1WPTM,"'-11805':12B '-301':9A,19B '0':30B '2/3':47B '2001':11B '4pv1wptm':2A '5000':8A,18B 'binh':36B 'co':39B 'de':25B 'do':4A,5A,14B,15B 'dong':35B 'du':40B 'han':45B 'hoat':34B 'hoc':29B 'hong':28B 'khi':23B 'kho':43B 'khong':27B 'lan':31B 'm6':10A,20B 'mtech':21B 'nen':7A,17B 'nien':44B 'phong':41B 'qua':46B 'sang':6A,16B 'sensor':3A,13B 'tb':1A 'thuong':37B 'tinh':32B 'tram':22B 'trang':33B 'trong':42B 'tuong':24B 'vtdp':38B 'xuat':26B",2026-07-16 03:53:31.441458+00
thiet_bi,ca6cd15e-efbd-4903-8d8b-7274b2506627,TB_Y3MW28BB,Sensor khí áp,"V0821316 Cảm biến đo khí áp Vaisala TWR Ra soat 2026-07-11, file nguon: PCA_IMS",/thiet-bi/TB_Y3MW28BB,"'-07':17B '-11':18B '2026':16B 'ap':5A,11B 'bien':8B 'cam':7B 'do':9B 'file':19B 'ims':22B 'khi':4A,10B 'nguon':20B 'pca':21B 'ra':14B 'sensor':3A 'soat':15B 'tb':1A 'twr':13B 'v0821316':6B 'vaisala':12B 'y3mw28bb':2A",2026-07-16 03:53:31.441458+00
thiet_bi,6656e3fc-ae93-41a6-aeca-98c5e5094e18,TB_6BXBX7KZ,Chống sét nguồn AC,"Cắt sét nguồn 220VAC -  UHF Schneider UHF-15 Ra soat 2026-07-11, file nguon: PCA_IMS",/thiet-bi/TB_6BXBX7KZ,"'-07':18B '-11':19B '-15':14B '2026':17B '220vac':10B '6bxbx7kz':2A 'ac':6A 'cat':7B 'chong':3A 'file':20B 'ims':23B 'nguon':5A,9B,21B 'pca':22B 'ra':15B 'schneider':12B 'set':4A,8B 'soat':16B 'tb':1A 'uhf':11B,13B",2026-07-17 01:20:13.233503+00
thiet_bi,8428e496-59b3-4ad9-8181-7c4faf2cba3a,TB_ENFFZ51G,Màn hình hiển thị số liệu Gió dp,"Màn hình hiển thị số liệu gió Observator TWR Ra soat 2026-07-11, file nguon: PCA_IMS",/thiet-bi/TB_ENFFZ51G,"'-07':23B '-11':24B '2026':22B 'dp':10A 'enffz51g':2A 'file':25B 'gio':9A,17B 'hien':5A,13B 'hinh':4A,12B 'ims':28B 'lieu':8A,16B 'man':3A,11B 'nguon':26B 'observator':18B 'pca':27B 'ra':20B 'so':7A,15B 'soat':21B 'tb':1A 'thi':6A,14B 'twr':19B",2026-07-16 03:53:31.441458+00
giay_phep_khai_thac,0d98b960-6962-4136-a92f-ac7a0a20be7a,YLGS021708; YLGS021707,Hệ thống quan trắc thời tiết tự động IMS,Không áp dụng,/giay-phep/0d98b960-6962-4136-a92f-ac7a0a20be7a,'ap':13B 'dong':10A 'dung':14B 'he':3A 'ims':11A 'khong':12B 'quan':5A 'thoi':7A 'thong':4A 'tiet':8A 'trac':6A 'tu':9A 'ylgs021707':2A 'ylgs021708':1A,2026-07-16 03:53:44.014593+00
thiet_bi,408a914b-fc52-433f-8781-262a69bc5f26,TB_4JGYRGAM,Chống sét nguồn AC,"Cắt sét nguồn 220VAC -  UHF Schneider UHF-33 Ra soat 2026-07-11, file nguon: PCA_IMS",/thiet-bi/TB_4JGYRGAM,"'-07':18B '-11':19B '-33':14B '2026':17B '220vac':10B '4jgyrgam':2A 'ac':6A 'cat':7B 'chong':3A 'file':20B 'ims':23B 'nguon':5A,9B,21B 'pca':22B 'ra':15B 'schneider':12B 'set':4A,8B 'soat':16B 'tb':1A 'uhf':11B,13B",2026-07-17 01:20:13.233503+00
thiet_bi,c471f1b0-c7a2-496f-841a-3c4926dae710,TB_20CJEQ6K,Chống sét nguồn AC,"Cắt sét nguồn 220VAC -  UHF Schneider UHF-CEILO-33 Ra soat 2026-07-11, file nguon: PCA_IMS",/thiet-bi/TB_20CJEQ6K,"'-07':20B '-11':21B '2026':19B '20cjeq6k':2A '220vac':10B '33':16B 'ac':6A 'cat':7B 'ceilo':15B 'chong':3A 'file':22B 'ims':25B 'nguon':5A,9B,23B 'pca':24B 'ra':17B 'schneider':12B 'set':4A,8B 'soat':18B 'tb':1A 'uhf':11B,14B 'uhf-ceilo':13B",2026-07-17 01:20:13.233503+00
thiet_bi,17950c72-952d-4d97-9289-055ffc4ed701,TB_BGN03G03,Converter Serial to fiber,"YBC0320000070 Converter Serial to fiber 3Onedata TWR Ra soat 2026-07-11, file nguon: PCA_IMS",/thiet-bi/TB_BGN03G03,"'-07':17B '-11':18B '2026':16B '3onedata':12B 'bgn03g03':2A 'converter':3A,8B 'fiber':6A,11B 'file':19B 'ims':22B 'nguon':20B 'pca':21B 'ra':14B 'serial':4A,9B 'soat':15B 'tb':1A 'to':5A,10B 'twr':13B 'ybc0320000070':7B",2026-07-16 03:53:31.441458+00
thiet_bi,9fff1574-23aa-486a-8323-987c630a3529,TB_PGKF8AVC,Thiết bị Serial server,"Hệ thống mới Thiết bị Serial to Ethernet Moxa Phòng thiết bị Ra soat 2026-07-11, file nguon: PBA_AWOS900",/thiet-bi/TB_PGKF8AVC,"'-07':22B '-11':23B '2026':21B 'awos900':27B 'bi':4A,11B,18B 'ethernet':14B 'file':24B 'he':7B 'moi':9B 'moxa':15B 'nguon':25B 'pba':26B 'pgkf8avc':2A 'phong':16B 'ra':19B 'serial':5A,12B 'server':6A 'soat':20B 'tb':1A 'thiet':3A,10B,17B 'thong':8B 'to':13B",2026-07-16 03:53:31.441458+00
thiet_bi,626e1f42-37ea-4331-9024-72752e581905,TB_HDKCNT0J,Switch,"Hệ thống cũ Switch NetGear Phòng thiết bị Ra soat 2026-07-11, file nguon: PBA_AWOS900",/thiet-bi/TB_HDKCNT0J,"'-07':15B '-11':16B '2026':14B 'awos900':20B 'bi':11B 'cu':6B 'file':17B 'hdkcnt0j':2A 'he':4B 'netgear':8B 'nguon':18B 'pba':19B 'phong':9B 'ra':12B 'soat':13B 'switch':3A,7B 'tb':1A 'thiet':10B 'thong':5B",2026-07-16 03:53:31.441458+00
thiet_bi,57f49c06-2475-4761-9e2b-95a6af0274ab,TB_9G34K5TN,Modem Hub UHF,"Hub Modem Hub UHF RACOM Phòng thiết bị Ra soat 2026-07-11, file nguon: PBA_AWOS900",/thiet-bi/TB_9G34K5TN,"'-07':17B '-11':18B '2026':16B '9g34k5tn':2A 'awos900':22B 'bi':13B 'file':19B 'hub':4A,6B,8B 'modem':3A,7B 'nguon':20B 'pba':21B 'phong':11B 'ra':14B 'racom':10B 'soat':15B 'tb':1A 'thiet':12B 'uhf':5A,9B",2026-07-16 03:53:31.441458+00
thiet_bi,bbf3a96f-fae0-4779-b4aa-783791b74512,TB_JP6AQXS0,Switch,"Switch Fortinet Phòng thiết bị Ra soat 2026-07-11, file nguon: PBA_AWOS900",/thiet-bi/TB_JP6AQXS0,"'-07':12B '-11':13B '2026':11B 'awos900':17B 'bi':8B 'file':14B 'fortinet':5B 'jp6aqxs0':2A 'nguon':15B 'pba':16B 'phong':6B 'ra':9B 'soat':10B 'switch':3A,4B 'tb':1A 'thiet':7B",2026-07-16 03:53:31.441458+00
thiet_bi,efc5ad30-d851-43e1-b2b6-5a11b011250d,TB_ZZS0N40P,Cảm biến đo khí áp,"Cảm biến đo khí áp All Weather Phòng thiết bị Ra soat 2026-07-11, file nguon: PBA_AWOS900",/thiet-bi/TB_ZZS0N40P,"'-07':21B '-11':22B '2026':20B 'all':13B 'ap':7A,12B 'awos900':26B 'bi':17B 'bien':4A,9B 'cam':3A,8B 'do':5A,10B 'file':23B 'khi':6A,11B 'nguon':24B 'pba':25B 'phong':15B 'ra':18B 'soat':19B 'tb':1A 'thiet':16B 'weather':14B 'zzs0n40p':2A",2026-07-16 03:53:31.441458+00
thiet_bi,285f84c9-879e-405c-9c95-719fa30dac32,TB_WHCWQT10,Chống sét RF,"Chống sét RF Citel Phòng thiết bị Ra soat 2026-07-11, file nguon: PBA_AWOS900",/thiet-bi/TB_WHCWQT10,"'-07':16B '-11':17B '2026':15B 'awos900':21B 'bi':12B 'chong':3A,6B 'citel':9B 'file':18B 'nguon':19B 'pba':20B 'phong':10B 'ra':13B 'rf':5A,8B 'set':4A,7B 'soat':14B 'tb':1A 'thiet':11B 'whcwqt10':2A",2026-07-16 03:53:31.441458+00
thiet_bi,e5391d13-973b-4ca2-923a-cafb8886feee,TB_5C4PRYZM,Modem UHF,"Modem UHF TeleDesign Phòng thiết bị Ra soat 2026-07-11, file nguon: PBA_AWOS900",/thiet-bi/TB_5C4PRYZM,"'-07':14B '-11':15B '2026':13B '5c4pryzm':2A 'awos900':19B 'bi':10B 'file':16B 'modem':3A,5B 'nguon':17B 'pba':18B 'phong':8B 'ra':11B 'soat':12B 'tb':1A 'teledesign':7B 'thiet':9B 'uhf':4A,6B",2026-07-16 03:53:31.441458+00
thiet_bi,3bcf80b9-8e4f-4a1b-9383-1be19d17207f,TB_QBY1EN04,Chống sét RF,"Chống sét RF Citel UHF-33 Ra soat 2026-07-11, file nguon: PCA_IMS",/thiet-bi/TB_QBY1EN04,"'-07':15B '-11':16B '-33':11B '2026':14B 'chong':3A,6B 'citel':9B 'file':17B 'ims':20B 'nguon':18B 'pca':19B 'qby1en04':2A 'ra':12B 'rf':5A,8B 'set':4A,7B 'soat':13B 'tb':1A 'uhf':10B",2026-07-17 01:20:13.233503+00
thiet_bi,960d9d70-07d1-4674-931d-6c9202e5f486,TB_JV5EK6XS,Cảm biến đo lượng mưa,"TTB00018750 Cảm biến đo lượng mưa Young Trạm giữa Ra soat 2026-07-11, file nguon: THA_DAW21",/thiet-bi/TB_JV5EK6XS,"'-07':20B '-11':21B '2026':19B 'bien':4A,10B 'cam':3A,9B 'daw21':25B 'do':5A,11B 'file':22B 'giua':16B 'jv5ek6xs':2A 'luong':6A,12B 'mua':7A,13B 'nguon':23B 'ra':17B 'soat':18B 'tb':1A 'tha':24B 'tram':15B 'ttb00018750':8B 'young':14B",2026-07-16 03:53:31.441458+00
thiet_bi,762480b6-0b84-47f9-b2a4-9dcbb507997b,TB_36YF4XX6,Chống sét RF,"Chống sét RF Citel UHF-CEILO-33 Ra soat 2026-07-11, file nguon: PCA_IMS",/thiet-bi/TB_36YF4XX6,"'-07':17B '-11':18B '2026':16B '33':13B '36yf4xx6':2A 'ceilo':12B 'chong':3A,6B 'citel':9B 'file':19B 'ims':22B 'nguon':20B 'pca':21B 'ra':14B 'rf':5A,8B 'set':4A,7B 'soat':15B 'tb':1A 'uhf':11B 'uhf-ceilo':10B",2026-07-17 01:20:13.233503+00
thiet_bi,800b86f9-4c52-4cd3-b845-43ad521d2538,TB_9E36GC4B,Thiết bị thu phát vô tuyến,"2204704744 Thiết bị thu phát vô tuyến RACOM Trạm giữa Ra soat 2026-07-11, file nguon: THA_DAW21",/thiet-bi/TB_9E36GC4B,"'-07':23B '-11':24B '2026':22B '2204704744':10B '9e36':2A 'bi':5A,12B 'daw21':28B 'file':25B 'gc4b':3A 'giua':19B 'nguon':26B 'phat':7A,14B 'ra':20B 'racom':17B 'soat':21B 'tb':1A 'tha':27B 'thiet':4A,11B 'thu':6A,13B 'tram':18B 'tuyen':9A,16B 'vo':8A,15B",2026-07-16 03:53:31.441458+00
thiet_bi,3a508722-f359-40ac-8c95-3c7ca16826b0,TB_0Y21ZTDY,Thiết bị chuyển mạch quang,"Tủ datalogger: TBCGB1004763
Tủ thiết bị: TBCFB1078521, TBCGB1004673 Thiết bị chuyển mạch quang Moxa Trạm giữa Ra soat 2026-07-11, file nguon: THA_DAW21",/thiet-bi/TB_0Y21ZTDY,"'-07':27B '-11':28B '0y21ztdy':2A '2026':26B 'bi':4A,13B,17B 'chuyen':5A,18B 'datalogger':9B 'daw21':32B 'file':29B 'giua':23B 'mach':6A,19B 'moxa':21B 'nguon':30B 'quang':7A,20B 'ra':24B 'soat':25B 'tb':1A 'tbcfb1078521':14B 'tbcgb1004673':15B 'tbcgb1004763':10B 'tha':31B 'thiet':3A,12B,16B 'tram':22B 'tu':8B,11B",2026-07-16 03:53:31.441458+00
thiet_bi,ccb27ab7-3c15-4721-8b47-99499a3dd5e5,TB_Q0TC8A2A,Bộ Charger,"Bộ Charger MeanWell Trạm giữa Ra soat 2026-07-11, file nguon: THA_DAW21",/thiet-bi/TB_Q0TC8A2A,"'-07':13B '-11':14B '2026':12B 'bo':3A,5B 'charger':4A,6B 'daw21':18B 'file':15B 'giua':9B 'meanwell':7B 'nguon':16B 'q0tc8a2a':2A 'ra':10B 'soat':11B 'tb':1A 'tha':17B 'tram':8B",2026-07-16 03:53:31.441458+00
thiet_bi,eca527ef-5a0c-4966-b2eb-14e8a5ca83a6,TB_2DCHCRWS,Cắt sét nguồn AC,"Cắt sét nguồn 220VAC -  UHF Schneider 09 Ra soat 2026-07-11, file nguon: PBA_AWOS900",/thiet-bi/TB_2DCHCRWS,"'-07':17B '-11':18B '09':13B '2026':16B '220vac':10B '2dchcrws':2A 'ac':6A 'awos900':22B 'cat':3A,7B 'file':19B 'nguon':5A,9B,20B 'pba':21B 'ra':14B 'schneider':12B 'set':4A,8B 'soat':15B 'tb':1A 'uhf':11B",2026-07-17 01:20:13.233503+00
thiet_bi,738b116a-ad27-45ef-8408-1a99f8945478,TB_5AE54Z0K,Cảm biến đo hướng và đo tốc độ gió,"Cảm biến đo hướng và đo tốc độ gió Gill Trạm 17 Ra soat 2026-07-11, file nguon: BDKT_OPTIMET",/thiet-bi/TB_5AE54Z0K,"'-07':27B '-11':28B '17':23B '2026':26B '5ae54z0k':2A 'bdkt':31B 'bien':4A,13B 'cam':3A,12B 'do':5A,8A,10A,14B,17B,19B 'file':29B 'gill':21B 'gio':11A,20B 'huong':6A,15B 'nguon':30B 'optimet':32B 'ra':24B 'soat':25B 'tb':1A 'toc':9A,18B 'tram':22B 'va':7A,16B",2026-07-16 03:53:31.441458+00
thiet_bi,9344dd57-808a-45b1-afcf-3b8fe9d457c4,TB_SAEWK07X,Cắt sét nguồn AC,"Cắt sét nguồn 220VAC -  UHF Schneider 27 Ra soat 2026-07-11, file nguon: PBA_AWOS900",/thiet-bi/TB_SAEWK07X,"'-07':17B '-11':18B '2026':16B '220vac':10B '27':13B 'ac':6A 'awos900':22B 'cat':3A,7B 'file':19B 'nguon':5A,9B,20B 'pba':21B 'ra':14B 'saewk07x':2A 'schneider':12B 'set':4A,8B 'soat':15B 'tb':1A 'uhf':11B",2026-07-17 01:20:13.233503+00
thiet_bi,74be87a3-1096-4c0b-a932-d52df65d2aa5,TB_YTQ30AG8,Modem UHF,"Modem UHF RACOM Trạm 17 Ra soat 2026-07-11, file nguon: BDKT_OPTIMET",/thiet-bi/TB_YTQ30AG8,"'-07':13B '-11':14B '17':9B '2026':12B 'bdkt':17B 'file':15B 'modem':3A,5B 'nguon':16B 'optimet':18B 'ra':10B 'racom':7B 'soat':11B 'tb':1A 'tram':8B 'uhf':4A,6B 'ytq30ag8':2A",2026-07-16 03:53:31.441458+00
thiet_bi,3c7f7714-60ec-4336-a7cb-b9dc8d466b39,TB_2K9E3B6Z,Switch tích hợp cổng quang,"Switch tích hợp cổng quang Moxa Trạm 17 Ra soat 2026-07-11, file nguon: BDKT_OPTIMET",/thiet-bi/TB_2K9E3B6Z,"'-07':19B '-11':20B '17':15B '2026':18B '2k9e3b6z':2A 'bdkt':23B 'cong':6A,11B 'file':21B 'hop':5A,10B 'moxa':13B 'nguon':22B 'optimet':24B 'quang':7A,12B 'ra':16B 'soat':17B 'switch':3A,8B 'tb':1A 'tich':4A,9B 'tram':14B",2026-07-16 03:53:31.441458+00
thiet_bi,e0c3efdd-3a45-4718-9534-44a14ebeeb85,TB_V3D4EHJG,Cảm biến đo tầm nhìn,"Cảm biến đo tầm nhìn M-Tech Trạm 17 Ra soat 2026-07-11, file nguon: BDKT_OPTIMET",/thiet-bi/TB_V3D4EHJG,"'-07':21B '-11':22B '17':17B '2026':20B 'bdkt':25B 'bien':4A,9B 'cam':3A,8B 'do':5A,10B 'file':23B 'm':14B 'm-tech':13B 'nguon':24B 'nhin':7A,12B 'optimet':26B 'ra':18B 'soat':19B 'tam':6A,11B 'tb':1A 'tech':15B 'tram':16B 'v3d4ehjg':2A",2026-07-16 03:53:31.441458+00
thiet_bi,83bbc378-62b8-4e2f-a18e-806078844217,TB_AF686A89,Switch đầu cuối,"Switch đầu cuối D-Link TWR Ra soat 2026-07-11, file nguon: BDKT_OPTIMET",/thiet-bi/TB_AF686A89,"'-07':16B '-11':17B '2026':15B 'af686a89':2A 'bdkt':20B 'cuoi':5A,8B 'd':10B 'd-link':9B 'dau':4A,7B 'file':18B 'link':11B 'nguon':19B 'optimet':21B 'ra':13B 'soat':14B 'switch':3A,6B 'tb':1A 'twr':12B",2026-07-16 03:53:31.441458+00
thiet_bi,a389db70-d4ef-4ba8-a04e-dd7f4bcf19e2,TB_S7GKG27B,Modem UHF,"Modem UHF RACOM Trạm 35 Ra soat 2026-07-11, file nguon: BDKT_OPTIMET",/thiet-bi/TB_S7GKG27B,"'-07':13B '-11':14B '2026':12B '35':9B 'bdkt':17B 'file':15B 'modem':3A,5B 'nguon':16B 'optimet':18B 'ra':10B 'racom':7B 's7gkg27b':2A 'soat':11B 'tb':1A 'tram':8B 'uhf':4A,6B",2026-07-16 03:53:31.441458+00
thiet_bi,5839506f-02a6-4857-8623-9a2cbd5f2825,TB_CC8WTKE9,Cắt sét nguồn AC,"Cắt sét nguồn 220VAC -  UHF Schneider Mid Ra soat 2026-07-11, file nguon: PBA_AWOS900",/thiet-bi/TB_CC8WTKE9,"'-07':17B '-11':18B '2026':16B '220vac':10B 'ac':6A 'awos900':22B 'cat':3A,7B 'cc8wtke9':2A 'file':19B 'mid':13B 'nguon':5A,9B,20B 'pba':21B 'ra':14B 'schneider':12B 'set':4A,8B 'soat':15B 'tb':1A 'uhf':11B",2026-07-17 01:20:13.233503+00
thiet_bi,2210731d-5ab0-40c1-8c91-61f9d2d0be2c,TB_0NM946TA,Cắt lọc sét nguồn AC - Tủ thiết bị,"Cắt lọc sét nguồn AC - Tủ thiết bị Schneider Trạm 03 Ra soat 2026-07-11, file nguon: THA_DAW21",/thiet-bi/TB_0NM946TA,"'-07':25B '-11':26B '03':21B '0nm946ta':2A '2026':24B 'ac':7A,15B 'bi':10A,18B 'cat':3A,11B 'daw21':30B 'file':27B 'loc':4A,12B 'nguon':6A,14B,28B 'ra':22B 'schneider':19B 'set':5A,13B 'soat':23B 'tb':1A 'tha':29B 'thiet':9A,17B 'tram':20B 'tu':8A,16B",2026-07-17 01:20:13.233503+00
thiet_bi,25831284-e4f5-458e-968a-02b4c4279952,TB_WYQ5F1MY,ModemHub UHF,"ModemHub UHF RACOM P.TBTT Ra soat 2026-07-11, file nguon: BDKT_OPTIMET",/thiet-bi/TB_WYQ5F1MY,"'-07':12B '-11':13B '2026':11B 'bdkt':16B 'file':14B 'modemhub':3A,5B 'nguon':15B 'optimet':17B 'p.tbtt':8B 'ra':9B 'racom':7B 'soat':10B 'tb':1A 'uhf':4A,6B 'wyq5f1my':2A",2026-07-16 03:53:31.441458+00
thiet_bi,9af619a0-58b1-4878-a8fd-bbee95ea51c2,TB_0YAQSVS3,Nguồn AC/DC,"Nguồn AC/DC MeanWell Trạm 35 Ra soat 2026-07-11, file nguon: BDKT_OPTIMET",/thiet-bi/TB_0YAQSVS3,"'-07':13B '-11':14B '0yaqsvs3':2A '2026':12B '35':9B 'ac/dc':4A,6B 'bdkt':17B 'file':15B 'meanwell':7B 'nguon':3A,5B,16B 'optimet':18B 'ra':10B 'soat':11B 'tb':1A 'tram':8B",2026-07-16 03:53:31.441458+00
thiet_bi,2e1ef8d8-ba23-466c-a3bd-e92da591a6e1,TB_765G0ZZQ,Fiber to Ethernet lắp rack,"Fiber to Ethernet lắp rack Moxa P.TBTT Ra soat 2026-07-11, file nguon: BDKT_OPTIMET",/thiet-bi/TB_765G0ZZQ,"'-07':18B '-11':19B '2026':17B '765g0zzq':2A 'bdkt':22B 'ethernet':5A,10B 'fiber':3A,8B 'file':20B 'lap':6A,11B 'moxa':13B 'nguon':21B 'optimet':23B 'p.tbtt':14B 'ra':15B 'rack':7A,12B 'soat':16B 'tb':1A 'to':4A,9B",2026-07-16 03:53:31.441458+00
thiet_bi,07914b8c-016d-41fb-be7f-809932094c2c,TB_4MBTM8AB,Chống sét đường tín hiệu,"Chống sét đường tín hiệu RS232 Citel Trạm 35 Ra soat 2026-07-11, file nguon: BDKT_OPTIMET",/thiet-bi/TB_4MBTM8AB,"'-07':20B '-11':21B '2026':19B '35':16B '4mbtm8ab':2A 'bdkt':24B 'chong':3A,8B 'citel':14B 'duong':5A,10B 'file':22B 'hieu':7A,12B 'nguon':23B 'optimet':25B 'ra':17B 'rs232':13B 'set':4A,9B 'soat':18B 'tb':1A 'tin':6A,11B 'tram':15B",2026-07-16 03:53:31.441458+00
thiet_bi,99dc40f9-fa43-4e45-841d-95d88c426996,TB_KHM85HAD,Nguồn AC/DC,"Nguồn AC/DC MeanWell Trạm 17 Ra soat 2026-07-11, file nguon: BDKT_OPTIMET",/thiet-bi/TB_KHM85HAD,"'-07':13B '-11':14B '17':9B '2026':12B 'ac/dc':4A,6B 'bdkt':17B 'file':15B 'khm85had':2A 'meanwell':7B 'nguon':3A,5B,16B 'optimet':18B 'ra':10B 'soat':11B 'tb':1A 'tram':8B",2026-07-16 03:53:31.441458+00
thiet_bi,1ddf92e0-22ef-4d5b-8a59-463dac7337b9,TB_2WJK6DMR,Nguồn AC/DC,"Nguồn AC/DC MeanWell Trạm 17 Ra soat 2026-07-11, file nguon: BDKT_OPTIMET",/thiet-bi/TB_2WJK6DMR,"'-07':13B '-11':14B '17':9B '2026':12B '2wjk6dmr':2A 'ac/dc':4A,6B 'bdkt':17B 'file':15B 'meanwell':7B 'nguon':3A,5B,16B 'optimet':18B 'ra':10B 'soat':11B 'tb':1A 'tram':8B",2026-07-16 03:53:31.441458+00
thiet_bi,92e7432a-2d9f-4440-838a-160e2a7c1d8b,TB_2TX7QK7F,Cắt lọc sét nguồn AC - Tủ thiết bị,"Cắt lọc sét nguồn AC - Tủ thiết bị Schneider Trạm trần mây 03 Ra soat 2026-07-11, file nguon: THA_DAW21",/thiet-bi/TB_2TX7QK7F,"'-07':27B '-11':28B '03':23B '2026':26B '2tx7qk7f':2A 'ac':7A,15B 'bi':10A,18B 'cat':3A,11B 'daw21':32B 'file':29B 'loc':4A,12B 'may':22B 'nguon':6A,14B,30B 'ra':24B 'schneider':19B 'set':5A,13B 'soat':25B 'tb':1A 'tha':31B 'thiet':9A,17B 'tram':20B 'tran':21B 'tu':8A,16B",2026-07-17 01:20:13.233503+00
thiet_bi,342386f1-6bf1-41c3-b737-9d636e9a32e2,TB_FKNGPMEN,Chống sét - UHF,"Chống sét - UHF Citel Trạm 21 Ra soat 2026-07-11, file nguon: THA_DAW21",/thiet-bi/TB_FKNGPMEN,"'-07':15B '-11':16B '2026':14B '21':11B 'chong':3A,6B 'citel':9B 'daw21':20B 'file':17B 'fkngpmen':2A 'nguon':18B 'ra':12B 'set':4A,7B 'soat':13B 'tb':1A 'tha':19B 'tram':10B 'uhf':5A,8B",2026-07-17 01:20:13.233503+00
thiet_bi,c68bc0ab-ae17-4247-b240-1ea34db9f1e9,TB_8CJZECWB,Bộ chuyển đổi tín hiệu RS232/485 Converter,"RS232/485 Converter Comergon Phòng thiết bị Ra soat 2026-07-11, file nguon: PLK_IMS",/thiet-bi/TB_8CJZECWB,"'-07':19B '-11':20B '2026':18B '8cjzecwb':2A 'bi':15B 'bo':3A 'chuyen':4A 'comergon':12B 'converter':9A,11B 'doi':5A 'file':21B 'hieu':7A 'ims':24B 'nguon':22B 'phong':13B 'plk':23B 'ra':16B 'rs232/485':8A,10B 'soat':17B 'tb':1A 'thiet':14B 'tin':6A",2026-07-16 03:53:31.441458+00
thiet_bi,89a79023-4373-48d2-a160-989cae3d9480,TB_SN5G6KFA,Cảm biến đo hướng và đo tốc độ gió,"Cảm biến gió Gill Trạm 35 Ra soat 2026-07-11, file nguon: BDKT_OPTIMET",/thiet-bi/TB_SN5G6KFA,"'-07':21B '-11':22B '2026':20B '35':17B 'bdkt':25B 'bien':4A,13B 'cam':3A,12B 'do':5A,8A,10A 'file':23B 'gill':15B 'gio':11A,14B 'huong':6A 'nguon':24B 'optimet':26B 'ra':18B 'sn5g6kfa':2A 'soat':19B 'tb':1A 'toc':9A 'tram':16B 'va':7A",2026-07-16 03:53:31.441458+00
thiet_bi,59c003e5-b77b-4b3a-98e8-824f978b7586,TB_C03GN79J,Nguồn AC/DC,"Nguồn AC/DC MeanWell Trạm 35 Ra soat 2026-07-11, file nguon: BDKT_OPTIMET",/thiet-bi/TB_C03GN79J,"'-07':13B '-11':14B '2026':12B '35':9B 'ac/dc':4A,6B 'bdkt':17B 'c03gn79j':2A 'file':15B 'meanwell':7B 'nguon':3A,5B,16B 'optimet':18B 'ra':10B 'soat':11B 'tb':1A 'tram':8B",2026-07-16 03:53:31.441458+00
thiet_bi,487d8f3f-c81c-4654-b8d4-7b8a54e6c23d,TB_W6HNKEFP,Cắt lọc sét nguồn AC - Tủ thiết bị,"Cắt lọc sét nguồn AC - Tủ thiết bị Schneider Trạm 21 Ra soat 2026-07-11, file nguon: THA_DAW21",/thiet-bi/TB_W6HNKEFP,"'-07':25B '-11':26B '2026':24B '21':21B 'ac':7A,15B 'bi':10A,18B 'cat':3A,11B 'daw21':30B 'file':27B 'loc':4A,12B 'nguon':6A,14B,28B 'ra':22B 'schneider':19B 'set':5A,13B 'soat':23B 'tb':1A 'tha':29B 'thiet':9A,17B 'tram':20B 'tu':8A,16B 'w6hnkefp':2A",2026-07-17 01:20:13.233503+00
thiet_bi,0642f81d-df4b-4408-9f5c-5952a7d4cbcd,TB_TQ1SF4MQ,Cắt lọc sét nguồn AC - Tủ thiết bị,"Cắt lọc sét nguồn AC - Tủ thiết bị Schneider Trạm trần mây 21 Ra soat 2026-07-11, file nguon: THA_DAW21",/thiet-bi/TB_TQ1SF4MQ,"'-07':27B '-11':28B '2026':26B '21':23B 'ac':7A,15B 'bi':10A,18B 'cat':3A,11B 'daw21':32B 'file':29B 'loc':4A,12B 'may':22B 'nguon':6A,14B,30B 'ra':24B 'schneider':19B 'set':5A,13B 'soat':25B 'tb':1A 'tha':31B 'thiet':9A,17B 'tq1sf4mq':2A 'tram':20B 'tran':21B 'tu':8A,16B",2026-07-17 01:20:13.233503+00
thiet_bi,c9a91403-4b96-48d1-9e84-aa6a9844f038,TB_QTVD9P0T,Chống sét - UHF,"Chống sét - UHF Citel Trạm xử lý trung tâm Đài KSKL TUY HÒA, PTB Đài KSKL TUY HÒA Ra soat 2026-07-11, file nguon: THA_DAW21",/thiet-bi/TB_QTVD9P0T,"'-07':27B '-11':28B '2026':26B 'chong':3A,6B 'citel':9B 'dai':15B,20B 'daw21':32B 'file':29B 'hoa':18B,23B 'kskl':16B,21B 'ly':12B 'nguon':30B 'ptb':19B 'qtvd9p0t':2A 'ra':24B 'set':4A,7B 'soat':25B 'tam':14B 'tb':1A 'tha':31B 'tram':10B 'trung':13B 'tuy':17B,22B 'uhf':5A,8B 'xu':11B",2026-07-17 01:20:13.233503+00
thiet_bi,09ba002e-a4b8-447f-aa9e-4b6dfb180afb,TB_H3DNQ5KD,Cắt lọc sét AC đèn cao không,"Cắt lọc sét AC đèn cao không nVent ERICO Trạm 17 Ra soat 2026-07-11, file nguon: BDKT_OPTIMET",/thiet-bi/TB_H3DNQ5KD,"'-07':24B '-11':25B '17':20B '2026':23B 'ac':6A,13B 'bdkt':28B 'cao':8A,15B 'cat':3A,10B 'den':7A,14B 'erico':18B 'file':26B 'h3dnq5kd':2A 'khong':9A,16B 'loc':4A,11B 'nguon':27B 'nvent':17B 'optimet':29B 'ra':21B 'set':5A,12B 'soat':22B 'tb':1A 'tram':19B",2026-07-16 03:53:31.441458+00
thiet_bi,633ec830-166e-434a-b90e-e5ece6dabee9,TB_0SR92JPC,Chống sét giao tiếp Ethernet,"Chống sét đường tín hiệu Citel Phòng thiết bị Ra soat 2026-07-11, file nguon: PBA_AWOS900",/thiet-bi/TB_0SR92JPC,"'-07':20B '-11':21B '0sr92jpc':2A '2026':19B 'awos900':25B 'bi':16B 'chong':3A,8B 'citel':13B 'duong':10B 'ethernet':7A 'file':22B 'giao':5A 'hieu':12B 'nguon':23B 'pba':24B 'phong':14B 'ra':17B 'set':4A,9B 'soat':18B 'tb':1A 'thiet':15B 'tiep':6A 'tin':11B",2026-07-16 03:53:31.441458+00
thiet_bi,d5f7d076-059b-4ab9-8f3d-801b0d93ae77,TB_68ET3C2E,Cắt lọc sét nguồn AC,"Cắt lọc sét nguồn AC - Tủ thiết bị Schneider Trạm 17 Ra soat 2026-07-11, file nguon: BDKT_OPTIMET",/thiet-bi/TB_68ET3C2E,"'-07':22B '-11':23B '17':18B '2026':21B '68et3c2e':2A 'ac':7A,12B 'bdkt':26B 'bi':15B 'cat':3A,8B 'file':24B 'loc':4A,9B 'nguon':6A,11B,25B 'optimet':27B 'ra':19B 'schneider':16B 'set':5A,10B 'soat':20B 'tb':1A 'thiet':14B 'tram':17B 'tu':13B",2026-07-16 03:53:31.441458+00
thiet_bi,4757e2fe-6e08-4ea7-a502-0d3fa8c3171b,TB_H20PAHS0,Chống sét RF,"Chống sét RF Citel Trạm 17 Ra soat 2026-07-11, file nguon: BDKT_OPTIMET",/thiet-bi/TB_H20PAHS0,"'-07':15B '-11':16B '17':11B '2026':14B 'bdkt':19B 'chong':3A,6B 'citel':9B 'file':17B 'h20pahs0':2A 'nguon':18B 'optimet':20B 'ra':12B 'rf':5A,8B 'set':4A,7B 'soat':13B 'tb':1A 'tram':10B",2026-07-16 03:53:31.441458+00
thiet_bi,886f72d8-1233-4901-9d27-b80f16a2b090,TB_MTP5KS5W,Chống sét LAN,"Chống sét LAN APC Trạm 17 Ra soat 2026-07-11, file nguon: BDKT_OPTIMET",/thiet-bi/TB_MTP5KS5W,"'-07':15B '-11':16B '17':11B '2026':14B 'apc':9B 'bdkt':19B 'chong':3A,6B 'file':17B 'lan':5A,8B 'mtp5ks5w':2A 'nguon':18B 'optimet':20B 'ra':12B 'set':4A,7B 'soat':13B 'tb':1A 'tram':10B",2026-07-16 03:53:31.441458+00
thiet_bi,b713a65b-6460-4744-bf97-750c3cbb9f0b,TB_QGHJAQ14,Chống sét lan truyền 950-CLA-10,"Chống  sét 1 pha 10kA Augier Phòng MP Đài KSKL TUY HÒA Ra soat 2026-07-11, file nguon: THA_DAW21",/thiet-bi/TB_QGHJAQ14,"'-07':25B '-10':9A '-11':26B '1':12B '10ka':14B '2026':24B '950':7A 'augier':15B 'chong':3A,10B 'cla':8A 'dai':18B 'daw21':30B 'file':27B 'hoa':21B 'kskl':19B 'lan':5A 'mp':17B 'nguon':28B 'pha':13B 'phong':16B 'qghjaq14':2A 'ra':22B 'set':4A,11B 'soat':23B 'tb':1A 'tha':29B 'truyen':6A 'tuy':20B",2026-07-17 01:20:13.233503+00
thiet_bi,8a86b8b1-82eb-4354-8b02-4b030c6878d6,TB_KMQP4G79,Chống  sét 1 pha 10kA,"Chống  sét 1 pha 10kA Augier Trạm khí tượng giữa, trạm khí tượng 03, trạm khí tượng 21 Ra soat 2026-07-11, file nguon: THA_DAW21",/thiet-bi/TB_KMQP4G79,"'-07':29B '-11':30B '03':21B '1':5A,10B '10ka':7A,12B '2026':28B '21':25B 'augier':13B 'chong':3A,8B 'daw21':34B 'file':31B 'giua':17B 'khi':15B,19B,23B 'kmqp4g79':2A 'nguon':32B 'pha':6A,11B 'ra':26B 'set':4A,9B 'soat':27B 'tb':1A 'tha':33B 'tram':14B,18B,22B 'tuong':16B,20B,24B",2026-07-17 01:20:13.233503+00
giay_phep_khai_thac,a26cb309-b107-4779-b36d-a267d4e285f8,09230014,Thiết bị đo đạc quan trắc thông dụng (đo gió hiển thị số và khí áp hiển thị số),Không áp dụng,/giay-phep/a26cb309-b107-4779-b36d-a267d4e285f8,"'09230014':1A 'ap':17A,22B 'bi':3A 'dac':5A 'do':4A,10A 'dung':9A,23B 'gio':11A 'hien':12A,18A 'khi':16A 'khong':21B 'quan':6A 'so':14A,20A 'thi':13A,19A 'thiet':2A 'thong':8A 'trac':7A 'va':15A",2026-07-16 03:53:44.014593+00
thiet_bi,eebafab3-fae6-464e-81c7-09529aa2ff9f,TB_CSGJ64QE,Cắt lọc sét nguồn AC,"Cắt lọc sét nguồn AC Phoenix Contact CEILO 35 Ra soat 2026-07-11, file nguon: BDKT_OPTIMET",/thiet-bi/TB_CSGJ64QE,"'-07':20B '-11':21B '2026':19B '35':16B 'ac':7A,12B 'bdkt':24B 'cat':3A,8B 'ceilo':15B 'contact':14B 'csgj64qe':2A 'file':22B 'loc':4A,9B 'nguon':6A,11B,23B 'optimet':25B 'phoenix':13B 'ra':17B 'set':5A,10B 'soat':18B 'tb':1A",2026-07-17 01:20:13.233503+00
thiet_bi,2d2b7b48-1c3b-40f4-8ee2-563a5a02e452,TB_JEV09Y1Q,Chống sét tín hiệu PT,"Chống sét tín hiệu PT Phoenix Contact CEILO 35 Ra soat 2026-07-11, file nguon: BDKT_OPTIMET",/thiet-bi/TB_JEV09Y1Q,"'-07':20B '-11':21B '2026':19B '35':16B 'bdkt':24B 'ceilo':15B 'chong':3A,8B 'contact':14B 'file':22B 'hieu':6A,11B 'jev09y1q':2A 'nguon':23B 'optimet':25B 'phoenix':13B 'pt':7A,12B 'ra':17B 'set':4A,9B 'soat':18B 'tb':1A 'tin':5A,10B",2026-07-17 01:20:13.233503+00
thiet_bi,3387501d-c57f-4901-9b85-5ff0515b138f,TB_Q31BPY3A,Chống sét RF,"Chống sét RF Citel CEILO 35 Ra soat 2026-07-11, file nguon: BDKT_OPTIMET",/thiet-bi/TB_Q31BPY3A,"'-07':15B '-11':16B '2026':14B '35':11B 'bdkt':19B 'ceilo':10B 'chong':3A,6B 'citel':9B 'file':17B 'nguon':18B 'optimet':20B 'q31bpy3a':2A 'ra':12B 'rf':5A,8B 'set':4A,7B 'soat':13B 'tb':1A",2026-07-17 01:20:13.233503+00
thiet_bi,f4e9dc45-1a51-4e8d-8101-62e25b8d00f0,TB_1548Y0XW,02 Màn hình hiển thị số liệu Nhiệt ẩm áp Thies 1.1006.54.081,230903; 230904 02 Màn hình hiển thị số liệu Nhiệt ẩm áp Thies 1.1006.54.081 2023 Hỏng hóc: 0 lần | Tình trạng: Khai thác bình thường | VTDP: Không có VTDP | Niên hạn: Không,/thiet-bi/TB_1548Y0XW,"'0':32B '02':3A,17B '1.1006.54.081':14A,28B '1548y0xw':2A '2023':29B '230903':15B '230904':16B 'am':11A,25B 'ap':12A,26B 'binh':38B 'co':42B 'han':45B 'hien':6A,20B 'hinh':5A,19B 'hoc':31B 'hong':30B 'khai':36B 'khong':41B,46B 'lan':33B 'lieu':9A,23B 'man':4A,18B 'nhiet':10A,24B 'nien':44B 'so':8A,22B 'tb':1A 'thac':37B 'thi':7A,21B 'thies':13A,27B 'thuong':39B 'tinh':34B 'trang':35B 'vtdp':40B,43B",2026-07-16 03:53:31.441458+00
giay_phep_khai_thac,f75dc398-117f-4225-8664-edeaed3a0ccd,"Máy chính: 105877 (SU4200), 105825 (EU4200C). Máy dự phòng: 105878, 105880 (SU4200), 105822, 105823 (EU4200C); 20938 (TA-7650), 21050 (RA-7203); 14248 (IC-A200)",Máy thu phát VHF thoại không - địa,Không,/giay-phep/f75dc398-117f-4225-8664-edeaed3a0ccd,"'-7203':21A '-7650':18A '105822':13A '105823':14A '105825':5A '105877':3A '105878':10A '105880':11A '14248':22A '20938':16A '21050':19A 'a200':25A 'chinh':2A 'dia':32A 'du':8A 'eu4200c':6A,15A 'ic':24A 'ic-a200':23A 'khong':31A,33B 'may':1A,7A,26A 'phat':28A 'phong':9A 'ra':20A 'su4200':4A,12A 'ta':17A 'thoai':30A 'thu':27A 'vhf':29A",2026-07-16 03:53:44.014593+00
giay_phep_khai_thac,601b188a-92db-4c3b-b8d2-f6023ff72b38,"Máy chính: 105879 (SU4200), 105824 (EU4200C). Máy dự phòng: 105878, 105880 (SU4200), 105822, 105823 (EU4200C); 20938 (TA-7650), 21050 (RA-7203); 14248 (IC-A200)",Máy thu phát VHF thoại không - địa,Không,/giay-phep/601b188a-92db-4c3b-b8d2-f6023ff72b38,"'-7203':21A '-7650':18A '105822':13A '105823':14A '105824':5A '105878':10A '105879':3A '105880':11A '14248':22A '20938':16A '21050':19A 'a200':25A 'chinh':2A 'dia':32A 'du':8A 'eu4200c':6A,15A 'ic':24A 'ic-a200':23A 'khong':31A,33B 'may':1A,7A,26A 'phat':28A 'phong':9A 'ra':20A 'su4200':4A,12A 'ta':17A 'thoai':30A 'thu':27A 'vhf':29A",2026-07-16 03:53:44.014593+00
giay_phep_khai_thac,8727fbce-1a0b-4893-8421-805cb4d7f000,"Máy chính: 6U11312 (T6T), 6U16868 (T6R); Máy dự phòng: 6U11314 (T6T), 6U16875 (T6R); 100439 (S5200VT), 100159 (EU4200C)",Máy thu phát VHF thoại không - địa,Không,/giay-phep/8727fbce-1a0b-4893-8421-805cb4d7f000,"'100159':16A '100439':14A '6u11312':3A '6u11314':10A '6u16868':5A '6u16875':12A 'chinh':2A 'dia':24A 'du':8A 'eu4200c':17A 'khong':23A,25B 'may':1A,7A,18A 'phat':20A 'phong':9A 's5200vt':15A 't6r':6A,13A 't6t':4A,11A 'thoai':22A 'thu':19A 'vhf':21A",2026-07-16 03:53:44.014593+00
giay_phep_khai_thac,d6f9a842-a70c-4baf-9b74-6a1255bac116,"Máy chính: 6U11305 (T6T), 6U16861 (T6R). Máy dự phòng: 6U11310 (T6T), 6U16867 (T6R)",Máy thu phát VHF thoại không - địa,Không,/giay-phep/d6f9a842-a70c-4baf-9b74-6a1255bac116,"'6u11305':3A '6u11310':10A '6u16861':5A '6u16867':12A 'chinh':2A 'dia':20A 'du':8A 'khong':19A,21B 'may':1A,7A,14A 'phat':16A 'phong':9A 't6r':6A,13A 't6t':4A,11A 'thoai':18A 'thu':15A 'vhf':17A",2026-07-16 03:53:44.014593+00
giay_phep_khai_thac,b38b0bff-fa6a-4ed5-a6da-931161b8bcb6,"Máy chính: 173711 (T6T), 173702 (T6R); Máy dự phòng: 173710 (T6T), 173703 (T6R)",Máy thu phát VHF thoại không - địa,Không,/giay-phep/b38b0bff-fa6a-4ed5-a6da-931161b8bcb6,"'173702':5A '173703':12A '173710':10A '173711':3A 'chinh':2A 'dia':20A 'du':8A 'khong':19A,21B 'may':1A,7A,14A 'phat':16A 'phong':9A 't6r':6A,13A 't6t':4A,11A 'thoai':18A 'thu':15A 'vhf':17A",2026-07-16 03:53:44.014593+00
giay_phep_khai_thac,c325fdf3-d5f3-4bde-bf92-023d73fab44d,Không áp dụng,"Hệ thống thu thập, xử lý số liệu khí tượng cơ bản (GTS)",Không áp dụng,/giay-phep/c325fdf3-d5f3-4bde-bf92-023d73fab44d,"'ap':2A,18B 'ban':15A 'co':14A 'dung':3A,19B 'gts':16A 'he':4A 'khi':12A 'khong':1A,17B 'lieu':11A 'ly':9A 'so':10A 'thap':7A 'thong':5A 'thu':6A 'tuong':13A 'xu':8A",2026-07-16 03:53:44.014593+00
giay_phep_khai_thac,843ab383-6eaa-46ab-b1f4-b6bd9f6b7e0f,Máy chính: 049002-401228; Máy dự phòng: 033,Ghi âm,Không,/giay-phep/843ab383-6eaa-46ab-b1f4-b6bd9f6b7e0f,"'-401228':4A '033':8A '049002':3A 'am':10A 'chinh':2A 'du':6A 'ghi':9A 'khong':11B 'may':1A,5A 'phong':7A",2026-07-16 03:53:44.014593+00
giay_phep_khai_thac,354a0bfa-64ba-4f97-945f-ee919c2651c5,TX000843; 1M31X63,Hệ thống quan trắc thời tiết tự động IMS,Không áp dụng,/giay-phep/354a0bfa-64ba-4f97-945f-ee919c2651c5,'1m31x63':2A 'ap':13B 'dong':10A 'dung':14B 'he':3A 'ims':11A 'khong':12B 'quan':5A 'thoi':7A 'thong':4A 'tiet':8A 'trac':6A 'tu':9A 'tx000843':1A,2026-07-16 03:53:44.014593+00
giay_phep_khai_thac,5a8754e3-22eb-49d0-9a1d-8628eaf126bb,Máy chính: 11320 (TA-7650); 12404 (RA-7203); Máy dự phòng: 11319 (TA-7650); 12403 (RA-7203),Máy thu phát VHF thoại không - địa,Không,/giay-phep/5a8754e3-22eb-49d0-9a1d-8628eaf126bb,"'-7203':8A,17A '-7650':5A,14A '11319':12A '11320':3A '12403':15A '12404':6A 'chinh':2A 'dia':24A 'du':10A 'khong':23A,25B 'may':1A,9A,18A 'phat':20A 'phong':11A 'ra':7A,16A 'ta':4A,13A 'thoai':22A 'thu':19A 'vhf':21A",2026-07-16 03:53:44.014593+00
thiet_bi,913afaa8-0342-4359-938e-4b6e87b401f0,TB_301HRZDH,Chống sét LAN,"Chống sét LAN APC CEILO 35 Ra soat 2026-07-11, file nguon: BDKT_OPTIMET",/thiet-bi/TB_301HRZDH,"'-07':15B '-11':16B '2026':14B '301hrzdh':2A '35':11B 'apc':9B 'bdkt':19B 'ceilo':10B 'chong':3A,6B 'file':17B 'lan':5A,8B 'nguon':18B 'optimet':20B 'ra':12B 'set':4A,7B 'soat':13B 'tb':1A",2026-07-17 01:20:13.233503+00
giay_phep_khai_thac,5e4c41d6-f910-45cb-b42f-0269137bfa42,Gió WindObserver (GILL): 2302004; Khí áp PTB 330: V0821322; Nhiệt kế WQG-11: 50 và 57,"Thiết bị đo đạc quan trắc thông dụng (đo nhiệt độ, độ ẩm, đo gió hiển thị số và khí áp hiển thị số)",Không áp dụng,/giay-phep/5e4c41d6-f910-45cb-b42f-0269137bfa42,"'-11':13A '2302004':4A '330':8A '50':14A '57':16A 'am':29A 'ap':6A,37A,42B 'bi':18A 'dac':20A 'do':19A,25A,27A,28A,30A 'dung':24A,43B 'gill':3A 'gio':1A,31A 'hien':32A,38A 'ke':11A 'khi':5A,36A 'khong':41B 'nhiet':10A,26A 'ptb':7A 'quan':21A 'so':34A,40A 'thi':33A,39A 'thiet':17A 'thong':23A 'trac':22A 'v0821322':9A 'va':15A,35A 'windobserver':2A 'wqg':12A",2026-07-16 03:53:44.014593+00
giay_phep_khai_thac,0b4aeac3-f0c4-4e51-8545-e7f3bc48d8be,Máy chính: 6U11301 (T6T); 6U16872 (T6R); Máy dự phòng: 173709 (T6T); 6U16864 (T6R),Máy thu phát VHF thoại không - địa,Không,/giay-phep/0b4aeac3-f0c4-4e51-8545-e7f3bc48d8be,"'173709':10A '6u11301':3A '6u16864':12A '6u16872':5A 'chinh':2A 'dia':20A 'du':8A 'khong':19A,21B 'may':1A,7A,14A 'phat':16A 'phong':9A 't6r':6A,13A 't6t':4A,11A 'thoai':18A 'thu':15A 'vhf':17A",2026-07-16 03:53:44.014593+00
giay_phep_khai_thac,5bedcf13-bdac-412f-a7aa-695a0604917d,09230017,"Thiết bị đo đạc quan trắc thông dụng (đo nhiệt độ, độ ẩm, đo gió hiển thị số và khí áp hiển thị số)",Không áp dụng,/giay-phep/5bedcf13-bdac-412f-a7aa-695a0604917d,"'09230017':1A 'am':14A 'ap':22A,27B 'bi':3A 'dac':5A 'do':4A,10A,12A,13A,15A 'dung':9A,28B 'gio':16A 'hien':17A,23A 'khi':21A 'khong':26B 'nhiet':11A 'quan':6A 'so':19A,25A 'thi':18A,24A 'thiet':2A 'thong':8A 'trac':7A 'va':20A",2026-07-16 03:53:44.014593+00
giay_phep_khai_thac,2c46591b-d671-4c59-8b46-9651404e6dd1,6424049796870,Hệ thống chuyển mạch thoại (VCCS),Không áp dụng,/giay-phep/2c46591b-d671-4c59-8b46-9651404e6dd1,'6424049796870':1A 'ap':9B 'chuyen':4A 'dung':10B 'he':2A 'khong':8B 'mach':5A 'thoai':6A 'thong':3A 'vccs':7A,2026-07-16 03:53:44.014593+00
giay_phep_khai_thac,5b871a04-f527-43c5-bf65-49078df42c11,"Receiver/Site Monitor: 00913/2138429, 00915/2138430",Trạm thu dữ liệu giám sát phụ thuộc tự động - quảng bá (ADS-B),"SIC 197, SIC 198",/giay-phep/5b871a04-f527-43c5-bf65-49078df42c11,"'00913/2138429':3A '00915/2138430':4A '197':21B '198':23B 'ads':18A 'ads-b':17A 'b':19A 'ba':16A 'dong':14A 'du':7A 'giam':9A 'lieu':8A 'monitor':2A 'phu':11A 'quang':15A 'receiver/site':1A 'sat':10A 'sic':20B,22B 'thu':6A 'thuoc':12A 'tram':5A 'tu':13A",2026-07-16 03:53:44.014593+00
giay_phep_khai_thac,9aba0ee3-5a85-486c-b6b9-e0541bad9d64,"Máy chính: 100107 (XU4200); máy dự phòng: 100231, 104268, 104270 (XU4200); 20939 (TA-7650), 21051 (RA-7203)",Máy thu phát VHF thoại không - địa,Không,/giay-phep/9aba0ee3-5a85-486c-b6b9-e0541bad9d64,"'-7203':17A '-7650':14A '100107':3A '100231':8A '104268':9A '104270':10A '20939':12A '21051':15A 'chinh':2A 'dia':24A 'du':6A 'khong':23A,25B 'may':1A,5A,18A 'phat':20A 'phong':7A 'ra':16A 'ta':13A 'thoai':22A 'thu':19A 'vhf':21A 'xu4200':4A,11A",2026-07-16 03:53:44.014593+00
giay_phep_khai_thac,d342b76b-b1ae-44a8-bb66-7ee0ce9d466e,Máy chính: 274264 (T6T); 274157 (T6R); Máy dự phòng: 274265 (T6T); 173704 (T6R); 274268 (T6TR); 104268 (XU4200),Máy thu phát VHF thoại không - địa,Không,/giay-phep/d342b76b-b1ae-44a8-bb66-7ee0ce9d466e,"'104268':16A '173704':12A '274157':5A '274264':3A '274265':10A '274268':14A 'chinh':2A 'dia':24A 'du':8A 'khong':23A,25B 'may':1A,7A,18A 'phat':20A 'phong':9A 't6r':6A,13A 't6t':4A,11A 't6tr':15A 'thoai':22A 'thu':19A 'vhf':21A 'xu4200':17A",2026-07-16 03:53:44.014593+00
giay_phep_khai_thac,f398c4fb-0d0d-4328-a1e3-2ddf42d09540,"Máy chính: 274266 (T6T); 274159 (T6R). Máy dự phòng: 274267 (T6T), 274156 (T6R), 20939 (TA-7650), 21051 (RA-7203), 274268 (T6TR); 104270, 104268 (XU4200)",Máy thu phát VHF thoại không - địa,Không,/giay-phep/f398c4fb-0d0d-4328-a1e3-2ddf42d09540,"'-7203':19A '-7650':16A '104268':23A '104270':22A '20939':14A '21051':17A '274156':12A '274159':5A '274266':3A '274267':10A '274268':20A 'chinh':2A 'dia':31A 'du':8A 'khong':30A,32B 'may':1A,7A,25A 'phat':27A 'phong':9A 'ra':18A 't6r':6A,13A 't6t':4A,11A 't6tr':21A 'ta':15A 'thoai':29A 'thu':26A 'vhf':28A 'xu4200':24A",2026-07-16 03:53:44.014593+00
giay_phep_khai_thac,bf7d6064-1294-427a-ab93-0ef256ddd5f2,"Máy chính: 104269 (XU4200). Máy dự phòng: 100100, 104268, 104270 (XU4200); 274268 (T6TR); 19712, 20939 (TA-7650), 19739, 21051 (RA-7203)",Máy thu phát VHF thoại không - địa,Không,/giay-phep/bf7d6064-1294-427a-ab93-0ef256ddd5f2,"'-7203':21A '-7650':17A '100100':8A '104268':9A '104269':3A '104270':10A '19712':14A '19739':18A '20939':15A '21051':19A '274268':12A 'chinh':2A 'dia':28A 'du':6A 'khong':27A,29B 'may':1A,5A,22A 'phat':24A 'phong':7A 'ra':20A 't6tr':13A 'ta':16A 'thoai':26A 'thu':23A 'vhf':25A 'xu4200':4A,11A",2026-07-16 03:53:44.014593+00
giay_phep_khai_thac,3d884cba-f867-471c-96bf-390dbc5e95c0,VCS 3020X Rel 8.0,Hệ thống chuyển mạch thoại (VCCS),Không,/giay-phep/3d884cba-f867-471c-96bf-390dbc5e95c0,'3020x':2A '8.0':4A 'chuyen':7A 'he':5A 'khong':11B 'mach':8A 'rel':3A 'thoai':9A 'thong':6A 'vccs':10A 'vcs':1A,2026-07-16 03:53:44.014593+00
giay_phep_khai_thac,871f4122-3fd7-44ca-ba61-37fba963fe82,Máy chính: 002; Máy dự phòng: 003,Thiết bị ghi âm,Không,/giay-phep/871f4122-3fd7-44ca-ba61-37fba963fe82,"'002':3A '003':7A 'am':11A 'bi':9A 'chinh':2A 'du':5A 'ghi':10A 'khong':12B 'may':1A,4A 'phong':6A 'thiet':8A",2026-07-16 03:53:44.014593+00
giay_phep_khai_thac,efee5221-0201-4f0e-bc48-fced966050e8,Máy chính: 001; máy dự phòng: 002,Ghi âm và ghi hình,Không,/giay-phep/efee5221-0201-4f0e-bc48-fced966050e8,"'001':3A '002':7A 'am':9A 'chinh':2A 'du':5A 'ghi':8A,11A 'hinh':12A 'khong':13B 'may':1A,4A 'phong':6A 'va':10A",2026-07-16 03:53:44.014593+00
giay_phep_khai_thac,2db54885-8ee1-4577-9a08-a579b348ecfa,BJQ8B2S; CJQ8B2S,Hệ thống quan trắc thời tiết tự động OPTIMET,Không áp dụng,/giay-phep/2db54885-8ee1-4577-9a08-a579b348ecfa,'ap':13B 'bjq8b2s':1A 'cjq8b2s':2A 'dong':10A 'dung':14B 'he':3A 'khong':12B 'optimet':11A 'quan':5A 'thoi':7A 'thong':4A 'tiet':8A 'trac':6A 'tu':9A,2026-07-16 03:53:44.014593+00
giay_phep_khai_thac,84fe9ad9-56fa-4c49-acd5-65a222e14f88,9S7KB94; 7PKXW84,Hệ thống quan trắc thời tiết tự động AVIMET,Không áp dụng,/giay-phep/84fe9ad9-56fa-4c49-acd5-65a222e14f88,'7pkxw84':2A '9s7kb94':1A 'ap':13B 'avimet':11A 'dong':10A 'dung':14B 'he':3A 'khong':12B 'quan':5A 'thoi':7A 'thong':4A 'tiet':8A 'trac':6A 'tu':9A,2026-07-16 03:53:44.014593+00
giay_phep_khai_thac,f56c1d1c-dd40-4ea6-be9c-c6c426787030,Gió WindObserver (GILL): 2302007; Khí áp PTB 330: V0821325,Thiết bị đo đạc quan trắc thông dụng (đo gió hiển thị số và khí áp hiển thị số),Không áp dụng,/giay-phep/f56c1d1c-dd40-4ea6-be9c-c6c426787030,"'2302007':4A '330':8A 'ap':6A,25A,30B 'bi':11A 'dac':13A 'do':12A,18A 'dung':17A,31B 'gill':3A 'gio':1A,19A 'hien':20A,26A 'khi':5A,24A 'khong':29B 'ptb':7A 'quan':14A 'so':22A,28A 'thi':21A,27A 'thiet':10A 'thong':16A 'trac':15A 'v0821325':9A 'va':23A 'windobserver':2A",2026-07-16 03:53:44.014593+00
giay_phep_khai_thac,7d47d549-efe7-495b-b622-5c43e8fb4646,Máy chính: 18175; Máy dự phòng: 18172; Máy thu: 105801,Hệ thống thông báo tin tức bán tự động tại khu vực sân bay (D-ATIS),Không áp dụng,/giay-phep/7d47d549-efe7-495b-b622-5c43e8fb4646,"'105801':10A '18172':7A '18175':3A 'ap':29B 'atis':27A 'ban':17A 'bao':14A 'bay':24A 'chinh':2A 'd':26A 'd-atis':25A 'dong':19A 'du':5A 'dung':30B 'he':11A 'khong':28B 'khu':21A 'may':1A,4A,8A 'phong':6A 'san':23A 'tai':20A 'thong':12A,13A 'thu':9A 'tin':15A 'tu':18A 'tuc':16A 'vuc':22A",2026-07-16 03:53:44.014593+00
giay_phep_khai_thac,ea024f84-345e-44be-8d6a-5a567b342a4c,"Máy chính: 00791 (TA-7625), 00817 (RA-7203); Máy dự phòng: 00836 (TA-7625), 00814 (RA-7203); 1058xx (SU4200/EU4200C)",Máy thu phát VHF thoại không - địa,Không,/giay-phep/ea024f84-345e-44be-8d6a-5a567b342a4c,"'-7203':8A,17A '-7625':5A,14A '00791':3A '00814':15A '00817':6A '00836':12A '1058xx':18A 'chinh':2A 'dia':26A 'du':10A 'khong':25A,27B 'may':1A,9A,20A 'phat':22A 'phong':11A 'ra':7A,16A 'su4200/eu4200c':19A 'ta':4A,13A 'thoai':24A 'thu':21A 'vhf':23A",2026-07-16 03:53:44.014593+00
giay_phep_khai_thac,5db9001e-07cd-493b-a2dd-3ad57a96bbf8,"Máy chính: 100437 (S5200VT), 100739 (S5200VR); Máy dự phòng: 105855, 105858 (SU4200), 105802, 105805 (EU4200C)",Máy thu phát VHF thoại không - địa,Không,/giay-phep/5db9001e-07cd-493b-a2dd-3ad57a96bbf8,"'100437':3A '100739':5A '105802':13A '105805':14A '105855':10A '105858':11A 'chinh':2A 'dia':22A 'du':8A 'eu4200c':15A 'khong':21A,23B 'may':1A,7A,16A 'phat':18A 'phong':9A 's5200vr':6A 's5200vt':4A 'su4200':12A 'thoai':20A 'thu':17A 'vhf':19A",2026-07-16 03:53:44.014593+00
giay_phep_khai_thac,33750536-6e76-4cd0-aafc-97205d661f56,"Máy chính: 01162 (TA-7650), 00884 (RA-7203); Máy dự phòng: 00901, 6134, 11324, 11321 (TA-7650) và các máy thu/phát dự phòng",Máy thu phát VHF thoại không - địa,Không,/giay-phep/33750536-6e76-4cd0-aafc-97205d661f56,"'-7203':8A '-7650':5A,17A '00884':6A '00901':12A '01162':3A '11321':15A '11324':14A '6134':13A 'cac':19A 'chinh':2A 'dia':30A 'du':10A,22A 'khong':29A,31B 'may':1A,9A,20A,24A 'phat':26A 'phong':11A,23A 'ra':7A 'ta':4A,16A 'thoai':28A 'thu':25A 'thu/phat':21A 'va':18A 'vhf':27A",2026-07-16 03:53:44.014593+00
giay_phep_khai_thac,e0484d05-22cd-4763-9056-d07718c896af,"Máy chính: 105870 (SU4200); 105817 (EU4200C); Máy dự phòng: 105866, 105856, 105857, 105860…",Máy thu phát VHF thoại không - địa,Không,/giay-phep/e0484d05-22cd-4763-9056-d07718c896af,"'105817':5A '105856':11A '105857':12A '105860':13A '105866':10A '105870':3A 'chinh':2A 'dia':20A 'du':8A 'eu4200c':6A 'khong':19A,21B 'may':1A,7A,14A 'phat':16A 'phong':9A 'su4200':4A 'thoai':18A 'thu':15A 'vhf':17A",2026-07-16 03:53:44.014593+00
giay_phep_khai_thac,b588959c-c31e-40a4-9453-af4df420ca6d,"Máy chính: 105871 (SU4200), 105816 (EU4200C); Máy dự phòng: 105872, 105859, 105860…",Máy thu phát VHF thoại không - địa,Không,/giay-phep/b588959c-c31e-40a4-9453-af4df420ca6d,"'105816':5A '105859':11A '105860':12A '105871':3A '105872':10A 'chinh':2A 'dia':19A 'du':8A 'eu4200c':6A 'khong':18A,20B 'may':1A,7A,13A 'phat':15A 'phong':9A 'su4200':4A 'thoai':17A 'thu':14A 'vhf':16A",2026-07-16 03:53:44.014593+00
giay_phep_khai_thac,3d57d8b2-bd45-4bf1-b39d-8353d38e5140,"Máy chính: 00837 (TA-7625), 00816 (RA-7203); Máy dự phòng: 00790 (TA-7625), 6134 (TA-7650)…",Máy thu phát VHF thoại không - địa,Không,/giay-phep/3d57d8b2-bd45-4bf1-b39d-8353d38e5140,"'-7203':8A '-7625':5A,14A '-7650':17A '00790':12A '00816':6A '00837':3A '6134':15A 'chinh':2A 'dia':24A 'du':10A 'khong':23A,25B 'may':1A,9A,18A 'phat':20A 'phong':11A 'ra':7A 'ta':4A,13A,16A 'thoai':22A 'thu':19A 'vhf':21A",2026-07-16 03:53:44.014593+00
giay_phep_khai_thac,b247cfa3-c4f4-40c5-9148-9e76a3ca8333,"Máy chính: 106629 (SU4200); 106539 (EU4200C); Máy dự phòng: 106626, 106627, 105862, 105858…",Máy thu phát VHF thoại không - địa,Không,/giay-phep/b247cfa3-c4f4-40c5-9148-9e76a3ca8333,"'105858':13A '105862':12A '106539':5A '106626':10A '106627':11A '106629':3A 'chinh':2A 'dia':20A 'du':8A 'eu4200c':6A 'khong':19A,21B 'may':1A,7A,14A 'phat':16A 'phong':9A 'su4200':4A 'thoai':18A 'thu':15A 'vhf':17A",2026-07-16 03:53:44.014593+00
giay_phep_khai_thac,4872d77d-f73e-4243-b751-3280c519790c,"Máy chính: 106628 (SU4200); 106540 (EU4200C); Máy dự phòng: 106626, 106627, 105862, 105858…",Máy thu phát VHF thoại không - địa,Không,/giay-phep/4872d77d-f73e-4243-b751-3280c519790c,"'105858':13A '105862':12A '106540':5A '106626':10A '106627':11A '106628':3A 'chinh':2A 'dia':20A 'du':8A 'eu4200c':6A 'khong':19A,21B 'may':1A,7A,14A 'phat':16A 'phong':9A 'su4200':4A 'thoai':18A 'thu':15A 'vhf':17A",2026-07-16 03:53:44.014593+00
giay_phep_khai_thac,808e0c9e-5bf8-4e71-a621-4489e4b0ef2f,02737/03338,Máy thu phát VHF thoại không - địa,Không,/giay-phep/808e0c9e-5bf8-4e71-a621-4489e4b0ef2f,"'02737/03338':1A 'dia':8A 'khong':7A,9B 'may':2A 'phat':4A 'thoai':6A 'thu':3A 'vhf':5A",2026-07-16 03:53:44.014593+00
giay_phep_khai_thac,7211ca90-1b82-4199-8610-81b958af9a0f,VCS 3020X Rel 8.0,Hệ thống chuyển mạch thoại (VCCS),Không,/giay-phep/7211ca90-1b82-4199-8610-81b958af9a0f,'3020x':2A '8.0':4A 'chuyen':7A 'he':5A 'khong':11B 'mach':8A 'rel':3A 'thoai':9A 'thong':6A 'vccs':10A 'vcs':1A,2026-07-16 03:53:44.014593+00
giay_phep_khai_thac,dd2a8275-c420-4318-bca1-04dcb4f13f2a,4K80PL11301701 / 4K80PL11301702,Ghi âm,Không,/giay-phep/dd2a8275-c420-4318-bca1-04dcb4f13f2a,'4k80pl11301701':1A '4k80pl11301702':2A 'am':4A 'ghi':3A 'khong':5B,2026-07-16 03:53:44.014593+00
giay_phep_khai_thac,f3523d63-d9df-47a0-a7f7-1b778bf80ad6,Tại Phụ lục 1 kèm theo,Hệ thống xử lý dữ liệu ra đa (RDP),Không,/giay-phep/f3523d63-d9df-47a0-a7f7-1b778bf80ad6,'1':4A 'da':14A 'du':11A 'he':7A 'kem':5A 'khong':16B 'lieu':12A 'luc':3A 'ly':10A 'phu':2A 'ra':13A 'rdp':15A 'tai':1A 'theo':6A 'thong':8A 'xu':9A,2026-07-16 03:53:44.014593+00
giay_phep_khai_thac,014957bb-6fda-47ab-a070-45601341db87,GL9W82S; HL9W82S,Hệ thống quan trắc thời tiết tự động OPTIMET,Không áp dụng,/giay-phep/014957bb-6fda-47ab-a070-45601341db87,'ap':13B 'dong':10A 'dung':14B 'gl9w82s':1A 'he':3A 'hl9w82s':2A 'khong':12B 'optimet':11A 'quan':5A 'thoi':7A 'thong':4A 'tiet':8A 'trac':6A 'tu':9A,2026-07-16 03:53:44.014593+00
giay_phep_khai_thac,8977a330-4f32-41ea-afad-c54c461be4e3,Gió WindObserver (GILL): 2302006; Khí áp PTB 330: V0821321; Nhiệt kế WQG-11: 59,"Thiết bị đo đạc quan trắc thông dụng (đo nhiệt độ, độ ẩm, đo gió hiển thị số và khí áp hiển thị số)",Không áp dụng,/giay-phep/8977a330-4f32-41ea-afad-c54c461be4e3,"'-11':13A '2302006':4A '330':8A '59':14A 'am':27A 'ap':6A,35A,40B 'bi':16A 'dac':18A 'do':17A,23A,25A,26A,28A 'dung':22A,41B 'gill':3A 'gio':1A,29A 'hien':30A,36A 'ke':11A 'khi':5A,34A 'khong':39B 'nhiet':10A,24A 'ptb':7A 'quan':19A 'so':32A,38A 'thi':31A,37A 'thiet':15A 'thong':21A 'trac':20A 'v0821321':9A 'va':33A 'windobserver':2A 'wqg':12A",2026-07-16 03:53:44.014593+00
giay_phep_khai_thac,d8f0e4b2-9e3f-434d-a1f4-2a635b2fe44c,"Máy chính: 105889 (SU4200), 105834 (EU4200C); Máy dự phòng: 105890 (SU4200); 105835 (EU4200C)",Máy thu phát VHF thoại không - địa,Không,/giay-phep/d8f0e4b2-9e3f-434d-a1f4-2a635b2fe44c,"'105834':5A '105835':12A '105889':3A '105890':10A 'chinh':2A 'dia':20A 'du':8A 'eu4200c':6A,13A 'khong':19A,21B 'may':1A,7A,14A 'phat':16A 'phong':9A 'su4200':4A,11A 'thoai':18A 'thu':15A 'vhf':17A",2026-07-16 03:53:44.014593+00
giay_phep_khai_thac,f29bc9f1-2bff-4794-a467-9edcc2ba9334,1711217,Hệ thống radar thời tiết Doppler METEOR 60DX10-S tích hợp với hệ thống cảnh báo gió đứt LLWAS,Không áp dụng,/giay-phep/f29bc9f1-2bff-4794-a467-9edcc2ba9334,"'1711217':1A '60dx10':10A '60dx10-s':9A 'ap':23B 'bao':18A 'canh':17A 'doppler':7A 'dung':24B 'dut':20A 'gio':19A 'he':2A,15A 'hop':13A 'khong':22B 'llwas':21A 'meteor':8A 'radar':4A 's':11A 'thoi':5A 'thong':3A,16A 'tich':12A 'tiet':6A 'voi':14A",2026-07-16 03:53:44.014593+00
giay_phep_khai_thac,7dc699cb-11a6-47d4-9dfa-b04d3cabc1af,S01402,Thiết bị đo đạc quan trắc thông dụng,MET.KAP.00001,/giay-phep/7dc699cb-11a6-47d4-9dfa-b04d3cabc1af,'00001':11B 'bi':3A 'dac':5A 'do':4A 'dung':9A 'met.kap':10B 'quan':6A 's01402':1A 'thiet':2A 'thong':8A 'trac':7A,2026-07-16 03:53:44.014593+00
giay_phep_khai_thac,a88ea73d-c972-4860-b9d1-98bb9215c48c,Chi tiết tại Phụ lục I kèm theo,Hệ thống xử lý điện văn dịch vụ không lưu (AMHS),Không áp dụng,/giay-phep/a88ea73d-c972-4860-b9d1-98bb9215c48c,"'amhs':19A 'ap':21B 'chi':1A 'dich':15A 'dien':13A 'dung':22B 'he':9A 'i':6A 'kem':7A 'khong':17A,20B 'luc':5A 'luu':18A 'ly':12A 'phu':4A 'tai':3A 'theo':8A 'thong':10A 'tiet':2A 'van':14A 'vu':16A 'xu':11A",2026-07-16 03:53:44.014593+00
giay_phep_khai_thac,e8594925-7cb0-4df6-8b0e-bed36f2fabab,11 máy chủ HP Proliant DL380-G5; 02 máy chủ HP Proliant DL380p-Gen8 (chi tiết phụ lục),Hệ thống thông báo tin tức hàng không (AIS) tự động,Không áp dụng,/giay-phep/e8594925-7cb0-4df6-8b0e-bed36f2fabab,"'02':9A '11':1A 'ais':29A 'ap':33B 'bao':24A 'chi':17A 'chu':3A,11A 'dl380':7A 'dl380-g5':6A 'dl380p':15A 'dl380p-gen8':14A 'dong':31A 'dung':34B 'g5':8A 'gen8':16A 'hang':27A 'he':21A 'hp':4A,12A 'khong':28A,32B 'luc':20A 'may':2A,10A 'phu':19A 'proliant':5A,13A 'thong':22A,23A 'tiet':18A 'tin':25A 'tu':30A 'tuc':26A",2026-07-16 03:53:44.014593+00
giay_phep_khai_thac,8e7c2adb-6a43-4f72-907a-d2cbe382471d,Không,Hệ thống huấn luyện giả định không lưu (SIM),Không,/giay-phep/8e7c2adb-6a43-4f72-907a-d2cbe382471d,"'dinh':7A 'gia':6A 'he':2A 'huan':4A 'khong':1A,8A,11B 'luu':9A 'luyen':5A 'sim':10A 'thong':3A",2026-07-16 03:53:44.014593+00
giay_phep_khai_thac,82177623-b16a-490a-bc4c-e23476fd35ad,Tại Phụ lục 1 kèm theo,Hệ thống huấn luyện giả định không lưu (Simulator),Không,/giay-phep/82177623-b16a-490a-bc4c-e23476fd35ad,"'1':4A 'dinh':12A 'gia':11A 'he':7A 'huan':9A 'kem':5A 'khong':13A,16B 'luc':3A 'luu':14A 'luyen':10A 'phu':2A 'simulator':15A 'tai':1A 'theo':6A 'thong':8A",2026-07-16 03:53:44.014593+00
giay_phep_khai_thac,9cfd06ff-8c13-4d3b-8e24-dc540dfc7784,"E263363X2201174, E263363X22011227",Hệ thống xử lý dữ liệu ADS-B,Không,/giay-phep/9cfd06ff-8c13-4d3b-8e24-dc540dfc7784,'ads':10A 'ads-b':9A 'b':11A 'du':7A 'e263363x22011227':2A 'e263363x2201174':1A 'he':3A 'khong':12B 'lieu':8A 'ly':6A 'thong':4A 'xu':5A,2026-07-16 03:53:44.014593+00
giay_phep_khai_thac,2b5e5773-a39c-4dc2-a371-386cafcdf892,Máy chính: 18176; Máy dự phòng: 18173; Máy thu: 105800,Hệ thống thông báo tin tức bán tự động tại khu vực sân bay (D-ATIS),Không áp dụng,/giay-phep/2b5e5773-a39c-4dc2-a371-386cafcdf892,"'105800':10A '18173':7A '18176':3A 'ap':29B 'atis':27A 'ban':17A 'bao':14A 'bay':24A 'chinh':2A 'd':26A 'd-atis':25A 'dong':19A 'du':5A 'dung':30B 'he':11A 'khong':28B 'khu':21A 'may':1A,4A,8A 'phong':6A 'san':23A 'tai':20A 'thong':12A,13A 'thu':9A 'tin':15A 'tu':18A 'tuc':16A 'vuc':22A",2026-07-16 03:53:44.014593+00
giay_phep_khai_thac,e5bec39c-960b-47dd-bf57-0086652e7b64,"Máy chính: 105873 (SU4200), 105818 (EU4200C); máy dự phòng: 105875, 105874 (SU4200), 105819, 105821 (EU4200C); 19713 (TA-7650)…",Máy thu phát VHF thoại không - địa,Không,/giay-phep/e5bec39c-960b-47dd-bf57-0086652e7b64,"'-7650':18A '105818':5A '105819':13A '105821':14A '105873':3A '105874':11A '105875':10A '19713':16A 'chinh':2A 'dia':25A 'du':8A 'eu4200c':6A,15A 'khong':24A,26B 'may':1A,7A,19A 'phat':21A 'phong':9A 'su4200':4A,12A 'ta':17A 'thoai':23A 'thu':20A 'vhf':22A",2026-07-16 03:53:44.014593+00
giay_phep_khai_thac,48979dc5-d460-40cd-8d32-19dbd4bcb552,09230013,Thiết bị đo đạc quan trắc thông dụng (đo gió hiển thị số và khí áp hiển thị số),Không áp dụng,/giay-phep/48979dc5-d460-40cd-8d32-19dbd4bcb552,"'09230013':1A 'ap':17A,22B 'bi':3A 'dac':5A 'do':4A,10A 'dung':9A,23B 'gio':11A 'hien':12A,18A 'khi':16A 'khong':21B 'quan':6A 'so':14A,20A 'thi':13A,19A 'thiet':2A 'thong':8A 'trac':7A 'va':15A",2026-07-16 03:53:44.014593+00
giay_phep_khai_thac,5148c468-c8ac-4b26-84c9-f7b3b248de3e,Máy chính: 407043 (T6TV); 407014 (T6RV); Máy dự phòng: 407042 (T6TV); 407022 (T6RV),Máy thu phát VHF thoại không - địa,Không,/giay-phep/5148c468-c8ac-4b26-84c9-f7b3b248de3e,"'407014':5A '407022':12A '407042':10A '407043':3A 'chinh':2A 'dia':20A 'du':8A 'khong':19A,21B 'may':1A,7A,14A 'phat':16A 'phong':9A 't6rv':6A,13A 't6tv':4A,11A 'thoai':18A 'thu':15A 'vhf':17A",2026-07-16 03:53:44.014593+00
giay_phep_khai_thac,22cc6e40-864a-4672-9da2-560b45eab96c,"Máy chính: 105876 (SU4200), 105820 (EU4200C); máy dự phòng: 105874, 105875 (SU4200); 105819, 105821 (EU4200C); 19713 (TA-7650)…",Máy thu phát VHF thoại không - địa,Không,/giay-phep/22cc6e40-864a-4672-9da2-560b45eab96c,"'-7650':18A '105819':13A '105820':5A '105821':14A '105874':10A '105875':11A '105876':3A '19713':16A 'chinh':2A 'dia':25A 'du':8A 'eu4200c':6A,15A 'khong':24A,26B 'may':1A,7A,19A 'phat':21A 'phong':9A 'su4200':4A,12A 'ta':17A 'thoai':23A 'thu':20A 'vhf':22A",2026-07-16 03:53:44.014593+00
giay_phep_khai_thac,e5717afa-3e82-45f2-8177-68d0e19981ba,6424049796894,Hệ thống chuyển mạch thoại (VCCS),Không,/giay-phep/e5717afa-3e82-45f2-8177-68d0e19981ba,'6424049796894':1A 'chuyen':4A 'he':2A 'khong':8B 'mach':5A 'thoai':6A 'thong':3A 'vccs':7A,2026-07-16 03:53:44.014593+00
giay_phep_khai_thac,008dcc33-2fa7-4031-af24-b5fb7654d077,Máy chính: 049002-400442; máy dự phòng: 015,Thiết bị ghi âm,Không,/giay-phep/008dcc33-2fa7-4031-af24-b5fb7654d077,"'-400442':4A '015':8A '049002':3A 'am':12A 'bi':10A 'chinh':2A 'du':6A 'ghi':11A 'khong':13B 'may':1A,5A 'phong':7A 'thiet':9A",2026-07-16 03:53:44.014593+00
giay_phep_khai_thac,73404b9a-4207-4a16-a15b-ecec105ca722,JG94L44; HG94L44,Hệ thống quan trắc khí tượng tự động AWOS 900,Không,/giay-phep/73404b9a-4207-4a16-a15b-ecec105ca722,'900':12A 'awos':11A 'dong':10A 'he':3A 'hg94l44':2A 'jg94l44':1A 'khi':7A 'khong':13B 'quan':5A 'thong':4A 'trac':6A 'tu':9A 'tuong':8A,2026-07-16 03:53:44.014593+00
giay_phep_khai_thac,623e6e75-a74b-49be-9f75-de9177694ce9,"Máy chính: 00254 (PAV200), 7068 (TA7650); 8010 (RA7203); Máy dự phòng: 00253 (PAV200), 7069 (TA7650); 8011 (RA7203)",Máy thu phát VHF thoại không - địa,Không,/giay-phep/623e6e75-a74b-49be-9f75-de9177694ce9,"'00253':12A '00254':3A '7068':5A '7069':14A '8010':7A '8011':16A 'chinh':2A 'dia':24A 'du':10A 'khong':23A,25B 'may':1A,9A,18A 'pav200':4A,13A 'phat':20A 'phong':11A 'ra7203':8A,17A 'ta7650':6A,15A 'thoai':22A 'thu':19A 'vhf':21A",2026-07-16 03:53:44.014593+00
giay_phep_khai_thac,d4d5859d-a230-4d27-8f1c-2be7d30c52bd,Gió WindObserver (GILL): 2302019; Khí áp PTB 330: V0821315,Thiết bị đo đạc quan trắc thông dụng (đo gió hiển thị số và khí áp hiển thị số),Không áp dụng,/giay-phep/d4d5859d-a230-4d27-8f1c-2be7d30c52bd,"'2302019':4A '330':8A 'ap':6A,25A,30B 'bi':11A 'dac':13A 'do':12A,18A 'dung':17A,31B 'gill':3A 'gio':1A,19A 'hien':20A,26A 'khi':5A,24A 'khong':29B 'ptb':7A 'quan':14A 'so':22A,28A 'thi':21A,27A 'thiet':10A 'thong':16A 'trac':15A 'v0821315':9A 'va':23A 'windobserver':2A",2026-07-16 03:53:44.014593+00
giay_phep_khai_thac,019cefd2-15d6-459f-bb61-c5c527083ac3,"00934/2138423, 00936/2138424",Trạm thu dữ liệu giám sát phụ thuộc tự động - quảng bá (ADS-B),"SIC 195, SIC 196",/giay-phep/019cefd2-15d6-459f-bb61-c5c527083ac3,"'00934/2138423':1A '00936/2138424':2A '195':19B '196':21B 'ads':16A 'ads-b':15A 'b':17A 'ba':14A 'dong':12A 'du':5A 'giam':7A 'lieu':6A 'phu':9A 'quang':13A 'sat':8A 'sic':18B,20B 'thu':4A 'thuoc':10A 'tram':3A 'tu':11A",2026-07-16 03:53:44.014593+00
giay_phep_khai_thac,16670ff9-443c-4f3a-8298-b6b7502b6f6f,"Máy chính: 105886 (SU4200), 105833 (EU4200C). Máy dự phòng: 105885 (SU4200); 10198, 10199 (TA-7650); 105830 (EU4200C)…",Máy thu phát VHF thoại không - địa,Không,/giay-phep/16670ff9-443c-4f3a-8298-b6b7502b6f6f,"'-7650':15A '10198':12A '10199':13A '105830':16A '105833':5A '105885':10A '105886':3A 'chinh':2A 'dia':24A 'du':8A 'eu4200c':6A,17A 'khong':23A,25B 'may':1A,7A,18A 'phat':20A 'phong':9A 'su4200':4A,11A 'ta':14A 'thoai':22A 'thu':19A 'vhf':21A",2026-07-16 03:53:44.014593+00
giay_phep_khai_thac,07027cc5-07fa-452b-86e6-77ce9872cd0a,"Máy chính: 105888 (SU4200), 105832 (EU4200C); Máy dự phòng: 105887 (SU4200); 10198, 10199 (TA-7650); 105831 (EU4200C)…",Máy thu phát VHF thoại không - địa,Không,/giay-phep/07027cc5-07fa-452b-86e6-77ce9872cd0a,"'-7650':15A '10198':12A '10199':13A '105831':16A '105832':5A '105887':10A '105888':3A 'chinh':2A 'dia':24A 'du':8A 'eu4200c':6A,17A 'khong':23A,25B 'may':1A,7A,18A 'phat':20A 'phong':9A 'su4200':4A,11A 'ta':14A 'thoai':22A 'thu':19A 'vhf':21A",2026-07-16 03:53:44.014593+00
giay_phep_khai_thac,b7037f61-65cc-4512-be6d-acdf7fca3cf4,6424049796887,Hệ thống chuyển mạch thoại (VCCS),Không,/giay-phep/b7037f61-65cc-4512-be6d-acdf7fca3cf4,'6424049796887':1A 'chuyen':4A 'he':2A 'khong':8B 'mach':5A 'thoai':6A 'thong':3A 'vccs':7A,2026-07-16 03:53:44.014593+00
giay_phep_khai_thac,973ac8e2-4d56-469a-8916-d09b0546c98f,Máy chính: 049002-401229; Máy dự phòng: 001,Ghi âm,Không,/giay-phep/973ac8e2-4d56-469a-8916-d09b0546c98f,"'-401229':4A '001':8A '049002':3A 'am':10A 'chinh':2A 'du':6A 'ghi':9A 'khong':11B 'may':1A,5A 'phong':7A",2026-07-16 03:53:44.014593+00
giay_phep_khai_thac,b9080fd7-3db4-4054-8386-c78873e5308d,YLTQ028092; SGH834TQ2M,Hệ thống quan trắc thời tiết tự động IMS,Không áp dụng,/giay-phep/b9080fd7-3db4-4054-8386-c78873e5308d,'ap':13B 'dong':10A 'dung':14B 'he':3A 'ims':11A 'khong':12B 'quan':5A 'sgh834tq2m':2A 'thoi':7A 'thong':4A 'tiet':8A 'trac':6A 'tu':9A 'yltq028092':1A,2026-07-16 03:53:44.014593+00
giay_phep_khai_thac,1916e70a-50e7-4b32-9320-3bbbb04f6e2b,Gió WindObserver (GILL): 2302016; Khí áp PTB 330: V0821316; Nhiệt kế WQG-11: 60 và 41,"Thiết bị đo đạc quan trắc thông dụng (đo nhiệt độ, độ ẩm, đo gió hiển thị số và khí áp hiển thị số)",Không áp dụng,/giay-phep/1916e70a-50e7-4b32-9320-3bbbb04f6e2b,"'-11':13A '2302016':4A '330':8A '41':16A '60':14A 'am':29A 'ap':6A,37A,42B 'bi':18A 'dac':20A 'do':19A,25A,27A,28A,30A 'dung':24A,43B 'gill':3A 'gio':1A,31A 'hien':32A,38A 'ke':11A 'khi':5A,36A 'khong':41B 'nhiet':10A,26A 'ptb':7A 'quan':21A 'so':34A,40A 'thi':33A,39A 'thiet':17A 'thong':23A 'trac':22A 'v0821316':9A 'va':15A,35A 'windobserver':2A 'wqg':12A",2026-07-16 03:53:44.014593+00
giay_phep_khai_thac,06233ab0-882a-4441-b3e1-c97b7e564d77,09230015,"Thiết bị đo đạc quan trắc thông dụng (thiết bị điện tử đo nhiệt độ, độ ẩm và khí áp hiển thị số)",Không áp dụng,/giay-phep/06233ab0-882a-4441-b3e1-c97b7e564d77,"'09230015':1A 'am':18A 'ap':21A,26B 'bi':3A,11A 'dac':5A 'dien':12A 'do':4A,14A,16A,17A 'dung':9A,27B 'hien':22A 'khi':20A 'khong':25B 'nhiet':15A 'quan':6A 'so':24A 'thi':23A 'thiet':2A,10A 'thong':8A 'trac':7A 'tu':13A 'va':19A",2026-07-16 03:53:44.014593+00
giay_phep_khai_thac,6bb0f49f-5c07-4d6d-b628-73fd9ebb4ab2,"00942/2138427, 00917/2138428",Trạm thu dữ liệu giám sát phụ thuộc tự động - quảng bá (ADS-B),"SIC 199, SIC 200",/giay-phep/6bb0f49f-5c07-4d6d-b628-73fd9ebb4ab2,"'00917/2138428':2A '00942/2138427':1A '199':19B '200':21B 'ads':16A 'ads-b':15A 'b':17A 'ba':14A 'dong':12A 'du':5A 'giam':7A 'lieu':6A 'phu':9A 'quang':13A 'sat':8A 'sic':18B,20B 'thu':4A 'thuoc':10A 'tram':3A 'tu':11A",2026-07-16 03:53:44.014593+00
giay_phep_khai_thac,b3a72090-e8e6-4f52-a55a-36f67f1a95ce,"Máy chính: 105881 (SU4200), 105826 (EU4200C); máy dự phòng: 105882, 105884 (SU4200); 105827, 105829 (EU4200C); 19714 (TA-7650)…",Máy thu phát VHF thoại không - địa,Không,/giay-phep/b3a72090-e8e6-4f52-a55a-36f67f1a95ce,"'-7650':18A '105826':5A '105827':13A '105829':14A '105881':3A '105882':10A '105884':11A '19714':16A 'chinh':2A 'dia':25A 'du':8A 'eu4200c':6A,15A 'khong':24A,26B 'may':1A,7A,19A 'phat':21A 'phong':9A 'su4200':4A,12A 'ta':17A 'thoai':23A 'thu':20A 'vhf':22A",2026-07-16 03:53:44.014593+00
giay_phep_khai_thac,820e8599-d263-454f-8596-f26d1c84499f,"Máy chính: 105883 (SU4200), 105828 (EU4200C); máy dự phòng: 105882, 105884 (SU4200); 105827, 105829 (EU4200C); 19714 (TA-7650)…",Máy thu phát VHF thoại không - địa,Không,/giay-phep/820e8599-d263-454f-8596-f26d1c84499f,"'-7650':18A '105827':13A '105828':5A '105829':14A '105882':10A '105883':3A '105884':11A '19714':16A 'chinh':2A 'dia':25A 'du':8A 'eu4200c':6A,15A 'khong':24A,26B 'may':1A,7A,19A 'phat':21A 'phong':9A 'su4200':4A,12A 'ta':17A 'thoai':23A 'thu':20A 'vhf':22A",2026-07-16 03:53:44.014593+00
giay_phep_khai_thac,a6b58190-f6fc-4169-b44b-519682ca527f,6424049796863,Hệ thống chuyển mạch thoại (VCCS),Không,/giay-phep/a6b58190-f6fc-4169-b44b-519682ca527f,'6424049796863':1A 'chuyen':4A 'he':2A 'khong':8B 'mach':5A 'thoai':6A 'thong':3A 'vccs':7A,2026-07-16 03:53:44.014593+00
giay_phep_khai_thac,cc015490-d817-44cd-8611-0512a2fbc5eb,Máy chính: 407044 (T6TV); 407017 (T6RV); Máy dự phòng: 407031 (T6TV); 407016 (T6RV),Máy thu phát VHF thoại không - địa,Không,/giay-phep/cc015490-d817-44cd-8611-0512a2fbc5eb,"'407016':12A '407017':5A '407031':10A '407044':3A 'chinh':2A 'dia':20A 'du':8A 'khong':19A,21B 'may':1A,7A,14A 'phat':16A 'phong':9A 't6rv':6A,13A 't6tv':4A,11A 'thoai':18A 'thu':15A 'vhf':17A",2026-07-16 03:53:44.014593+00
giay_phep_khai_thac,7ea00670-5a43-4801-b4f9-d4cff39f2ef0,Gió WindObserver (GILL): 2302014; Khí áp PTB 330: V0821324; Nhiệt kế WQG-11: 51 và 99,"Thiết bị đo đạc quan trắc thông dụng (đo nhiệt độ, độ ẩm, đo gió hiển thị số và khí áp hiển thị số)",Không áp dụng,/giay-phep/7ea00670-5a43-4801-b4f9-d4cff39f2ef0,"'-11':13A '2302014':4A '330':8A '51':14A '99':16A 'am':29A 'ap':6A,37A,42B 'bi':18A 'dac':20A 'do':19A,25A,27A,28A,30A 'dung':24A,43B 'gill':3A 'gio':1A,31A 'hien':32A,38A 'ke':11A 'khi':5A,36A 'khong':41B 'nhiet':10A,26A 'ptb':7A 'quan':21A 'so':34A,40A 'thi':33A,39A 'thiet':17A 'thong':23A 'trac':22A 'v0821324':9A 'va':15A,35A 'windobserver':2A 'wqg':12A",2026-07-16 03:53:44.014593+00
giay_phep_khai_thac,514ad5a1-be82-4e55-8b48-2ec9c0d0bcf8,09230016,"Thiết bị đo đạc quan trắc thông dụng (đo nhiệt độ, độ ẩm, đo gió hiển thị số và khí áp hiển thị số)",Không áp dụng,/giay-phep/514ad5a1-be82-4e55-8b48-2ec9c0d0bcf8,"'09230016':1A 'am':14A 'ap':22A,27B 'bi':3A 'dac':5A 'do':4A,10A,12A,13A,15A 'dung':9A,28B 'gio':16A 'hien':17A,23A 'khi':21A 'khong':26B 'nhiet':11A 'quan':6A 'so':19A,25A 'thi':18A,24A 'thiet':2A 'thong':8A 'trac':7A 'va':20A",2026-07-16 03:53:44.014593+00
giay_phep_khai_thac,bb26fe8b-4b0e-4fc8-97d7-14f8bd782ce1,"00946/2138425, 00947/2138426",Trạm thu dữ liệu giám sát phụ thuộc tự động - quảng bá (ADS-B),"SIC 201, SIC 202",/giay-phep/bb26fe8b-4b0e-4fc8-97d7-14f8bd782ce1,"'00946/2138425':1A '00947/2138426':2A '201':19B '202':21B 'ads':16A 'ads-b':15A 'b':17A 'ba':14A 'dong':12A 'du':5A 'giam':7A 'lieu':6A 'phu':9A 'quang':13A 'sat':8A 'sic':18B,20B 'thu':4A 'thuoc':10A 'tram':3A 'tu':11A",2026-07-16 03:53:44.014593+00
giay_phep_khai_thac,66e621f7-ba78-4849-acbf-6829e00a5c46,Máy chính: 037; Máy dự phòng: 034,Ghi âm,Không,/giay-phep/66e621f7-ba78-4849-acbf-6829e00a5c46,"'034':7A '037':3A 'am':9A 'chinh':2A 'du':5A 'ghi':8A 'khong':10B 'may':1A,4A 'phong':6A",2026-07-16 03:53:44.014593+00
giay_phep_khai_thac,05ecf771-0581-4b08-a4ad-33ce09bfaeb8,Máy chính: 407046 (T6TV); 407013 (T6RV); Máy dự phòng: 407045 (T6TV); 407019 (T6RV),Máy thu phát VHF thoại không - địa,Không,/giay-phep/05ecf771-0581-4b08-a4ad-33ce09bfaeb8,"'407013':5A '407019':12A '407045':10A '407046':3A 'chinh':2A 'dia':20A 'du':8A 'khong':19A,21B 'may':1A,7A,14A 'phat':16A 'phong':9A 't6rv':6A,13A 't6tv':4A,11A 'thoai':18A 'thu':15A 'vhf':17A",2026-07-16 03:53:44.014593+00
giay_phep_khai_thac,bfcdc2fa-3ec8-432b-96ce-7d245a588cdf,Máy chính: 06731 (TA7650); 07565 (RA7203); Máy dự phòng: 06730 (TA7650); 07564 (RA7203),Máy thu phát VHF thoại không - địa,Không,/giay-phep/bfcdc2fa-3ec8-432b-96ce-7d245a588cdf,"'06730':10A '06731':3A '07564':12A '07565':5A 'chinh':2A 'dia':20A 'du':8A 'khong':19A,21B 'may':1A,7A,14A 'phat':16A 'phong':9A 'ra7203':6A,13A 'ta7650':4A,11A 'thoai':18A 'thu':15A 'vhf':17A",2026-07-16 03:53:44.014593+00
giay_phep_khai_thac,c5d27831-d4a6-4522-969b-1b6aff836b0b,Máy chính: 407048 (T6TV); 407057 (T6RV); Máy dự phòng: 407049 (T6TV); 407020 (T6RV),Máy thu phát VHF thoại không - địa,Không,/giay-phep/c5d27831-d4a6-4522-969b-1b6aff836b0b,"'407020':12A '407048':3A '407049':10A '407057':5A 'chinh':2A 'dia':20A 'du':8A 'khong':19A,21B 'may':1A,7A,14A 'phat':16A 'phong':9A 't6rv':6A,13A 't6tv':4A,11A 'thoai':18A 'thu':15A 'vhf':17A",2026-07-16 03:53:44.014593+00
giay_phep_khai_thac,eec9cd7f-7bc8-4f89-8600-2422f8b11be8,"Máy chính: 06141 (TA-7650), 00120 (PAV-200), 00880 (RA-7203); máy dự phòng: 01237 (TA-7650), 00119 (PAV-200), 06886 (RA-7203)",Máy thu phát VHF thoại không - địa,Không,/giay-phep/eec9cd7f-7bc8-4f89-8600-2422f8b11be8,"'-200':8A,20A '-7203':11A,23A '-7650':5A,17A '00119':18A '00120':6A '00880':9A '01237':15A '06141':3A '06886':21A 'chinh':2A 'dia':30A 'du':13A 'khong':29A,31B 'may':1A,12A,24A 'pav':7A,19A 'phat':26A 'phong':14A 'ra':10A,22A 'ta':4A,16A 'thoai':28A 'thu':25A 'vhf':27A",2026-07-16 03:53:44.014593+00
giay_phep_khai_thac,37967573-a310-40e6-bdbc-177915f1abce,Máy chính: 407041 (T6TV); 407012 (T6RV); Máy dự phòng: 407047 (T6TV); 407015 (T6RV),Máy thu phát VHF thoại không - địa,Không,/giay-phep/37967573-a310-40e6-bdbc-177915f1abce,"'407012':5A '407015':12A '407041':3A '407047':10A 'chinh':2A 'dia':20A 'du':8A 'khong':19A,21B 'may':1A,7A,14A 'phat':16A 'phong':9A 't6rv':6A,13A 't6tv':4A,11A 'thoai':18A 'thu':15A 'vhf':17A",2026-07-16 03:53:44.014593+00
giay_phep_khai_thac,da711f2c-ada9-4659-858c-f111f6ed555e,Máy chính: 01163 (TA-7650); 01198 (RA-7203); máy dự phòng: 06135 (TA-7650); 00898 (RA-7203),Máy thu phát VHF thoại không - địa,Không,/giay-phep/da711f2c-ada9-4659-858c-f111f6ed555e,"'-7203':8A,17A '-7650':5A,14A '00898':15A '01163':3A '01198':6A '06135':12A 'chinh':2A 'dia':24A 'du':10A 'khong':23A,25B 'may':1A,9A,18A 'phat':20A 'phong':11A 'ra':7A,16A 'ta':4A,13A 'thoai':22A 'thu':19A 'vhf':21A",2026-07-16 03:53:44.014593+00
giay_phep_khai_thac,a00d69ac-37aa-4f16-8259-4b984d991c26,1440-0020,Hệ thống ra đa giám sát thứ cấp (MSSR),0000 0110 (SIC),/giay-phep/a00d69ac-37aa-4f16-8259-4b984d991c26,'-0020':2A '0000':12B '0110':13B '1440':1A 'cap':10A 'da':6A 'giam':7A 'he':3A 'mssr':11A 'ra':5A 'sat':8A 'sic':14B 'thong':4A 'thu':9A,2026-07-16 03:53:44.014593+00
giay_phep_khai_thac,d5cc0b41-cc35-48cc-b5dc-1d8168fdb21f,Tại Phụ lục kèm theo,Máy thu phát VHF thoại không - địa,Không,/giay-phep/d5cc0b41-cc35-48cc-b5dc-1d8168fdb21f,"'dia':12A 'kem':4A 'khong':11A,13B 'luc':3A 'may':6A 'phat':8A 'phu':2A 'tai':1A 'theo':5A 'thoai':10A 'thu':7A 'vhf':9A",2026-07-16 03:53:44.014593+00
giay_phep_khai_thac,cdea1134-152b-466c-9d93-f263bd930f68,Máy chính: 3S9312 (B6350); 274262 (B6100); máy dự phòng: 01236 (TA7650); 3S13596 (B6100),Máy thu phát VHF thoại không - địa,Không,/giay-phep/cdea1134-152b-466c-9d93-f263bd930f68,"'01236':10A '274262':5A '3s13596':12A '3s9312':3A 'b6100':6A,13A 'b6350':4A 'chinh':2A 'dia':20A 'du':8A 'khong':19A,21B 'may':1A,7A,14A 'phat':16A 'phong':9A 'ta7650':11A 'thoai':18A 'thu':15A 'vhf':17A",2026-07-16 03:53:44.014593+00
giay_phep_khai_thac,79a59e29-777c-4ccf-831d-086e6db591be,"Máy chính: 01160 (TA-7650), 01201 (RA-7203). Máy dự phòng: 01235 (TA-7650), 06885 (RA-7203)",Máy thu phát VHF thoại không - địa,Không,/giay-phep/79a59e29-777c-4ccf-831d-086e6db591be,"'-7203':8A,17A '-7650':5A,14A '01160':3A '01201':6A '01235':12A '06885':15A 'chinh':2A 'dia':24A 'du':10A 'khong':23A,25B 'may':1A,9A,18A 'phat':20A 'phong':11A 'ra':7A,16A 'ta':4A,13A 'thoai':22A 'thu':19A 'vhf':21A",2026-07-16 03:53:44.014593+00
giay_phep_khai_thac,c6553354-ab1c-4ceb-8748-4689f72e9a15,Tại Phụ lục kèm theo,Máy thu phát VHF thoại không - địa,Không,/giay-phep/c6553354-ab1c-4ceb-8748-4689f72e9a15,"'dia':12A 'kem':4A 'khong':11A,13B 'luc':3A 'may':6A 'phat':8A 'phu':2A 'tai':1A 'theo':5A 'thoai':10A 'thu':7A 'vhf':9A",2026-07-16 03:53:44.014593+00
giay_phep_khai_thac,1be62ae2-4a16-48a3-8837-7503faf7e965,Máy chính: 329043/011 (SU451); 323701/040 (VU490); 441 (RA5002). Máy dự phòng: 329746/087 (SU451); 323701/007 (VU490); 440 (RA5002),Máy thu phát VHF thoại không - địa,Không,/giay-phep/1be62ae2-4a16-48a3-8837-7503faf7e965,"'323701/007':14A '323701/040':5A '329043/011':3A '329746/087':12A '440':16A '441':7A 'chinh':2A 'dia':24A 'du':10A 'khong':23A,25B 'may':1A,9A,18A 'phat':20A 'phong':11A 'ra5002':8A,17A 'su451':4A,13A 'thoai':22A 'thu':19A 'vhf':21A 'vu490':6A,15A",2026-07-16 03:53:44.014593+00
giay_phep_khai_thac,5727add4-456c-4b59-906b-e0d23adad0c5,Máy chính: 6U11311 (T6T); 6U16873 (T6R). Máy dự phòng: 6U11307 (T6T); 6U16865 (T6R),Máy thu phát VHF thoại không - địa,Không,/giay-phep/5727add4-456c-4b59-906b-e0d23adad0c5,"'6u11307':10A '6u11311':3A '6u16865':12A '6u16873':5A 'chinh':2A 'dia':20A 'du':8A 'khong':19A,21B 'may':1A,7A,14A 'phat':16A 'phong':9A 't6r':6A,13A 't6t':4A,11A 'thoai':18A 'thu':15A 'vhf':17A",2026-07-16 03:53:44.014593+00
giay_phep_khai_thac,1d0de5e5-8967-4ac5-b529-426dea8205ee,45050166,Hệ thống ra đa giám sát sơ cấp (PSR),0000 0010 (SIC),/giay-phep/1d0de5e5-8967-4ac5-b529-426dea8205ee,'0000':11B '0010':12B '45050166':1A 'cap':9A 'da':5A 'giam':6A 'he':2A 'psr':10A 'ra':4A 'sat':7A 'sic':13B 'so':8A 'thong':3A,2026-07-16 03:53:44.014593+00
giay_phep_khai_thac,b80a4e67-1b63-44c3-8344-285a45565f06,Máy chính: 021/32; Máy dự phòng: 019/32,Hệ thống ra đa giám sát thứ cấp (SSR),0000 0010 (SIC),/giay-phep/b80a4e67-1b63-44c3-8344-285a45565f06,"'0000':17B '0010':18B '019/32':7A '021/32':3A 'cap':15A 'chinh':2A 'da':11A 'du':5A 'giam':12A 'he':8A 'may':1A,4A 'phong':6A 'ra':10A 'sat':13A 'sic':19B 'ssr':16A 'thong':9A 'thu':14A",2026-07-16 03:53:44.014593+00
giay_phep_khai_thac,ea4704fc-d736-4fbe-bdcc-e54e708b991d,14390010,Hệ thống ra đa giám sát sơ cấp (PSR),0000 0110 (SIC),/giay-phep/ea4704fc-d736-4fbe-bdcc-e54e708b991d,'0000':11B '0110':12B '14390010':1A 'cap':9A 'da':5A 'giam':6A 'he':2A 'psr':10A 'ra':4A 'sat':7A 'sic':13B 'so':8A 'thong':3A,2026-07-16 03:53:44.014593+00
giay_phep_khai_thac,10cd5b97-7c62-4e5d-857b-9f1f42623995,"Máy chính: 166195 (T6T), 166179 (T6R); máy dự phòng: 166196 (T6T), 166181 (T6R); 19715 (TA-7650), 19742 (RA-7203); 12786, 12335 (IC-A200)",Máy thu phát VHF thoại không - địa,Không,/giay-phep/10cd5b97-7c62-4e5d-857b-9f1f42623995,"'-7203':19A '-7650':16A '12335':21A '12786':20A '166179':5A '166181':12A '166195':3A '166196':10A '19715':14A '19742':17A 'a200':24A 'chinh':2A 'dia':31A 'du':8A 'ic':23A 'ic-a200':22A 'khong':30A,32B 'may':1A,7A,25A 'phat':27A 'phong':9A 'ra':18A 't6r':6A,13A 't6t':4A,11A 'ta':15A 'thoai':29A 'thu':26A 'vhf':28A",2026-07-16 03:53:44.014593+00
giay_phep_khai_thac,c353e35d-ff0d-4c50-a145-9441c6d8809d,"Máy chính: 166197 (T6T), 166180 (T6R); máy dự phòng: 166194 (T6T), 166182 (T6R); 19715 (TA-7650), 19742 (RA-7203); 12786, 12335 (IC-A200)",Máy thu phát VHF thoại không - địa,Không,/giay-phep/c353e35d-ff0d-4c50-a145-9441c6d8809d,"'-7203':19A '-7650':16A '12335':21A '12786':20A '166180':5A '166182':12A '166194':10A '166197':3A '19715':14A '19742':17A 'a200':24A 'chinh':2A 'dia':31A 'du':8A 'ic':23A 'ic-a200':22A 'khong':30A,32B 'may':1A,7A,25A 'phat':27A 'phong':9A 'ra':18A 't6r':6A,13A 't6t':4A,11A 'ta':15A 'thoai':29A 'thu':26A 'vhf':28A",2026-07-16 03:53:44.014593+00
giay_phep_khai_thac,7e11fdef-4566-4742-9dfb-469de2aa4fbd,1603996-001 (phần chính); 1603976-001 (phần mở rộng),Hệ thống chuyển mạch thoại (VCCS),Không,/giay-phep/7e11fdef-4566-4742-9dfb-469de2aa4fbd,"'-001':2A,6A '1603976':5A '1603996':1A 'chinh':4A 'chuyen':12A 'he':10A 'khong':16B 'mach':13A 'mo':8A 'phan':3A,7A 'rong':9A 'thoai':14A 'thong':11A 'vccs':15A",2026-07-16 03:53:44.014593+00
giay_phep_khai_thac,f627cb37-1853-4959-a504-f46421a241d8,3NC3QY3; 4NC3QY3,Hệ thống quan trắc khí tượng tự động D-AW21,Không,/giay-phep/f627cb37-1853-4959-a504-f46421a241d8,'3nc3qy3':1A '4nc3qy3':2A 'aw21':13A 'd':12A 'd-aw21':11A 'dong':10A 'he':3A 'khi':7A 'khong':14B 'quan':5A 'thong':4A 'trac':6A 'tu':9A 'tuong':8A,2026-07-16 03:53:44.014593+00
giay_phep_khai_thac,893c8699-bc90-4c95-8e0f-880d4f71f151,T53202,Hệ thống quan trắc khí tượng tự động AW11,ME AWS.00002,/giay-phep/893c8699-bc90-4c95-8e0f-880d4f71f151,'aw11':10A 'aws.00002':12B 'dong':9A 'he':2A 'khi':6A 'me':11B 'quan':4A 't53202':1A 'thong':3A 'trac':5A 'tu':8A 'tuong':7A,2026-07-16 03:53:44.014593+00
giay_phep_khai_thac,c72c93cf-a08a-4a4f-b96c-a3bdba1c8b4f,Gió WindObserver (GILL): 2302009; Khí áp PTB 330: V0821329; Nhiệt kế WQG-11: 1 và 24,"Thiết bị đo đạc quan trắc thông dụng (đo nhiệt độ, độ ẩm, đo gió hiển thị số và khí áp hiển thị số)",Không áp dụng,/giay-phep/c72c93cf-a08a-4a4f-b96c-a3bdba1c8b4f,"'-11':13A '1':14A '2302009':4A '24':16A '330':8A 'am':29A 'ap':6A,37A,42B 'bi':18A 'dac':20A 'do':19A,25A,27A,28A,30A 'dung':24A,43B 'gill':3A 'gio':1A,31A 'hien':32A,38A 'ke':11A 'khi':5A,36A 'khong':41B 'nhiet':10A,26A 'ptb':7A 'quan':21A 'so':34A,40A 'thi':33A,39A 'thiet':17A 'thong':23A 'trac':22A 'v0821329':9A 'va':15A,35A 'windobserver':2A 'wqg':12A",2026-07-16 03:53:44.014593+00
giay_phep_khai_thac,2e25af4f-79f2-423e-befd-d9f322c189ee,09230019,"Thiết bị đo đạc quan trắc thông dụng (thiết bị điện tử đo nhiệt độ, độ ẩm và khí áp hiển thị số)",Không áp dụng,/giay-phep/2e25af4f-79f2-423e-befd-d9f322c189ee,"'09230019':1A 'am':18A 'ap':21A,26B 'bi':3A,11A 'dac':5A 'dien':12A 'do':4A,14A,16A,17A 'dung':9A,27B 'hien':22A 'khi':20A 'khong':25B 'nhiet':15A 'quan':6A 'so':24A 'thi':23A 'thiet':2A,10A 'thong':8A 'trac':7A 'tu':13A 'va':19A",2026-07-16 03:53:44.014593+00
giay_phep_khai_thac,9ddd7ecc-d3c2-4041-b295-f3a4f780c289,"00862/2138442, 00860/2138441",Trạm thu dữ liệu giám sát phụ thuộc tự động - quảng bá (ADS-B),"SIC 203, SIC 204",/giay-phep/9ddd7ecc-d3c2-4041-b295-f3a4f780c289,"'00860/2138441':2A '00862/2138442':1A '203':19B '204':21B 'ads':16A 'ads-b':15A 'b':17A 'ba':14A 'dong':12A 'du':5A 'giam':7A 'lieu':6A 'phu':9A 'quang':13A 'sat':8A 'sic':18B,20B 'thu':4A 'thuoc':10A 'tram':3A 'tu':11A",2026-07-16 03:53:44.014593+00
giay_phep_khai_thac,4b6ba272-2bcd-4801-94d0-5eb6487ab535,Máy chính: C0112/88; Máy dự phòng: 021/92,Hệ thống ra đa giám sát thứ cấp (SSR),0000 0101 (SIC),/giay-phep/4b6ba272-2bcd-4801-94d0-5eb6487ab535,"'0000':17B '0101':18B '021/92':7A 'c0112/88':3A 'cap':15A 'chinh':2A 'da':11A 'du':5A 'giam':12A 'he':8A 'may':1A,4A 'phong':6A 'ra':10A 'sat':13A 'sic':19B 'ssr':16A 'thong':9A 'thu':14A",2026-07-16 03:53:44.014593+00
vat_tu,a11c0000-0000-4000-8000-000000009001,,RLSTEST Vat tu,,/kho/vat-tu/a11c0000-0000-4000-8000-000000009001,'rlstest':1A 'tu':3A 'vat':2A,2026-07-16 03:53:48.544294+00
thiet_bi,df1530f1-2cd6-49ae-a470-6716c6cbf87f,TB_AVFGP5R9,Cắt lọc sét nguồn AC,"Cắt lọc sét nguồn AC Phoenix Contact Trạm MID Ra soat 2026-07-11, file nguon: BDKT_OPTIMET",/thiet-bi/TB_AVFGP5R9,"'-07':20B '-11':21B '2026':19B 'ac':7A,12B 'avfgp5r9':2A 'bdkt':24B 'cat':3A,8B 'contact':14B 'file':22B 'loc':4A,9B 'mid':16B 'nguon':6A,11B,23B 'optimet':25B 'phoenix':13B 'ra':17B 'set':5A,10B 'soat':18B 'tb':1A 'tram':15B",2026-07-17 01:20:13.233503+00
thiet_bi,690343fe-6422-420d-b41f-0c40615297a1,TB_E8BMJADY,Cắt lọc sét nguồn AC,"Cắt sét nguồn 220VAC -  UHF Schneider Trạm MID Ra soat 2026-07-11, file nguon: BDKT_OPTIMET",/thiet-bi/TB_E8BMJADY,"'-07':19B '-11':20B '2026':18B '220vac':11B 'ac':7A 'bdkt':23B 'cat':3A,8B 'e8bmjady':2A 'file':21B 'loc':4A 'mid':15B 'nguon':6A,10B,22B 'optimet':24B 'ra':16B 'schneider':13B 'set':5A,9B 'soat':17B 'tb':1A 'tram':14B 'uhf':12B",2026-07-17 01:20:13.233503+00
thiet_bi,7c41c20f-1e0d-473b-948e-724273a7c52b,TB_G98SBYVT,Cắt lọc sét nguồn AC,"Cắt lọc sét nguồn AC - Tủ thiết bị Schneider Trạm MID Ra soat 2026-07-11, file nguon: BDKT_OPTIMET",/thiet-bi/TB_G98SBYVT,"'-07':22B '-11':23B '2026':21B 'ac':7A,12B 'bdkt':26B 'bi':15B 'cat':3A,8B 'file':24B 'g98sbyvt':2A 'loc':4A,9B 'mid':18B 'nguon':6A,11B,25B 'optimet':27B 'ra':19B 'schneider':16B 'set':5A,10B 'soat':20B 'tb':1A 'thiet':14B 'tram':17B 'tu':13B",2026-07-17 01:20:13.233503+00
thiet_bi,1f7cf7d7-f7be-4907-af12-3751d68426ff,TB_GW50CAFD,Chống sét LAN,"Chống sét LAN APC Trạm MID Ra soat 2026-07-11, file nguon: BDKT_OPTIMET",/thiet-bi/TB_GW50CAFD,"'-07':15B '-11':16B '2026':14B 'apc':9B 'bdkt':19B 'chong':3A,6B 'file':17B 'gw50cafd':2A 'lan':5A,8B 'mid':11B 'nguon':18B 'optimet':20B 'ra':12B 'set':4A,7B 'soat':13B 'tb':1A 'tram':10B",2026-07-17 01:20:13.233503+00
thiet_bi,19c0c3b3-c16a-4179-9ba8-5df895b8ad21,TB_6D1K2JYW,Cắt lọc sét nguồn AC,"Thiết bị cắt lọc sét 1 pha nVent ERICO NGUỒN AC-33 Ra soat 2026-07-11, file nguon: PCA_IMS",/thiet-bi/TB_6D1K2JYW,"'-07':23B '-11':24B '-33':19B '1':13B '2026':22B '6d1k2jyw':2A 'ac':7A,18B 'bi':9B 'cat':3A,10B 'erico':16B 'file':25B 'ims':28B 'loc':4A,11B 'nguon':6A,17B,26B 'nvent':15B 'pca':27B 'pha':14B 'ra':20B 'set':5A,12B 'soat':21B 'tb':1A 'thiet':8B",2026-07-17 01:20:13.233503+00
thiet_bi,4d6a68d5-aacc-4056-aaad-5d60bcb58bd0,TB_WH2DBEEW,Cắt lọc sét nguồn AC,"Thiết bị cắt lọc sét 1 pha nVent ERICO NGUỒN AC-CEILO-33 Ra soat 2026-07-11, file nguon: PCA_IMS",/thiet-bi/TB_WH2DBEEW,"'-07':25B '-11':26B '1':13B '2026':24B '33':21B 'ac':7A,19B 'ac-ceilo':18B 'bi':9B 'cat':3A,10B 'ceilo':20B 'erico':16B 'file':27B 'ims':30B 'loc':4A,11B 'nguon':6A,17B,28B 'nvent':15B 'pca':29B 'pha':14B 'ra':22B 'set':5A,12B 'soat':23B 'tb':1A 'thiet':8B 'wh2dbeew':2A",2026-07-17 01:20:13.233503+00
thiet_bi,99c31a47-33fb-4cf3-a864-7e009d2c549b,TB_3MSV6X3K,Chống sét RF,"Chống sét RF Citel CEILO 17 Ra soat 2026-07-11, file nguon: BDKT_OPTIMET",/thiet-bi/TB_3MSV6X3K,"'-07':15B '-11':16B '17':11B '2026':14B '3msv6x3k':2A 'bdkt':19B 'ceilo':10B 'chong':3A,6B 'citel':9B 'file':17B 'nguon':18B 'optimet':20B 'ra':12B 'rf':5A,8B 'set':4A,7B 'soat':13B 'tb':1A",2026-07-17 01:20:13.233503+00
thiet_bi,3e9e32aa-4bbc-48ab-b222-42e3c17b8b3e,TB_QVKK496A,Chống sét LAN,"Chống sét LAN APC CEILO 17 Ra soat 2026-07-11, file nguon: BDKT_OPTIMET",/thiet-bi/TB_QVKK496A,"'-07':15B '-11':16B '17':11B '2026':14B 'apc':9B 'bdkt':19B 'ceilo':10B 'chong':3A,6B 'file':17B 'lan':5A,8B 'nguon':18B 'optimet':20B 'qvkk496a':2A 'ra':12B 'set':4A,7B 'soat':13B 'tb':1A",2026-07-17 01:20:13.233503+00
thiet_bi,aea213c8-5143-4d1b-a0cb-1f80f3b2228b,TB_J6Q4RW0C,"Bộ xử lý đầu trên, đầu dưới","Bộ xử lý đầu trên, đầu dưới nVent ERICO 5 Trạm khí tượng Ra soat 2026-07-11, file nguon: THA_DAW21",/thiet-bi/TB_J6Q4RW0C,"'-07':26B '-11':27B '2026':25B '5':19B 'bo':3A,10B 'dau':6A,8A,13B,15B 'daw21':31B 'duoi':9A,16B 'erico':18B 'file':28B 'j6q4rw0c':2A 'khi':21B 'ly':5A,12B 'nguon':29B 'nvent':17B 'ra':23B 'soat':24B 'tb':1A 'tha':30B 'tram':20B 'tren':7A,14B 'tuong':22B 'xu':4A,11B",2026-07-17 01:20:13.233503+00
thiet_bi,7b14b539-1cd5-47aa-bf10-3e0ce8cf53a2,TB_8HM9Z751,Cáp thoát sét 8 lớp,"Cáp thoát sét 8 lớp nVent ERICO 5 Trạm khí tượng Ra soat 2026-07-11, file nguon: THA_DAW21",/thiet-bi/TB_8HM9Z751,"'-07':22B '-11':23B '2026':21B '5':15B '8':6A,11B '8hm9z751':2A 'cap':3A,8B 'daw21':27B 'erico':14B 'file':24B 'khi':17B 'lop':7A,12B 'nguon':25B 'nvent':13B 'ra':19B 'set':5A,10B 'soat':20B 'tb':1A 'tha':26B 'thoat':4A,9B 'tram':16B 'tuong':18B",2026-07-17 01:20:13.233503+00
thiet_bi,a8cb030e-96b3-4ab8-a0c0-5a202e6d0e78,TB_Y9SSZDHA,Thiết bị kiểm tra và hiệu chuẩn máy đo tầm nhìn,"J15087-09 SWS Calibration Kit Biral Kho VTDP -  Đài KSKL TUY HÒA Ra soat 2026-07-11, file nguon: THA_DAW21",/thiet-bi/TB_Y9SSZDHA,'-07':29B '-09':15B '-11':30B '2026':28B 'bi':4A 'biral':19B 'calibration':17B 'chuan':9A 'dai':22B 'daw21':34B 'do':11A 'file':31B 'hieu':8A 'hoa':25B 'j15087':14B 'kho':20B 'kiem':5A 'kit':18B 'kskl':23B 'may':10A 'nguon':32B 'nhin':13A 'ra':26B 'soat':27B 'sws':16B 'tam':12A 'tb':1A 'tha':33B 'thiet':3A 'tra':6A 'tuy':24B 'va':7A 'vtdp':21B 'y9sszdha':2A,2026-07-17 01:20:13.233503+00
thiet_bi,05477861-a74d-4e37-9d77-369ef11c9575,TB_2FR5JFBK,Màn hình 19'',CN-0Y0Y34-PCC0Q-9A5478-A09 Màn hình 19'' DELL Hỏng hóc: 0 lần | Tình trạng: Hoạt động bình thường | VTDP: Không | Niên hạn: Không,/thiet-bi/TB_2FR5JFBK,"'0':18B '0y0y34':8B '19':5A,14B '2fr5jfbk':2A '9a5478':10B 'a09':11B 'binh':24B 'cn':7B 'cn-0y0y34-pcc0q-9a5478-a09':6B 'dell':15B 'dong':23B 'han':29B 'hinh':4A,13B 'hoat':22B 'hoc':17B 'hong':16B 'khong':27B,30B 'lan':19B 'man':3A,12B 'nien':28B 'pcc0q':9B 'tb':1A 'thuong':25B 'tinh':20B 'trang':21B 'vtdp':26B",2026-07-17 01:20:13.233503+00
thiet_bi,2587eda9-c48c-47b1-aaa5-bf6ac750a9fb,TB_9ATMG9FH,Màn hình giám sát UHF,E2216HV Màn hình giám sát UHF DELL Đề xuất: Không | Hỏng hóc: 0 lần | Tình trạng: Hoạt động bình thường | VTDP: Có vật tư dự phòng trong kho,/thiet-bi/TB_9ATMG9FH,"'0':20B '9atmg9fh':2A 'binh':26B 'co':29B 'de':15B 'dell':14B 'dong':25B 'du':32B 'e2216hv':8B 'giam':5A,11B 'hinh':4A,10B 'hoat':24B 'hoc':19B 'hong':18B 'kho':35B 'khong':17B 'lan':21B 'man':3A,9B 'phong':33B 'sat':6A,12B 'tb':1A 'thuong':27B 'tinh':22B 'trang':23B 'trong':34B 'tu':31B 'uhf':7A,13B 'vat':30B 'vtdp':28B 'xuat':16B",2026-07-17 01:20:13.233503+00
thiet_bi,0098f7b0-3fd6-4fdd-a256-6e9f31388cfe,TB_MYTFAYDP,Màn hình hiển thị số liệu Nhiệt ẩm áp Thies 1.1006.54.080,Màn hình hiển thị số liệu Nhiệt ẩm áp Thies 1.1006.54.080 Hỏng hóc: 0 lần | Tình trạng: Khai thác bình thường | VTDP: Không có VTDP | Niên hạn: Không,/thiet-bi/TB_MYTFAYDP,"'0':27B '1.1006.54.080':13A,24B 'am':10A,21B 'ap':11A,22B 'binh':33B 'co':37B 'han':40B 'hien':5A,16B 'hinh':4A,15B 'hoc':26B 'hong':25B 'khai':31B 'khong':36B,41B 'lan':28B 'lieu':8A,19B 'man':3A,14B 'mytfaydp':2A 'nhiet':9A,20B 'nien':39B 'so':7A,18B 'tb':1A 'thac':32B 'thi':6A,17B 'thies':12A,23B 'thuong':34B 'tinh':29B 'trang':30B 'vtdp':35B,38B",2026-07-17 01:20:13.233503+00
thiet_bi,d05f90b0-718a-49bf-99bf-fd9daa3cc630,TB_GGC9R41F,Màn hình hiển thị số liệu gió OMC-140,14000002947 Màn hình hiển thị số liệu gió OMC-140 Observator Hỏng hóc: 0 lần | Tình trạng: Khai thác bình thường | VTDP: Không có VTDP | Niên hạn: Không,/thiet-bi/TB_GGC9R41F,"'-140':11A,21B '0':25B '14000002947':12B 'binh':31B 'co':35B 'ggc9r41f':2A 'gio':9A,19B 'han':38B 'hien':5A,15B 'hinh':4A,14B 'hoc':24B 'hong':23B 'khai':29B 'khong':34B,39B 'lan':26B 'lieu':8A,18B 'man':3A,13B 'nien':37B 'observator':22B 'omc':10A,20B 'so':7A,17B 'tb':1A 'thac':30B 'thi':6A,16B 'thuong':32B 'tinh':27B 'trang':28B 'vtdp':33B,36B",2026-07-17 01:20:13.233503+00
dm_he_thong,45599b8c-56e9-4d30-9578-703ef8ecbe3f,"Máy chính: 105876 (SU4200), 105820 (EU4200C); máy dự phòng: 105874, 105875 (SU4200); 105819, 105821 (EU4200C); 19713 (TA-7650)…",Hệ thống VHF 121.5 MHz PBA,Hệ thống thông tin VHF tần số 121.5 MHz (tần số khẩn nguy quốc tế) phục vụ liên lạc không-địa tại Đài KSKL Phú Bài. Máy thu phát VHF thoại không - địa Không,/he-thong/45599b8c-56e9-4d30-9578-703ef8ecbe3f,"'-7650':18A '105819':13A '105820':5A '105821':14A '105874':10A '105875':11A '105876':3A '121.5':22A,32B '19713':16A 'bai':51B 'chinh':2A 'dai':48B 'dia':46B,58B 'du':8A 'eu4200c':6A,15A 'he':19A,25B 'khan':36B 'khong':45B,57B,59B 'khong-dia':44B 'kskl':49B 'lac':43B 'lien':42B 'may':1A,7A,52B 'mhz':23A,33B 'nguy':37B 'pba':24A 'phat':54B 'phong':9A 'phu':50B 'phuc':40B 'quoc':38B 'so':31B,35B 'su4200':4A,12A 'ta':17A 'tai':47B 'tan':30B,34B 'te':39B 'thoai':56B 'thong':20A,26B,27B 'thu':53B 'tin':28B 'vhf':21A,29B,55B 'vu':41B",2026-07-20 08:12:50.070622+00
dm_he_thong,42c99ea1-6512-4826-878d-beb1868c3108,"Máy chính: 105873 (SU4200), 105818 (EU4200C); máy dự phòng: 105875, 105874 (SU4200), 105819, 105821 (EU4200C); 19713 (TA-7650)…",Hệ thống VHF 118.8 MHz PBA,Hệ thống thông tin VHF tần số 118.8 MHz phục vụ liên lạc không-địa tại Đài KSKL Phú Bài. Máy thu phát VHF thoại không - địa Không,/he-thong/42c99ea1-6512-4826-878d-beb1868c3108,"'-7650':18A '105818':5A '105819':13A '105821':14A '105873':3A '105874':11A '105875':10A '118.8':22A,32B '19713':16A 'bai':45B 'chinh':2A 'dai':42B 'dia':40B,52B 'du':8A 'eu4200c':6A,15A 'he':19A,25B 'khong':39B,51B,53B 'khong-dia':38B 'kskl':43B 'lac':37B 'lien':36B 'may':1A,7A,46B 'mhz':23A,33B 'pba':24A 'phat':48B 'phong':9A 'phu':44B 'phuc':34B 'so':31B 'su4200':4A,12A 'ta':17A 'tai':41B 'tan':30B 'thoai':50B 'thong':20A,26B,27B 'thu':47B 'tin':28B 'vhf':21A,29B,49B 'vu':35B",2026-07-20 08:13:03.419788+00
thiet_bi,0488f906-d250-44db-b082-b2dfbcc1ce47,TB_XGYFHKTT,SU4200 Main Tx (VHF 118.8 MHz),105873 SU4200 Rohde & Schwarz Phòng thiết bị,/thiet-bi/TB_XGYFHKTT,"'105873':9B '118.8':7A 'bi':15B 'main':4A 'mhz':8A 'phong':13B 'rohde':11B 'schwarz':12B 'su4200':3A,10B 'tb':1A 'thiet':14B 'tx':5A 'vhf':6A 'xgyfhktt':2A",2026-07-20 08:15:07.753214+00
thiet_bi,07047fc5-166c-472b-8322-46d2531164c2,TB_3KAS7Q92,EU4200C Main Rx (VHF 118.8 MHz),105818 EU4200C Rohde & Schwarz Phòng thiết bị,/thiet-bi/TB_3KAS7Q92,"'105818':9B '118.8':7A '3kas7q92':2A 'bi':15B 'eu4200c':3A,10B 'main':4A 'mhz':8A 'phong':13B 'rohde':11B 'rx':5A 'schwarz':12B 'tb':1A 'thiet':14B 'vhf':6A",2026-07-20 08:15:16.029016+00
thiet_bi,6934bd7c-3bf7-4057-9bd9-63336e12f8b3,TB_VY4R5TK0,SU4200 Standby Tx (VHF 118.8 MHz),105875 SU4200 Rohde & Schwarz Phòng thiết bị,/thiet-bi/TB_VY4R5TK0,"'105875':9B '118.8':7A 'bi':15B 'mhz':8A 'phong':13B 'rohde':11B 'schwarz':12B 'standby':4A 'su4200':3A,10B 'tb':1A 'thiet':14B 'tx':5A 'vhf':6A 'vy4r5tk0':2A",2026-07-20 08:15:23.303446+00
thiet_bi,07299784-e7e2-4444-8351-72216da9e467,TB_7BMBV5M5,Bộ nguồn AC/DC,Bộ nguồn AC/DC MEAN WELL Đề xuất: Không | Hỏng hóc: 0 lần | Tình trạng: Hoạt động bình thường | VTDP: Có dự phòng trong kho | Niên hạn: Không,/thiet-bi/TB_7BMBV5M5,"'0':16B '7bmbv5m5':2A 'ac/dc':5A,8B 'binh':22B 'bo':3A,6B 'co':25B 'de':11B 'dong':21B 'du':26B 'han':31B 'hoat':20B 'hoc':15B 'hong':14B 'kho':29B 'khong':13B,32B 'lan':17B 'mean':9B 'nguon':4A,7B 'nien':30B 'phong':27B 'tb':1A 'thuong':23B 'tinh':18B 'trang':19B 'trong':28B 'vtdp':24B 'well':10B 'xuat':12B",2026-07-23 04:31:41.888128+00
dm_he_thong,42b37427-5a29-4d7d-9c66-e71536e081f8,,QA Hệ thống quyền 1784866206.1,"",/he-thong/42b37427-5a29-4d7d-9c66-e71536e081f8,'1784866206.1':5A 'he':2A 'qa':1A 'quyen':4A 'thong':3A,2026-07-24 04:10:07.4916+00
dm_he_thong,69691817-363e-4556-8b37-fb99a7d4d056,,QA Hệ thống quyền 1784866206.2,"",/he-thong/69691817-363e-4556-8b37-fb99a7d4d056,'1784866206.2':5A 'he':2A 'qa':1A 'quyen':4A 'thong':3A,2026-07-24 04:10:09.013963+00
thiet_bi,a1154059-2860-48e3-affa-717b7bc2eff5,QA_TB_1784866206_1,QA Tài sản quyền 1784866206.1,"",/thiet-bi/QA_TB_1784866206_1,"'1':4A '1784866206':3A '1784866206.1':9A 'qa':1A,5A 'quyen':8A 'san':7A 'tai':6A 'tb':2A",2026-07-24 04:10:08.527098+00
thiet_bi,285a3365-1744-4ae9-859f-55ab4c014350,TB_22J64890,Modem Hub UHF,"Modem UHF RACOM 09 Ra soat 2026-07-11, file nguon: PBA_AWOS900",/thiet-bi/TB_22J64890,"'-07':13B '-11':14B '09':9B '2026':12B '22j64890':2A 'awos900':18B 'file':15B 'hub':4A 'modem':3A,6B 'nguon':16B 'pba':17B 'ra':10B 'racom':8B 'soat':11B 'tb':1A 'uhf':5A,7B",2026-07-17 01:20:13.233503+00
thiet_bi,71175f62-135a-4d22-aa27-d9be8f383dcc,QA_TB_1784866206_2,QA Tài sản quyền 1784866206.2,"",/thiet-bi/QA_TB_1784866206_2,"'1784866206':3A '1784866206.2':9A '2':4A 'qa':1A,5A 'quyen':8A 'san':7A 'tai':6A 'tb':2A",2026-07-24 04:10:09.910015+00
thiet_bi,8c83b40d-46ad-488f-8e4e-ecf4ac7e65e6,TB_XB9FNM4V,AC/DC converter,"Nguồn AC/DC MeanWell 09 Ra soat 2026-07-11, file nguon: PBA_AWOS900",/thiet-bi/TB_XB9FNM4V,"'-07':12B '-11':13B '09':8B '2026':11B 'ac/dc':3A,6B 'awos900':17B 'converter':4A 'file':14B 'meanwell':7B 'nguon':5B,15B 'pba':16B 'ra':9B 'soat':10B 'tb':1A 'xb9fnm4v':2A",2026-07-17 01:20:13.233503+00
dm_he_thong,f23f736e-84a0-49ff-8cb3-4bbcbde3ad9f,,QA Hệ thống quyền 1784866206.3,"",/he-thong/f23f736e-84a0-49ff-8cb3-4bbcbde3ad9f,'1784866206.3':5A 'he':2A 'qa':1A 'quyen':4A 'thong':3A,2026-07-24 04:10:10.643001+00
thiet_bi,1757c745-b472-499e-8c85-6f0bdb31941f,QA_TB_1784866206_3,QA Tài sản quyền 1784866206.3,"",/thiet-bi/QA_TB_1784866206_3,"'1784866206':3A '1784866206.3':9A '3':4A 'qa':1A,5A 'quyen':8A 'san':7A 'tai':6A 'tb':2A",2026-07-24 04:10:12.086871+00
dm_he_thong,c430bc01-239f-4a2a-b408-76aa06bf23ac,,QA5 hệ thống kiểm quyền 1784866551.1,"",/he-thong/c430bc01-239f-4a2a-b408-76aa06bf23ac,'1784866551.1':6A 'he':2A 'kiem':4A 'qa5':1A 'quyen':5A 'thong':3A,2026-07-24 04:15:52.953087+00
thiet_bi,db400f66-1dff-4d3c-b79d-86dd26a1314e,QA5_TB_1784866551_1_2,QA5 tài sản kiểm quyền 1784866551.1.2,"",/thiet-bi/QA5_TB_1784866551_1_2,"'1':4A '1784866551':3A '1784866551.1.2':11A '2':5A 'kiem':9A 'qa5':1A,6A 'quyen':10A 'san':8A 'tai':7A 'tb':2A",2026-07-24 04:16:02.126731+00
thiet_bi,23e1207b-2ad1-4b70-997d-ea40a85d228f,QA5_TB_1784866551_3_1,QA5 tài sản kiểm quyền 1784866551.3.1,"",/thiet-bi/QA5_TB_1784866551_3_1,"'1':5A '1784866551':3A '1784866551.3.1':11A '3':4A 'kiem':9A 'qa5':1A,6A 'quyen':10A 'san':8A 'tai':7A 'tb':2A",2026-07-24 04:16:22.894191+00
thiet_bi,0860ff27-eda5-4555-986a-b1a94269de39,QA5_TB_1784866551_1_1,QA5 tài sản kiểm quyền 1784866551.1.1,"",/thiet-bi/QA5_TB_1784866551_1_1,"'1':4A,5A '1784866551':3A '1784866551.1.1':11A 'kiem':9A 'qa5':1A,6A 'quyen':10A 'san':8A 'tai':7A 'tb':2A",2026-07-24 04:15:58.816094+00
dm_he_thong,67c9ce16-0967-4ed3-910a-e2ce6d99154a,,QA5 hệ thống kiểm quyền 1784866551.3,"",/he-thong/67c9ce16-0967-4ed3-910a-e2ce6d99154a,'1784866551.3':6A 'he':2A 'kiem':4A 'qa5':1A 'quyen':5A 'thong':3A,2026-07-24 04:16:15.041425+00
dm_he_thong,5fdb9e8a-0bf0-4fdf-9d81-0f68c03722ae,,QA5 hệ thống kiểm quyền 1784866551.2,"",/he-thong/5fdb9e8a-0bf0-4fdf-9d81-0f68c03722ae,'1784866551.2':6A 'he':2A 'kiem':4A 'qa5':1A 'quyen':5A 'thong':3A,2026-07-24 04:16:04.612173+00
thiet_bi,4a8b651d-ebbc-4c9e-b992-e2c74384841c,QA5_TB_1784866551_2_2,QA5 tài sản kiểm quyền 1784866551.2.2,"",/thiet-bi/QA5_TB_1784866551_2_2,"'1784866551':3A '1784866551.2.2':11A '2':4A,5A 'kiem':9A 'qa5':1A,6A 'quyen':10A 'san':8A 'tai':7A 'tb':2A",2026-07-24 04:16:13.31472+00
thiet_bi,42ed0a97-8986-4cdc-8472-2fa19beaac5f,QA5_TB_1784866551_5_2,QA5 tài sản kiểm quyền 1784866551.5.2,"",/thiet-bi/QA5_TB_1784866551_5_2,"'1784866551':3A '1784866551.5.2':11A '2':5A '5':4A 'kiem':9A 'qa5':1A,6A 'quyen':10A 'san':8A 'tai':7A 'tb':2A",2026-07-24 04:17:12.242845+00
thiet_bi,f63198b5-7a72-4c24-92ba-b742e5df0ca6,QA5_TB_1784866551_2_1,QA5 tài sản kiểm quyền 1784866551.2.1,"",/thiet-bi/QA5_TB_1784866551_2_1,"'1':5A '1784866551':3A '1784866551.2.1':11A '2':4A 'kiem':9A 'qa5':1A,6A 'quyen':10A 'san':8A 'tai':7A 'tb':2A",2026-07-24 04:16:12.273795+00
thiet_bi,ab2862b8-3d58-4daa-be6f-236227a2f901,QA5_TB_1784866551_3_2,QA5 tài sản kiểm quyền 1784866551.3.2,"",/thiet-bi/QA5_TB_1784866551_3_2,"'1784866551':3A '1784866551.3.2':11A '2':5A '3':4A 'kiem':9A 'qa5':1A,6A 'quyen':10A 'san':8A 'tai':7A 'tb':2A",2026-07-24 04:16:25.255287+00
dm_he_thong,55a0b1b0-f232-4253-b2d6-c8681b8c0e30,,QA5 hệ thống kiểm quyền 1784866551.4,"",/he-thong/55a0b1b0-f232-4253-b2d6-c8681b8c0e30,'1784866551.4':6A 'he':2A 'kiem':4A 'qa5':1A 'quyen':5A 'thong':3A,2026-07-24 04:16:32.300027+00
thiet_bi,3b438941-2c0b-44fd-8e7f-5a429a03ec4c,QA5_TB_1784866551_4_2,QA5 tài sản kiểm quyền 1784866551.4.2,"",/thiet-bi/QA5_TB_1784866551_4_2,"'1784866551':3A '1784866551.4.2':11A '2':5A '4':4A 'kiem':9A 'qa5':1A,6A 'quyen':10A 'san':8A 'tai':7A 'tb':2A",2026-07-24 04:16:38.975383+00
thiet_bi,a13ef9fa-75a8-426f-abf0-effb8bf0dcb3,TB_4WJ9SC24,Chống sét RF,"Chống sét RF Citel 09 Ra soat 2026-07-11, file nguon: PBA_AWOS900",/thiet-bi/TB_4WJ9SC24,"'-07':14B '-11':15B '09':10B '2026':13B '4wj9sc24':2A 'awos900':19B 'chong':3A,6B 'citel':9B 'file':16B 'nguon':17B 'pba':18B 'ra':11B 'rf':5A,8B 'set':4A,7B 'soat':12B 'tb':1A",2026-07-17 01:20:13.233503+00
thiet_bi,f5801d11-517f-49f2-a449-f2aaa99eacdd,QA5_TB_1784866551_4_1,QA5 tài sản kiểm quyền 1784866551.4.1,"",/thiet-bi/QA5_TB_1784866551_4_1,"'1':5A '1784866551':3A '1784866551.4.1':11A '4':4A 'kiem':9A 'qa5':1A,6A 'quyen':10A 'san':8A 'tai':7A 'tb':2A",2026-07-24 04:16:36.169723+00
dm_he_thong,00e96085-5ef0-4a8a-8942-dc6235b1b86a,,QA5 hệ thống kiểm quyền 1784866551.5,"",/he-thong/00e96085-5ef0-4a8a-8942-dc6235b1b86a,'1784866551.5':6A 'he':2A 'kiem':4A 'qa5':1A 'quyen':5A 'thong':3A,2026-07-24 04:16:44.833908+00
thiet_bi,20cc51c1-ccf4-4352-be0f-c2f331324f44,QA5_TB_1784866551_5_1,QA5 tài sản kiểm quyền 1784866551.5.1,"",/thiet-bi/QA5_TB_1784866551_5_1,"'1':5A '1784866551':3A '1784866551.5.1':11A '5':4A 'kiem':9A 'qa5':1A,6A 'quyen':10A 'san':8A 'tai':7A 'tb':2A",2026-07-24 04:17:10.481098+00
thiet_bi,e98b400e-0e50-42bc-a263-2a4524cd2f3c,TB_P6BCVXAN,Cắt sét nguồn AC,"Cắt sét nguồn AC nVent ERICO 27 Ra soat 2026-07-11, file nguon: PBA_AWOS900",/thiet-bi/TB_P6BCVXAN,"'-07':17B '-11':18B '2026':16B '27':13B 'ac':6A,10B 'awos900':22B 'cat':3A,7B 'erico':12B 'file':19B 'nguon':5A,9B,20B 'nvent':11B 'p6bcvxan':2A 'pba':21B 'ra':14B 'set':4A,8B 'soat':15B 'tb':1A",2026-07-17 01:20:13.233503+00
thiet_bi,1973564d-e89f-4fec-9792-7e6449c3b8a7,TB_1267QWJJ,Converter Nport 5250,Converter Nport IA5250 Moxa Đề xuất: Đề nghị mua thêm VTDP để sử dụng chung cho các hệ thống AWOS | Hỏng hóc: không | Tình trạng: Hoạt động bình thường | VTDP: Còn 1 bộ dự phòng trong kho Công ty | Niên hạn: Không,/thiet-bi/TB_1267QWJJ,"'1':37B '1267qwjj':2A '5250':5A 'awos':25B 'binh':33B 'bo':38B 'cac':22B 'cho':21B 'chung':20B 'con':36B 'cong':43B 'converter':3A,6B 'de':10B,12B,17B 'dong':32B 'du':39B 'dung':19B 'han':46B 'he':23B 'hoat':31B 'hoc':27B 'hong':26B 'ia5250':8B 'kho':42B 'khong':28B,47B 'moxa':9B 'mua':14B 'nghi':13B 'nien':45B 'nport':4A,7B 'phong':40B 'su':18B 'tb':1A 'them':15B 'thong':24B 'thuong':34B 'tinh':29B 'trang':30B 'trong':41B 'ty':44B 'vtdp':16B,35B 'xuat':11B",2026-07-17 01:20:13.233503+00
thiet_bi,9ba5f247-4207-4378-99f2-bdb2ab04dfb7,TB_SS3AJ11C,Cảm biến đo nhiệt độ Thies 1.1006.54.080,Cảm biến đo nhiệt độ Thies 1.1006.54.080 Thies Clima Hỏng hóc: 0 lần | Tình trạng: Khai thác bình thường | VTDP: Không có VTDP | Niên hạn: Không,/thiet-bi/TB_SS3AJ11C,"'0':21B '1.1006.54.080':9A,16B 'bien':4A,11B 'binh':27B 'cam':3A,10B 'clima':18B 'co':31B 'do':5A,7A,12B,14B 'han':34B 'hoc':20B 'hong':19B 'khai':25B 'khong':30B,35B 'lan':22B 'nhiet':6A,13B 'nien':33B 'ss3aj11c':2A 'tb':1A 'thac':26B 'thies':8A,15B,17B 'thuong':28B 'tinh':23B 'trang':24B 'vtdp':29B,32B",2026-07-17 01:20:13.233503+00
thiet_bi,5dbe0431-53a3-4032-a469-ea6a37ff3db5,TB_7RRRHGSV,Anten định hướng,"Anten định hướng CompleTech Trạm 21 Ra soat 2026-07-11, file nguon: THA_DAW21",/thiet-bi/TB_7RRRHGSV,"'-07':15B '-11':16B '2026':14B '21':11B '7rrrhgsv':2A 'anten':3A,6B 'completech':9B 'daw21':20B 'dinh':4A,7B 'file':17B 'huong':5A,8B 'nguon':18B 'ra':12B 'soat':13B 'tb':1A 'tha':19B 'tram':10B",2026-07-17 01:20:13.233503+00
thiet_bi,08c54f08-527f-4fa8-990d-4b8a35d8e594,TB_23FA7FPA,Anten,Anten RCD Đề xuất: Không | Hỏng hóc: 0 lần | Tình trạng: Hoạt động bình thường | VTDP: Có dự phòng trong kho | Niên hạn: Không,/thiet-bi/TB_23FA7FPA,"'0':11B '23fa7fpa':2A 'anten':3A,4B 'binh':17B 'co':20B 'de':6B 'dong':16B 'du':21B 'han':26B 'hoat':15B 'hoc':10B 'hong':9B 'kho':24B 'khong':8B,27B 'lan':12B 'nien':25B 'phong':22B 'rcd':5B 'tb':1A 'thuong':18B 'tinh':13B 'trang':14B 'trong':23B 'vtdp':19B 'xuat':7B",2026-07-17 01:20:13.233503+00
thiet_bi,2b86a872-7151-462c-934a-fbcfe4270849,TB_2HSYBS1Z,Anten,Anten RCD Đề xuất: Không | Hỏng hóc: 0 lần | Tình trạng: Hoạt động bình thường | VTDP: Có dự phòng trong kho | Niên hạn: Không,/thiet-bi/TB_2HSYBS1Z,"'0':11B '2hsybs1z':2A 'anten':3A,4B 'binh':17B 'co':20B 'de':6B 'dong':16B 'du':21B 'han':26B 'hoat':15B 'hoc':10B 'hong':9B 'kho':24B 'khong':8B,27B 'lan':12B 'nien':25B 'phong':22B 'rcd':5B 'tb':1A 'thuong':18B 'tinh':13B 'trang':14B 'trong':23B 'vtdp':19B 'xuat':7B",2026-07-17 01:20:13.233503+00
thiet_bi,d578a189-9042-4d40-8fc9-c39594e2a449,TB_2E7BSKYG,Phòng trực thiết bị /Cabin TWR/APP,Phòng trực thiết bị /Cabin TWR/APP,/thiet-bi/TB_2E7BSKYG,"'/cabin':8A,14B '2e7':2A 'bi':7A,13B 'bskyg':3A 'phong':4A,10B 'tb':1A 'thiet':6A,12B 'truc':5A,11B 'twr/app':9A,15B",2026-07-17 01:20:13.233503+00
thiet_bi,9ad20d0c-49af-472d-b242-ced93c9838a2,TB_SPH65VB2,Thiết bị Serial to Ethernet,"Converter Nport IA5250 Moxa Trạm 35 Ra soat 2026-07-11, file nguon: BDKT_OPTIMET",/thiet-bi/TB_SPH65VB2,'-07':17B '-11':18B '2026':16B '35':13B 'bdkt':21B 'bi':4A 'converter':8B 'ethernet':7A 'file':19B 'ia5250':10B 'moxa':11B 'nguon':20B 'nport':9B 'optimet':22B 'ra':14B 'serial':5A 'soat':15B 'sph65vb2':2A 'tb':1A 'thiet':3A 'to':6A 'tram':12B,2026-07-17 08:23:35.14695+00
thiet_bi,01395236-eb2c-40b9-8f31-1fdaeabc1b6b,TB_DF5F0FE6,Modem Hub UHF,"Tủ UHF Modem UHF RACOM 27 Ra soat 2026-07-11, file nguon: PBA_AWOS900",/thiet-bi/TB_DF5F0FE6,"'-07':15B '-11':16B '2026':14B '27':11B 'awos900':20B 'df5f0fe6':2A 'file':17B 'hub':4A 'modem':3A,8B 'nguon':18B 'pba':19B 'ra':12B 'racom':10B 'soat':13B 'tb':1A 'tu':6B 'uhf':5A,7B,9B",2026-07-17 01:20:13.233503+00
thiet_bi,404b8ac9-0153-4bd7-bbbe-9fca31b1887a,TB_73M51RA7,Ống thủy tinh cách điện,"Ống thủy tinh cách điện nVent ERICO 5 Trạm khí tượng Ra soat 2026-07-11, file nguon: THA_DAW21",/thiet-bi/TB_73M51RA7,"'-07':22B '-11':23B '2026':21B '5':15B '73m51ra7':2A 'cach':6A,11B 'daw21':27B 'dien':7A,12B 'erico':14B 'file':24B 'khi':17B 'nguon':25B 'nvent':13B 'ong':3A,8B 'ra':19B 'soat':20B 'tb':1A 'tha':26B 'thuy':4A,9B 'tinh':5A,10B 'tram':16B 'tuong':18B",2026-07-17 01:20:13.233503+00
thiet_bi,a634d83c-ff28-4e8f-aea3-9a256eea7166,TB_65H0ZZEM,Cắt lọc sét AC,"Cắt lọc sét AC Roxburgh-EMC CEILO 17 Ra soat 2026-07-11, file nguon: BDKT_OPTIMET",/thiet-bi/TB_65H0ZZEM,"'-07':19B '-11':20B '17':15B '2026':18B '65h0zzem':2A 'ac':6A,10B 'bdkt':23B 'cat':3A,7B 'ceilo':14B 'emc':13B 'file':21B 'loc':4A,8B 'nguon':22B 'optimet':24B 'ra':16B 'roxburgh':12B 'roxburgh-emc':11B 'set':5A,9B 'soat':17B 'tb':1A",2026-07-17 01:20:13.233503+00
thiet_bi,b2f8e126-1ed4-4ea9-bb54-bc350e5e9e20,TB_PSQ1E0DS,Cắt lọc sét AC,"Cắt lọc sét nguồn AC - Tủ thiết bị Schneider CEILO 17 Ra soat 2026-07-11, file nguon: BDKT_OPTIMET",/thiet-bi/TB_PSQ1E0DS,"'-07':21B '-11':22B '17':17B '2026':20B 'ac':6A,11B 'bdkt':25B 'bi':14B 'cat':3A,7B 'ceilo':16B 'file':23B 'loc':4A,8B 'nguon':10B,24B 'optimet':26B 'psq1e0ds':2A 'ra':18B 'schneider':15B 'set':5A,9B 'soat':19B 'tb':1A 'thiet':13B 'tu':12B",2026-07-17 01:20:13.233503+00
