id,ma_thiet_bi,ten_thiet_bi,loai_thiet_bi_id,ma_serial,model,nha_san_xuat,ngay_mua,he_thong_id,nhom_he_thong_id,nha_cung_cap,han_bao_hanh,trang_thai_id,don_vi_quan_ly_id,vi_tri,ghi_chu,file_tai_lieu,hinh_anh,qr_code,created_by,created_at,updated_at,nha_san_xuat_id,nha_cung_cap_id,vi_tri_id,search_text,search_tsv,thanh_phan,p_n,nam_san_xuat,nam_dua_vao_khai_thac,don_vi_id,danh_gia_nien_han_id,phan_loai,noi_quan_ly,giay_phep_khai_thac,giay_phep_tan_so,so_nam_su_dung,ty_le_tuoi_tho,vat_tu_du_phong,thong_ke_hong_hoc,de_xuat_phuong_an,de_xuat_tiep_tuc,de_xuat_khac,thoi_diem_dieu_chuyen,noi_chuyen_di,noi_chuyen_den,ly_do_dieu_chuyen,thoi_diem_cham_dut,quyet_dinh_cham_dut,noi_cat_giu,do_tin_cay,nguon_du_lieu,ma_tai_san_bravo,nguoi_giu,don_vi_giu_id,ngay_cap_phat,trang_thai_cap_phat,ngay_kiem_ke_ke_tiep,phan_loai_id,ngay_bao_tri_gan_nhat,ngay_bao_tri_ke_tiep,tinh_trang_ky_thuat,la_linh_kien,ma_thiet_bi_cu,model_id,attrs,che_do_kd_hc,field_set_id,completeness_pct,vai_tro
abb953ef-31a2-45a4-90bf-5e0cfcc582b9,TB_5TCXP7HD,TA-7650 ULTIMATE_BACKUP,954b8685-0b5a-45b3-9172-43b93da5faef,19713,TA-7650,Jotron,,42c99ea1-6512-4826-878d-beb1868c3108,1ff8845b-1715-492a-8992-ae6b779f1022,,,1ce915ed-07e9-4b65-9209-2652ffd9b681,581d9350-905f-46da-b45e-c2d8aba4d868,TWR PBA,,,,,,2026-07-13 03:49:43.658628+00,2026-08-11 04:37:10.204448+00,15e83d23-05bd-4900-8778-2b890ccf73ea,,8d0b92cb-6a62-4fbe-9b51-9399ee0e1843,TB_5TCXP7HD TA-7650 ULTIMATE_BACKUP 19713 TA-7650 Jotron  TWR PBA ,"'-7650':4,9 '19713':7 '5tcxp7hd':2 'backup':6 'jotron':10 'pba':12 'ta':3,8 'tb':1 'twr':11 'ultimate':5",Máy phát,84000C,2024,2024,581d9350-905f-46da-b45e-c2d8aba4d868,,Nhóm 1,Đài KSKL Phú Bài,,,,,,,,,,,,,,,,,,,,,,,san_sang,,f024c88e-8702-49c8-a302-15b93f6acb3c,,,,f,TA_7650_VHF_118_8_MHZ,5f90a9b8-c63c-405f-875a-7dffbbee8aaa,{},KHONG,,100,he_thong
f5b5927e-fa65-43f5-907a-0419a6ef0842,TB_SCFVYFNY,Chống sét đường tín hiệu,660f73b4-1975-4bde-8c87-810a23ef6e2c,,Chống sét đường tín hiệu,Citel,,ebc4a136-c5e7-4f7d-abfc-e3ddea655b8c,d7faf284-1a3a-4e53-9433-8476900a66e7,,,1ce915ed-07e9-4b65-9209-2652ffd9b681,46e84da7-5a8b-4a79-aa46-2fb4bae1ff26,QUANG-CEILO-33,"Ra soat 2026-07-11, file nguon: PCA_IMS",,,,,2026-07-11 09:50:09.894644+00,2026-08-11 04:37:10.204448+00,80666d25-731c-4de5-8d64-08488037258a,,e96be350-6615-441a-91f5-53ad976e91b3,"TB_SCFVYFNY Chong set duong tin hieu  Chong set duong tin hieu Citel  QUANG-CEILO-33 Ra soat 2026-07-11, file nguon: PCA_IMS","'-07':21 '-11':22 '2026':20 '33':17 'ceilo':16 'chong':3,8 'citel':13 'duong':5,10 'file':23 'hieu':7,12 'ims':26 'nguon':24 'pca':25 'quang':15 'quang-ceilo':14 'ra':18 'scfvyfny':2 'set':4,9 'soat':19 'tb':1 'tin':6,11",AWOS-IMS,MJ8-CAT6S,,,46e84da7-5a8b-4a79-aa46-2fb4bae1ff26,,Cắt lọc sét,PCA,,,,,,,,,,,,,,,,,,,,,,,san_sang,,f024c88e-8702-49c8-a302-15b93f6acb3c,,,,f,TB_PCA_082,ba74d20d-d098-44e2-83cd-f00d56936bc4,{},KHONG,,83,he_thong
c3070f1b-ab4f-4a3c-b9e7-3452c7f555d4,TB_P8XE9YJQ,SU4200 Main Tx,954b8685-0b5a-45b3-9172-43b93da5faef,105886,,,,6999e9e0-f9cf-4e26-9bef-30c362be5d7f,1ff8845b-1715-492a-8992-ae6b779f1022,,,1ce915ed-07e9-4b65-9209-2652ffd9b681,,,,,,,,2026-07-25 15:14:45.804604+00,2026-08-11 04:37:10.204448+00,28422512-1c6b-4124-af15-ed8d22a22249,,,TB_P8XE9YJQ SU4200 Main Tx 105886     ,'105886':6 'main':4 'p8xe9yjq':2 'su4200':3 'tb':1 'tx':5,,,2016,,,,,,,,,,,,,,,,,,,,,,,,,,,,san_sang,,f024c88e-8702-49c8-a302-15b93f6acb3c,,,,f,,43d99ff0-b4cf-47ca-80fd-afda72dff81b,{},KHONG,,83,he_thong
342386f1-6bf1-41c3-b737-9d636e9a32e2,TB_FKNGPMEN,Chống sét - UHF,660f73b4-1975-4bde-8c87-810a23ef6e2c,,Chống sét - UHF,Citel,,7f40beb2-5d47-4f4a-b7df-35cd1cca56ae,d7faf284-1a3a-4e53-9433-8476900a66e7,,,1ce915ed-07e9-4b65-9209-2652ffd9b681,e43c5d4b-3c3c-4486-89da-73e9ac747ab4,Trạm 21,"Ra soat 2026-07-11, file nguon: THA_DAW21",,,,,2026-07-11 09:50:09.894644+00,2026-08-11 04:37:10.204448+00,80666d25-731c-4de5-8d64-08488037258a,,e96be350-6615-441a-91f5-53ad976e91b3,"TB_FKNGPMEN Chong set - UHF  Chong set - UHF Citel  Tram 21 Ra soat 2026-07-11, file nguon: THA_DAW21","'-07':15 '-11':16 '2026':14 '21':11 'chong':3,6 'citel':9 'daw21':20 'file':17 'fkngpmen':2 'nguon':18 'ra':12 'set':4,7 'soat':13 'tb':1 'tha':19 'tram':10 'uhf':5,8",AWOS D-AW21,P8AX15,,,e43c5d4b-3c3c-4486-89da-73e9ac747ab4,,Cắt lọc sét,THA,,,,,,,,,,,,,,,,,,,,,,,san_sang,,f024c88e-8702-49c8-a302-15b93f6acb3c,,,,f,TB_THA_049,31cae5c6-e3ee-4ad9-ab56-bef881a81aae,{},KHONG,,83,he_thong
8428e496-59b3-4ad9-8181-7c4faf2cba3a,TB_ENFFZ51G,Màn hình hiển thị số liệu Gió dp,83e7d93e-2f76-4d4f-a6bc-08926383aba1,,Màn hình hiển thị số liệu gió,Observator,,ebc4a136-c5e7-4f7d-abfc-e3ddea655b8c,d7faf284-1a3a-4e53-9433-8476900a66e7,,,1ce915ed-07e9-4b65-9209-2652ffd9b681,46e84da7-5a8b-4a79-aa46-2fb4bae1ff26,TWR,"Ra soat 2026-07-11, file nguon: PCA_IMS",,,,,2026-07-11 09:50:09.894644+00,2026-08-11 04:37:10.204448+00,1f8c6a88-4da8-4cff-bf77-616d07522c3c,,ff3511ef-1568-4f81-9c59-21d71703e354,"TB_ENFFZ51G Man hinh hien thi so lieu Gio dp  Man hinh hien thi so lieu gio Observator  TWR Ra soat 2026-07-11, file nguon: PCA_IMS","'-07':23 '-11':24 '2026':22 'dp':10 'enffz51g':2 'file':25 'gio':9,17 'hien':5,13 'hinh':4,12 'ims':28 'lieu':8,16 'man':3,11 'nguon':26 'observator':18 'pca':27 'ra':20 'so':7,15 'soat':21 'tb':1 'thi':6,14 'twr':19",Thiết bị đo quan trắc thông dụng,OCM-140,,,46e84da7-5a8b-4a79-aa46-2fb4bae1ff26,,Xử lý Trung Tâm,PCA,,,,,,,,,,,,,,,,,,,,,,,san_sang,,f024c88e-8702-49c8-a302-15b93f6acb3c,,,,f,TB_PCA_106,b63cae62-2dbf-4b84-ae97-c6526954dfa5,{},KHONG,,83,he_thong
5227bfb3-c079-40a0-b6a6-9b396fbb944b,TB_V8QBX1EQ,Nguồn AC/DC,accf1740-4c18-4b9a-895f-59d85ba593b5,,Nguồn AC/DC,MeanWell,,ebc4a136-c5e7-4f7d-abfc-e3ddea655b8c,d7faf284-1a3a-4e53-9433-8476900a66e7,,,1ce915ed-07e9-4b65-9209-2652ffd9b681,46e84da7-5a8b-4a79-aa46-2fb4bae1ff26,TWR,"Ra soat 2026-07-11, file nguon: PCA_IMS",,,,,2026-07-11 09:50:09.894644+00,2026-08-11 04:37:10.204448+00,0e8dbaf8-aa3e-4d9d-bab2-99b08381f6f9,,ff3511ef-1568-4f81-9c59-21d71703e354,"TB_V8QBX1EQ Nguon AC/DC  Nguon AC/DC MeanWell  TWR Ra soat 2026-07-11, file nguon: PCA_IMS","'-07':12 '-11':13 '2026':11 'ac/dc':4,6 'file':14 'ims':17 'meanwell':7 'nguon':3,5,15 'pca':16 'ra':9 'soat':10 'tb':1 'twr':8 'v8qbx1eq':2",Thiết bị đo quan trắc thông dụng,DRC-60A,,,46e84da7-5a8b-4a79-aa46-2fb4bae1ff26,,Thiết bị nguồn,PCA,,,,,,,,,,,,,,,,,,,,,,,san_sang,,f024c88e-8702-49c8-a302-15b93f6acb3c,,,,f,TB_PCA_108,850d240b-a7eb-4d8e-9e1f-2e7baa23ca67,{},KHONG,,83,he_thong
de625f01-2181-434d-9b44-d9add344c450,TB_DJMBRQRC,Chống sét đường tín hiệu(x3),660f73b4-1975-4bde-8c87-810a23ef6e2c,,Chống sét đường tín hiệu,Citel,,ebc4a136-c5e7-4f7d-abfc-e3ddea655b8c,d7faf284-1a3a-4e53-9433-8476900a66e7,,,1ce915ed-07e9-4b65-9209-2652ffd9b681,46e84da7-5a8b-4a79-aa46-2fb4bae1ff26,UHF-15,"Ra soat 2026-07-11, file nguon: PCA_IMS",,,,,2026-07-11 09:50:09.894644+00,2026-08-11 04:37:10.204448+00,80666d25-731c-4de5-8d64-08488037258a,,e96be350-6615-441a-91f5-53ad976e91b3,"TB_DJMBRQRC Chong set duong tin hieu(x3)  Chong set duong tin hieu Citel  UHF-15 Ra soat 2026-07-11, file nguon: PCA_IMS","'-07':20 '-11':21 '-15':16 '2026':19 'chong':3,9 'citel':14 'djmbrqrc':2 'duong':5,11 'file':22 'hieu':7,13 'ims':25 'nguon':23 'pca':24 'ra':17 'set':4,10 'soat':18 'tb':1 'tin':6,12 'uhf':15 'x3':8",AWOS-IMS,MJ8-CAT6S,,,46e84da7-5a8b-4a79-aa46-2fb4bae1ff26,,Cắt lọc sét,PCA,,,,,,,,,,,,,,,,,,,,,,,san_sang,,f024c88e-8702-49c8-a302-15b93f6acb3c,,,,f,TB_PCA_083,ba74d20d-d098-44e2-83cd-f00d56936bc4,{},KHONG,,83,he_thong
ea8f3470-b24f-4f44-9ff9-9aa282300420,TB_5XH671XN,Recorder Audio Box,486f85a5-f8cf-4859-ace9-855d6ad237e7,6424049795125,,,,,,,,,,,,,,,,2026-07-28 03:12:41.109553+00,2026-08-11 04:37:10.204448+00,28422512-1c6b-4124-af15-ed8d22a22249,,,TB_5XH671XN Recorder Audio Box 6424049795125     ,'5xh671xn':2 '6424049795125':6 'audio':4 'box':5 'recorder':3 'tb':1,,6179.2485.02,2022,,,,,,,,,,,,,,,,,,,,,,,,,,,,san_sang,,,,,,f,,c37bffaf-6ce4-470d-84c8-8ee19f022723,{},KHONG,,50,he_thong
fa3b498f-f32d-4a95-8adc-47e2a78ef249,TB_W9GXE3PG,Chống sét đường tín hiệu (x3),660f73b4-1975-4bde-8c87-810a23ef6e2c,,Chống sét đường tín hiệu,Citel,,ebc4a136-c5e7-4f7d-abfc-e3ddea655b8c,d7faf284-1a3a-4e53-9433-8476900a66e7,,,1ce915ed-07e9-4b65-9209-2652ffd9b681,46e84da7-5a8b-4a79-aa46-2fb4bae1ff26,UHF-33,"Ra soat 2026-07-11, file nguon: PCA_IMS",,,,,2026-07-11 09:50:09.894644+00,2026-08-11 04:37:10.204448+00,80666d25-731c-4de5-8d64-08488037258a,,e96be350-6615-441a-91f5-53ad976e91b3,"TB_W9GXE3PG Chong set duong tin hieu (x3)  Chong set duong tin hieu Citel  UHF-33 Ra soat 2026-07-11, file nguon: PCA_IMS","'-07':20 '-11':21 '-33':16 '2026':19 'chong':3,9 'citel':14 'duong':5,11 'file':22 'hieu':7,13 'ims':25 'nguon':23 'pca':24 'ra':17 'set':4,10 'soat':18 'tb':1 'tin':6,12 'uhf':15 'w9gxe3pg':2 'x3':8",AWOS-IMS,MJ8-CAT6S,,,46e84da7-5a8b-4a79-aa46-2fb4bae1ff26,,Cắt lọc sét,PCA,,,,,,,,,,,,,,,,,,,,,,,san_sang,,f024c88e-8702-49c8-a302-15b93f6acb3c,,,,f,TB_PCA_084,ba74d20d-d098-44e2-83cd-f00d56936bc4,{},KHONG,,83,he_thong
bbf3a96f-fae0-4779-b4aa-783791b74512,TB_JP6AQXS0,Switch,ae03f513-6763-46f8-913d-91a103966947,,Switch,Fortinet,,ce27df84-7054-4032-bfe7-efdb0bd119f4,d7faf284-1a3a-4e53-9433-8476900a66e7,,,1ce915ed-07e9-4b65-9209-2652ffd9b681,581d9350-905f-46da-b45e-c2d8aba4d868,Phòng thiết bị,"Ra soat 2026-07-11, file nguon: PBA_AWOS900",,,,,2026-07-11 09:50:09.894644+00,2026-08-11 04:37:10.204448+00,2a565b05-c0d0-42be-9b54-6cc88819c43f,,03818fa3-ee05-4dfe-92f0-b6f752b0b97a,"TB_JP6AQXS0 Switch  Switch Fortinet  Phong thiet bi Ra soat 2026-07-11, file nguon: PBA_AWOS900","'-07':12 '-11':13 '2026':11 'awos900':17 'bi':8 'file':14 'fortinet':5 'jp6aqxs0':2 'nguon':15 'pba':16 'phong':6 'ra':9 'soat':10 'switch':3,4 'tb':1 'thiet':7",AWOS-900,FS-124E,,,581d9350-905f-46da-b45e-c2d8aba4d868,,Truyền dẫn,PBA,,,,,,,,,,,,,,,,,,,,,,,san_sang,,f024c88e-8702-49c8-a302-15b93f6acb3c,,,,f,TB_PBA_003,71431484-422f-413b-b0b8-34660a087db1,{},KHONG,,83,he_thong
cf06b19a-720e-418b-be3f-712440807d76,TB_1BWGGYS4,Switch,ae03f513-6763-46f8-913d-91a103966947,,Switch,Fortinet,,ce27df84-7054-4032-bfe7-efdb0bd119f4,d7faf284-1a3a-4e53-9433-8476900a66e7,,,1ce915ed-07e9-4b65-9209-2652ffd9b681,581d9350-905f-46da-b45e-c2d8aba4d868,Phòng thiết bị,"Ra soat 2026-07-11, file nguon: PBA_AWOS900",,,,,2026-07-11 09:50:09.894644+00,2026-08-11 04:37:10.204448+00,2a565b05-c0d0-42be-9b54-6cc88819c43f,,03818fa3-ee05-4dfe-92f0-b6f752b0b97a,"TB_1BWGGYS4 Switch  Switch Fortinet  Phong thiet bi Ra soat 2026-07-11, file nguon: PBA_AWOS900","'-07':12 '-11':13 '1bwggys4':2 '2026':11 'awos900':17 'bi':8 'file':14 'fortinet':5 'nguon':15 'pba':16 'phong':6 'ra':9 'soat':10 'switch':3,4 'tb':1 'thiet':7",AWOS-900,FS-124E,,,581d9350-905f-46da-b45e-c2d8aba4d868,,Truyền dẫn,PBA,,,,,,,,,,,,,,,,,,,,,,,san_sang,,f024c88e-8702-49c8-a302-15b93f6acb3c,,,,f,TB_PBA_004,71431484-422f-413b-b0b8-34660a087db1,{},KHONG,,83,he_thong
17950c72-952d-4d97-9289-055ffc4ed701,TB_BGN03G03,Converter Serial to fiber,ae03f513-6763-46f8-913d-91a103966947,YBC0320000070,Converter Serial to fiber,3Onedata,,ebc4a136-c5e7-4f7d-abfc-e3ddea655b8c,d7faf284-1a3a-4e53-9433-8476900a66e7,,,1ce915ed-07e9-4b65-9209-2652ffd9b681,46e84da7-5a8b-4a79-aa46-2fb4bae1ff26,TWR,"Ra soat 2026-07-11, file nguon: PCA_IMS",,,,,2026-07-11 09:50:09.894644+00,2026-08-11 04:37:10.204448+00,7c809d84-88ee-4505-9e8e-d5f291ec5afd,,ff3511ef-1568-4f81-9c59-21d71703e354,"TB_BGN03G03 Converter Serial to fiber YBC0320000070 Converter Serial to fiber 3Onedata  TWR Ra soat 2026-07-11, file nguon: PCA_IMS","'-07':17 '-11':18 '2026':16 '3onedata':12 'bgn03g03':2 'converter':3,8 'fiber':6,11 'file':19 'ims':22 'nguon':20 'pca':21 'ra':14 'serial':4,9 'soat':15 'tb':1 'to':5,10 'twr':13 'ybc0320000070':7",Thiết bị đo quan trắc thông dụng,Model277-SS-SC-20KM,,,46e84da7-5a8b-4a79-aa46-2fb4bae1ff26,,Truyền dẫn,PCA,,,,,,,,,,,,,,,,,,,,,,,san_sang,,f024c88e-8702-49c8-a302-15b93f6acb3c,,,,f,TB_PCA_109,8cdebb90-7451-41d6-a3bd-b3c5ba560349,{},KHONG,,100,he_thong
048063f2-acc0-40fe-abf9-d24001f47b2e,TB_EK1WX2N0,RA-7203,032cd7d8-5028-42f1-86b5-cf3122e3a430,19740,RA-7203,Jotron,,42c99ea1-6512-4826-878d-beb1868c3108,1ff8845b-1715-492a-8992-ae6b779f1022,,,1ce915ed-07e9-4b65-9209-2652ffd9b681,581d9350-905f-46da-b45e-c2d8aba4d868,TWR PBA,,,,,,2026-07-13 03:49:43.88238+00,2026-08-11 04:37:10.204448+00,15e83d23-05bd-4900-8778-2b890ccf73ea,,8d0b92cb-6a62-4fbe-9b51-9399ee0e1843,TB_EK1WX2N0 RA-7203 19740 RA-7203 Jotron  TWR PBA ,"'-7203':4,7 '19740':5 'ek1wx2n0':2 'jotron':8 'pba':10 'ra':3,6 'tb':1 'twr':9",Máy thu,,2024,2024,581d9350-905f-46da-b45e-c2d8aba4d868,,Nhóm 1,Đài KSKL Phú Bài,,,,,,,,,,,,,,,,,,,,,,,san_sang,,f024c88e-8702-49c8-a302-15b93f6acb3c,,,,f,RA_7203_VHF_118_8_MHZ,cd60afb0-bc3a-4245-b007-a637529e9169,{},KHONG,,100,he_thong
9fff1574-23aa-486a-8323-987c630a3529,TB_PGKF8AVC,Thiết bị Serial server,ae03f513-6763-46f8-913d-91a103966947,Hệ thống mới,Thiết bị Serial to Ethernet,Moxa,,ce27df84-7054-4032-bfe7-efdb0bd119f4,d7faf284-1a3a-4e53-9433-8476900a66e7,,,1ce915ed-07e9-4b65-9209-2652ffd9b681,581d9350-905f-46da-b45e-c2d8aba4d868,Phòng thiết bị,"Ra soat 2026-07-11, file nguon: PBA_AWOS900",,,,,2026-07-11 09:50:09.894644+00,2026-08-11 04:37:10.204448+00,a5454b1e-b677-4fd8-8494-b4c080de867d,,03818fa3-ee05-4dfe-92f0-b6f752b0b97a,"TB_PGKF8AVC Thiet bi Serial server He thong moi Thiet bi Serial to Ethernet Moxa  Phong thiet bi Ra soat 2026-07-11, file nguon: PBA_AWOS900","'-07':22 '-11':23 '2026':21 'awos900':27 'bi':4,11,18 'ethernet':14 'file':24 'he':7 'moi':9 'moxa':15 'nguon':25 'pba':26 'pgkf8avc':2 'phong':16 'ra':19 'serial':5,12 'server':6 'soat':20 'tb':1 'thiet':3,10,17 'thong':8 'to':13",AWOS-900,NPort 5650-16,,,581d9350-905f-46da-b45e-c2d8aba4d868,,Truyền dẫn,PBA,,,,,,,,,,,,,,,,,,,,,,,san_sang,,f024c88e-8702-49c8-a302-15b93f6acb3c,,,,f,TB_PBA_006,9fbd34c3-1044-49fc-b068-864d19584ac9,{},KHONG,,100,he_thong
626e1f42-37ea-4331-9024-72752e581905,TB_HDKCNT0J,Switch,ae03f513-6763-46f8-913d-91a103966947,Hệ thống cũ,Switch,NetGear,,ce27df84-7054-4032-bfe7-efdb0bd119f4,d7faf284-1a3a-4e53-9433-8476900a66e7,,,1ce915ed-07e9-4b65-9209-2652ffd9b681,581d9350-905f-46da-b45e-c2d8aba4d868,Phòng thiết bị,"Ra soat 2026-07-11, file nguon: PBA_AWOS900",,,,,2026-07-11 09:50:09.894644+00,2026-08-11 04:37:10.204448+00,c8acb234-d521-4934-a5d9-7ba29ec24264,,03818fa3-ee05-4dfe-92f0-b6f752b0b97a,"TB_HDKCNT0J Switch He thong cu Switch NetGear  Phong thiet bi Ra soat 2026-07-11, file nguon: PBA_AWOS900","'-07':15 '-11':16 '2026':14 'awos900':20 'bi':11 'cu':6 'file':17 'hdkcnt0j':2 'he':4 'netgear':8 'nguon':18 'pba':19 'phong':9 'ra':12 'soat':13 'switch':3,7 'tb':1 'thiet':10 'thong':5",AWOS-900,FS-516,,,581d9350-905f-46da-b45e-c2d8aba4d868,,Truyền dẫn,PBA,,,,,,,,,,,,,,,,,,,,,,,san_sang,,f024c88e-8702-49c8-a302-15b93f6acb3c,,,,f,TB_PBA_007,65b143c3-459a-4dae-86ac-748cd45c1176,{},KHONG,,100,he_thong
57f49c06-2475-4761-9e2b-95a6af0274ab,TB_9G34K5TN,Modem Hub UHF,ae03f513-6763-46f8-913d-91a103966947,Hub,Modem Hub UHF,RACOM,,ce27df84-7054-4032-bfe7-efdb0bd119f4,d7faf284-1a3a-4e53-9433-8476900a66e7,,,1ce915ed-07e9-4b65-9209-2652ffd9b681,581d9350-905f-46da-b45e-c2d8aba4d868,Phòng thiết bị,"Ra soat 2026-07-11, file nguon: PBA_AWOS900",,,,,2026-07-11 09:50:09.894644+00,2026-08-11 04:37:10.204448+00,ca029628-203c-4008-b4bc-89b0746a39c6,,03818fa3-ee05-4dfe-92f0-b6f752b0b97a,"TB_9G34K5TN Modem Hub UHF Hub Modem Hub UHF RACOM  Phong thiet bi Ra soat 2026-07-11, file nguon: PBA_AWOS900","'-07':17 '-11':18 '2026':16 '9g34k5tn':2 'awos900':22 'bi':13 'file':19 'hub':4,6,8 'modem':3,7 'nguon':20 'pba':21 'phong':11 'ra':14 'racom':10 'soat':15 'tb':1 'thiet':12 'uhf':5,9",AWOS-900,RipEX-400SP (Hub),,,581d9350-905f-46da-b45e-c2d8aba4d868,,Truyền dẫn,PBA,,,,,,,,,,,,,,,,,,,,,,,san_sang,,f024c88e-8702-49c8-a302-15b93f6acb3c,,,,f,TB_PBA_017,e60bf1b2-f570-4997-878f-7c480fb78bf3,{},KHONG,,100,he_thong
efc5ad30-d851-43e1-b2b6-5a11b011250d,TB_ZZS0N40P,Cảm biến đo khí áp,98c88d39-bf0f-43c7-83a2-ca5d266ba54f,,Cảm biến đo khí áp,All Weather,,ce27df84-7054-4032-bfe7-efdb0bd119f4,d7faf284-1a3a-4e53-9433-8476900a66e7,,,1ce915ed-07e9-4b65-9209-2652ffd9b681,581d9350-905f-46da-b45e-c2d8aba4d868,Phòng thiết bị,"Ra soat 2026-07-11, file nguon: PBA_AWOS900",,,,,2026-07-11 09:50:09.894644+00,2026-08-11 04:37:10.204448+00,8c53503a-8e6c-4698-bb44-06b929060b8a,,03818fa3-ee05-4dfe-92f0-b6f752b0b97a,"TB_ZZS0N40P Cam bien do khi ap  Cam bien do khi ap All Weather  Phong thiet bi Ra soat 2026-07-11, file nguon: PBA_AWOS900","'-07':21 '-11':22 '2026':20 'all':13 'ap':7,12 'awos900':26 'bi':17 'bien':4,9 'cam':3,8 'do':5,10 'file':23 'khi':6,11 'nguon':24 'pba':25 'phong':15 'ra':18 'soat':19 'tb':1 'thiet':16 'weather':14 'zzs0n40p':2",AWOS-900,7150,,,581d9350-905f-46da-b45e-c2d8aba4d868,,Cảm biến,PBA,,,,,,,,,,,,,,,,,,,,,,,san_sang,,f024c88e-8702-49c8-a302-15b93f6acb3c,,,,f,TB_PBA_030,3e1dcbe7-8a3d-43d8-a2da-581cecaef179,{},KHONG,,83,he_thong
285f84c9-879e-405c-9c95-719fa30dac32,TB_WHCWQT10,Chống sét RF,660f73b4-1975-4bde-8c87-810a23ef6e2c,,Chống sét RF,Citel,,ce27df84-7054-4032-bfe7-efdb0bd119f4,d7faf284-1a3a-4e53-9433-8476900a66e7,,,1ce915ed-07e9-4b65-9209-2652ffd9b681,581d9350-905f-46da-b45e-c2d8aba4d868,Phòng thiết bị,"Ra soat 2026-07-11, file nguon: PBA_AWOS900",,,,,2026-07-11 09:50:09.894644+00,2026-08-11 04:37:10.204448+00,80666d25-731c-4de5-8d64-08488037258a,,03818fa3-ee05-4dfe-92f0-b6f752b0b97a,"TB_WHCWQT10 Chong set RF  Chong set RF Citel  Phong thiet bi Ra soat 2026-07-11, file nguon: PBA_AWOS900","'-07':16 '-11':17 '2026':15 'awos900':21 'bi':12 'chong':3,6 'citel':9 'file':18 'nguon':19 'pba':20 'phong':10 'ra':13 'rf':5,8 'set':4,7 'soat':14 'tb':1 'thiet':11 'whcwqt10':2",AWOS-900,P8AX09-N/MF,,,581d9350-905f-46da-b45e-c2d8aba4d868,,Chống sét,PBA,,,,,,,,,,,,,,,,,,,,,,,san_sang,,f024c88e-8702-49c8-a302-15b93f6acb3c,,,,f,TB_PBA_053,6e945e40-d2ca-43af-9048-72ff995a4c14,{},KHONG,,83,he_thong
e5391d13-973b-4ca2-923a-cafb8886feee,TB_5C4PRYZM,Modem UHF,ae03f513-6763-46f8-913d-91a103966947,,Modem UHF,TeleDesign,,ce27df84-7054-4032-bfe7-efdb0bd119f4,d7faf284-1a3a-4e53-9433-8476900a66e7,,,1ce915ed-07e9-4b65-9209-2652ffd9b681,581d9350-905f-46da-b45e-c2d8aba4d868,Phòng thiết bị,"Ra soat 2026-07-11, file nguon: PBA_AWOS900",,,,,2026-07-11 09:50:09.894644+00,2026-08-11 04:37:10.204448+00,8f45bde8-e8df-427f-bff4-7ec627d69558,,03818fa3-ee05-4dfe-92f0-b6f752b0b97a,"TB_5C4PRYZM Modem UHF  Modem UHF TeleDesign  Phong thiet bi Ra soat 2026-07-11, file nguon: PBA_AWOS900","'-07':14 '-11':15 '2026':13 '5c4pryzm':2 'awos900':19 'bi':10 'file':16 'modem':3,5 'nguon':17 'pba':18 'phong':8 'ra':11 'soat':12 'tb':1 'teledesign':7 'thiet':9 'uhf':4,6",AWOS-901,TS4000,,,581d9350-905f-46da-b45e-c2d8aba4d868,,Truyền dẫn,PBA,,,,,,,,,,,,,,,,,,,,,,,san_sang,,f024c88e-8702-49c8-a302-15b93f6acb3c,,,,f,TB_PBA_067,2f1b574d-ed27-4cce-8174-eb34ab21a3e1,{},KHONG,,83,he_thong
6656e3fc-ae93-41a6-aeca-98c5e5094e18,TB_6BXBX7KZ,Chống sét nguồn AC,660f73b4-1975-4bde-8c87-810a23ef6e2c,,Cắt sét nguồn 220VAC -  UHF,Schneider,,ebc4a136-c5e7-4f7d-abfc-e3ddea655b8c,d7faf284-1a3a-4e53-9433-8476900a66e7,,,1ce915ed-07e9-4b65-9209-2652ffd9b681,46e84da7-5a8b-4a79-aa46-2fb4bae1ff26,UHF-15,"Ra soat 2026-07-11, file nguon: PCA_IMS",,,,,2026-07-11 09:50:09.894644+00,2026-08-11 04:37:10.204448+00,1dfd07b4-a9da-41a0-aa04-7b64b3f5862e,,e96be350-6615-441a-91f5-53ad976e91b3,"TB_6BXBX7KZ Chong set nguon AC  Cat set nguon 220VAC -  UHF Schneider  UHF-15 Ra soat 2026-07-11, file nguon: PCA_IMS","'-07':18 '-11':19 '-15':14 '2026':17 '220vac':10 '6bxbx7kz':2 'ac':6 'cat':7 'chong':3 'file':20 'ims':23 'nguon':5,9,21 'pca':22 'ra':15 'schneider':12 'set':4,8 'soat':16 'tb':1 'uhf':11,13",AWOS-IMS,A9L15692,,,46e84da7-5a8b-4a79-aa46-2fb4bae1ff26,,Cắt lọc sét,PCA,,,,,,,,,,,,,,,,,,,,,,,san_sang,,f024c88e-8702-49c8-a302-15b93f6acb3c,,,,f,TB_PCA_087,302ce695-41d5-4dc0-806f-915b1e489689,{},KHONG,,83,he_thong
8891559a-ef75-4376-8d78-821c77cff7ef,TB_QE4F307F,Media Converter,ae03f513-6763-46f8-913d-91a103966947,,Media Converter,VTD,,ce27df84-7054-4032-bfe7-efdb0bd119f4,d7faf284-1a3a-4e53-9433-8476900a66e7,,,1ce915ed-07e9-4b65-9209-2652ffd9b681,581d9350-905f-46da-b45e-c2d8aba4d868,Phòng thiết bị,"Ra soat 2026-07-11, file nguon: PBA_AWOS900",,,,,2026-07-11 09:50:09.894644+00,2026-08-11 04:37:10.204448+00,2e2c3258-c675-4f4b-9435-c832804f802a,,03818fa3-ee05-4dfe-92f0-b6f752b0b97a,"TB_QE4F307F Media Converter  Media Converter VTD  Phong thiet bi Ra soat 2026-07-11, file nguon: PBA_AWOS900","'-07':14 '-11':15 '2026':13 'awos900':19 'bi':10 'converter':4,6 'file':16 'media':3,5 'nguon':17 'pba':18 'phong':8 'qe4f307f':2 'ra':11 'soat':12 'tb':1 'thiet':9 'vtd':7",Thiết bị đo đạc quan trắc thông dụng,277,,,581d9350-905f-46da-b45e-c2d8aba4d868,,Truyền dẫn,PBA,,,,,,,,,,,,,,,,,,,,,,,san_sang,,f024c88e-8702-49c8-a302-15b93f6acb3c,,,,f,TB_PBA_077,556b73ae-a466-43c5-97ff-ebf985163d7a,{},KHONG,,83,he_thong
8b440bcf-3fbe-476d-8b74-e8d93e4c0297,TB_NB7C5YGP,Trạm Ceilo 02R,1ef69ec2-6298-4c48-b931-aea3fa48c0fc,,Trạm Ceilo 02R,,,a13f3116-f74d-4435-b248-5b458d9fead4,d7faf284-1a3a-4e53-9433-8476900a66e7,,,1ce915ed-07e9-4b65-9209-2652ffd9b681,f59bf0bd-520b-4245-80db-dc71b7187bf1,,Niên hạn: Không,,,,,2026-07-11 09:50:09.894644+00,2026-08-11 04:37:10.204448+00,,,e96be350-6615-441a-91f5-53ad976e91b3,TB_NB7C5YGP Tram Ceilo 02R  Tram Ceilo 02R    Nien han: Khong,"'02r':5,8 'ceilo':4,7 'han':10 'khong':11 'nb7c5ygp':2 'nien':9 'tb':1 'tram':3,6",,,,,f59bf0bd-520b-4245-80db-dc71b7187bf1,,,,,,,,,,,,,,,,,,,,,,,,,,san_sang,,f024c88e-8702-49c8-a302-15b93f6acb3c,,,,f,TB_N1_AWOS_0061,ac375dd7-c5c0-4ef6-ab1d-fbb044a737bc,{},KHONG,,83,he_thong
06423617-8724-4579-b5dc-2eb7da0c370e,TB_A95R3ET7,AC/DC converter,accf1740-4c18-4b9a-895f-59d85ba593b5,,Nguồn AC/DC,MeanWell,,ce27df84-7054-4032-bfe7-efdb0bd119f4,d7faf284-1a3a-4e53-9433-8476900a66e7,,,1ce915ed-07e9-4b65-9209-2652ffd9b681,581d9350-905f-46da-b45e-c2d8aba4d868,27,"Ra soat 2026-07-11, file nguon: PBA_AWOS900",,,,,2026-07-11 09:50:09.894644+00,2026-08-11 04:37:10.204448+00,0e8dbaf8-aa3e-4d9d-bab2-99b08381f6f9,,e96be350-6615-441a-91f5-53ad976e91b3,"TB_A95R3ET7 AC/DC converter  Nguon AC/DC MeanWell  27 Ra soat 2026-07-11, file nguon: PBA_AWOS900","'-07':12 '-11':13 '2026':11 '27':8 'a95r3et7':2 'ac/dc':3,6 'awos900':17 'converter':4 'file':14 'meanwell':7 'nguon':5,15 'pba':16 'ra':9 'soat':10 'tb':1",AWOS-900,DRC-100A,,,581d9350-905f-46da-b45e-c2d8aba4d868,,Nguồn DC,PBA,,,,,,,,,,,,,,,,,,,,,,,san_sang,,f024c88e-8702-49c8-a302-15b93f6acb3c,,,,f,TB_PBA_062,c939fdc4-38ff-4b16-a7cd-5cf428b638f7,{},KHONG,,83,he_thong
0488f906-d250-44db-b082-b2dfbcc1ce47,TB_XGYFHKTT,SU4200 Main Tx (VHF 118.8 MHz),954b8685-0b5a-45b3-9172-43b93da5faef,105873,SU4200,Rohde & Schwarz,,42c99ea1-6512-4826-878d-beb1868c3108,1ff8845b-1715-492a-8992-ae6b779f1022,,,1ce915ed-07e9-4b65-9209-2652ffd9b681,581d9350-905f-46da-b45e-c2d8aba4d868,Phòng thiết bị,,,,,,2026-07-13 03:49:42.924173+00,2026-08-11 04:37:10.204448+00,28422512-1c6b-4124-af15-ed8d22a22249,,03818fa3-ee05-4dfe-92f0-b6f752b0b97a,TB_XGYFHKTT SU4200 Main Tx (VHF 118.8 MHz) 105873 SU4200 Rohde & Schwarz  Phong thiet bi ,"'105873':9 '118.8':7 'bi':15 'main':4 'mhz':8 'phong':13 'rohde':11 'schwarz':12 'su4200':3,10 'tb':1 'thiet':14 'tx':5 'vhf':6 'xgyfhktt':2",Máy phát,,2016,2017,581d9350-905f-46da-b45e-c2d8aba4d868,,Nhóm 1,Đài KSKL Phú Bài,,,,,,,,,,,,,,,,,,,,,,,san_sang,,f024c88e-8702-49c8-a302-15b93f6acb3c,,,,f,SU4200_MAIN_TX_VHF_118_8_MHZ,43d99ff0-b4cf-47ca-80fd-afda72dff81b,{},KHONG,,100,he_thong
23c6b612-070b-486d-b124-1ef68d86dc05,TB_68BYBK2N,Media Converter,ae03f513-6763-46f8-913d-91a103966947,Chasis,Media Converter,Moxa,,ce27df84-7054-4032-bfe7-efdb0bd119f4,d7faf284-1a3a-4e53-9433-8476900a66e7,,,1ce915ed-07e9-4b65-9209-2652ffd9b681,581d9350-905f-46da-b45e-c2d8aba4d868,Phòng thiết bị,"Ra soat 2026-07-11, file nguon: PBA_AWOS900",,,,,2026-07-11 09:50:09.894644+00,2026-08-11 04:37:10.204448+00,a5454b1e-b677-4fd8-8494-b4c080de867d,,03818fa3-ee05-4dfe-92f0-b6f752b0b97a,"TB_68BYBK2N Media Converter Chasis Media Converter Moxa  Phong thiet bi Ra soat 2026-07-11, file nguon: PBA_AWOS900","'-07':15 '-11':16 '2026':14 '68bybk2n':2 'awos900':20 'bi':11 'chasis':5 'converter':4,7 'file':17 'media':3,6 'moxa':8 'nguon':18 'pba':19 'phong':9 'ra':12 'soat':13 'tb':1 'thiet':10",AWOS-900,TRC-190-A,,,581d9350-905f-46da-b45e-c2d8aba4d868,,Truyền dẫn,PBA,,,,,,,,,,,,,,,,,,,,,,,san_sang,,f024c88e-8702-49c8-a302-15b93f6acb3c,,,,f,TB_PBA_016,d02ba1ad-1711-4341-b885-f056c71da16c,{},KHONG,,100,he_thong
408a914b-fc52-433f-8781-262a69bc5f26,TB_4JGYRGAM,Chống sét nguồn AC,660f73b4-1975-4bde-8c87-810a23ef6e2c,,Cắt sét nguồn 220VAC -  UHF,Schneider,,ebc4a136-c5e7-4f7d-abfc-e3ddea655b8c,d7faf284-1a3a-4e53-9433-8476900a66e7,,,1ce915ed-07e9-4b65-9209-2652ffd9b681,46e84da7-5a8b-4a79-aa46-2fb4bae1ff26,UHF-33,"Ra soat 2026-07-11, file nguon: PCA_IMS",,,,,2026-07-11 09:50:09.894644+00,2026-08-11 04:37:10.204448+00,1dfd07b4-a9da-41a0-aa04-7b64b3f5862e,,e96be350-6615-441a-91f5-53ad976e91b3,"TB_4JGYRGAM Chong set nguon AC  Cat set nguon 220VAC -  UHF Schneider  UHF-33 Ra soat 2026-07-11, file nguon: PCA_IMS","'-07':18 '-11':19 '-33':14 '2026':17 '220vac':10 '4jgyrgam':2 'ac':6 'cat':7 'chong':3 'file':20 'ims':23 'nguon':5,9,21 'pca':22 'ra':15 'schneider':12 'set':4,8 'soat':16 'tb':1 'uhf':11,13",AWOS-IMS,A9L15692,,,46e84da7-5a8b-4a79-aa46-2fb4bae1ff26,,Cắt lọc sét,PCA,,,,,,,,,,,,,,,,,,,,,,,san_sang,,f024c88e-8702-49c8-a302-15b93f6acb3c,,,,f,TB_PCA_088,302ce695-41d5-4dc0-806f-915b1e489689,{},KHONG,,83,he_thong
c471f1b0-c7a2-496f-841a-3c4926dae710,TB_20CJEQ6K,Chống sét nguồn AC,660f73b4-1975-4bde-8c87-810a23ef6e2c,,Cắt sét nguồn 220VAC -  UHF,Schneider,,ebc4a136-c5e7-4f7d-abfc-e3ddea655b8c,d7faf284-1a3a-4e53-9433-8476900a66e7,,,1ce915ed-07e9-4b65-9209-2652ffd9b681,46e84da7-5a8b-4a79-aa46-2fb4bae1ff26,UHF-CEILO-33,"Ra soat 2026-07-11, file nguon: PCA_IMS",,,,,2026-07-11 09:50:09.894644+00,2026-08-11 04:37:10.204448+00,1dfd07b4-a9da-41a0-aa04-7b64b3f5862e,,e96be350-6615-441a-91f5-53ad976e91b3,"TB_20CJEQ6K Chong set nguon AC  Cat set nguon 220VAC -  UHF Schneider  UHF-CEILO-33 Ra soat 2026-07-11, file nguon: PCA_IMS","'-07':20 '-11':21 '2026':19 '20cjeq6k':2 '220vac':10 '33':16 'ac':6 'cat':7 'ceilo':15 'chong':3 'file':22 'ims':25 'nguon':5,9,23 'pca':24 'ra':17 'schneider':12 'set':4,8 'soat':18 'tb':1 'uhf':11,14 'uhf-ceilo':13",AWOS-IMS,A9L15692,,,46e84da7-5a8b-4a79-aa46-2fb4bae1ff26,,Cắt lọc sét,PCA,,,,,,,,,,,,,,,,,,,,,,,san_sang,,f024c88e-8702-49c8-a302-15b93f6acb3c,,,,f,TB_PCA_089,302ce695-41d5-4dc0-806f-915b1e489689,{},KHONG,,83,he_thong
3bcf80b9-8e4f-4a1b-9383-1be19d17207f,TB_QBY1EN04,Chống sét RF,660f73b4-1975-4bde-8c87-810a23ef6e2c,,Chống sét RF,Citel,,ebc4a136-c5e7-4f7d-abfc-e3ddea655b8c,d7faf284-1a3a-4e53-9433-8476900a66e7,,,1ce915ed-07e9-4b65-9209-2652ffd9b681,46e84da7-5a8b-4a79-aa46-2fb4bae1ff26,UHF-33,"Ra soat 2026-07-11, file nguon: PCA_IMS",,,,,2026-07-11 09:50:09.894644+00,2026-08-11 04:37:10.204448+00,80666d25-731c-4de5-8d64-08488037258a,,e96be350-6615-441a-91f5-53ad976e91b3,"TB_QBY1EN04 Chong set RF  Chong set RF Citel  UHF-33 Ra soat 2026-07-11, file nguon: PCA_IMS","'-07':15 '-11':16 '-33':11 '2026':14 'chong':3,6 'citel':9 'file':17 'ims':20 'nguon':18 'pca':19 'qby1en04':2 'ra':12 'rf':5,8 'set':4,7 'soat':13 'tb':1 'uhf':10",AWOS-IMS,P8AX09-N/FF,,,46e84da7-5a8b-4a79-aa46-2fb4bae1ff26,,Truyền dẫn,PCA,,,,,,,,,,,,,,,,,,,,,,,san_sang,,f024c88e-8702-49c8-a302-15b93f6acb3c,,,,f,TB_PCA_097,735e9092-8583-4a95-a954-78469ec81046,{},KHONG,,83,he_thong
762480b6-0b84-47f9-b2a4-9dcbb507997b,TB_36YF4XX6,Chống sét RF,660f73b4-1975-4bde-8c87-810a23ef6e2c,,Chống sét RF,Citel,,ebc4a136-c5e7-4f7d-abfc-e3ddea655b8c,d7faf284-1a3a-4e53-9433-8476900a66e7,,,1ce915ed-07e9-4b65-9209-2652ffd9b681,46e84da7-5a8b-4a79-aa46-2fb4bae1ff26,UHF-CEILO-33,"Ra soat 2026-07-11, file nguon: PCA_IMS",,,,,2026-07-11 09:50:09.894644+00,2026-08-11 04:37:10.204448+00,80666d25-731c-4de5-8d64-08488037258a,,e96be350-6615-441a-91f5-53ad976e91b3,"TB_36YF4XX6 Chong set RF  Chong set RF Citel  UHF-CEILO-33 Ra soat 2026-07-11, file nguon: PCA_IMS","'-07':17 '-11':18 '2026':16 '33':13 '36yf4xx6':2 'ceilo':12 'chong':3,6 'citel':9 'file':19 'ims':22 'nguon':20 'pca':21 'ra':14 'rf':5,8 'set':4,7 'soat':15 'tb':1 'uhf':11 'uhf-ceilo':10",AWOS-IMS,P8AX09-N/FF,,,46e84da7-5a8b-4a79-aa46-2fb4bae1ff26,,Truyền dẫn,PCA,,,,,,,,,,,,,,,,,,,,,,,san_sang,,f024c88e-8702-49c8-a302-15b93f6acb3c,,,,f,TB_PCA_098,735e9092-8583-4a95-a954-78469ec81046,{},KHONG,,83,he_thong
a13ef9fa-75a8-426f-abf0-effb8bf0dcb3,TB_4WJ9SC24,Chống sét RF,660f73b4-1975-4bde-8c87-810a23ef6e2c,,Chống sét RF,Citel,,ce27df84-7054-4032-bfe7-efdb0bd119f4,d7faf284-1a3a-4e53-9433-8476900a66e7,,,1ce915ed-07e9-4b65-9209-2652ffd9b681,581d9350-905f-46da-b45e-c2d8aba4d868,09,"Ra soat 2026-07-11, file nguon: PBA_AWOS900",,,,,2026-07-11 09:50:09.894644+00,2026-08-11 04:37:10.204448+00,80666d25-731c-4de5-8d64-08488037258a,,e96be350-6615-441a-91f5-53ad976e91b3,"TB_4WJ9SC24 Chong set RF  Chong set RF Citel  09 Ra soat 2026-07-11, file nguon: PBA_AWOS900","'-07':14 '-11':15 '09':10 '2026':13 '4wj9sc24':2 'awos900':19 'chong':3,6 'citel':9 'file':16 'nguon':17 'pba':18 'ra':11 'rf':5,8 'set':4,7 'soat':12 'tb':1",AWOS-900,P8AX09-N/MF,,,581d9350-905f-46da-b45e-c2d8aba4d868,,Chống sét,PBA,,,,,,,,,,,,,,,,,,,,,,,san_sang,,f024c88e-8702-49c8-a302-15b93f6acb3c,,,,f,TB_PBA_054,6e945e40-d2ca-43af-9048-72ff995a4c14,{},KHONG,,83,he_thong
eca527ef-5a0c-4966-b2eb-14e8a5ca83a6,TB_2DCHCRWS,Cắt sét nguồn AC,660f73b4-1975-4bde-8c87-810a23ef6e2c,,Cắt sét nguồn 220VAC -  UHF,Schneider,,ce27df84-7054-4032-bfe7-efdb0bd119f4,d7faf284-1a3a-4e53-9433-8476900a66e7,,,1ce915ed-07e9-4b65-9209-2652ffd9b681,581d9350-905f-46da-b45e-c2d8aba4d868,09,"Ra soat 2026-07-11, file nguon: PBA_AWOS900",,,,,2026-07-11 09:50:09.894644+00,2026-08-11 04:37:10.204448+00,1dfd07b4-a9da-41a0-aa04-7b64b3f5862e,,e96be350-6615-441a-91f5-53ad976e91b3,"TB_2DCHCRWS Cat set nguon AC  Cat set nguon 220VAC -  UHF Schneider  09 Ra soat 2026-07-11, file nguon: PBA_AWOS900","'-07':17 '-11':18 '09':13 '2026':16 '220vac':10 '2dchcrws':2 'ac':6 'awos900':22 'cat':3,7 'file':19 'nguon':5,9,20 'pba':21 'ra':14 'schneider':12 'set':4,8 'soat':15 'tb':1 'uhf':11",AWOS-900,A9L15692,,,581d9350-905f-46da-b45e-c2d8aba4d868,,Chống sét,PBA,,,,,,,,,,,,,,,,,,,,,,,san_sang,,f024c88e-8702-49c8-a302-15b93f6acb3c,,,,f,TB_PBA_058,302ce695-41d5-4dc0-806f-915b1e489689,{},KHONG,,83,he_thong
9344dd57-808a-45b1-afcf-3b8fe9d457c4,TB_SAEWK07X,Cắt sét nguồn AC,660f73b4-1975-4bde-8c87-810a23ef6e2c,,Cắt sét nguồn 220VAC -  UHF,Schneider,,ce27df84-7054-4032-bfe7-efdb0bd119f4,d7faf284-1a3a-4e53-9433-8476900a66e7,,,1ce915ed-07e9-4b65-9209-2652ffd9b681,581d9350-905f-46da-b45e-c2d8aba4d868,27,"Ra soat 2026-07-11, file nguon: PBA_AWOS900",,,,,2026-07-11 09:50:09.894644+00,2026-08-11 04:37:10.204448+00,1dfd07b4-a9da-41a0-aa04-7b64b3f5862e,,e96be350-6615-441a-91f5-53ad976e91b3,"TB_SAEWK07X Cat set nguon AC  Cat set nguon 220VAC -  UHF Schneider  27 Ra soat 2026-07-11, file nguon: PBA_AWOS900","'-07':17 '-11':18 '2026':16 '220vac':10 '27':13 'ac':6 'awos900':22 'cat':3,7 'file':19 'nguon':5,9,20 'pba':21 'ra':14 'saewk07x':2 'schneider':12 'set':4,8 'soat':15 'tb':1 'uhf':11",AWOS-900,A9L15692,,,581d9350-905f-46da-b45e-c2d8aba4d868,,Chống sét,PBA,,,,,,,,,,,,,,,,,,,,,,,san_sang,,f024c88e-8702-49c8-a302-15b93f6acb3c,,,,f,TB_PBA_059,302ce695-41d5-4dc0-806f-915b1e489689,{},KHONG,,83,he_thong
5839506f-02a6-4857-8623-9a2cbd5f2825,TB_CC8WTKE9,Cắt sét nguồn AC,660f73b4-1975-4bde-8c87-810a23ef6e2c,,Cắt sét nguồn 220VAC -  UHF,Schneider,,ce27df84-7054-4032-bfe7-efdb0bd119f4,d7faf284-1a3a-4e53-9433-8476900a66e7,,,1ce915ed-07e9-4b65-9209-2652ffd9b681,581d9350-905f-46da-b45e-c2d8aba4d868,Mid,"Ra soat 2026-07-11, file nguon: PBA_AWOS900",,,,,2026-07-11 09:50:09.894644+00,2026-08-11 04:37:10.204448+00,1dfd07b4-a9da-41a0-aa04-7b64b3f5862e,,e96be350-6615-441a-91f5-53ad976e91b3,"TB_CC8WTKE9 Cat set nguon AC  Cat set nguon 220VAC -  UHF Schneider  Mid Ra soat 2026-07-11, file nguon: PBA_AWOS900","'-07':17 '-11':18 '2026':16 '220vac':10 'ac':6 'awos900':22 'cat':3,7 'cc8wtke9':2 'file':19 'mid':13 'nguon':5,9,20 'pba':21 'ra':14 'schneider':12 'set':4,8 'soat':15 'tb':1 'uhf':11",AWOS-900,A9L15692,,,581d9350-905f-46da-b45e-c2d8aba4d868,,Chống sét,PBA,,,,,,,,,,,,,,,,,,,,,,,san_sang,,f024c88e-8702-49c8-a302-15b93f6acb3c,,,,f,TB_PBA_060,302ce695-41d5-4dc0-806f-915b1e489689,{},KHONG,,83,he_thong
db998986-a38d-4442-99f5-4a8716a54974,TB_81TC9C7Z,AC/DC converter,accf1740-4c18-4b9a-895f-59d85ba593b5,,Nguồn AC/DC,MeanWell,,ce27df84-7054-4032-bfe7-efdb0bd119f4,d7faf284-1a3a-4e53-9433-8476900a66e7,,,1ce915ed-07e9-4b65-9209-2652ffd9b681,581d9350-905f-46da-b45e-c2d8aba4d868,Mid,"Ra soat 2026-07-11, file nguon: PBA_AWOS900",,,,,2026-07-11 09:50:09.894644+00,2026-08-11 04:37:10.204448+00,0e8dbaf8-aa3e-4d9d-bab2-99b08381f6f9,,e96be350-6615-441a-91f5-53ad976e91b3,"TB_81TC9C7Z AC/DC converter  Nguon AC/DC MeanWell  Mid Ra soat 2026-07-11, file nguon: PBA_AWOS900","'-07':12 '-11':13 '2026':11 '81tc9c7z':2 'ac/dc':3,6 'awos900':17 'converter':4 'file':14 'meanwell':7 'mid':8 'nguon':5,15 'pba':16 'ra':9 'soat':10 'tb':1",AWOS-900,DRC-100A,,,581d9350-905f-46da-b45e-c2d8aba4d868,,Nguồn DC,PBA,,,,,,,,,,,,,,,,,,,,,,,san_sang,,f024c88e-8702-49c8-a302-15b93f6acb3c,,,,f,TB_PBA_063,c939fdc4-38ff-4b16-a7cd-5cf428b638f7,{},KHONG,,83,he_thong
2210731d-5ab0-40c1-8c91-61f9d2d0be2c,TB_0NM946TA,Cắt lọc sét nguồn AC - Tủ thiết bị,660f73b4-1975-4bde-8c87-810a23ef6e2c,,Cắt lọc sét nguồn AC - Tủ thiết bị,Schneider,,7f40beb2-5d47-4f4a-b7df-35cd1cca56ae,d7faf284-1a3a-4e53-9433-8476900a66e7,,,1ce915ed-07e9-4b65-9209-2652ffd9b681,e43c5d4b-3c3c-4486-89da-73e9ac747ab4,Trạm 03,"Ra soat 2026-07-11, file nguon: THA_DAW21",,,,,2026-07-11 09:50:09.894644+00,2026-08-11 04:37:10.204448+00,1dfd07b4-a9da-41a0-aa04-7b64b3f5862e,,e96be350-6615-441a-91f5-53ad976e91b3,"TB_0NM946TA Cat loc set nguon AC - Tu thiet bi  Cat loc set nguon AC - Tu thiet bi Schneider  Tram 03 Ra soat 2026-07-11, file nguon: THA_DAW21","'-07':25 '-11':26 '03':21 '0nm946ta':2 '2026':24 'ac':7,15 'bi':10,18 'cat':3,11 'daw21':30 'file':27 'loc':4,12 'nguon':6,14,28 'ra':22 'schneider':19 'set':5,13 'soat':23 'tb':1 'tha':29 'thiet':9,17 'tram':20 'tu':8,16",AWOS D-AW21,EZ9L33620,,,e43c5d4b-3c3c-4486-89da-73e9ac747ab4,,Cắt lọc sét,THA,,,,,,,,,,,,,,,,,,,,,,,san_sang,,f024c88e-8702-49c8-a302-15b93f6acb3c,,,,f,TB_THA_012,459c5424-4a64-4375-88c7-70d7c822477a,{},KHONG,,83,he_thong
92e7432a-2d9f-4440-838a-160e2a7c1d8b,TB_2TX7QK7F,Cắt lọc sét nguồn AC - Tủ thiết bị,660f73b4-1975-4bde-8c87-810a23ef6e2c,,Cắt lọc sét nguồn AC - Tủ thiết bị,Schneider,,7f40beb2-5d47-4f4a-b7df-35cd1cca56ae,d7faf284-1a3a-4e53-9433-8476900a66e7,,,1ce915ed-07e9-4b65-9209-2652ffd9b681,e43c5d4b-3c3c-4486-89da-73e9ac747ab4,Trạm trần mây 03,"Ra soat 2026-07-11, file nguon: THA_DAW21",,,,,2026-07-11 09:50:09.894644+00,2026-08-11 04:37:10.204448+00,1dfd07b4-a9da-41a0-aa04-7b64b3f5862e,,e96be350-6615-441a-91f5-53ad976e91b3,"TB_2TX7QK7F Cat loc set nguon AC - Tu thiet bi  Cat loc set nguon AC - Tu thiet bi Schneider  Tram tran may 03 Ra soat 2026-07-11, file nguon: THA_DAW21","'-07':27 '-11':28 '03':23 '2026':26 '2tx7qk7f':2 'ac':7,15 'bi':10,18 'cat':3,11 'daw21':32 'file':29 'loc':4,12 'may':22 'nguon':6,14,30 'ra':24 'schneider':19 'set':5,13 'soat':25 'tb':1 'tha':31 'thiet':9,17 'tram':20 'tran':21 'tu':8,16",AWOS D-AW21,EZ9L33620,,,e43c5d4b-3c3c-4486-89da-73e9ac747ab4,,Cắt lọc sét,THA,,,,,,,,,,,,,,,,,,,,,,,san_sang,,f024c88e-8702-49c8-a302-15b93f6acb3c,,,,f,TB_THA_021,459c5424-4a64-4375-88c7-70d7c822477a,{},KHONG,,83,he_thong
487d8f3f-c81c-4654-b8d4-7b8a54e6c23d,TB_W6HNKEFP,Cắt lọc sét nguồn AC - Tủ thiết bị,660f73b4-1975-4bde-8c87-810a23ef6e2c,,Cắt lọc sét nguồn AC - Tủ thiết bị,Schneider,,7f40beb2-5d47-4f4a-b7df-35cd1cca56ae,d7faf284-1a3a-4e53-9433-8476900a66e7,,,1ce915ed-07e9-4b65-9209-2652ffd9b681,e43c5d4b-3c3c-4486-89da-73e9ac747ab4,Trạm 21,"Ra soat 2026-07-11, file nguon: THA_DAW21",,,,,2026-07-11 09:50:09.894644+00,2026-08-11 04:37:10.204448+00,1dfd07b4-a9da-41a0-aa04-7b64b3f5862e,,e96be350-6615-441a-91f5-53ad976e91b3,"TB_W6HNKEFP Cat loc set nguon AC - Tu thiet bi  Cat loc set nguon AC - Tu thiet bi Schneider  Tram 21 Ra soat 2026-07-11, file nguon: THA_DAW21","'-07':25 '-11':26 '2026':24 '21':21 'ac':7,15 'bi':10,18 'cat':3,11 'daw21':30 'file':27 'loc':4,12 'nguon':6,14,28 'ra':22 'schneider':19 'set':5,13 'soat':23 'tb':1 'tha':29 'thiet':9,17 'tram':20 'tu':8,16 'w6hnkefp':2",AWOS D-AW21,EZ9L33620,,,e43c5d4b-3c3c-4486-89da-73e9ac747ab4,,Cắt lọc sét,THA,,,,,,,,,,,,,,,,,,,,,,,san_sang,,f024c88e-8702-49c8-a302-15b93f6acb3c,,,,f,TB_THA_050,459c5424-4a64-4375-88c7-70d7c822477a,{},KHONG,,83,he_thong
0642f81d-df4b-4408-9f5c-5952a7d4cbcd,TB_TQ1SF4MQ,Cắt lọc sét nguồn AC - Tủ thiết bị,660f73b4-1975-4bde-8c87-810a23ef6e2c,,Cắt lọc sét nguồn AC - Tủ thiết bị,Schneider,,7f40beb2-5d47-4f4a-b7df-35cd1cca56ae,d7faf284-1a3a-4e53-9433-8476900a66e7,,,1ce915ed-07e9-4b65-9209-2652ffd9b681,e43c5d4b-3c3c-4486-89da-73e9ac747ab4,Trạm trần mây 21,"Ra soat 2026-07-11, file nguon: THA_DAW21",,,,,2026-07-11 09:50:09.894644+00,2026-08-11 04:37:10.204448+00,1dfd07b4-a9da-41a0-aa04-7b64b3f5862e,,e96be350-6615-441a-91f5-53ad976e91b3,"TB_TQ1SF4MQ Cat loc set nguon AC - Tu thiet bi  Cat loc set nguon AC - Tu thiet bi Schneider  Tram tran may 21 Ra soat 2026-07-11, file nguon: THA_DAW21","'-07':27 '-11':28 '2026':26 '21':23 'ac':7,15 'bi':10,18 'cat':3,11 'daw21':32 'file':29 'loc':4,12 'may':22 'nguon':6,14,30 'ra':24 'schneider':19 'set':5,13 'soat':25 'tb':1 'tha':31 'thiet':9,17 'tq1sf4mq':2 'tram':20 'tran':21 'tu':8,16",AWOS D-AW21,EZ9L33620,,,e43c5d4b-3c3c-4486-89da-73e9ac747ab4,,Cắt lọc sét,THA,,,,,,,,,,,,,,,,,,,,,,,san_sang,,f024c88e-8702-49c8-a302-15b93f6acb3c,,,,f,TB_THA_059,459c5424-4a64-4375-88c7-70d7c822477a,{},KHONG,,83,he_thong
50ee8c27-07ea-499e-853c-e9af334cfdfa,TB_9424JCND,"Window bản quyền, chuột, bàn phím",,,"Window bản quyền, chuột, bàn phím",,,7f40beb2-5d47-4f4a-b7df-35cd1cca56ae,d7faf284-1a3a-4e53-9433-8476900a66e7,,,1ce915ed-07e9-4b65-9209-2652ffd9b681,e43c5d4b-3c3c-4486-89da-73e9ac747ab4,,"Ra soat 2026-07-11, file nguon: THA_DAW21",,,,,2026-07-11 09:50:09.894644+00,2026-08-11 04:37:10.204448+00,,,e96be350-6615-441a-91f5-53ad976e91b3,"TB_9424JCND Window ban quyen, chuot, ban phim  Window ban quyen, chuot, ban phim    Ra soat 2026-07-11, file nguon: THA_DAW21","'-07':18 '-11':19 '2026':17 '9424jcnd':2 'ban':4,7,10,13 'chuot':6,12 'daw21':23 'file':20 'nguon':21 'phim':8,14 'quyen':5,11 'ra':15 'soat':16 'tb':1 'tha':22 'window':3,9",AWOS D-AW21,,,,e43c5d4b-3c3c-4486-89da-73e9ac747ab4,,,THA,,,,,,,,,,,,,,,,,,,,,,,san_sang,,f024c88e-8702-49c8-a302-15b93f6acb3c,,,,f,TB_THA_075,e975a37f-3060-4028-9e50-8d8e34f48418,{},KHONG,,83,he_thong
dc3cdce6-235f-40db-88ca-5b811575ec2c,TB_HNRH1NMQ,Nguồn AC/DC,accf1740-4c18-4b9a-895f-59d85ba593b5,,Nguồn AC/DC,MeanWell,,7f40beb2-5d47-4f4a-b7df-35cd1cca56ae,d7faf284-1a3a-4e53-9433-8476900a66e7,,,1ce915ed-07e9-4b65-9209-2652ffd9b681,e43c5d4b-3c3c-4486-89da-73e9ac747ab4,Cabin - Đài KSKL TUY HÒA,"Ra soat 2026-07-11, file nguon: THA_DAW21",,,,,2026-07-11 09:50:09.894644+00,2026-08-11 04:37:10.204448+00,0e8dbaf8-aa3e-4d9d-bab2-99b08381f6f9,,e96be350-6615-441a-91f5-53ad976e91b3,"TB_HNRH1NMQ Nguon AC/DC  Nguon AC/DC MeanWell  Cabin - Dai KSKL TUY HOA Ra soat 2026-07-11, file nguon: THA_DAW21","'-07':16 '-11':17 '2026':15 'ac/dc':4,6 'cabin':8 'dai':9 'daw21':21 'file':18 'hnrh1nmq':2 'hoa':12 'kskl':10 'meanwell':7 'nguon':3,5,19 'ra':13 'soat':14 'tb':1 'tha':20 'tuy':11",THIẾT BỊ QUAN TRẮC THÔNG DỤNG,MDR-60-12,,,e43c5d4b-3c3c-4486-89da-73e9ac747ab4,,Thiết bị nguồn,THA,,,,,,,,,,,,,,,,,,,,,,,san_sang,,f024c88e-8702-49c8-a302-15b93f6acb3c,,,,f,TB_THA_100,dd7d4f7a-f771-4b27-b4f0-338067668a88,{},KHONG,,83,he_thong
c9a91403-4b96-48d1-9e84-aa6a9844f038,TB_QTVD9P0T,Chống sét - UHF,660f73b4-1975-4bde-8c87-810a23ef6e2c,,Chống sét - UHF,Citel,,7f40beb2-5d47-4f4a-b7df-35cd1cca56ae,d7faf284-1a3a-4e53-9433-8476900a66e7,,,1ce915ed-07e9-4b65-9209-2652ffd9b681,e43c5d4b-3c3c-4486-89da-73e9ac747ab4,"Trạm xử lý trung tâm Đài KSKL TUY HÒA, PTB Đài KSKL TUY HÒA","Ra soat 2026-07-11, file nguon: THA_DAW21",,,,,2026-07-11 09:50:09.894644+00,2026-08-11 04:37:10.204448+00,80666d25-731c-4de5-8d64-08488037258a,,e96be350-6615-441a-91f5-53ad976e91b3,"TB_QTVD9P0T Chong set - UHF  Chong set - UHF Citel  Tram xu ly trung tam Dai KSKL TUY HOA, PTB Dai KSKL TUY HOA Ra soat 2026-07-11, file nguon: THA_DAW21","'-07':27 '-11':28 '2026':26 'chong':3,6 'citel':9 'dai':15,20 'daw21':32 'file':29 'hoa':18,23 'kskl':16,21 'ly':12 'nguon':30 'ptb':19 'qtvd9p0t':2 'ra':24 'set':4,7 'soat':25 'tam':14 'tb':1 'tha':31 'tram':10 'trung':13 'tuy':17,22 'uhf':5,8 'xu':11",AWOS D-AW21,P8AX15,,,e43c5d4b-3c3c-4486-89da-73e9ac747ab4,,Cắt lọc sét,THA,,,,,,,,,,,,,,,,,,,,,,,san_sang,,f024c88e-8702-49c8-a302-15b93f6acb3c,,,,f,TB_THA_072,31cae5c6-e3ee-4ad9-ab56-bef881a81aae,{},KHONG,,83,he_thong
b713a65b-6460-4744-bf97-750c3cbb9f0b,TB_QGHJAQ14,Chống sét lan truyền 950-CLA-10,660f73b4-1975-4bde-8c87-810a23ef6e2c,,Chống  sét 1 pha 10kA,Augier,,7f40beb2-5d47-4f4a-b7df-35cd1cca56ae,d7faf284-1a3a-4e53-9433-8476900a66e7,,,1ce915ed-07e9-4b65-9209-2652ffd9b681,e43c5d4b-3c3c-4486-89da-73e9ac747ab4,Phòng MP Đài KSKL TUY HÒA,"Ra soat 2026-07-11, file nguon: THA_DAW21",,,,,2026-07-11 09:50:09.894644+00,2026-08-11 04:37:10.204448+00,494923ea-f1cf-410b-9804-3d21208ced5e,,e96be350-6615-441a-91f5-53ad976e91b3,"TB_QGHJAQ14 Chong set lan truyen 950-CLA-10  Chong  set 1 pha 10kA Augier  Phong MP Dai KSKL TUY HOA Ra soat 2026-07-11, file nguon: THA_DAW21","'-07':25 '-10':9 '-11':26 '1':12 '10ka':14 '2026':24 '950':7 'augier':15 'chong':3,10 'cla':8 'dai':18 'daw21':30 'file':27 'hoa':21 'kskl':19 'lan':5 'mp':17 'nguon':28 'pha':13 'phong':16 'qghjaq14':2 'ra':22 'set':4,11 'soat':23 'tb':1 'tha':29 'truyen':6 'tuy':20",AWOS D-AW21,ARRESTOR - CLA,,,e43c5d4b-3c3c-4486-89da-73e9ac747ab4,,Cắt lọc sét,THA,,,,,,,,,,,,,,,,,,,,,,,san_sang,,f024c88e-8702-49c8-a302-15b93f6acb3c,,,,f,TB_THA_085,e60eafa2-7c80-44e9-b107-a4b946ce3962,{},KHONG,,83,he_thong
8a86b8b1-82eb-4354-8b02-4b030c6878d6,TB_KMQP4G79,Chống  sét 1 pha 10kA,660f73b4-1975-4bde-8c87-810a23ef6e2c,,Chống  sét 1 pha 10kA,Augier,,7f40beb2-5d47-4f4a-b7df-35cd1cca56ae,d7faf284-1a3a-4e53-9433-8476900a66e7,,,1ce915ed-07e9-4b65-9209-2652ffd9b681,e43c5d4b-3c3c-4486-89da-73e9ac747ab4,"Trạm khí tượng giữa, trạm khí tượng 03, trạm khí tượng 21","Ra soat 2026-07-11, file nguon: THA_DAW21",,,,,2026-07-11 09:50:09.894644+00,2026-08-11 04:37:10.204448+00,494923ea-f1cf-410b-9804-3d21208ced5e,,e96be350-6615-441a-91f5-53ad976e91b3,"TB_KMQP4G79 Chong  set 1 pha 10kA  Chong  set 1 pha 10kA Augier  Tram khi tuong giua, tram khi tuong 03, tram khi tuong 21 Ra soat 2026-07-11, file nguon: THA_DAW21","'-07':29 '-11':30 '03':21 '1':5,10 '10ka':7,12 '2026':28 '21':25 'augier':13 'chong':3,8 'daw21':34 'file':31 'giua':17 'khi':15,19,23 'kmqp4g79':2 'nguon':32 'pha':6,11 'ra':26 'set':4,9 'soat':27 'tb':1 'tha':33 'tram':14,18,22 'tuong':16,20,24",AWOS D-AW21,ARRESTOR - CLA,,,e43c5d4b-3c3c-4486-89da-73e9ac747ab4,,Cắt lọc sét,THA,,,,,,,,,,,,,,,,,,,,,,,san_sang,,f024c88e-8702-49c8-a302-15b93f6acb3c,,,,f,TB_THA_088,e60eafa2-7c80-44e9-b107-a4b946ce3962,{},KHONG,,83,he_thong
eebafab3-fae6-464e-81c7-09529aa2ff9f,TB_CSGJ64QE,Cắt lọc sét nguồn AC,660f73b4-1975-4bde-8c87-810a23ef6e2c,,Cắt lọc sét nguồn AC,Phoenix Contact,,a0625061-0c6d-4e0b-b438-d696787ad746,d7faf284-1a3a-4e53-9433-8476900a66e7,,,1ce915ed-07e9-4b65-9209-2652ffd9b681,65ac5e26-b0a7-487e-a72d-3f0dfc3facc2,CEILO 35,"Ra soat 2026-07-11, file nguon: BDKT_OPTIMET",,,,,2026-07-11 09:50:09.894644+00,2026-08-11 04:37:10.204448+00,86f5add6-5fcf-4fca-b430-79f8306fb1f5,,e96be350-6615-441a-91f5-53ad976e91b3,"TB_CSGJ64QE Cat loc set nguon AC  Cat loc set nguon AC Phoenix Contact  CEILO 35 Ra soat 2026-07-11, file nguon: BDKT_OPTIMET","'-07':20 '-11':21 '2026':19 '35':16 'ac':7,12 'bdkt':24 'cat':3,8 'ceilo':15 'contact':14 'csgj64qe':2 'file':22 'loc':4,9 'nguon':6,11,23 'optimet':25 'phoenix':13 'ra':17 'set':5,10 'soat':18 'tb':1",Optimet,VAL-SEC-T2-1S-350-FM,,,65ac5e26-b0a7-487e-a72d-3f0dfc3facc2,,Cắt lọc sét,BDKT-KTKT,,,,,,,,,,,,,,,,,,,,,,,san_sang,,f024c88e-8702-49c8-a302-15b93f6acb3c,,,,f,TB_BDKT_KTKT_055,500f56a6-5c9d-4482-bfa1-6fede7ded405,{},KHONG,,83,he_thong
8b470b81-9595-4d70-9016-a8f931b44e19,TB_1RWHNFDH,"Desktop touch screen 30.5cm (12"")",563ce846-dd5d-4eee-b62d-b99f441852c9,E16C003384,,,,de1459f1-dcb1-4665-9ba9-5540417f6d01,12b54ce6-495f-45af-9441-91e71bc26e21,,,,,,,,,,,2026-07-28 03:05:52.097889+00,2026-08-11 04:37:10.204448+00,28422512-1c6b-4124-af15-ed8d22a22249,,,"TB_1RWHNFDH Desktop touch screen 30.5cm (12"") E16C003384     ",'12':8 '1rwhnfdh':2 '30.5':6 'cm':7 'desktop':3 'e16c003384':9 'screen':5 'tb':1 'touch':4,,6167.7129.52,2022,,581d9350-905f-46da-b45e-c2d8aba4d868,,,,,,,,,,,,,,,,,,,,,,,,,,san_sang,,f024c88e-8702-49c8-a302-15b93f6acb3c,,,,f,,151f85d5-8e5c-4663-9f4b-8a0bdfb3f5bd,{},KHONG,,83,he_thong
2d2b7b48-1c3b-40f4-8ee2-563a5a02e452,TB_JEV09Y1Q,Chống sét tín hiệu PT,660f73b4-1975-4bde-8c87-810a23ef6e2c,,Chống sét tín hiệu PT,Phoenix Contact,,a0625061-0c6d-4e0b-b438-d696787ad746,d7faf284-1a3a-4e53-9433-8476900a66e7,,,1ce915ed-07e9-4b65-9209-2652ffd9b681,65ac5e26-b0a7-487e-a72d-3f0dfc3facc2,CEILO 35,"Ra soat 2026-07-11, file nguon: BDKT_OPTIMET",,,,,2026-07-11 09:50:09.894644+00,2026-08-11 04:37:10.204448+00,86f5add6-5fcf-4fca-b430-79f8306fb1f5,,e96be350-6615-441a-91f5-53ad976e91b3,"TB_JEV09Y1Q Chong set tin hieu PT  Chong set tin hieu PT Phoenix Contact  CEILO 35 Ra soat 2026-07-11, file nguon: BDKT_OPTIMET","'-07':20 '-11':21 '2026':19 '35':16 'bdkt':24 'ceilo':15 'chong':3,8 'contact':14 'file':22 'hieu':6,11 'jev09y1q':2 'nguon':23 'optimet':25 'phoenix':13 'pt':7,12 'ra':17 'set':4,9 'soat':18 'tb':1 'tin':5,10",Optimet,3-HF-12DC-ST,,,65ac5e26-b0a7-487e-a72d-3f0dfc3facc2,,Cắt lọc sét,BDKT-KTKT,,,,,,,,,,,,,,,,,,,,,,,san_sang,,f024c88e-8702-49c8-a302-15b93f6acb3c,,,,f,TB_BDKT_KTKT_056,440bdfa5-3a02-4eff-bded-b94023edccfb,{},KHONG,,83,he_thong
3387501d-c57f-4901-9b85-5ff0515b138f,TB_Q31BPY3A,Chống sét RF,660f73b4-1975-4bde-8c87-810a23ef6e2c,,Chống sét RF,Citel,,a0625061-0c6d-4e0b-b438-d696787ad746,d7faf284-1a3a-4e53-9433-8476900a66e7,,,1ce915ed-07e9-4b65-9209-2652ffd9b681,65ac5e26-b0a7-487e-a72d-3f0dfc3facc2,CEILO 35,"Ra soat 2026-07-11, file nguon: BDKT_OPTIMET",,,,,2026-07-11 09:50:09.894644+00,2026-08-11 04:37:10.204448+00,80666d25-731c-4de5-8d64-08488037258a,,e96be350-6615-441a-91f5-53ad976e91b3,"TB_Q31BPY3A Chong set RF  Chong set RF Citel  CEILO 35 Ra soat 2026-07-11, file nguon: BDKT_OPTIMET","'-07':15 '-11':16 '2026':14 '35':11 'bdkt':19 'ceilo':10 'chong':3,6 'citel':9 'file':17 'nguon':18 'optimet':20 'q31bpy3a':2 'ra':12 'rf':5,8 'set':4,7 'soat':13 'tb':1",Optimet,P8AX09-N/FF,,,65ac5e26-b0a7-487e-a72d-3f0dfc3facc2,,Cắt lọc sét,BDKT-KTKT,,,,,,,,,,,,,,,,,,,,,,,san_sang,,f024c88e-8702-49c8-a302-15b93f6acb3c,,,,f,TB_BDKT_KTKT_057,735e9092-8583-4a95-a954-78469ec81046,{},KHONG,,83,he_thong
913afaa8-0342-4359-938e-4b6e87b401f0,TB_301HRZDH,Chống sét LAN,660f73b4-1975-4bde-8c87-810a23ef6e2c,,Chống sét LAN,APC,,a0625061-0c6d-4e0b-b438-d696787ad746,d7faf284-1a3a-4e53-9433-8476900a66e7,,,1ce915ed-07e9-4b65-9209-2652ffd9b681,65ac5e26-b0a7-487e-a72d-3f0dfc3facc2,CEILO 35,"Ra soat 2026-07-11, file nguon: BDKT_OPTIMET",,,,,2026-07-11 09:50:09.894644+00,2026-08-11 04:37:10.204448+00,85b16a8e-84ee-4408-ac50-81b3e2aa7ca6,,e96be350-6615-441a-91f5-53ad976e91b3,"TB_301HRZDH Chong set LAN  Chong set LAN APC  CEILO 35 Ra soat 2026-07-11, file nguon: BDKT_OPTIMET","'-07':15 '-11':16 '2026':14 '301hrzdh':2 '35':11 'apc':9 'bdkt':19 'ceilo':10 'chong':3,6 'file':17 'lan':5,8 'nguon':18 'optimet':20 'ra':12 'set':4,7 'soat':13 'tb':1",Optimet,PNET1G,,,65ac5e26-b0a7-487e-a72d-3f0dfc3facc2,,Cắt lọc sét,BDKT-KTKT,,,,,,,,,,,,,,,,,,,,,,,san_sang,,f024c88e-8702-49c8-a302-15b93f6acb3c,,,,f,TB_BDKT_KTKT_058,329793f9-7a1e-4010-b17a-974df9ad37ad,{},KHONG,,83,he_thong
bc770441-c06a-4e52-bf5a-41d0e2a21629,TB_46M14TWP,Cảm biến áp suất,98c88d39-bf0f-43c7-83a2-ca5d266ba54f,1020134,Cảm biến áp suất,NESA,,7f40beb2-5d47-4f4a-b7df-35cd1cca56ae,d7faf284-1a3a-4e53-9433-8476900a66e7,,,1ce915ed-07e9-4b65-9209-2652ffd9b681,e43c5d4b-3c3c-4486-89da-73e9ac747ab4,Trạm giữa,"Ra soat 2026-07-11, file nguon: THA_DAW21",,,,,2026-07-11 09:50:09.894644+00,2026-08-11 04:37:10.204448+00,54f5eb32-6a74-4b21-aae3-46cc63e2271b,,5f93c2d7-9b77-4f40-bc2f-17b835588de6,"TB_46M14TWP Cam bien ap suat 1020134 Cam bien ap suat NESA  Tram giua Ra soat 2026-07-11, file nguon: THA_DAW21","'-07':18 '-11':19 '1020134':7 '2026':17 '46m14twp':2 'ap':5,10 'bien':4,9 'cam':3,8 'daw21':23 'file':20 'giua':14 'nesa':12 'nguon':21 'ra':15 'soat':16 'suat':6,11 'tb':1 'tha':22 'tram':13",AWOS D-AW21,BAR-AV-S,,,e43c5d4b-3c3c-4486-89da-73e9ac747ab4,,Cảm biến,THA,,,,,,,,,,,,,,,,,,,,,,,san_sang,,f024c88e-8702-49c8-a302-15b93f6acb3c,,,,f,TB_THA_024,202b1373-9caf-486b-af3b-5c609c444866,{},KHONG,,100,he_thong
df1530f1-2cd6-49ae-a470-6716c6cbf87f,TB_AVFGP5R9,Cắt lọc sét nguồn AC,660f73b4-1975-4bde-8c87-810a23ef6e2c,,Cắt lọc sét nguồn AC,Phoenix Contact,,a0625061-0c6d-4e0b-b438-d696787ad746,d7faf284-1a3a-4e53-9433-8476900a66e7,,,1ce915ed-07e9-4b65-9209-2652ffd9b681,65ac5e26-b0a7-487e-a72d-3f0dfc3facc2,Trạm MID,"Ra soat 2026-07-11, file nguon: BDKT_OPTIMET",,,,,2026-07-11 09:50:09.894644+00,2026-08-11 04:37:10.204448+00,86f5add6-5fcf-4fca-b430-79f8306fb1f5,,e96be350-6615-441a-91f5-53ad976e91b3,"TB_AVFGP5R9 Cat loc set nguon AC  Cat loc set nguon AC Phoenix Contact  Tram MID Ra soat 2026-07-11, file nguon: BDKT_OPTIMET","'-07':20 '-11':21 '2026':19 'ac':7,12 'avfgp5r9':2 'bdkt':24 'cat':3,8 'contact':14 'file':22 'loc':4,9 'mid':16 'nguon':6,11,23 'optimet':25 'phoenix':13 'ra':17 'set':5,10 'soat':18 'tb':1 'tram':15",Optimet,VAL-MS 230/1+1-FM,,,65ac5e26-b0a7-487e-a72d-3f0dfc3facc2,,Cắt lọc sét,BDKT-KTKT,,,,,,,,,,,,,,,,,,,,,,,san_sang,,f024c88e-8702-49c8-a302-15b93f6acb3c,,,,f,TB_BDKT_KTKT_062,864681dd-abdd-4870-915a-654b4e7fff90,{},KHONG,,83,he_thong
fd83b57e-a550-4c69-a95e-bc157d38ebbc,TB_3ASP9F85,Cảm biến nhiệt độ,98c88d39-bf0f-43c7-83a2-ca5d266ba54f,1020454,Cảm biến nhiệt độ,NESA,,7f40beb2-5d47-4f4a-b7df-35cd1cca56ae,d7faf284-1a3a-4e53-9433-8476900a66e7,,,1ce915ed-07e9-4b65-9209-2652ffd9b681,e43c5d4b-3c3c-4486-89da-73e9ac747ab4,Trạm giữa,"Ra soat 2026-07-11, file nguon: THA_DAW21",,,,,2026-07-11 09:50:09.894644+00,2026-08-11 04:37:10.204448+00,54f5eb32-6a74-4b21-aae3-46cc63e2271b,,5f93c2d7-9b77-4f40-bc2f-17b835588de6,"TB_3ASP9F85 Cam bien nhiet do 1020454 Cam bien nhiet do NESA  Tram giua Ra soat 2026-07-11, file nguon: THA_DAW21","'-07':18 '-11':19 '1020454':7 '2026':17 '3asp9f85':2 'bien':4,9 'cam':3,8 'daw21':23 'do':6,11 'file':20 'giua':14 'nesa':12 'nguon':21 'nhiet':5,10 'ra':15 'soat':16 'tb':1 'tha':22 'tram':13",AWOS D-AW21,TA-C,,,e43c5d4b-3c3c-4486-89da-73e9ac747ab4,,Cảm biến,THA,,,,,,,,,,,,,,,,,,,,,,,san_sang,,f024c88e-8702-49c8-a302-15b93f6acb3c,,,,f,TB_THA_025,bc45a565-366f-4f7f-8c35-15d3b3871582,{},KHONG,,100,he_thong
2edbcf70-2308-4c26-b70a-9aa4ab2d88c4,TB_XR0N1SQK,Cảm biến độ ẩm,98c88d39-bf0f-43c7-83a2-ca5d266ba54f,1020456,Cảm biến độ ẩm,NESA,,7f40beb2-5d47-4f4a-b7df-35cd1cca56ae,d7faf284-1a3a-4e53-9433-8476900a66e7,,,1ce915ed-07e9-4b65-9209-2652ffd9b681,e43c5d4b-3c3c-4486-89da-73e9ac747ab4,Trạm giữa,"Ra soat 2026-07-11, file nguon: THA_DAW21",,,,,2026-07-11 09:50:09.894644+00,2026-08-11 04:37:10.204448+00,54f5eb32-6a74-4b21-aae3-46cc63e2271b,,5f93c2d7-9b77-4f40-bc2f-17b835588de6,"TB_XR0N1SQK Cam bien do am 1020456 Cam bien do am NESA  Tram giua Ra soat 2026-07-11, file nguon: THA_DAW21","'-07':18 '-11':19 '1020456':7 '2026':17 'am':6,11 'bien':4,9 'cam':3,8 'daw21':23 'do':5,10 'file':20 'giua':14 'nesa':12 'nguon':21 'ra':15 'soat':16 'tb':1 'tha':22 'tram':13 'xr0n1sqk':2",AWOS D-AW21,UR-C,,,e43c5d4b-3c3c-4486-89da-73e9ac747ab4,,Cảm biến,THA,,,,,,,,,,,,,,,,,,,,,,,san_sang,,f024c88e-8702-49c8-a302-15b93f6acb3c,,,,f,TB_THA_026,68846d95-ef16-44f9-8643-3676096fe12b,{},KHONG,,100,he_thong
d5d496ac-3480-425f-bddd-ca0f9124af25,TB_FVKSXM8V,Cảm biến đo dông sét,98c88d39-bf0f-43c7-83a2-ca5d266ba54f,,Cảm biến đo dông sét,Biral,,7f40beb2-5d47-4f4a-b7df-35cd1cca56ae,d7faf284-1a3a-4e53-9433-8476900a66e7,,,1ce915ed-07e9-4b65-9209-2652ffd9b681,e43c5d4b-3c3c-4486-89da-73e9ac747ab4,Trạm giữa,"Ra soat 2026-07-11, file nguon: THA_DAW21",,,,,2026-07-11 09:50:09.894644+00,2026-08-11 04:37:10.204448+00,b7f4a9b7-d8ca-434b-b11c-5e4a13a35ad1,,5f93c2d7-9b77-4f40-bc2f-17b835588de6,"TB_FVKSXM8V Cam bien do dong set  Cam bien do dong set Biral  Tram giua Ra soat 2026-07-11, file nguon: THA_DAW21","'-07':19 '-11':20 '2026':18 'bien':4,9 'biral':13 'cam':3,8 'daw21':24 'do':5,10 'dong':6,11 'file':21 'fvksxm8v':2 'giua':15 'nguon':22 'ra':16 'set':7,12 'soat':17 'tb':1 'tha':23 'tram':14",AWOS D-AW21,BTD-300,,,e43c5d4b-3c3c-4486-89da-73e9ac747ab4,,Cảm biến,THA,,,,,,,,,,,,,,,,,,,,,,,san_sang,,f024c88e-8702-49c8-a302-15b93f6acb3c,,,,f,TB_THA_027,d1b6dd73-5f2b-4228-9627-59e19b39e483,{},KHONG,,83,he_thong
960d9d70-07d1-4674-931d-6c9202e5f486,TB_JV5EK6XS,Cảm biến đo lượng mưa,98c88d39-bf0f-43c7-83a2-ca5d266ba54f,TTB00018750,Cảm biến đo lượng mưa,Young,,7f40beb2-5d47-4f4a-b7df-35cd1cca56ae,d7faf284-1a3a-4e53-9433-8476900a66e7,,,1ce915ed-07e9-4b65-9209-2652ffd9b681,e43c5d4b-3c3c-4486-89da-73e9ac747ab4,Trạm giữa,"Ra soat 2026-07-11, file nguon: THA_DAW21",,,,,2026-07-11 09:50:09.894644+00,2026-08-11 04:37:10.204448+00,2c1ceecf-9d8a-41a0-bcf0-c3743eeb52d9,,5f93c2d7-9b77-4f40-bc2f-17b835588de6,"TB_JV5EK6XS Cam bien do luong mua TTB00018750 Cam bien do luong mua Young  Tram giua Ra soat 2026-07-11, file nguon: THA_DAW21","'-07':20 '-11':21 '2026':19 'bien':4,10 'cam':3,9 'daw21':25 'do':5,11 'file':22 'giua':16 'jv5ek6xs':2 'luong':6,12 'mua':7,13 'nguon':23 'ra':17 'soat':18 'tb':1 'tha':24 'tram':15 'ttb00018750':8 'young':14",AWOS D-AW21,52203.0,,,e43c5d4b-3c3c-4486-89da-73e9ac747ab4,,Cảm biến,THA,,,,,,,,,,,,,,,,,,,,,,,san_sang,,f024c88e-8702-49c8-a302-15b93f6acb3c,,,,f,TB_THA_028,820d2633-c2d1-433e-8aae-fdf2a8ae5a4d,{},KHONG,,100,he_thong
39b2fdf5-156e-440a-9d0d-d7b58c44d993,TB_RSSQPB9R,Cảm biến gió,98c88d39-bf0f-43c7-83a2-ca5d266ba54f,,Cảm biến đo hướng và tốc độ gió,Thies Clima,,7f40beb2-5d47-4f4a-b7df-35cd1cca56ae,d7faf284-1a3a-4e53-9433-8476900a66e7,,,1ce915ed-07e9-4b65-9209-2652ffd9b681,e43c5d4b-3c3c-4486-89da-73e9ac747ab4,Trạm giữa,"Ra soat 2026-07-11, file nguon: THA_DAW21",,,,,2026-07-11 09:50:09.894644+00,2026-08-11 04:37:10.204448+00,f0c86184-a2a8-4ba2-b3e2-87283fbcf190,,5f93c2d7-9b77-4f40-bc2f-17b835588de6,"TB_RSSQPB9R Cam bien gio  Cam bien do huong va toc do gio Thies Clima  Tram giua Ra soat 2026-07-11, file nguon: THA_DAW21","'-07':21 '-11':22 '2026':20 'bien':4,7 'cam':3,6 'clima':15 'daw21':26 'do':8,12 'file':23 'gio':5,13 'giua':17 'huong':9 'nguon':24 'ra':18 'rssqpb9r':2 'soat':19 'tb':1 'tha':25 'thies':14 'toc':11 'tram':16 'va':10",AWOS D-AW21,4.3820.00.300,,,e43c5d4b-3c3c-4486-89da-73e9ac747ab4,,Cảm biến,THA,,,,,,,,,,,,,,,,,,,,,,,san_sang,,f024c88e-8702-49c8-a302-15b93f6acb3c,,,,f,TB_THA_022,8aaa9362-24cd-4fe3-a9dd-81b685697f6c,{},KHONG,,83,he_thong
690343fe-6422-420d-b41f-0c40615297a1,TB_E8BMJADY,Cắt lọc sét nguồn AC,660f73b4-1975-4bde-8c87-810a23ef6e2c,,Cắt sét nguồn 220VAC -  UHF,Schneider,,a0625061-0c6d-4e0b-b438-d696787ad746,d7faf284-1a3a-4e53-9433-8476900a66e7,,,1ce915ed-07e9-4b65-9209-2652ffd9b681,65ac5e26-b0a7-487e-a72d-3f0dfc3facc2,Trạm MID,"Ra soat 2026-07-11, file nguon: BDKT_OPTIMET",,,,,2026-07-11 09:50:09.894644+00,2026-08-11 04:37:10.204448+00,1dfd07b4-a9da-41a0-aa04-7b64b3f5862e,,e96be350-6615-441a-91f5-53ad976e91b3,"TB_E8BMJADY Cat loc set nguon AC  Cat set nguon 220VAC -  UHF Schneider  Tram MID Ra soat 2026-07-11, file nguon: BDKT_OPTIMET","'-07':19 '-11':20 '2026':18 '220vac':11 'ac':7 'bdkt':23 'cat':3,8 'e8bmjady':2 'file':21 'loc':4 'mid':15 'nguon':6,10,22 'optimet':24 'ra':16 'schneider':13 'set':5,9 'soat':17 'tb':1 'tram':14 'uhf':12",Optimet,A9L15692,,,65ac5e26-b0a7-487e-a72d-3f0dfc3facc2,,Cắt lọc sét,BDKT-KTKT,,,,,,,,,,,,,,,,,,,,,,,san_sang,,f024c88e-8702-49c8-a302-15b93f6acb3c,,,,f,TB_BDKT_KTKT_064,302ce695-41d5-4dc0-806f-915b1e489689,{},KHONG,,83,he_thong
800b86f9-4c52-4cd3-b845-43ad521d2538,TB_9E36GC4B,Thiết bị thu phát vô tuyến,ae03f513-6763-46f8-913d-91a103966947,2204704744,Thiết bị thu phát vô tuyến,RACOM,,7f40beb2-5d47-4f4a-b7df-35cd1cca56ae,d7faf284-1a3a-4e53-9433-8476900a66e7,,,1ce915ed-07e9-4b65-9209-2652ffd9b681,e43c5d4b-3c3c-4486-89da-73e9ac747ab4,Trạm giữa,"Ra soat 2026-07-11, file nguon: THA_DAW21",,,,,2026-07-11 09:50:09.894644+00,2026-08-11 04:37:10.204448+00,ca029628-203c-4008-b4bc-89b0746a39c6,,5f93c2d7-9b77-4f40-bc2f-17b835588de6,"TB_9E36GC4B Thiet bi thu phat vo tuyen 2204704744 Thiet bi thu phat vo tuyen RACOM  Tram giua Ra soat 2026-07-11, file nguon: THA_DAW21","'-07':23 '-11':24 '2026':22 '2204704744':10 '9e36':2 'bi':5,12 'daw21':28 'file':25 'gc4b':3 'giua':19 'nguon':26 'phat':7,14 'ra':20 'racom':17 'soat':21 'tb':1 'tha':27 'thiet':4,11 'thu':6,13 'tram':18 'tuyen':9,16 'vo':8,15",AWOS D-AW21,RipEX2-4A,,,e43c5d4b-3c3c-4486-89da-73e9ac747ab4,,Truyền dẫn,THA,,,,,,,,,,,,,,,,,,,,,,,san_sang,,f024c88e-8702-49c8-a302-15b93f6acb3c,,,,f,TB_THA_031,03a3911f-c7af-40ca-8030-25b65f1aba08,{},KHONG,,100,he_thong
3a508722-f359-40ac-8c95-3c7ca16826b0,TB_0Y21ZTDY,Thiết bị chuyển mạch quang,ae03f513-6763-46f8-913d-91a103966947,"Tủ datalogger: TBCGB1004763
Tủ thiết bị: TBCFB1078521, TBCGB1004673",Thiết bị chuyển mạch quang,Moxa,,7f40beb2-5d47-4f4a-b7df-35cd1cca56ae,d7faf284-1a3a-4e53-9433-8476900a66e7,,,1ce915ed-07e9-4b65-9209-2652ffd9b681,e43c5d4b-3c3c-4486-89da-73e9ac747ab4,Trạm giữa,"Ra soat 2026-07-11, file nguon: THA_DAW21",,,,,2026-07-11 09:50:09.894644+00,2026-08-11 04:37:10.204448+00,a5454b1e-b677-4fd8-8494-b4c080de867d,,5f93c2d7-9b77-4f40-bc2f-17b835588de6,"TB_0Y21ZTDY Thiet bi chuyen mach quang Tu datalogger: TBCGB1004763
Tu thiet bi: TBCFB1078521, TBCGB1004673 Thiet bi chuyen mach quang Moxa  Tram giua Ra soat 2026-07-11, file nguon: THA_DAW21","'-07':27 '-11':28 '0y21ztdy':2 '2026':26 'bi':4,13,17 'chuyen':5,18 'datalogger':9 'daw21':32 'file':29 'giua':23 'mach':6,19 'moxa':21 'nguon':30 'quang':7,20 'ra':24 'soat':25 'tb':1 'tbcfb1078521':14 'tbcgb1004673':15 'tbcgb1004763':10 'tha':31 'thiet':3,12,16 'tram':22 'tu':8,11",AWOS D-AW21,EDS-205A-S-SC,,,e43c5d4b-3c3c-4486-89da-73e9ac747ab4,,Truyền dẫn,THA,,,,,,,,,,,,,,,,,,,,,,,san_sang,,f024c88e-8702-49c8-a302-15b93f6acb3c,,,,f,TB_THA_029,0c8f877e-25cd-4ced-9058-0ccbae7ad803,{},KHONG,,100,he_thong
330828f8-d17b-4450-aa48-3a3c5601efa3,TB_RZZWB4VY,Ắc quy dự phòng,accf1740-4c18-4b9a-895f-59d85ba593b5,,Ắc quy dự phòng,Vision,,7f40beb2-5d47-4f4a-b7df-35cd1cca56ae,d7faf284-1a3a-4e53-9433-8476900a66e7,,,1ce915ed-07e9-4b65-9209-2652ffd9b681,e43c5d4b-3c3c-4486-89da-73e9ac747ab4,Trạm giữa,"Ra soat 2026-07-11, file nguon: THA_DAW21",,,,,2026-07-11 09:50:09.894644+00,2026-08-11 04:37:10.204448+00,a61534a7-d3f8-4f25-9809-6973b60e86cf,,5f93c2d7-9b77-4f40-bc2f-17b835588de6,"TB_RZZWB4VY Ac quy du phong  Ac quy du phong Vision  Tram giua Ra soat 2026-07-11, file nguon: THA_DAW21","'-07':17 '-11':18 '2026':16 'ac':3,7 'daw21':22 'du':5,9 'file':19 'giua':13 'nguon':20 'phong':6,10 'quy':4,8 'ra':14 'rzzwb4vy':2 'soat':15 'tb':1 'tha':21 'tram':12 'vision':11",AWOS D-AW21,CP1270,,,e43c5d4b-3c3c-4486-89da-73e9ac747ab4,,Thiết bị nguồn,THA,,,,,,,,,,,,,,,,,,,,,,,san_sang,,f024c88e-8702-49c8-a302-15b93f6acb3c,,,,f,TB_THA_035,aeeae584-3797-4310-ad69-7f341a642adc,{},KHONG,,83,he_thong
3209ba71-365b-4910-a16f-3afc8615615e,TB_XD767BKR,Cảm biến đo trần mây,98c88d39-bf0f-43c7-83a2-ca5d266ba54f,,Cảm biến đo trần mây,All Weather,,ce27df84-7054-4032-bfe7-efdb0bd119f4,d7faf284-1a3a-4e53-9433-8476900a66e7,,,1ce915ed-07e9-4b65-9209-2652ffd9b681,581d9350-905f-46da-b45e-c2d8aba4d868,09,"Ra soat 2026-07-11, file nguon: PBA_AWOS900",,,,,2026-07-11 09:50:09.894644+00,2026-08-11 04:37:10.204448+00,8c53503a-8e6c-4698-bb44-06b929060b8a,,e96be350-6615-441a-91f5-53ad976e91b3,"TB_XD767BKR Cam bien do tran may  Cam bien do tran may All Weather  09 Ra soat 2026-07-11, file nguon: PBA_AWOS900","'-07':19 '-11':20 '09':15 '2026':18 'all':13 'awos900':24 'bien':4,9 'cam':3,8 'do':5,10 'file':21 'may':7,12 'nguon':22 'pba':23 'ra':16 'soat':17 'tb':1 'tran':6,11 'weather':14 'xd767bkr':2",AWOS-900,8339-G,,,581d9350-905f-46da-b45e-c2d8aba4d868,,Cảm biến,PBA,,,,,,,,,,,,,,,,,,,,,,,san_sang,,f024c88e-8702-49c8-a302-15b93f6acb3c,,,,f,TB_PBA_026,7a0736d8-fafb-468d-bcaf-a38f9cd6e09d,{},KHONG,,83,he_thong
0ed77c1d-2b66-494d-acba-e793d24dbb9d,TB_93EHTDMP,Cảm biến đo trần mây,98c88d39-bf0f-43c7-83a2-ca5d266ba54f,,Cảm biến đo trần mây,All Weather,,ce27df84-7054-4032-bfe7-efdb0bd119f4,d7faf284-1a3a-4e53-9433-8476900a66e7,,,1ce915ed-07e9-4b65-9209-2652ffd9b681,581d9350-905f-46da-b45e-c2d8aba4d868,27,"Ra soat 2026-07-11, file nguon: PBA_AWOS900",,,,,2026-07-11 09:50:09.894644+00,2026-08-11 04:37:10.204448+00,8c53503a-8e6c-4698-bb44-06b929060b8a,,e96be350-6615-441a-91f5-53ad976e91b3,"TB_93EHTDMP Cam bien do tran may  Cam bien do tran may All Weather  27 Ra soat 2026-07-11, file nguon: PBA_AWOS900","'-07':19 '-11':20 '2026':18 '27':15 '93ehtdmp':2 'all':13 'awos900':24 'bien':4,9 'cam':3,8 'do':5,10 'file':21 'may':7,12 'nguon':22 'pba':23 'ra':16 'soat':17 'tb':1 'tran':6,11 'weather':14",AWOS-900,8339-G,,,581d9350-905f-46da-b45e-c2d8aba4d868,,Cảm biến,PBA,,,,,,,,,,,,,,,,,,,,,,,san_sang,,f024c88e-8702-49c8-a302-15b93f6acb3c,,,,f,TB_PBA_027,7a0736d8-fafb-468d-bcaf-a38f9cd6e09d,{},KHONG,,83,he_thong
ccb27ab7-3c15-4721-8b47-99499a3dd5e5,TB_Q0TC8A2A,Bộ Charger,accf1740-4c18-4b9a-895f-59d85ba593b5,,Bộ Charger,MeanWell,,7f40beb2-5d47-4f4a-b7df-35cd1cca56ae,d7faf284-1a3a-4e53-9433-8476900a66e7,,,1ce915ed-07e9-4b65-9209-2652ffd9b681,e43c5d4b-3c3c-4486-89da-73e9ac747ab4,Trạm giữa,"Ra soat 2026-07-11, file nguon: THA_DAW21",,,,,2026-07-11 09:50:09.894644+00,2026-08-11 04:37:10.204448+00,0e8dbaf8-aa3e-4d9d-bab2-99b08381f6f9,,5f93c2d7-9b77-4f40-bc2f-17b835588de6,"TB_Q0TC8A2A Bo Charger  Bo Charger MeanWell  Tram giua Ra soat 2026-07-11, file nguon: THA_DAW21","'-07':13 '-11':14 '2026':12 'bo':3,5 'charger':4,6 'daw21':18 'file':15 'giua':9 'meanwell':7 'nguon':16 'q0tc8a2a':2 'ra':10 'soat':11 'tb':1 'tha':17 'tram':8",AWOS D-AW21,SCP-50-12,,,e43c5d4b-3c3c-4486-89da-73e9ac747ab4,,Thiết bị nguồn,THA,,,,,,,,,,,,,,,,,,,,,,,san_sang,,f024c88e-8702-49c8-a302-15b93f6acb3c,,,,f,TB_THA_036,6052b1d7-f4f7-4376-8e06-b20635498e81,{},KHONG,,83,he_thong
1673b141-aa93-495a-81a2-eac6fa0adb5d,TB_YZN1S5S4,Cảm biến đo hướng và đo tốc độ gió,98c88d39-bf0f-43c7-83a2-ca5d266ba54f,,Cảm biến đo hướng và đo tốc độ gió,Gill,,a0625061-0c6d-4e0b-b438-d696787ad746,d7faf284-1a3a-4e53-9433-8476900a66e7,,,1ce915ed-07e9-4b65-9209-2652ffd9b681,65ac5e26-b0a7-487e-a72d-3f0dfc3facc2,Trạm 35,"Ra soat 2026-07-11, file nguon: BDKT_OPTIMET",,,,,2026-07-11 09:50:09.894644+00,2026-08-11 04:37:10.204448+00,8a078690-3935-478c-9d8c-92ed4818430f,,3f302563-bdbb-443d-911f-b0058e38db42,"TB_YZN1S5S4 Cam bien do huong va do toc do gio  Cam bien do huong va do toc do gio Gill  Tram 35 Ra soat 2026-07-11, file nguon: BDKT_OPTIMET","'-07':27 '-11':28 '2026':26 '35':23 'bdkt':31 'bien':4,13 'cam':3,12 'do':5,8,10,14,17,19 'file':29 'gill':21 'gio':11,20 'huong':6,15 'nguon':30 'optimet':32 'ra':24 'soat':25 'tb':1 'toc':9,18 'tram':22 'va':7,16 'yzn1s5s4':2",Optimet,911-UWS,,,65ac5e26-b0a7-487e-a72d-3f0dfc3facc2,,Cảm biến,BDKT-KTKT,,,,,,,,,,,,,,,,,,,,,,,san_sang,,f024c88e-8702-49c8-a302-15b93f6acb3c,,,,f,TB_BDKT_KTKT_001,82acee26-c7af-4b8d-aeb6-507e93fc79d7,{},KHONG,,83,he_thong
72b85e48-8148-478d-b2aa-5852c6f9e69f,TB_PMH9J6TE,Data logger,ae03f513-6763-46f8-913d-91a103966947,1020461,Data logger,NESA,,7f40beb2-5d47-4f4a-b7df-35cd1cca56ae,d7faf284-1a3a-4e53-9433-8476900a66e7,,,1ce915ed-07e9-4b65-9209-2652ffd9b681,e43c5d4b-3c3c-4486-89da-73e9ac747ab4,Trạm giữa,"Ra soat 2026-07-11, file nguon: THA_DAW21",,,,,2026-07-11 09:50:09.894644+00,2026-08-11 04:37:10.204448+00,54f5eb32-6a74-4b21-aae3-46cc63e2271b,,5f93c2d7-9b77-4f40-bc2f-17b835588de6,"TB_PMH9J6TE Data logger 1020461 Data logger NESA  Tram giua Ra soat 2026-07-11, file nguon: THA_DAW21","'-07':14 '-11':15 '1020461':5 '2026':13 'data':3,6 'daw21':19 'file':16 'giua':10 'logger':4,7 'nesa':8 'nguon':17 'pmh9j6te':2 'ra':11 'soat':12 'tb':1 'tha':18 'tram':9",AWOS D-AW21,Evolution,,,e43c5d4b-3c3c-4486-89da-73e9ac747ab4,,Thiết bị thu thập dữ liệu,THA,,,,,,,,,,,,,,,,,,,,,,,san_sang,,f024c88e-8702-49c8-a302-15b93f6acb3c,,,,f,TB_THA_033,c3f93d31-e4ab-4593-8f05-a96833fe46f5,{},KHONG,,100,he_thong
7c41c20f-1e0d-473b-948e-724273a7c52b,TB_G98SBYVT,Cắt lọc sét nguồn AC,660f73b4-1975-4bde-8c87-810a23ef6e2c,,Cắt lọc sét nguồn AC - Tủ thiết bị,Schneider,,a0625061-0c6d-4e0b-b438-d696787ad746,d7faf284-1a3a-4e53-9433-8476900a66e7,,,1ce915ed-07e9-4b65-9209-2652ffd9b681,65ac5e26-b0a7-487e-a72d-3f0dfc3facc2,Trạm MID,"Ra soat 2026-07-11, file nguon: BDKT_OPTIMET",,,,,2026-07-11 09:50:09.894644+00,2026-08-11 04:37:10.204448+00,1dfd07b4-a9da-41a0-aa04-7b64b3f5862e,,e96be350-6615-441a-91f5-53ad976e91b3,"TB_G98SBYVT Cat loc set nguon AC  Cat loc set nguon AC - Tu thiet bi Schneider  Tram MID Ra soat 2026-07-11, file nguon: BDKT_OPTIMET","'-07':22 '-11':23 '2026':21 'ac':7,12 'bdkt':26 'bi':15 'cat':3,8 'file':24 'g98sbyvt':2 'loc':4,9 'mid':18 'nguon':6,11,25 'optimet':27 'ra':19 'schneider':16 'set':5,10 'soat':20 'tb':1 'thiet':14 'tram':17 'tu':13",Optimet,EZ9L33620,,,65ac5e26-b0a7-487e-a72d-3f0dfc3facc2,,Cắt lọc sét,BDKT-KTKT,,,,,,,,,,,,,,,,,,,,,,,san_sang,,f024c88e-8702-49c8-a302-15b93f6acb3c,,,,f,TB_BDKT_KTKT_065,459c5424-4a64-4375-88c7-70d7c822477a,{},KHONG,,83,he_thong
a389db70-d4ef-4ba8-a04e-dd7f4bcf19e2,TB_S7GKG27B,Modem UHF,ae03f513-6763-46f8-913d-91a103966947,,Modem UHF,RACOM,,a0625061-0c6d-4e0b-b438-d696787ad746,d7faf284-1a3a-4e53-9433-8476900a66e7,,,1ce915ed-07e9-4b65-9209-2652ffd9b681,65ac5e26-b0a7-487e-a72d-3f0dfc3facc2,Trạm 35,"Ra soat 2026-07-11, file nguon: BDKT_OPTIMET",,,,,2026-07-11 09:50:09.894644+00,2026-08-11 04:37:10.204448+00,ca029628-203c-4008-b4bc-89b0746a39c6,,3f302563-bdbb-443d-911f-b0058e38db42,"TB_S7GKG27B Modem UHF  Modem UHF RACOM  Tram 35 Ra soat 2026-07-11, file nguon: BDKT_OPTIMET","'-07':13 '-11':14 '2026':12 '35':9 'bdkt':17 'file':15 'modem':3,5 'nguon':16 'optimet':18 'ra':10 'racom':7 's7gkg27b':2 'soat':11 'tb':1 'tram':8 'uhf':4,6",Optimet,RipEX-400SP,,,65ac5e26-b0a7-487e-a72d-3f0dfc3facc2,,Truyền dẫn,BDKT-KTKT,,,,,,,,,,,,,,,,,,,,,,,san_sang,,f024c88e-8702-49c8-a302-15b93f6acb3c,,,,f,TB_BDKT_KTKT_006,d28b2aa6-050f-46e2-bb5a-5e1970b424ab,{},KHONG,,83,he_thong
f5c11346-f4d5-4e51-80bf-d9fb62da35dc,TB_QEY2R2K1,Server,83e7d93e-2f76-4d4f-a6bc-08926383aba1,,Server,All Weather,,ce27df84-7054-4032-bfe7-efdb0bd119f4,d7faf284-1a3a-4e53-9433-8476900a66e7,,,1ce915ed-07e9-4b65-9209-2652ffd9b681,581d9350-905f-46da-b45e-c2d8aba4d868,Phòng thiết bị,"Ra soat 2026-07-11, file nguon: PBA_AWOS900",,,,,2026-07-11 09:50:09.894644+00,2026-08-11 04:37:10.204448+00,f9bb034d-e32b-4595-b6a6-e5136105dc19,,03818fa3-ee05-4dfe-92f0-b6f752b0b97a,"TB_QEY2R2K1 Server  Server All Weather  Phong thiet bi Ra soat 2026-07-11, file nguon: PBA_AWOS900","'-07':13 '-11':14 '2026':12 'all':5 'awos900':18 'bi':9 'file':15 'nguon':16 'pba':17 'phong':7 'qey2r2k1':2 'ra':10 'server':3,4 'soat':11 'tb':1 'thiet':8 'weather':6",AWOS-900,DELL R360,,,581d9350-905f-46da-b45e-c2d8aba4d868,,Xử lý trung tâm,PBA,,,,,,,,,,,,,,,,,,,,,,,san_sang,,f024c88e-8702-49c8-a302-15b93f6acb3c,,,,f,TB_PBA_001,316a53b6-d060-4156-9824-9a33a338570c,{},KHONG,,83,he_thong
eb1106e8-6187-4fbf-8db6-d474a7bf9de0,TB_AD6AJNW8,Server,83e7d93e-2f76-4d4f-a6bc-08926383aba1,,Server,All Weather,,ce27df84-7054-4032-bfe7-efdb0bd119f4,d7faf284-1a3a-4e53-9433-8476900a66e7,,,1ce915ed-07e9-4b65-9209-2652ffd9b681,581d9350-905f-46da-b45e-c2d8aba4d868,Phòng thiết bị,"Ra soat 2026-07-11, file nguon: PBA_AWOS900",,,,,2026-07-11 09:50:09.894644+00,2026-08-11 04:37:10.204448+00,f9bb034d-e32b-4595-b6a6-e5136105dc19,,03818fa3-ee05-4dfe-92f0-b6f752b0b97a,"TB_AD6AJNW8 Server  Server All Weather  Phong thiet bi Ra soat 2026-07-11, file nguon: PBA_AWOS900","'-07':13 '-11':14 '2026':12 'ad6ajnw8':2 'all':5 'awos900':18 'bi':9 'file':15 'nguon':16 'pba':17 'phong':7 'ra':10 'server':3,4 'soat':11 'tb':1 'thiet':8 'weather':6",AWOS-900,DELL R360,,,581d9350-905f-46da-b45e-c2d8aba4d868,,Xử lý trung tâm,PBA,,,,,,,,,,,,,,,,,,,,,,,san_sang,,f024c88e-8702-49c8-a302-15b93f6acb3c,,,,f,TB_PBA_002,316a53b6-d060-4156-9824-9a33a338570c,{},KHONG,,83,he_thong
738b116a-ad27-45ef-8408-1a99f8945478,TB_5AE54Z0K,Cảm biến đo hướng và đo tốc độ gió,98c88d39-bf0f-43c7-83a2-ca5d266ba54f,,Cảm biến đo hướng và đo tốc độ gió,Gill,,a0625061-0c6d-4e0b-b438-d696787ad746,d7faf284-1a3a-4e53-9433-8476900a66e7,,,1ce915ed-07e9-4b65-9209-2652ffd9b681,65ac5e26-b0a7-487e-a72d-3f0dfc3facc2,Trạm 17,"Ra soat 2026-07-11, file nguon: BDKT_OPTIMET",,,,,2026-07-11 09:50:09.894644+00,2026-08-11 04:37:10.204448+00,8a078690-3935-478c-9d8c-92ed4818430f,,7edb2f00-60da-46ad-8aed-873d4708393d,"TB_5AE54Z0K Cam bien do huong va do toc do gio  Cam bien do huong va do toc do gio Gill  Tram 17 Ra soat 2026-07-11, file nguon: BDKT_OPTIMET","'-07':27 '-11':28 '17':23 '2026':26 '5ae54z0k':2 'bdkt':31 'bien':4,13 'cam':3,12 'do':5,8,10,14,17,19 'file':29 'gill':21 'gio':11,20 'huong':6,15 'nguon':30 'optimet':32 'ra':24 'soat':25 'tb':1 'toc':9,18 'tram':22 'va':7,16",Optimet,911-UWS,,,65ac5e26-b0a7-487e-a72d-3f0dfc3facc2,,Cảm biến,BDKT-KTKT,,,,,,,,,,,,,,,,,,,,,,,san_sang,,f024c88e-8702-49c8-a302-15b93f6acb3c,,,,f,TB_BDKT_KTKT_023,82acee26-c7af-4b8d-aeb6-507e93fc79d7,{},KHONG,,83,he_thong
1f7cf7d7-f7be-4907-af12-3751d68426ff,TB_GW50CAFD,Chống sét LAN,660f73b4-1975-4bde-8c87-810a23ef6e2c,,Chống sét LAN,APC,,a0625061-0c6d-4e0b-b438-d696787ad746,d7faf284-1a3a-4e53-9433-8476900a66e7,,,1ce915ed-07e9-4b65-9209-2652ffd9b681,65ac5e26-b0a7-487e-a72d-3f0dfc3facc2,Trạm MID,"Ra soat 2026-07-11, file nguon: BDKT_OPTIMET",,,,,2026-07-11 09:50:09.894644+00,2026-08-11 04:37:10.204448+00,85b16a8e-84ee-4408-ac50-81b3e2aa7ca6,,e96be350-6615-441a-91f5-53ad976e91b3,"TB_GW50CAFD Chong set LAN  Chong set LAN APC  Tram MID Ra soat 2026-07-11, file nguon: BDKT_OPTIMET","'-07':15 '-11':16 '2026':14 'apc':9 'bdkt':19 'chong':3,6 'file':17 'gw50cafd':2 'lan':5,8 'mid':11 'nguon':18 'optimet':20 'ra':12 'set':4,7 'soat':13 'tb':1 'tram':10",Optimet,PNET1G,,,65ac5e26-b0a7-487e-a72d-3f0dfc3facc2,,Cắt lọc sét,BDKT-KTKT,,,,,,,,,,,,,,,,,,,,,,,san_sang,,f024c88e-8702-49c8-a302-15b93f6acb3c,,,,f,TB_BDKT_KTKT_068,329793f9-7a1e-4010-b17a-974df9ad37ad,{},KHONG,,83,he_thong
19c0c3b3-c16a-4179-9ba8-5df895b8ad21,TB_6D1K2JYW,Cắt lọc sét nguồn AC,660f73b4-1975-4bde-8c87-810a23ef6e2c,,Thiết bị cắt lọc sét 1 pha,nVent ERICO,,ebc4a136-c5e7-4f7d-abfc-e3ddea655b8c,d7faf284-1a3a-4e53-9433-8476900a66e7,,,1ce915ed-07e9-4b65-9209-2652ffd9b681,46e84da7-5a8b-4a79-aa46-2fb4bae1ff26,NGUỒN AC-33,"Ra soat 2026-07-11, file nguon: PCA_IMS",,,,,2026-07-11 09:50:09.894644+00,2026-08-11 04:37:10.204448+00,2e05f201-8ee7-4f2d-afe5-963dc6d94500,,e96be350-6615-441a-91f5-53ad976e91b3,"TB_6D1K2JYW Cat loc set nguon AC  Thiet bi cat loc set 1 pha nVent ERICO  NGUON AC-33 Ra soat 2026-07-11, file nguon: PCA_IMS","'-07':23 '-11':24 '-33':19 '1':13 '2026':22 '6d1k2jyw':2 'ac':7,18 'bi':9 'cat':3,10 'erico':16 'file':25 'ims':28 'loc':4,11 'nguon':6,17,26 'nvent':15 'pca':27 'pha':14 'ra':20 'set':5,12 'soat':21 'tb':1 'thiet':8",AWOS-IMS,TSF20A240V,,,46e84da7-5a8b-4a79-aa46-2fb4bae1ff26,,Cắt lọc sét,PCA,,,,,,,,,,,,,,,,,,,,,,,san_sang,,f024c88e-8702-49c8-a302-15b93f6acb3c,,,,f,TB_PCA_032,a3eebddd-df65-414d-9e50-90fc3fa745aa,{},KHONG,,83,he_thong
74be87a3-1096-4c0b-a932-d52df65d2aa5,TB_YTQ30AG8,Modem UHF,ae03f513-6763-46f8-913d-91a103966947,,Modem UHF,RACOM,,a0625061-0c6d-4e0b-b438-d696787ad746,d7faf284-1a3a-4e53-9433-8476900a66e7,,,1ce915ed-07e9-4b65-9209-2652ffd9b681,65ac5e26-b0a7-487e-a72d-3f0dfc3facc2,Trạm 17,"Ra soat 2026-07-11, file nguon: BDKT_OPTIMET",,,,,2026-07-11 09:50:09.894644+00,2026-08-11 04:37:10.204448+00,ca029628-203c-4008-b4bc-89b0746a39c6,,7edb2f00-60da-46ad-8aed-873d4708393d,"TB_YTQ30AG8 Modem UHF  Modem UHF RACOM  Tram 17 Ra soat 2026-07-11, file nguon: BDKT_OPTIMET","'-07':13 '-11':14 '17':9 '2026':12 'bdkt':17 'file':15 'modem':3,5 'nguon':16 'optimet':18 'ra':10 'racom':7 'soat':11 'tb':1 'tram':8 'uhf':4,6 'ytq30ag8':2",Optimet,RipEX-400SP,,,65ac5e26-b0a7-487e-a72d-3f0dfc3facc2,,Truyền dẫn,BDKT-KTKT,,,,,,,,,,,,,,,,,,,,,,,san_sang,,f024c88e-8702-49c8-a302-15b93f6acb3c,,,,f,TB_BDKT_KTKT_027,d28b2aa6-050f-46e2-bb5a-5e1970b424ab,{},KHONG,,83,he_thong
3c7f7714-60ec-4336-a7cb-b9dc8d466b39,TB_2K9E3B6Z,Switch tích hợp cổng quang,ae03f513-6763-46f8-913d-91a103966947,,Switch tích hợp cổng quang,Moxa,,a0625061-0c6d-4e0b-b438-d696787ad746,d7faf284-1a3a-4e53-9433-8476900a66e7,,,1ce915ed-07e9-4b65-9209-2652ffd9b681,65ac5e26-b0a7-487e-a72d-3f0dfc3facc2,Trạm 17,"Ra soat 2026-07-11, file nguon: BDKT_OPTIMET",,,,,2026-07-11 09:50:09.894644+00,2026-08-11 04:37:10.204448+00,a5454b1e-b677-4fd8-8494-b4c080de867d,,7edb2f00-60da-46ad-8aed-873d4708393d,"TB_2K9E3B6Z Switch tich hop cong quang  Switch tich hop cong quang Moxa  Tram 17 Ra soat 2026-07-11, file nguon: BDKT_OPTIMET","'-07':19 '-11':20 '17':15 '2026':18 '2k9e3b6z':2 'bdkt':23 'cong':6,11 'file':21 'hop':5,10 'moxa':13 'nguon':22 'optimet':24 'quang':7,12 'ra':16 'soat':17 'switch':3,8 'tb':1 'tich':4,9 'tram':14",Optimet,EDS-208A,,,65ac5e26-b0a7-487e-a72d-3f0dfc3facc2,,Truyền dẫn,BDKT-KTKT,,,,,,,,,,,,,,,,,,,,,,,san_sang,,f024c88e-8702-49c8-a302-15b93f6acb3c,,,,f,TB_BDKT_KTKT_026,9fc5b9f4-c81a-4994-b98c-570785b37e5a,{},KHONG,,83,he_thong
e0c3efdd-3a45-4718-9534-44a14ebeeb85,TB_V3D4EHJG,Cảm biến đo tầm nhìn,98c88d39-bf0f-43c7-83a2-ca5d266ba54f,,Cảm biến đo tầm nhìn,M-Tech,,a0625061-0c6d-4e0b-b438-d696787ad746,d7faf284-1a3a-4e53-9433-8476900a66e7,,,1ce915ed-07e9-4b65-9209-2652ffd9b681,65ac5e26-b0a7-487e-a72d-3f0dfc3facc2,Trạm 17,"Ra soat 2026-07-11, file nguon: BDKT_OPTIMET",,,,,2026-07-11 09:50:09.894644+00,2026-08-11 04:37:10.204448+00,ad5bae28-70da-4528-a406-c5c52467e25e,,7edb2f00-60da-46ad-8aed-873d4708393d,"TB_V3D4EHJG Cam bien do tam nhin  Cam bien do tam nhin M-Tech  Tram 17 Ra soat 2026-07-11, file nguon: BDKT_OPTIMET","'-07':21 '-11':22 '17':17 '2026':20 'bdkt':25 'bien':4,9 'cam':3,8 'do':5,10 'file':23 'm':14 'm-tech':13 'nguon':24 'nhin':7,12 'optimet':26 'ra':18 'soat':19 'tam':6,11 'tb':1 'tech':15 'tram':16 'v3d4ehjg':2",Optimet,5000-200,,,65ac5e26-b0a7-487e-a72d-3f0dfc3facc2,,Cảm biến,BDKT-KTKT,,,,,,,,,,,,,,,,,,,,,,,san_sang,,f024c88e-8702-49c8-a302-15b93f6acb3c,,,,f,TB_BDKT_KTKT_024,86986d87-53d6-4eb0-9dad-f5e58a18aa3b,{},KHONG,,83,he_thong
ac30e189-8f27-4843-9b36-ba75f724ff77,TB_BJWZ1RM0,Sensor đo dông 6500-AC,98c88d39-bf0f-43c7-83a2-ca5d266ba54f,0100,Sensor đo dông 6500-AC,"All Weather, Inc. (ADB SAFEGATE)",,5ae20f2b-30dc-409c-95db-68b98b79c94e,d7faf284-1a3a-4e53-9433-8476900a66e7,,,1ce915ed-07e9-4b65-9209-2652ffd9b681,f59bf0bd-520b-4245-80db-dc71b7187bf1,Trạm khí tượng,"Nguồn: Sensor đo dông 455 LSS | Đề xuất: Không bắt buộc, sử dụng sensor của hệ thống AVIMET | Hỏng hóc: 0 lần | Tình trạng: Hoạt động bình thường | VTDP: Không | Niên hạn: Không",,,,,2026-07-11 09:50:09.894644+00,2026-08-11 04:37:10.204448+00,8c53503a-8e6c-4698-bb44-06b929060b8a,,92aa329a-4ad2-4bf1-b2fe-c33ff194335c,"TB_BJWZ1RM0 Sensor do dong 6500-AC 0100 Sensor do dong 6500-AC All Weather, Inc. (ADB SAFEGATE)  Tram khi tuong Nguon: Sensor do dong 455 LSS | De xuat: Khong bat buoc, su dung sensor cua he thong AVIMET | Hong hoc: 0 lan | Tinh trang: Hoat dong binh thuong | VTDP: Khong | Nien han: Khong","'0':42 '0100':8 '455':26 '6500':6,12 'ac':7,13 'adb':17 'all':14 'avimet':39 'bat':31 'binh':48 'bjwz1rm0':2 'buoc':32 'cua':36 'de':28 'do':4,10,24 'dong':5,11,25,47 'dung':34 'han':53 'he':37 'hoat':46 'hoc':41 'hong':40 'inc':16 'khi':20 'khong':30,51,54 'lan':43 'lss':27 'nguon':22 'nien':52 'safegate':18 'sensor':3,9,23,35 'su':33 'tb':1 'thong':38 'thuong':49 'tinh':44 'tram':19 'trang':45 'tuong':21 'vtdp':50 'weather':15 'xuat':29",,6500-AC,2023,2023,f59bf0bd-520b-4245-80db-dc71b7187bf1,,,CR,,,,0.200,,,,,,,,,,,,,,,,,,,san_sang,,f024c88e-8702-49c8-a302-15b93f6acb3c,,,,f,TB_N1_AWOS_0161,53d597db-aec3-41d7-8b6b-2fcaf760be19,{},KHONG,,100,he_thong
f4ad8afe-fd2a-4dcd-aa44-957a61ce8d88,TB_J19NQPZS,Thiết bị trong nhà,1ef69ec2-6298-4c48-b931-aea3fa48c0fc,,Thiết bị trong nhà,,,a13f3116-f74d-4435-b248-5b458d9fead4,d7faf284-1a3a-4e53-9433-8476900a66e7,,,1ce915ed-07e9-4b65-9209-2652ffd9b681,f59bf0bd-520b-4245-80db-dc71b7187bf1,,Niên hạn: Không,,,,,2026-07-11 09:50:09.894644+00,2026-08-11 04:37:10.204448+00,,,e96be350-6615-441a-91f5-53ad976e91b3,TB_J19NQPZS Thiet bi trong nha  Thiet bi trong nha    Nien han: Khong,"'bi':4,8 'han':12 'j19nqpzs':2 'khong':13 'nha':6,10 'nien':11 'tb':1 'thiet':3,7 'trong':5,9",,,,2025,f59bf0bd-520b-4245-80db-dc71b7187bf1,,,,,,,,,,,,,,,,,,,,,,,,,,san_sang,,f024c88e-8702-49c8-a302-15b93f6acb3c,,,,f,TB_N1_AWOS_0058,cf833368-06c6-4507-9194-78cd72ded445,{},KHONG,,83,he_thong
83bbc378-62b8-4e2f-a18e-806078844217,TB_AF686A89,Switch đầu cuối,ae03f513-6763-46f8-913d-91a103966947,,Switch đầu cuối,D-Link,,a0625061-0c6d-4e0b-b438-d696787ad746,d7faf284-1a3a-4e53-9433-8476900a66e7,,,1ce915ed-07e9-4b65-9209-2652ffd9b681,65ac5e26-b0a7-487e-a72d-3f0dfc3facc2,TWR,"Ra soat 2026-07-11, file nguon: BDKT_OPTIMET",,,,,2026-07-11 09:50:09.894644+00,2026-08-11 04:37:10.204448+00,764fa0d4-4f4a-4b3c-91be-bd426249a9f3,,ff3511ef-1568-4f81-9c59-21d71703e354,"TB_AF686A89 Switch dau cuoi  Switch dau cuoi D-Link  TWR Ra soat 2026-07-11, file nguon: BDKT_OPTIMET","'-07':16 '-11':17 '2026':15 'af686a89':2 'bdkt':20 'cuoi':5,8 'd':10 'd-link':9 'dau':4,7 'file':18 'link':11 'nguon':19 'optimet':21 'ra':13 'soat':14 'switch':3,6 'tb':1 'twr':12",Optimet,DES-1008A,,,65ac5e26-b0a7-487e-a72d-3f0dfc3facc2,,Truyền dẫn,BDKT-KTKT,,,,,,,,,,,,,,,,,,,,,,,san_sang,,f024c88e-8702-49c8-a302-15b93f6acb3c,,,,f,TB_BDKT_KTKT_037,0831b7cc-d313-4b39-ab53-6d11b3c7cef7,{},KHONG,,83,he_thong
4d6a68d5-aacc-4056-aaad-5d60bcb58bd0,TB_WH2DBEEW,Cắt lọc sét nguồn AC,660f73b4-1975-4bde-8c87-810a23ef6e2c,,Thiết bị cắt lọc sét 1 pha,nVent ERICO,,ebc4a136-c5e7-4f7d-abfc-e3ddea655b8c,d7faf284-1a3a-4e53-9433-8476900a66e7,,,1ce915ed-07e9-4b65-9209-2652ffd9b681,46e84da7-5a8b-4a79-aa46-2fb4bae1ff26,NGUỒN AC-CEILO-33,"Ra soat 2026-07-11, file nguon: PCA_IMS",,,,,2026-07-11 09:50:09.894644+00,2026-08-11 04:37:10.204448+00,2e05f201-8ee7-4f2d-afe5-963dc6d94500,,e96be350-6615-441a-91f5-53ad976e91b3,"TB_WH2DBEEW Cat loc set nguon AC  Thiet bi cat loc set 1 pha nVent ERICO  NGUON AC-CEILO-33 Ra soat 2026-07-11, file nguon: PCA_IMS","'-07':25 '-11':26 '1':13 '2026':24 '33':21 'ac':7,19 'ac-ceilo':18 'bi':9 'cat':3,10 'ceilo':20 'erico':16 'file':27 'ims':30 'loc':4,11 'nguon':6,17,28 'nvent':15 'pca':29 'pha':14 'ra':22 'set':5,12 'soat':23 'tb':1 'thiet':8 'wh2dbeew':2",AWOS-IMS,TSF20A240V,,,46e84da7-5a8b-4a79-aa46-2fb4bae1ff26,,Cắt lọc sét,PCA,,,,,,,,,,,,,,,,,,,,,,,san_sang,,f024c88e-8702-49c8-a302-15b93f6acb3c,,,,f,TB_PCA_033,a3eebddd-df65-414d-9e50-90fc3fa745aa,{},KHONG,,83,he_thong
404b8ac9-0153-4bd7-bbbe-9fca31b1887a,TB_73M51RA7,Ống thủy tinh cách điện,660f73b4-1975-4bde-8c87-810a23ef6e2c,,Ống thủy tinh cách điện,nVent ERICO,,7f40beb2-5d47-4f4a-b7df-35cd1cca56ae,d7faf284-1a3a-4e53-9433-8476900a66e7,,,1ce915ed-07e9-4b65-9209-2652ffd9b681,e43c5d4b-3c3c-4486-89da-73e9ac747ab4,5 Trạm khí tượng,"Ra soat 2026-07-11, file nguon: THA_DAW21",,,,,2026-07-11 09:50:09.894644+00,2026-08-11 04:37:10.204448+00,2e05f201-8ee7-4f2d-afe5-963dc6d94500,,e96be350-6615-441a-91f5-53ad976e91b3,"TB_73M51RA7 Ong thuy tinh cach dien  Ong thuy tinh cach dien nVent ERICO  5 Tram khi tuong Ra soat 2026-07-11, file nguon: THA_DAW21","'-07':22 '-11':23 '2026':21 '5':15 '73m51ra7':2 'cach':6,11 'daw21':27 'dien':7,12 'erico':14 'file':24 'khi':17 'nguon':25 'nvent':13 'ong':3,8 'ra':19 'soat':20 'tb':1 'tha':26 'thuy':4,9 'tinh':5,10 'tram':16 'tuong':18",AWOS D-AW21,FRP2MBLACK,,,e43c5d4b-3c3c-4486-89da-73e9ac747ab4,,Cắt lọc sét,THA,,,,,,,,,,,,,,,,,,,,,,,san_sang,,f024c88e-8702-49c8-a302-15b93f6acb3c,,,,f,TB_THA_078,9cbb7005-2025-418c-9259-56e986bc0e0c,{},KHONG,,83,he_thong
25831284-e4f5-458e-968a-02b4c4279952,TB_WYQ5F1MY,ModemHub UHF,ae03f513-6763-46f8-913d-91a103966947,,ModemHub UHF,RACOM,,a0625061-0c6d-4e0b-b438-d696787ad746,d7faf284-1a3a-4e53-9433-8476900a66e7,,,1ce915ed-07e9-4b65-9209-2652ffd9b681,65ac5e26-b0a7-487e-a72d-3f0dfc3facc2,P.TBTT,"Ra soat 2026-07-11, file nguon: BDKT_OPTIMET",,,,,2026-07-11 09:50:09.894644+00,2026-08-11 04:37:10.204448+00,ca029628-203c-4008-b4bc-89b0746a39c6,,3b1c9f72-6395-4ad0-a387-c7630195267a,"TB_WYQ5F1MY ModemHub UHF  ModemHub UHF RACOM  P.TBTT Ra soat 2026-07-11, file nguon: BDKT_OPTIMET","'-07':12 '-11':13 '2026':11 'bdkt':16 'file':14 'modemhub':3,5 'nguon':15 'optimet':17 'p.tbtt':8 'ra':9 'racom':7 'soat':10 'tb':1 'uhf':4,6 'wyq5f1my':2",Optimet,RipEX-HS,,,65ac5e26-b0a7-487e-a72d-3f0dfc3facc2,,Truyền dẫn,BDKT-KTKT,,,,,,,,,,,,,,,,,,,,,,,san_sang,,f024c88e-8702-49c8-a302-15b93f6acb3c,,,,f,TB_BDKT_KTKT_042,ed4f344a-ca1c-4564-9f45-b83edc522bad,{},KHONG,,83,he_thong
9af619a0-58b1-4878-a8fd-bbee95ea51c2,TB_0YAQSVS3,Nguồn AC/DC,accf1740-4c18-4b9a-895f-59d85ba593b5,,Nguồn AC/DC,MeanWell,,a0625061-0c6d-4e0b-b438-d696787ad746,d7faf284-1a3a-4e53-9433-8476900a66e7,,,1ce915ed-07e9-4b65-9209-2652ffd9b681,65ac5e26-b0a7-487e-a72d-3f0dfc3facc2,Trạm 35,"Ra soat 2026-07-11, file nguon: BDKT_OPTIMET",,,,,2026-07-11 09:50:09.894644+00,2026-08-11 04:37:10.204448+00,0e8dbaf8-aa3e-4d9d-bab2-99b08381f6f9,,3f302563-bdbb-443d-911f-b0058e38db42,"TB_0YAQSVS3 Nguon AC/DC  Nguon AC/DC MeanWell  Tram 35 Ra soat 2026-07-11, file nguon: BDKT_OPTIMET","'-07':13 '-11':14 '0yaqsvs3':2 '2026':12 '35':9 'ac/dc':4,6 'bdkt':17 'file':15 'meanwell':7 'nguon':3,5,16 'optimet':18 'ra':10 'soat':11 'tb':1 'tram':8",Optimet,DRC-100A,,,65ac5e26-b0a7-487e-a72d-3f0dfc3facc2,,Thiết bị nguồn,BDKT-KTKT,,,,,,,,,,,,,,,,,,,,,,,san_sang,,f024c88e-8702-49c8-a302-15b93f6acb3c,,,,f,TB_BDKT_KTKT_043,c939fdc4-38ff-4b16-a7cd-5cf428b638f7,{},KHONG,,83,he_thong
e53eb0fb-04e3-4c07-bbcf-d39a60c96200,TB_04HFMGG3,Cảm biến đo gió,98c88d39-bf0f-43c7-83a2-ca5d266ba54f,,Cảm biến đo gió,All Weather,,ce27df84-7054-4032-bfe7-efdb0bd119f4,d7faf284-1a3a-4e53-9433-8476900a66e7,,,1ce915ed-07e9-4b65-9209-2652ffd9b681,581d9350-905f-46da-b45e-c2d8aba4d868,09,"Ra soat 2026-07-11, file nguon: PBA_AWOS900",,,,,2026-07-11 09:50:09.894644+00,2026-08-11 04:37:10.204448+00,8c53503a-8e6c-4698-bb44-06b929060b8a,,6cbc6954-ab96-437d-9d85-cca8a5e3398e,"TB_04HFMGG3 Cam bien do gio  Cam bien do gio All Weather  09 Ra soat 2026-07-11, file nguon: PBA_AWOS900","'-07':17 '-11':18 '04hfmgg3':2 '09':13 '2026':16 'all':11 'awos900':22 'bien':4,8 'cam':3,7 'do':5,9 'file':19 'gio':6,10 'nguon':20 'pba':21 'ra':14 'soat':15 'tb':1 'weather':12",AWOS-900,2040,,,581d9350-905f-46da-b45e-c2d8aba4d868,,Cảm biến,PBA,,,,,,,,,,,,,,,,,,,,,,,san_sang,,f024c88e-8702-49c8-a302-15b93f6acb3c,,,,f,TB_PBA_022,2eaf6ca1-e139-4e9b-be99-d3b23a257027,{},KHONG,,83,he_thong
5ea3a058-c4b9-4286-9f28-1b0e6c7daaa8,TB_V11916Z4,Nguồn AC/DC,accf1740-4c18-4b9a-895f-59d85ba593b5,,Nguồn AC/DC,MeanWell,,a0625061-0c6d-4e0b-b438-d696787ad746,d7faf284-1a3a-4e53-9433-8476900a66e7,,,1ce915ed-07e9-4b65-9209-2652ffd9b681,65ac5e26-b0a7-487e-a72d-3f0dfc3facc2,Trạm 35,"Ra soat 2026-07-11, file nguon: BDKT_OPTIMET",,,,,2026-07-11 09:50:09.894644+00,2026-08-11 04:37:10.204448+00,0e8dbaf8-aa3e-4d9d-bab2-99b08381f6f9,,3f302563-bdbb-443d-911f-b0058e38db42,"TB_V11916Z4 Nguon AC/DC  Nguon AC/DC MeanWell  Tram 35 Ra soat 2026-07-11, file nguon: BDKT_OPTIMET","'-07':13 '-11':14 '2026':12 '35':9 'ac/dc':4,6 'bdkt':17 'file':15 'meanwell':7 'nguon':3,5,16 'optimet':18 'ra':10 'soat':11 'tb':1 'tram':8 'v11916z4':2",Optimet,PSC-100A-C,,,65ac5e26-b0a7-487e-a72d-3f0dfc3facc2,,Thiết bị nguồn,BDKT-KTKT,,,,,,,,,,,,,,,,,,,,,,,san_sang,,f024c88e-8702-49c8-a302-15b93f6acb3c,,,,f,TB_BDKT_KTKT_044,1f788dea-eb1c-47ba-9505-1b9eac11eea7,{},KHONG,,83,he_thong
2e1ef8d8-ba23-466c-a3bd-e92da591a6e1,TB_765G0ZZQ,Fiber to Ethernet lắp rack,ae03f513-6763-46f8-913d-91a103966947,,Fiber to Ethernet lắp rack,Moxa,,a0625061-0c6d-4e0b-b438-d696787ad746,d7faf284-1a3a-4e53-9433-8476900a66e7,,,1ce915ed-07e9-4b65-9209-2652ffd9b681,65ac5e26-b0a7-487e-a72d-3f0dfc3facc2,P.TBTT,"Ra soat 2026-07-11, file nguon: BDKT_OPTIMET",,,,,2026-07-11 09:50:09.894644+00,2026-08-11 04:37:10.204448+00,a5454b1e-b677-4fd8-8494-b4c080de867d,,3b1c9f72-6395-4ad0-a387-c7630195267a,"TB_765G0ZZQ Fiber to Ethernet lap rack  Fiber to Ethernet lap rack Moxa  P.TBTT Ra soat 2026-07-11, file nguon: BDKT_OPTIMET","'-07':18 '-11':19 '2026':17 '765g0zzq':2 'bdkt':22 'ethernet':5,10 'fiber':3,8 'file':20 'lap':6,11 'moxa':13 'nguon':21 'optimet':23 'p.tbtt':14 'ra':15 'rack':7,12 'soat':16 'tb':1 'to':4,9",Optimet,CSM-400-1218,,,65ac5e26-b0a7-487e-a72d-3f0dfc3facc2,,Truyền dẫn,BDKT-KTKT,,,,,,,,,,,,,,,,,,,,,,,san_sang,,f024c88e-8702-49c8-a302-15b93f6acb3c,,,,f,TB_BDKT_KTKT_041,5f720214-7afb-42d7-9613-2cf04355b5d7,{},KHONG,,83,he_thong
07914b8c-016d-41fb-be7f-809932094c2c,TB_4MBTM8AB,Chống sét đường tín hiệu,660f73b4-1975-4bde-8c87-810a23ef6e2c,,Chống sét đường tín hiệu RS232,Citel,,a0625061-0c6d-4e0b-b438-d696787ad746,d7faf284-1a3a-4e53-9433-8476900a66e7,,,1ce915ed-07e9-4b65-9209-2652ffd9b681,65ac5e26-b0a7-487e-a72d-3f0dfc3facc2,Trạm 35,"Ra soat 2026-07-11, file nguon: BDKT_OPTIMET",,,,,2026-07-11 09:50:09.894644+00,2026-08-11 04:37:10.204448+00,80666d25-731c-4de5-8d64-08488037258a,,3f302563-bdbb-443d-911f-b0058e38db42,"TB_4MBTM8AB Chong set duong tin hieu  Chong set duong tin hieu RS232 Citel  Tram 35 Ra soat 2026-07-11, file nguon: BDKT_OPTIMET","'-07':20 '-11':21 '2026':19 '35':16 '4mbtm8ab':2 'bdkt':24 'chong':3,8 'citel':14 'duong':5,10 'file':22 'hieu':7,12 'nguon':23 'optimet':25 'ra':17 'rs232':13 'set':4,9 'soat':18 'tb':1 'tin':6,11 'tram':15",Optimet,DLA2-12D3,,,65ac5e26-b0a7-487e-a72d-3f0dfc3facc2,,Cắt lọc sét,BDKT-KTKT,,,,,,,,,,,,,,,,,,,,,,,san_sang,,f024c88e-8702-49c8-a302-15b93f6acb3c,,,,f,TB_BDKT_KTKT_052,bead90c6-a65d-4305-90bc-b59f8d19d38e,{},KHONG,,83,he_thong
99dc40f9-fa43-4e45-841d-95d88c426996,TB_KHM85HAD,Nguồn AC/DC,accf1740-4c18-4b9a-895f-59d85ba593b5,,Nguồn AC/DC,MeanWell,,a0625061-0c6d-4e0b-b438-d696787ad746,d7faf284-1a3a-4e53-9433-8476900a66e7,,,1ce915ed-07e9-4b65-9209-2652ffd9b681,65ac5e26-b0a7-487e-a72d-3f0dfc3facc2,Trạm 17,"Ra soat 2026-07-11, file nguon: BDKT_OPTIMET",,,,,2026-07-11 09:50:09.894644+00,2026-08-11 04:37:10.204448+00,0e8dbaf8-aa3e-4d9d-bab2-99b08381f6f9,,7edb2f00-60da-46ad-8aed-873d4708393d,"TB_KHM85HAD Nguon AC/DC  Nguon AC/DC MeanWell  Tram 17 Ra soat 2026-07-11, file nguon: BDKT_OPTIMET","'-07':13 '-11':14 '17':9 '2026':12 'ac/dc':4,6 'bdkt':17 'file':15 'khm85had':2 'meanwell':7 'nguon':3,5,16 'optimet':18 'ra':10 'soat':11 'tb':1 'tram':8",Optimet,DRC-100A,,,65ac5e26-b0a7-487e-a72d-3f0dfc3facc2,,Thiết bị nguồn,BDKT-KTKT,,,,,,,,,,,,,,,,,,,,,,,san_sang,,f024c88e-8702-49c8-a302-15b93f6acb3c,,,,f,TB_BDKT_KTKT_069,c939fdc4-38ff-4b16-a7cd-5cf428b638f7,{},KHONG,,83,he_thong
1ddf92e0-22ef-4d5b-8a59-463dac7337b9,TB_2WJK6DMR,Nguồn AC/DC,accf1740-4c18-4b9a-895f-59d85ba593b5,,Nguồn AC/DC,MeanWell,,a0625061-0c6d-4e0b-b438-d696787ad746,d7faf284-1a3a-4e53-9433-8476900a66e7,,,1ce915ed-07e9-4b65-9209-2652ffd9b681,65ac5e26-b0a7-487e-a72d-3f0dfc3facc2,Trạm 17,"Ra soat 2026-07-11, file nguon: BDKT_OPTIMET",,,,,2026-07-11 09:50:09.894644+00,2026-08-11 04:37:10.204448+00,0e8dbaf8-aa3e-4d9d-bab2-99b08381f6f9,,7edb2f00-60da-46ad-8aed-873d4708393d,"TB_2WJK6DMR Nguon AC/DC  Nguon AC/DC MeanWell  Tram 17 Ra soat 2026-07-11, file nguon: BDKT_OPTIMET","'-07':13 '-11':14 '17':9 '2026':12 '2wjk6dmr':2 'ac/dc':4,6 'bdkt':17 'file':15 'meanwell':7 'nguon':3,5,16 'optimet':18 'ra':10 'soat':11 'tb':1 'tram':8",Optimet,PSC-100A-C,,,65ac5e26-b0a7-487e-a72d-3f0dfc3facc2,,Thiết bị nguồn,BDKT-KTKT,,,,,,,,,,,,,,,,,,,,,,,san_sang,,f024c88e-8702-49c8-a302-15b93f6acb3c,,,,f,TB_BDKT_KTKT_070,1f788dea-eb1c-47ba-9505-1b9eac11eea7,{},KHONG,,83,he_thong
a634d83c-ff28-4e8f-aea3-9a256eea7166,TB_65H0ZZEM,Cắt lọc sét AC,660f73b4-1975-4bde-8c87-810a23ef6e2c,,Cắt lọc sét AC,Roxburgh-EMC,,a0625061-0c6d-4e0b-b438-d696787ad746,d7faf284-1a3a-4e53-9433-8476900a66e7,,,1ce915ed-07e9-4b65-9209-2652ffd9b681,65ac5e26-b0a7-487e-a72d-3f0dfc3facc2,CEILO 17,"Ra soat 2026-07-11, file nguon: BDKT_OPTIMET",,,,,2026-07-11 09:50:09.894644+00,2026-08-11 04:37:10.204448+00,4d56ccac-8213-4e91-a767-a8dc3d42f531,,e96be350-6615-441a-91f5-53ad976e91b3,"TB_65H0ZZEM Cat loc set AC  Cat loc set AC Roxburgh-EMC  CEILO 17 Ra soat 2026-07-11, file nguon: BDKT_OPTIMET","'-07':19 '-11':20 '17':15 '2026':18 '65h0zzem':2 'ac':6,10 'bdkt':23 'cat':3,7 'ceilo':14 'emc':13 'file':21 'loc':4,8 'nguon':22 'optimet':24 'ra':16 'roxburgh':12 'roxburgh-emc':11 'set':5,9 'soat':17 'tb':1",Optimet,DRF06,,,65ac5e26-b0a7-487e-a72d-3f0dfc3facc2,,Cắt lọc sét,BDKT-KTKT,,,,,,,,,,,,,,,,,,,,,,,san_sang,,f024c88e-8702-49c8-a302-15b93f6acb3c,,,,f,TB_BDKT_KTKT_079,e96336be-123a-4f51-8234-9b6d9938d876,{},KHONG,,83,he_thong
19b24b4d-3ff9-441d-a2a2-9fba989aa467,TB_79XS55RX,Màn hình hiển thị số liệu Nhiệt-Ẩm-Áp,83e7d93e-2f76-4d4f-a6bc-08926383aba1,,Màn hình hiển thị số liệu Nhiệt-Ẩm-Áp,VTD,,ce27df84-7054-4032-bfe7-efdb0bd119f4,d7faf284-1a3a-4e53-9433-8476900a66e7,,,1ce915ed-07e9-4b65-9209-2652ffd9b681,581d9350-905f-46da-b45e-c2d8aba4d868,Phòng thiết bị,"Ra soat 2026-07-11, file nguon: PBA_AWOS900",,,,,2026-07-11 09:50:09.894644+00,2026-08-11 04:37:10.204448+00,2e2c3258-c675-4f4b-9435-c832804f802a,,b2fac103-f19c-4f49-a28c-75ff2b19b3c6,"TB_79XS55RX Man hinh hien thi so lieu Nhiet-Am-Ap  Man hinh hien thi so lieu Nhiet-Am-Ap VTD  Phong thiet bi Ra soat 2026-07-11, file nguon: PBA_AWOS900","'-07':30 '-11':31 '2026':29 '79xs55rx':2 'am':11,21 'ap':12,22 'awos900':35 'bi':26 'file':32 'hien':5,15 'hinh':4,14 'lieu':8,18 'man':3,13 'nguon':33 'nhiet':10,20 'nhiet-am-ap':9,19 'pba':34 'phong':24 'ra':27 'so':7,17 'soat':28 'tb':1 'thi':6,16 'thiet':25 'vtd':23",Thiết bị đo đạc quan trắc thông dụng,Pipad,,,581d9350-905f-46da-b45e-c2d8aba4d868,,Xử lý trung tâm,PBA,,,,,,,,,,,,,,,,,,,,,,,san_sang,,f024c88e-8702-49c8-a302-15b93f6acb3c,,,,f,TB_PBA_076,f11a88e5-3567-4da7-8c1a-45de7c3ec05d,{},KHONG,,83,he_thong
89a79023-4373-48d2-a160-989cae3d9480,TB_SN5G6KFA,Cảm biến đo hướng và đo tốc độ gió,98c88d39-bf0f-43c7-83a2-ca5d266ba54f,,Cảm biến gió,Gill,,a0625061-0c6d-4e0b-b438-d696787ad746,d7faf284-1a3a-4e53-9433-8476900a66e7,,,1ce915ed-07e9-4b65-9209-2652ffd9b681,65ac5e26-b0a7-487e-a72d-3f0dfc3facc2,Trạm 35,"Ra soat 2026-07-11, file nguon: BDKT_OPTIMET",,,,,2026-07-11 09:50:09.894644+00,2026-08-11 04:37:10.204448+00,8a078690-3935-478c-9d8c-92ed4818430f,,3f302563-bdbb-443d-911f-b0058e38db42,"TB_SN5G6KFA Cam bien do huong va do toc do gio  Cam bien gio Gill  Tram 35 Ra soat 2026-07-11, file nguon: BDKT_OPTIMET","'-07':21 '-11':22 '2026':20 '35':17 'bdkt':25 'bien':4,13 'cam':3,12 'do':5,8,10 'file':23 'gill':15 'gio':11,14 'huong':6 'nguon':24 'optimet':26 'ra':18 'sn5g6kfa':2 'soat':19 'tb':1 'toc':9 'tram':16 'va':7",Thiết bị đo đạc quan trắc thông dụng - TCT đầu tư,WindObserver 90,,,65ac5e26-b0a7-487e-a72d-3f0dfc3facc2,,Cảm biến,BDKT-KTKT,,,,,,,,,,,,,,,,,,,,,,,san_sang,,f024c88e-8702-49c8-a302-15b93f6acb3c,,,,f,TB_BDKT_KTKT_087,2a2eced2-24d5-41ce-b192-fd0dc8e162fc,{},KHONG,,83,he_thong
59c003e5-b77b-4b3a-98e8-824f978b7586,TB_C03GN79J,Nguồn AC/DC,accf1740-4c18-4b9a-895f-59d85ba593b5,,Nguồn AC/DC,MeanWell,,a0625061-0c6d-4e0b-b438-d696787ad746,d7faf284-1a3a-4e53-9433-8476900a66e7,,,1ce915ed-07e9-4b65-9209-2652ffd9b681,65ac5e26-b0a7-487e-a72d-3f0dfc3facc2,Trạm 35,"Ra soat 2026-07-11, file nguon: BDKT_OPTIMET",,,,,2026-07-11 09:50:09.894644+00,2026-08-11 04:37:10.204448+00,0e8dbaf8-aa3e-4d9d-bab2-99b08381f6f9,,3f302563-bdbb-443d-911f-b0058e38db42,"TB_C03GN79J Nguon AC/DC  Nguon AC/DC MeanWell  Tram 35 Ra soat 2026-07-11, file nguon: BDKT_OPTIMET","'-07':13 '-11':14 '2026':12 '35':9 'ac/dc':4,6 'bdkt':17 'c03gn79j':2 'file':15 'meanwell':7 'nguon':3,5,16 'optimet':18 'ra':10 'soat':11 'tb':1 'tram':8",Thiết bị đo đạc quan trắc thông dụng - TCT đầu tư,DRC-60B,,,65ac5e26-b0a7-487e-a72d-3f0dfc3facc2,,Thiết bị nguồn,BDKT-KTKT,,,,,,,,,,,,,,,,,,,,,,,san_sang,,f024c88e-8702-49c8-a302-15b93f6acb3c,,,,f,TB_BDKT_KTKT_089,5a9b0333-a084-4240-96ab-bd5db912930c,{},KHONG,,83,he_thong
b2f8e126-1ed4-4ea9-bb54-bc350e5e9e20,TB_PSQ1E0DS,Cắt lọc sét AC,660f73b4-1975-4bde-8c87-810a23ef6e2c,,Cắt lọc sét nguồn AC - Tủ thiết bị,Schneider,,a0625061-0c6d-4e0b-b438-d696787ad746,d7faf284-1a3a-4e53-9433-8476900a66e7,,,1ce915ed-07e9-4b65-9209-2652ffd9b681,65ac5e26-b0a7-487e-a72d-3f0dfc3facc2,CEILO 17,"Ra soat 2026-07-11, file nguon: BDKT_OPTIMET",,,,,2026-07-11 09:50:09.894644+00,2026-08-11 04:37:10.204448+00,1dfd07b4-a9da-41a0-aa04-7b64b3f5862e,,e96be350-6615-441a-91f5-53ad976e91b3,"TB_PSQ1E0DS Cat loc set AC  Cat loc set nguon AC - Tu thiet bi Schneider  CEILO 17 Ra soat 2026-07-11, file nguon: BDKT_OPTIMET","'-07':21 '-11':22 '17':17 '2026':20 'ac':6,11 'bdkt':25 'bi':14 'cat':3,7 'ceilo':16 'file':23 'loc':4,8 'nguon':10,24 'optimet':26 'psq1e0ds':2 'ra':18 'schneider':15 'set':5,9 'soat':19 'tb':1 'thiet':13 'tu':12",Optimet,EZ9L33620,,,65ac5e26-b0a7-487e-a72d-3f0dfc3facc2,,Cắt lọc sét,BDKT-KTKT,,,,,,,,,,,,,,,,,,,,,,,san_sang,,f024c88e-8702-49c8-a302-15b93f6acb3c,,,,f,TB_BDKT_KTKT_080,459c5424-4a64-4375-88c7-70d7c822477a,{},KHONG,,83,he_thong
99c31a47-33fb-4cf3-a864-7e009d2c549b,TB_3MSV6X3K,Chống sét RF,660f73b4-1975-4bde-8c87-810a23ef6e2c,,Chống sét RF,Citel,,a0625061-0c6d-4e0b-b438-d696787ad746,d7faf284-1a3a-4e53-9433-8476900a66e7,,,1ce915ed-07e9-4b65-9209-2652ffd9b681,65ac5e26-b0a7-487e-a72d-3f0dfc3facc2,CEILO 17,"Ra soat 2026-07-11, file nguon: BDKT_OPTIMET",,,,,2026-07-11 09:50:09.894644+00,2026-08-11 04:37:10.204448+00,80666d25-731c-4de5-8d64-08488037258a,,e96be350-6615-441a-91f5-53ad976e91b3,"TB_3MSV6X3K Chong set RF  Chong set RF Citel  CEILO 17 Ra soat 2026-07-11, file nguon: BDKT_OPTIMET","'-07':15 '-11':16 '17':11 '2026':14 '3msv6x3k':2 'bdkt':19 'ceilo':10 'chong':3,6 'citel':9 'file':17 'nguon':18 'optimet':20 'ra':12 'rf':5,8 'set':4,7 'soat':13 'tb':1",Optimet,P8AX09-N/FF,,,65ac5e26-b0a7-487e-a72d-3f0dfc3facc2,,Cắt lọc sét,BDKT-KTKT,,,,,,,,,,,,,,,,,,,,,,,san_sang,,f024c88e-8702-49c8-a302-15b93f6acb3c,,,,f,TB_BDKT_KTKT_081,735e9092-8583-4a95-a954-78469ec81046,{},KHONG,,83,he_thong
3e9e32aa-4bbc-48ab-b222-42e3c17b8b3e,TB_QVKK496A,Chống sét LAN,660f73b4-1975-4bde-8c87-810a23ef6e2c,,Chống sét LAN,APC,,a0625061-0c6d-4e0b-b438-d696787ad746,d7faf284-1a3a-4e53-9433-8476900a66e7,,,1ce915ed-07e9-4b65-9209-2652ffd9b681,65ac5e26-b0a7-487e-a72d-3f0dfc3facc2,CEILO 17,"Ra soat 2026-07-11, file nguon: BDKT_OPTIMET",,,,,2026-07-11 09:50:09.894644+00,2026-08-11 04:37:10.204448+00,85b16a8e-84ee-4408-ac50-81b3e2aa7ca6,,e96be350-6615-441a-91f5-53ad976e91b3,"TB_QVKK496A Chong set LAN  Chong set LAN APC  CEILO 17 Ra soat 2026-07-11, file nguon: BDKT_OPTIMET","'-07':15 '-11':16 '17':11 '2026':14 'apc':9 'bdkt':19 'ceilo':10 'chong':3,6 'file':17 'lan':5,8 'nguon':18 'optimet':20 'qvkk496a':2 'ra':12 'set':4,7 'soat':13 'tb':1",Optimet,PNET1G,,,65ac5e26-b0a7-487e-a72d-3f0dfc3facc2,,Cắt lọc sét,BDKT-KTKT,,,,,,,,,,,,,,,,,,,,,,,san_sang,,f024c88e-8702-49c8-a302-15b93f6acb3c,,,,f,TB_BDKT_KTKT_083,329793f9-7a1e-4010-b17a-974df9ad37ad,{},KHONG,,83,he_thong
aea213c8-5143-4d1b-a0cb-1f80f3b2228b,TB_J6Q4RW0C,"Bộ xử lý đầu trên, đầu dưới",660f73b4-1975-4bde-8c87-810a23ef6e2c,,"Bộ xử lý đầu trên, đầu dưới",nVent ERICO,,7f40beb2-5d47-4f4a-b7df-35cd1cca56ae,d7faf284-1a3a-4e53-9433-8476900a66e7,,,1ce915ed-07e9-4b65-9209-2652ffd9b681,e43c5d4b-3c3c-4486-89da-73e9ac747ab4,5 Trạm khí tượng,"Ra soat 2026-07-11, file nguon: THA_DAW21",,,,,2026-07-11 09:50:09.894644+00,2026-08-11 04:37:10.204448+00,2e05f201-8ee7-4f2d-afe5-963dc6d94500,,e96be350-6615-441a-91f5-53ad976e91b3,"TB_J6Q4RW0C Bo xu ly dau tren, dau duoi  Bo xu ly dau tren, dau duoi nVent ERICO  5 Tram khi tuong Ra soat 2026-07-11, file nguon: THA_DAW21","'-07':26 '-11':27 '2026':25 '5':19 'bo':3,10 'dau':6,8,13,15 'daw21':31 'duoi':9,16 'erico':18 'file':28 'j6q4rw0c':2 'khi':21 'ly':5,12 'nguon':29 'nvent':17 'ra':23 'soat':24 'tb':1 'tha':30 'tram':20 'tren':7,14 'tuong':22 'xu':4,11",AWOS D-AW21,ERICORE/UKIT/B ERICORE/LTKIT/A,,,e43c5d4b-3c3c-4486-89da-73e9ac747ab4,,Cắt lọc sét,THA,,,,,,,,,,,,,,,,,,,,,,,san_sang,,f024c88e-8702-49c8-a302-15b93f6acb3c,,,,f,TB_THA_079,0c34aefb-1e8c-4ceb-bec9-e3d7eae87c7c,{},KHONG,,83,he_thong
7b14b539-1cd5-47aa-bf10-3e0ce8cf53a2,TB_8HM9Z751,Cáp thoát sét 8 lớp,660f73b4-1975-4bde-8c87-810a23ef6e2c,,Cáp thoát sét 8 lớp,nVent ERICO,,7f40beb2-5d47-4f4a-b7df-35cd1cca56ae,d7faf284-1a3a-4e53-9433-8476900a66e7,,,1ce915ed-07e9-4b65-9209-2652ffd9b681,e43c5d4b-3c3c-4486-89da-73e9ac747ab4,5 Trạm khí tượng,"Ra soat 2026-07-11, file nguon: THA_DAW21",,,,,2026-07-11 09:50:09.894644+00,2026-08-11 04:37:10.204448+00,2e05f201-8ee7-4f2d-afe5-963dc6d94500,,e96be350-6615-441a-91f5-53ad976e91b3,"TB_8HM9Z751 Cap thoat set 8 lop  Cap thoat set 8 lop nVent ERICO  5 Tram khi tuong Ra soat 2026-07-11, file nguon: THA_DAW21","'-07':22 '-11':23 '2026':21 '5':15 '8':6,11 '8hm9z751':2 'cap':3,8 'daw21':27 'erico':14 'file':24 'khi':17 'lop':7,12 'nguon':25 'nvent':13 'ra':19 'set':5,10 'soat':20 'tb':1 'tha':26 'thoat':4,9 'tram':16 'tuong':18",AWOS D-AW21,ERICORE,,,e43c5d4b-3c3c-4486-89da-73e9ac747ab4,,Cắt lọc sét,THA,,,,,,,,,,,,,,,,,,,,,,,san_sang,,f024c88e-8702-49c8-a302-15b93f6acb3c,,,,f,TB_THA_080,fbce15d2-9697-4a29-bb8e-2ae417590dcb,{},KHONG,,83,he_thong
e71b4e37-2ae7-4dd9-99f6-fda7faed4243,TB_CBGWWFVV,Bộ kiểm tra hiệu chỉnh cho cảm biến ánh sáng nền (dùng chung cho cả 2 cảm biến),98c88d39-bf0f-43c7-83a2-ca5d266ba54f,,Bộ kiểm tra hiệu chỉnh cho cảm biến ánh sáng nền (dùng chung cho cả 2 cảm biến),,,a13f3116-f74d-4435-b248-5b458d9fead4,d7faf284-1a3a-4e53-9433-8476900a66e7,,,1ce915ed-07e9-4b65-9209-2652ffd9b681,f59bf0bd-520b-4245-80db-dc71b7187bf1,,Đề xuất: Khi có sự cố thì xuất kho Cty QLBMT thay thế sửa chữa | Hỏng hóc: 0 lần | VTDP: không | Niên hạn: Không,,,,,2026-07-11 09:50:09.894644+00,2026-08-11 04:37:10.204448+00,,,e96be350-6615-441a-91f5-53ad976e91b3,TB_CBGWWFVV Bo kiem tra hieu chinh cho cam bien anh sang nen (dung chung cho ca 2 cam bien)  Bo kiem tra hieu chinh cho cam bien anh sang nen (dung chung cho ca 2 cam bien)    De xuat: Khi co su co thi xuat kho Cty QLBMT thay the sua chua | Hong hoc: 0 lan | VTDP: khong | Nien han: Khong,"'0':56 '2':18,36 'anh':11,29 'bien':10,20,28,38 'bo':3,21 'ca':17,35 'cam':9,19,27,37 'cbgwwfvv':2 'chinh':7,25 'cho':8,16,26,34 'chua':53 'chung':15,33 'co':42,44 'cty':48 'de':39 'dung':14,32 'han':61 'hieu':6,24 'hoc':55 'hong':54 'khi':41 'kho':47 'khong':59,62 'kiem':4,22 'lan':57 'nen':13,31 'nien':60 'qlbmt':49 'sang':12,30 'su':43 'sua':52 'tb':1 'thay':50 'the':51 'thi':45 'tra':5,23 'vtdp':58 'xuat':40,46",,,,2025,f59bf0bd-520b-4245-80db-dc71b7187bf1,,,CR,,,,0.067,,,,,,,,,,,,,,,,,,,san_sang,,f024c88e-8702-49c8-a302-15b93f6acb3c,,,,f,TB_N1_AWOS_0004,e44ff709-431e-489f-b68a-c9a7dcee9669,{},KHONG,,83,he_thong
528a84f8-c1e9-4706-ab53-b076bb98875e,TB_N90V8QKS,Bộ kiểm tra hiệu chỉnh cho cảm biến ánh sáng nền (dùng chung cho cả 2 cảm biến),98c88d39-bf0f-43c7-83a2-ca5d266ba54f,,Bộ kiểm tra hiệu chỉnh cho cảm biến ánh sáng nền (dùng chung cho cả 2 cảm biến),,,a13f3116-f74d-4435-b248-5b458d9fead4,d7faf284-1a3a-4e53-9433-8476900a66e7,,,1ce915ed-07e9-4b65-9209-2652ffd9b681,f59bf0bd-520b-4245-80db-dc71b7187bf1,,Đề xuất: Khi có sự cố thì xuất kho Cty QLBMT thay thế sửa chữa | Hỏng hóc: 0 lần | VTDP: không | Niên hạn: Không,,,,,2026-07-11 09:50:09.894644+00,2026-08-11 04:37:10.204448+00,,,e96be350-6615-441a-91f5-53ad976e91b3,TB_N90V8QKS Bo kiem tra hieu chinh cho cam bien anh sang nen (dung chung cho ca 2 cam bien)  Bo kiem tra hieu chinh cho cam bien anh sang nen (dung chung cho ca 2 cam bien)    De xuat: Khi co su co thi xuat kho Cty QLBMT thay the sua chua | Hong hoc: 0 lan | VTDP: khong | Nien han: Khong,"'0':56 '2':18,36 'anh':11,29 'bien':10,20,28,38 'bo':3,21 'ca':17,35 'cam':9,19,27,37 'chinh':7,25 'cho':8,16,26,34 'chua':53 'chung':15,33 'co':42,44 'cty':48 'de':39 'dung':14,32 'han':61 'hieu':6,24 'hoc':55 'hong':54 'khi':41 'kho':47 'khong':59,62 'kiem':4,22 'lan':57 'n90v8qks':2 'nen':13,31 'nien':60 'qlbmt':49 'sang':12,30 'su':43 'sua':52 'tb':1 'thay':50 'the':51 'thi':45 'tra':5,23 'vtdp':58 'xuat':40,46",,,,2025,f59bf0bd-520b-4245-80db-dc71b7187bf1,,,CR,,,,0.067,,,,,,,,,,,,,,,,,,,san_sang,,f024c88e-8702-49c8-a302-15b93f6acb3c,,,,f,TB_N1_AWOS_0005,e44ff709-431e-489f-b68a-c9a7dcee9669,{},KHONG,,83,he_thong
9112f33b-0324-4c3a-8070-c9049d059883,TB_AYGHCF5G,Bộ xử lý đầu dưới,660f73b4-1975-4bde-8c87-810a23ef6e2c,,Bộ xử lý đầu dưới,ERICO,,a13f3116-f74d-4435-b248-5b458d9fead4,d7faf284-1a3a-4e53-9433-8476900a66e7,,,1ce915ed-07e9-4b65-9209-2652ffd9b681,f59bf0bd-520b-4245-80db-dc71b7187bf1,,Đề xuất: Khi có sự cố thì xuất kho Cty QLBMT thay thế sửa chữa | Hỏng hóc: 0 lần | VTDP: không | Niên hạn: Không,,,,,2026-07-11 09:50:09.894644+00,2026-08-11 04:37:10.204448+00,2e05f201-8ee7-4f2d-afe5-963dc6d94500,,e96be350-6615-441a-91f5-53ad976e91b3,TB_AYGHCF5G Bo xu ly dau duoi  Bo xu ly dau duoi ERICO   De xuat: Khi co su co thi xuat kho Cty QLBMT thay the sua chua | Hong hoc: 0 lan | VTDP: khong | Nien han: Khong,"'0':31 'ayghcf5g':2 'bo':3,8 'chua':28 'co':17,19 'cty':23 'dau':6,11 'de':14 'duoi':7,12 'erico':13 'han':36 'hoc':30 'hong':29 'khi':16 'kho':22 'khong':34,37 'lan':32 'ly':5,10 'nien':35 'qlbmt':24 'su':18 'sua':27 'tb':1 'thay':25 'the':26 'thi':20 'vtdp':33 'xu':4,9 'xuat':15,21",,ERICORE/LTKIT/A,2024,2025,f59bf0bd-520b-4245-80db-dc71b7187bf1,,,CR,,,,0.067,,,,,,,,,,,,,,,,,,,san_sang,,f024c88e-8702-49c8-a302-15b93f6acb3c,,,,f,TB_N1_AWOS_0012,a5f080a3-c50c-47fb-a123-bb33c98323a9,{},KHONG,,83,he_thong
4daf7db2-8b04-4d8e-bb79-910eb7207bd8,TB_T23R7B2M,Bộ thu thập mức sáng đèn đường cất hạ cánh có khả năng kết nối đèn lề đường CHC,ae03f513-6763-46f8-913d-91a103966947,- X2033992,Bộ thu thập mức sáng đèn đường cất hạ cánh có khả năng kết nối đèn lề đường CHC,,,a13f3116-f74d-4435-b248-5b458d9fead4,d7faf284-1a3a-4e53-9433-8476900a66e7,,,1ce915ed-07e9-4b65-9209-2652ffd9b681,f59bf0bd-520b-4245-80db-dc71b7187bf1,,Đề xuất: Khi có sự cố thì xuất kho Cty QLBMT thay thế sửa chữa | Hỏng hóc: 0 lần | VTDP: Có | Niên hạn: Không,,,,,2026-07-11 09:50:09.894644+00,2026-08-11 04:37:10.204448+00,79b069cc-810c-41ab-9b03-9032c1804a5f,,e96be350-6615-441a-91f5-53ad976e91b3,TB_T23R7B2M Bo thu thap muc sang den duong cat ha canh co kha nang ket noi den le duong CHC - X2033992 Bo thu thap muc sang den duong cat ha canh co kha nang ket noi den le duong CHC    De xuat: Khi co su co thi xuat kho Cty QLBMT thay the sua chua | Hong hoc: 0 lan | VTDP: Co | Nien han: Khong,"'0':59 'bo':3,23 'canh':12,32 'cat':10,30 'chc':21,41 'chua':56 'co':13,33,45,47,62 'cty':51 'de':42 'den':8,18,28,38 'duong':9,20,29,40 'ha':11,31 'han':64 'hoc':58 'hong':57 'ket':16,36 'kha':14,34 'khi':44 'kho':50 'khong':65 'lan':60 'le':19,39 'muc':6,26 'nang':15,35 'nien':63 'noi':17,37 'qlbmt':52 'sang':7,27 'su':46 'sua':55 't23r7b2m':2 'tb':1 'thap':5,25 'thay':53 'the':54 'thi':48 'thu':4,24 'vtdp':61 'x2033992':22 'xuat':43,49",,RSI51,2025,2025,f59bf0bd-520b-4245-80db-dc71b7187bf1,,,CR,,,,0.067,,,,,,,,,,,,,,,,,,,san_sang,,f024c88e-8702-49c8-a302-15b93f6acb3c,,,,f,TB_N1_AWOS_0006,52508dc2-529a-4ce8-bdba-9b41bba64bcf,{},KHONG,,100,he_thong
326b8ce8-caa4-4d7b-95c5-4e4ef7483715,TB_HFBSKQ6P,Bộ xử lý đầu dưới,660f73b4-1975-4bde-8c87-810a23ef6e2c,,Bộ xử lý đầu dưới,ERICO,,a13f3116-f74d-4435-b248-5b458d9fead4,d7faf284-1a3a-4e53-9433-8476900a66e7,,,1ce915ed-07e9-4b65-9209-2652ffd9b681,f59bf0bd-520b-4245-80db-dc71b7187bf1,,Đề xuất: Khi có sự cố thì xuất kho Cty QLBMT thay thế sửa chữa | Hỏng hóc: 0 lần | VTDP: không | Niên hạn: Không,,,,,2026-07-11 09:50:09.894644+00,2026-08-11 04:37:10.204448+00,2e05f201-8ee7-4f2d-afe5-963dc6d94500,,e96be350-6615-441a-91f5-53ad976e91b3,TB_HFBSKQ6P Bo xu ly dau duoi  Bo xu ly dau duoi ERICO   De xuat: Khi co su co thi xuat kho Cty QLBMT thay the sua chua | Hong hoc: 0 lan | VTDP: khong | Nien han: Khong,"'0':31 'bo':3,8 'chua':28 'co':17,19 'cty':23 'dau':6,11 'de':14 'duoi':7,12 'erico':13 'han':36 'hfbskq6p':2 'hoc':30 'hong':29 'khi':16 'kho':22 'khong':34,37 'lan':32 'ly':5,10 'nien':35 'qlbmt':24 'su':18 'sua':27 'tb':1 'thay':25 'the':26 'thi':20 'vtdp':33 'xu':4,9 'xuat':15,21",,ERICORE/LTKIT/A,2024,2025,f59bf0bd-520b-4245-80db-dc71b7187bf1,,,CR,,,,0.067,,,,,,,,,,,,,,,,,,,san_sang,,f024c88e-8702-49c8-a302-15b93f6acb3c,,,,f,TB_N1_AWOS_0010,a5f080a3-c50c-47fb-a123-bb33c98323a9,{},KHONG,,83,he_thong
b5ff4257-0be4-44d6-ae35-41735408bd80,TB_YQH5WZV9,Bộ xử lý đầu dưới,660f73b4-1975-4bde-8c87-810a23ef6e2c,,Bộ xử lý đầu dưới,ERICO,,a13f3116-f74d-4435-b248-5b458d9fead4,d7faf284-1a3a-4e53-9433-8476900a66e7,,,1ce915ed-07e9-4b65-9209-2652ffd9b681,f59bf0bd-520b-4245-80db-dc71b7187bf1,,Đề xuất: Khi có sự cố thì xuất kho Cty QLBMT thay thế sửa chữa | Hỏng hóc: 0 lần | VTDP: không | Niên hạn: Không,,,,,2026-07-11 09:50:09.894644+00,2026-08-11 04:37:10.204448+00,2e05f201-8ee7-4f2d-afe5-963dc6d94500,,e96be350-6615-441a-91f5-53ad976e91b3,TB_YQH5WZV9 Bo xu ly dau duoi  Bo xu ly dau duoi ERICO   De xuat: Khi co su co thi xuat kho Cty QLBMT thay the sua chua | Hong hoc: 0 lan | VTDP: khong | Nien han: Khong,"'0':31 'bo':3,8 'chua':28 'co':17,19 'cty':23 'dau':6,11 'de':14 'duoi':7,12 'erico':13 'han':36 'hoc':30 'hong':29 'khi':16 'kho':22 'khong':34,37 'lan':32 'ly':5,10 'nien':35 'qlbmt':24 'su':18 'sua':27 'tb':1 'thay':25 'the':26 'thi':20 'vtdp':33 'xu':4,9 'xuat':15,21 'yqh5wzv9':2",,ERICORE/LTKIT/A,2024,2025,f59bf0bd-520b-4245-80db-dc71b7187bf1,,,CR,,,,0.067,,,,,,,,,,,,,,,,,,,san_sang,,f024c88e-8702-49c8-a302-15b93f6acb3c,,,,f,TB_N1_AWOS_0011,a5f080a3-c50c-47fb-a123-bb33c98323a9,{},KHONG,,83,he_thong
cae11af1-7700-4dc4-99dd-5bbc95692d7b,TB_ZZ8VE696,Trạm MID,1ef69ec2-6298-4c48-b931-aea3fa48c0fc,,Trạm MID,,,a13f3116-f74d-4435-b248-5b458d9fead4,d7faf284-1a3a-4e53-9433-8476900a66e7,,,1ce915ed-07e9-4b65-9209-2652ffd9b681,f59bf0bd-520b-4245-80db-dc71b7187bf1,,Niên hạn: Không,,,,,2026-07-11 09:50:09.894644+00,2026-08-11 04:37:10.204448+00,,,e96be350-6615-441a-91f5-53ad976e91b3,TB_ZZ8VE696 Tram MID  Tram MID    Nien han: Khong,"'han':8 'khong':9 'mid':4,6 'nien':7 'tb':1 'tram':3,5 'zz8ve696':2",,,,,f59bf0bd-520b-4245-80db-dc71b7187bf1,,,,,,,,,,,,,,,,,,,,,,,,,,san_sang,,f024c88e-8702-49c8-a302-15b93f6acb3c,,,,f,TB_N1_AWOS_0063,33206c06-c13c-4988-8309-17716ee57742,{},KHONG,,83,he_thong
3bb8a6c5-e6b4-468a-9587-f3a4b7143fcd,TB_DD9N7XPE,Bộ xử lý đầu dưới,660f73b4-1975-4bde-8c87-810a23ef6e2c,,Bộ xử lý đầu dưới,ERICO,,a13f3116-f74d-4435-b248-5b458d9fead4,d7faf284-1a3a-4e53-9433-8476900a66e7,,,1ce915ed-07e9-4b65-9209-2652ffd9b681,f59bf0bd-520b-4245-80db-dc71b7187bf1,,Đề xuất: Khi có sự cố thì xuất kho Cty QLBMT thay thế sửa chữa | Hỏng hóc: 0 lần | VTDP: không | Niên hạn: Không,,,,,2026-07-11 09:50:09.894644+00,2026-08-11 04:37:10.204448+00,2e05f201-8ee7-4f2d-afe5-963dc6d94500,,e96be350-6615-441a-91f5-53ad976e91b3,TB_DD9N7XPE Bo xu ly dau duoi  Bo xu ly dau duoi ERICO   De xuat: Khi co su co thi xuat kho Cty QLBMT thay the sua chua | Hong hoc: 0 lan | VTDP: khong | Nien han: Khong,"'0':31 'bo':3,8 'chua':28 'co':17,19 'cty':23 'dau':6,11 'dd9n7xpe':2 'de':14 'duoi':7,12 'erico':13 'han':36 'hoc':30 'hong':29 'khi':16 'kho':22 'khong':34,37 'lan':32 'ly':5,10 'nien':35 'qlbmt':24 'su':18 'sua':27 'tb':1 'thay':25 'the':26 'thi':20 'vtdp':33 'xu':4,9 'xuat':15,21",,ERICORE/LTKIT/A,2024,2025,f59bf0bd-520b-4245-80db-dc71b7187bf1,,,CR,,,,0.067,,,,,,,,,,,,,,,,,,,san_sang,,f024c88e-8702-49c8-a302-15b93f6acb3c,,,,f,TB_N1_AWOS_0013,a5f080a3-c50c-47fb-a123-bb33c98323a9,{},KHONG,,83,he_thong
7ccbe798-ceeb-411d-aa81-09d8f9e3ffd8,TB_EET4EEKX,Bộ xử lý đầu dưới,660f73b4-1975-4bde-8c87-810a23ef6e2c,,Bộ xử lý đầu dưới,ERICO,,a13f3116-f74d-4435-b248-5b458d9fead4,d7faf284-1a3a-4e53-9433-8476900a66e7,,,1ce915ed-07e9-4b65-9209-2652ffd9b681,f59bf0bd-520b-4245-80db-dc71b7187bf1,,Đề xuất: Khi có sự cố thì xuất kho Cty QLBMT thay thế sửa chữa | Hỏng hóc: 0 lần | VTDP: không | Niên hạn: Không,,,,,2026-07-11 09:50:09.894644+00,2026-08-11 04:37:10.204448+00,2e05f201-8ee7-4f2d-afe5-963dc6d94500,,e96be350-6615-441a-91f5-53ad976e91b3,TB_EET4EEKX Bo xu ly dau duoi  Bo xu ly dau duoi ERICO   De xuat: Khi co su co thi xuat kho Cty QLBMT thay the sua chua | Hong hoc: 0 lan | VTDP: khong | Nien han: Khong,"'0':31 'bo':3,8 'chua':28 'co':17,19 'cty':23 'dau':6,11 'de':14 'duoi':7,12 'eet4eekx':2 'erico':13 'han':36 'hoc':30 'hong':29 'khi':16 'kho':22 'khong':34,37 'lan':32 'ly':5,10 'nien':35 'qlbmt':24 'su':18 'sua':27 'tb':1 'thay':25 'the':26 'thi':20 'vtdp':33 'xu':4,9 'xuat':15,21",,ERICORE/LTKIT/A,2024,2025,f59bf0bd-520b-4245-80db-dc71b7187bf1,,,CR,,,,0.067,,,,,,,,,,,,,,,,,,,san_sang,,f024c88e-8702-49c8-a302-15b93f6acb3c,,,,f,TB_N1_AWOS_0014,a5f080a3-c50c-47fb-a123-bb33c98323a9,{},KHONG,,83,he_thong
3a8202e9-4e5c-4be9-914b-c17a87b9d4f4,TB_JS2RQVFR,Bộ xử lý đầu trên,660f73b4-1975-4bde-8c87-810a23ef6e2c,,Bộ xử lý đầu trên,ERICO,,a13f3116-f74d-4435-b248-5b458d9fead4,d7faf284-1a3a-4e53-9433-8476900a66e7,,,1ce915ed-07e9-4b65-9209-2652ffd9b681,f59bf0bd-520b-4245-80db-dc71b7187bf1,,Đề xuất: Khi có sự cố thì xuất kho Cty QLBMT thay thế sửa chữa | Hỏng hóc: 0 lần | VTDP: không | Niên hạn: Không,,,,,2026-07-11 09:50:09.894644+00,2026-08-11 04:37:10.204448+00,2e05f201-8ee7-4f2d-afe5-963dc6d94500,,e96be350-6615-441a-91f5-53ad976e91b3,TB_JS2RQVFR Bo xu ly dau tren  Bo xu ly dau tren ERICO   De xuat: Khi co su co thi xuat kho Cty QLBMT thay the sua chua | Hong hoc: 0 lan | VTDP: khong | Nien han: Khong,"'0':31 'bo':3,8 'chua':28 'co':17,19 'cty':23 'dau':6,11 'de':14 'erico':13 'han':36 'hoc':30 'hong':29 'js2rqvfr':2 'khi':16 'kho':22 'khong':34,37 'lan':32 'ly':5,10 'nien':35 'qlbmt':24 'su':18 'sua':27 'tb':1 'thay':25 'the':26 'thi':20 'tren':7,12 'vtdp':33 'xu':4,9 'xuat':15,21",,ERICORE/UKIT/B,2024,2025,f59bf0bd-520b-4245-80db-dc71b7187bf1,,,CR,,,,0.067,,,,,,,,,,,,,,,,,,,san_sang,,f024c88e-8702-49c8-a302-15b93f6acb3c,,,,f,TB_N1_AWOS_0015,ca747075-dd4d-4a49-814f-d1ab099fa1b2,{},KHONG,,83,he_thong
12396f7d-1547-4c7f-b8a4-330f5f680538,TB_YAKBEE9J,Bộ xử lý đầu trên,660f73b4-1975-4bde-8c87-810a23ef6e2c,,Bộ xử lý đầu trên,ERICO,,a13f3116-f74d-4435-b248-5b458d9fead4,d7faf284-1a3a-4e53-9433-8476900a66e7,,,1ce915ed-07e9-4b65-9209-2652ffd9b681,f59bf0bd-520b-4245-80db-dc71b7187bf1,,Đề xuất: Khi có sự cố thì xuất kho Cty QLBMT thay thế sửa chữa | Hỏng hóc: 0 lần | VTDP: không | Niên hạn: Không,,,,,2026-07-11 09:50:09.894644+00,2026-08-11 04:37:10.204448+00,2e05f201-8ee7-4f2d-afe5-963dc6d94500,,e96be350-6615-441a-91f5-53ad976e91b3,TB_YAKBEE9J Bo xu ly dau tren  Bo xu ly dau tren ERICO   De xuat: Khi co su co thi xuat kho Cty QLBMT thay the sua chua | Hong hoc: 0 lan | VTDP: khong | Nien han: Khong,"'0':31 'bo':3,8 'chua':28 'co':17,19 'cty':23 'dau':6,11 'de':14 'erico':13 'han':36 'hoc':30 'hong':29 'khi':16 'kho':22 'khong':34,37 'lan':32 'ly':5,10 'nien':35 'qlbmt':24 'su':18 'sua':27 'tb':1 'thay':25 'the':26 'thi':20 'tren':7,12 'vtdp':33 'xu':4,9 'xuat':15,21 'yakbee9j':2",,ERICORE/UKIT/B,2024,2025,f59bf0bd-520b-4245-80db-dc71b7187bf1,,,CR,,,,0.067,,,,,,,,,,,,,,,,,,,san_sang,,f024c88e-8702-49c8-a302-15b93f6acb3c,,,,f,TB_N1_AWOS_0016,ca747075-dd4d-4a49-814f-d1ab099fa1b2,{},KHONG,,83,he_thong
c58460fb-41a5-49eb-a6e6-457b653d4b9b,TB_BZ8Z16Y2,Bộ xử lý đầu trên,660f73b4-1975-4bde-8c87-810a23ef6e2c,,Bộ xử lý đầu trên,ERICO,,a13f3116-f74d-4435-b248-5b458d9fead4,d7faf284-1a3a-4e53-9433-8476900a66e7,,,1ce915ed-07e9-4b65-9209-2652ffd9b681,f59bf0bd-520b-4245-80db-dc71b7187bf1,,Đề xuất: Khi có sự cố thì xuất kho Cty QLBMT thay thế sửa chữa | Hỏng hóc: 0 lần | VTDP: không | Niên hạn: Không,,,,,2026-07-11 09:50:09.894644+00,2026-08-11 04:37:10.204448+00,2e05f201-8ee7-4f2d-afe5-963dc6d94500,,e96be350-6615-441a-91f5-53ad976e91b3,TB_BZ8Z16Y2 Bo xu ly dau tren  Bo xu ly dau tren ERICO   De xuat: Khi co su co thi xuat kho Cty QLBMT thay the sua chua | Hong hoc: 0 lan | VTDP: khong | Nien han: Khong,"'0':31 'bo':3,8 'bz8z16y2':2 'chua':28 'co':17,19 'cty':23 'dau':6,11 'de':14 'erico':13 'han':36 'hoc':30 'hong':29 'khi':16 'kho':22 'khong':34,37 'lan':32 'ly':5,10 'nien':35 'qlbmt':24 'su':18 'sua':27 'tb':1 'thay':25 'the':26 'thi':20 'tren':7,12 'vtdp':33 'xu':4,9 'xuat':15,21",,ERICORE/UKIT/B,2024,2025,f59bf0bd-520b-4245-80db-dc71b7187bf1,,,CR,,,,0.067,,,,,,,,,,,,,,,,,,,san_sang,,f024c88e-8702-49c8-a302-15b93f6acb3c,,,,f,TB_N1_AWOS_0017,ca747075-dd4d-4a49-814f-d1ab099fa1b2,{},KHONG,,83,he_thong
00825d9c-16a9-4e90-84f6-296ba490a5a0,TB_C9TYSPFG,Bộ xử lý đầu trên,660f73b4-1975-4bde-8c87-810a23ef6e2c,,Bộ xử lý đầu trên,ERICO,,a13f3116-f74d-4435-b248-5b458d9fead4,d7faf284-1a3a-4e53-9433-8476900a66e7,,,1ce915ed-07e9-4b65-9209-2652ffd9b681,f59bf0bd-520b-4245-80db-dc71b7187bf1,,Đề xuất: Khi có sự cố thì xuất kho Cty QLBMT thay thế sửa chữa | Hỏng hóc: 0 lần | VTDP: không | Niên hạn: Không,,,,,2026-07-11 09:50:09.894644+00,2026-08-11 04:37:10.204448+00,2e05f201-8ee7-4f2d-afe5-963dc6d94500,,e96be350-6615-441a-91f5-53ad976e91b3,TB_C9TYSPFG Bo xu ly dau tren  Bo xu ly dau tren ERICO   De xuat: Khi co su co thi xuat kho Cty QLBMT thay the sua chua | Hong hoc: 0 lan | VTDP: khong | Nien han: Khong,"'0':31 'bo':3,8 'c9tyspfg':2 'chua':28 'co':17,19 'cty':23 'dau':6,11 'de':14 'erico':13 'han':36 'hoc':30 'hong':29 'khi':16 'kho':22 'khong':34,37 'lan':32 'ly':5,10 'nien':35 'qlbmt':24 'su':18 'sua':27 'tb':1 'thay':25 'the':26 'thi':20 'tren':7,12 'vtdp':33 'xu':4,9 'xuat':15,21",,ERICORE/UKIT/B,2024,2025,f59bf0bd-520b-4245-80db-dc71b7187bf1,,,CR,,,,0.067,,,,,,,,,,,,,,,,,,,san_sang,,f024c88e-8702-49c8-a302-15b93f6acb3c,,,,f,TB_N1_AWOS_0018,ca747075-dd4d-4a49-814f-d1ab099fa1b2,{},KHONG,,83,he_thong
d8740f85-4ba2-4ad8-94b1-9ea50bf675bd,TB_W3QHNHD0,Bộ xử lý đầu trên,660f73b4-1975-4bde-8c87-810a23ef6e2c,,Bộ xử lý đầu trên,ERICO,,a13f3116-f74d-4435-b248-5b458d9fead4,d7faf284-1a3a-4e53-9433-8476900a66e7,,,1ce915ed-07e9-4b65-9209-2652ffd9b681,f59bf0bd-520b-4245-80db-dc71b7187bf1,,Đề xuất: Khi có sự cố thì xuất kho Cty QLBMT thay thế sửa chữa | Hỏng hóc: 0 lần | VTDP: không | Niên hạn: Không,,,,,2026-07-11 09:50:09.894644+00,2026-08-11 04:37:10.204448+00,2e05f201-8ee7-4f2d-afe5-963dc6d94500,,e96be350-6615-441a-91f5-53ad976e91b3,TB_W3QHNHD0 Bo xu ly dau tren  Bo xu ly dau tren ERICO   De xuat: Khi co su co thi xuat kho Cty QLBMT thay the sua chua | Hong hoc: 0 lan | VTDP: khong | Nien han: Khong,"'0':31 'bo':3,8 'chua':28 'co':17,19 'cty':23 'dau':6,11 'de':14 'erico':13 'han':36 'hoc':30 'hong':29 'khi':16 'kho':22 'khong':34,37 'lan':32 'ly':5,10 'nien':35 'qlbmt':24 'su':18 'sua':27 'tb':1 'thay':25 'the':26 'thi':20 'tren':7,12 'vtdp':33 'w3qhnhd0':2 'xu':4,9 'xuat':15,21",,ERICORE/UKIT/B,2024,2025,f59bf0bd-520b-4245-80db-dc71b7187bf1,,,CR,,,,0.067,,,,,,,,,,,,,,,,,,,san_sang,,f024c88e-8702-49c8-a302-15b93f6acb3c,,,,f,TB_N1_AWOS_0019,ca747075-dd4d-4a49-814f-d1ab099fa1b2,{},KHONG,,83,he_thong
c3c9eb7a-d3c1-4516-856f-655a01935b84,TB_H12KAPD8,Trạm RWAY 02 R,1ef69ec2-6298-4c48-b931-aea3fa48c0fc,,Trạm RWAY 02 R,,,a13f3116-f74d-4435-b248-5b458d9fead4,d7faf284-1a3a-4e53-9433-8476900a66e7,,,1ce915ed-07e9-4b65-9209-2652ffd9b681,f59bf0bd-520b-4245-80db-dc71b7187bf1,,Niên hạn: Không,,,,,2026-07-11 09:50:09.894644+00,2026-08-11 04:37:10.204448+00,,,e96be350-6615-441a-91f5-53ad976e91b3,TB_H12KAPD8 Tram RWAY 02 R  Tram RWAY 02 R    Nien han: Khong,"'02':5,9 'h12kapd8':2 'han':12 'khong':13 'nien':11 'r':6,10 'rway':4,8 'tb':1 'tram':3,7",,,,,f59bf0bd-520b-4245-80db-dc71b7187bf1,,,,,,,,,,,,,,,,,,,,,,,,,,san_sang,,f024c88e-8702-49c8-a302-15b93f6acb3c,,,,f,TB_N1_AWOS_0064,c119f5bd-e71a-409d-b0e0-ecfa1b231725,{},KHONG,,83,he_thong
233e3225-4c96-4b7f-a7e9-988014f4afbb,TB_NBCC69ZY,"Chống sét bao gồm kim thu sét gắn trên cột 10m, / cáp thoát sét, bộ xử lý đầu cáp (đầu trên, đầu dưới), ống sợi thủy tinh là phụ kiện đồng bộ cùng nhà sản xuất với cáp thoát sét",1ef69ec2-6298-4c48-b931-aea3fa48c0fc,,"Chống sét bao gồm kim thu sét gắn trên cột 10m, / cáp thoát sét, bộ xử lý đầu cáp (đầu trên, đầu dưới), ống sợi thủy tinh là phụ kiện đồng bộ cùng nhà sản xuất với cáp thoát sét",,,a13f3116-f74d-4435-b248-5b458d9fead4,d7faf284-1a3a-4e53-9433-8476900a66e7,,,1ce915ed-07e9-4b65-9209-2652ffd9b681,f59bf0bd-520b-4245-80db-dc71b7187bf1,,Đề xuất: Khi có sự cố thì xuất kho Cty QLBMT thay thế sửa chữa | Hỏng hóc: 0 lần | VTDP: không | Niên hạn: Không,,,,,2026-07-11 09:50:09.894644+00,2026-08-11 04:37:10.204448+00,,,e96be350-6615-441a-91f5-53ad976e91b3,"TB_NBCC69ZY Chong set bao gom kim thu set gan tren cot 10m, / cap thoat set, bo xu ly dau cap (dau tren, dau duoi), ong soi thuy tinh la phu kien dong bo cung nha san xuat voi cap thoat set  Chong set bao gom kim thu set gan tren cot 10m, / cap thoat set, bo xu ly dau cap (dau tren, dau duoi), ong soi thuy tinh la phu kien dong bo cung nha san xuat voi cap thoat set    De xuat: Khi co su co thi xuat kho Cty QLBMT thay the sua chua | Hong hoc: 0 lan | VTDP: khong | Nien han: Khong","'0':100 '10m':13,53 'bao':5,45 'bo':17,34,57,74 'cap':14,21,40,54,61,80 'chong':3,43 'chua':97 'co':86,88 'cot':12,52 'cty':92 'cung':35,75 'dau':20,22,24,60,62,64 'de':83 'dong':33,73 'duoi':25,65 'gan':10,50 'gom':6,46 'han':105 'hoc':99 'hong':98 'khi':85 'kho':91 'khong':103,106 'kien':32,72 'kim':7,47 'la':30,70 'lan':101 'ly':19,59 'nbcc69zy':2 'nha':36,76 'nien':104 'ong':26,66 'phu':31,71 'qlbmt':93 'san':37,77 'set':4,9,16,42,44,49,56,82 'soi':27,67 'su':87 'sua':96 'tb':1 'thay':94 'the':95 'thi':89 'thoat':15,41,55,81 'thu':8,48 'thuy':28,68 'tinh':29,69 'tren':11,23,51,63 'voi':39,79 'vtdp':102 'xu':18,58 'xuat':38,78,84,90",,,,2025,f59bf0bd-520b-4245-80db-dc71b7187bf1,,,CR,,,,0.067,,,,,,,,,,,,,,,,,,,san_sang,,f024c88e-8702-49c8-a302-15b93f6acb3c,,,,f,TB_N1_AWOS_0020,9523ab9e-4612-477f-bb67-5e591edd0f2b,{},KHONG,,83,he_thong
9fdf2c97-df96-46ca-94f9-8d7e609fd009,TB_YA9XZJ0Q,"Chống sét bao gồm kim thu sét gắn trên cột 10m, / cáp thoát sét, bộ xử lý đầu cáp (đầu trên, đầu dưới), ống sợi thủy tinh là phụ kiện đồng bộ cùng nhà sản xuất với cáp thoát sét",1ef69ec2-6298-4c48-b931-aea3fa48c0fc,,"Chống sét bao gồm kim thu sét gắn trên cột 10m, / cáp thoát sét, bộ xử lý đầu cáp (đầu trên, đầu dưới), ống sợi thủy tinh là phụ kiện đồng bộ cùng nhà sản xuất với cáp thoát sét",,,a13f3116-f74d-4435-b248-5b458d9fead4,d7faf284-1a3a-4e53-9433-8476900a66e7,,,1ce915ed-07e9-4b65-9209-2652ffd9b681,f59bf0bd-520b-4245-80db-dc71b7187bf1,,Đề xuất: Khi có sự cố thì xuất kho Cty QLBMT thay thế sửa chữa | Hỏng hóc: 0 lần | VTDP: không | Niên hạn: Không,,,,,2026-07-11 09:50:09.894644+00,2026-08-11 04:37:10.204448+00,,,e96be350-6615-441a-91f5-53ad976e91b3,"TB_YA9XZJ0Q Chong set bao gom kim thu set gan tren cot 10m, / cap thoat set, bo xu ly dau cap (dau tren, dau duoi), ong soi thuy tinh la phu kien dong bo cung nha san xuat voi cap thoat set  Chong set bao gom kim thu set gan tren cot 10m, / cap thoat set, bo xu ly dau cap (dau tren, dau duoi), ong soi thuy tinh la phu kien dong bo cung nha san xuat voi cap thoat set    De xuat: Khi co su co thi xuat kho Cty QLBMT thay the sua chua | Hong hoc: 0 lan | VTDP: khong | Nien han: Khong","'0':100 '10m':13,53 'bao':5,45 'bo':17,34,57,74 'cap':14,21,40,54,61,80 'chong':3,43 'chua':97 'co':86,88 'cot':12,52 'cty':92 'cung':35,75 'dau':20,22,24,60,62,64 'de':83 'dong':33,73 'duoi':25,65 'gan':10,50 'gom':6,46 'han':105 'hoc':99 'hong':98 'khi':85 'kho':91 'khong':103,106 'kien':32,72 'kim':7,47 'la':30,70 'lan':101 'ly':19,59 'nha':36,76 'nien':104 'ong':26,66 'phu':31,71 'qlbmt':93 'san':37,77 'set':4,9,16,42,44,49,56,82 'soi':27,67 'su':87 'sua':96 'tb':1 'thay':94 'the':95 'thi':89 'thoat':15,41,55,81 'thu':8,48 'thuy':28,68 'tinh':29,69 'tren':11,23,51,63 'voi':39,79 'vtdp':102 'xu':18,58 'xuat':38,78,84,90 'ya9xzj0q':2",,,,2025,f59bf0bd-520b-4245-80db-dc71b7187bf1,,,CR,,,,0.067,,,,,,,,,,,,,,,,,,,san_sang,,f024c88e-8702-49c8-a302-15b93f6acb3c,,,,f,TB_N1_AWOS_0021,9523ab9e-4612-477f-bb67-5e591edd0f2b,{},KHONG,,83,he_thong
c7ebca39-ad77-4a22-a399-9ae3d02ab335,TB_JS0X21R3,"Chống sét bao gồm kim thu sét gắn trên cột 10m, / cáp thoát sét, bộ xử lý đầu cáp (đầu trên, đầu dưới), ống sợi thủy tinh là phụ kiện đồng bộ cùng nhà sản xuất với cáp thoát sét",1ef69ec2-6298-4c48-b931-aea3fa48c0fc,,"Chống sét bao gồm kim thu sét gắn trên cột 10m, / cáp thoát sét, bộ xử lý đầu cáp (đầu trên, đầu dưới), ống sợi thủy tinh là phụ kiện đồng bộ cùng nhà sản xuất với cáp thoát sét",,,a13f3116-f74d-4435-b248-5b458d9fead4,d7faf284-1a3a-4e53-9433-8476900a66e7,,,1ce915ed-07e9-4b65-9209-2652ffd9b681,f59bf0bd-520b-4245-80db-dc71b7187bf1,,Đề xuất: Khi có sự cố thì xuất kho Cty QLBMT thay thế sửa chữa | Hỏng hóc: 0 lần | VTDP: không | Niên hạn: Không,,,,,2026-07-11 09:50:09.894644+00,2026-08-11 04:37:10.204448+00,,,e96be350-6615-441a-91f5-53ad976e91b3,"TB_JS0X21R3 Chong set bao gom kim thu set gan tren cot 10m, / cap thoat set, bo xu ly dau cap (dau tren, dau duoi), ong soi thuy tinh la phu kien dong bo cung nha san xuat voi cap thoat set  Chong set bao gom kim thu set gan tren cot 10m, / cap thoat set, bo xu ly dau cap (dau tren, dau duoi), ong soi thuy tinh la phu kien dong bo cung nha san xuat voi cap thoat set    De xuat: Khi co su co thi xuat kho Cty QLBMT thay the sua chua | Hong hoc: 0 lan | VTDP: khong | Nien han: Khong","'0':100 '10m':13,53 'bao':5,45 'bo':17,34,57,74 'cap':14,21,40,54,61,80 'chong':3,43 'chua':97 'co':86,88 'cot':12,52 'cty':92 'cung':35,75 'dau':20,22,24,60,62,64 'de':83 'dong':33,73 'duoi':25,65 'gan':10,50 'gom':6,46 'han':105 'hoc':99 'hong':98 'js0x21r3':2 'khi':85 'kho':91 'khong':103,106 'kien':32,72 'kim':7,47 'la':30,70 'lan':101 'ly':19,59 'nha':36,76 'nien':104 'ong':26,66 'phu':31,71 'qlbmt':93 'san':37,77 'set':4,9,16,42,44,49,56,82 'soi':27,67 'su':87 'sua':96 'tb':1 'thay':94 'the':95 'thi':89 'thoat':15,41,55,81 'thu':8,48 'thuy':28,68 'tinh':29,69 'tren':11,23,51,63 'voi':39,79 'vtdp':102 'xu':18,58 'xuat':38,78,84,90",,,,2025,f59bf0bd-520b-4245-80db-dc71b7187bf1,,,CR,,,,0.067,,,,,,,,,,,,,,,,,,,san_sang,,f024c88e-8702-49c8-a302-15b93f6acb3c,,,,f,TB_N1_AWOS_0022,9523ab9e-4612-477f-bb67-5e591edd0f2b,{},KHONG,,83,he_thong
a8cb030e-96b3-4ab8-a0c0-5a202e6d0e78,TB_Y9SSZDHA,Thiết bị kiểm tra và hiệu chuẩn máy đo tầm nhìn,1ef69ec2-6298-4c48-b931-aea3fa48c0fc,J15087-09,SWS Calibration Kit,Biral,,7f40beb2-5d47-4f4a-b7df-35cd1cca56ae,d7faf284-1a3a-4e53-9433-8476900a66e7,,,1ce915ed-07e9-4b65-9209-2652ffd9b681,e43c5d4b-3c3c-4486-89da-73e9ac747ab4,Kho VTDP -  Đài KSKL TUY HÒA,"Ra soat 2026-07-11, file nguon: THA_DAW21",,,,,2026-07-11 09:50:09.894644+00,2026-08-11 04:37:10.204448+00,b7f4a9b7-d8ca-434b-b11c-5e4a13a35ad1,,e96be350-6615-441a-91f5-53ad976e91b3,"TB_Y9SSZDHA Thiet bi kiem tra va hieu chuan may do tam nhin J15087-09 SWS Calibration Kit Biral  Kho VTDP -  Dai KSKL TUY HOA Ra soat 2026-07-11, file nguon: THA_DAW21",'-07':29 '-09':15 '-11':30 '2026':28 'bi':4 'biral':19 'calibration':17 'chuan':9 'dai':22 'daw21':34 'do':11 'file':31 'hieu':8 'hoa':25 'j15087':14 'kho':20 'kiem':5 'kit':18 'kskl':23 'may':10 'nguon':32 'nhin':13 'ra':26 'soat':27 'sws':16 'tam':12 'tb':1 'tha':33 'thiet':3 'tra':6 'tuy':24 'va':7 'vtdp':21 'y9sszdha':2,AWOS D-AW21,SWS.CAL,,,e43c5d4b-3c3c-4486-89da-73e9ac747ab4,,Thiết bị kiểm tra và hiệu chuẩn,THA,,,,,,,,,,,,,,,,,,,,,,,san_sang,,f024c88e-8702-49c8-a302-15b93f6acb3c,,,,f,TB_THA_095,3b58c09b-ba41-435c-8929-ba0d4ad5a110,{},KHONG,,100,he_thong
bdedf39d-c8c2-4947-ac6f-480042a926be,TB_NJW3C7DW,"Chống sét bao gồm kim thu sét gắn trên cột 10m, / cáp thoát sét, bộ xử lý đầu cáp (đầu trên, đầu dưới), ống sợi thủy tinh là phụ kiện đồng bộ cùng nhà sản xuất với cáp thoát sét",1ef69ec2-6298-4c48-b931-aea3fa48c0fc,,"Chống sét bao gồm kim thu sét gắn trên cột 10m, / cáp thoát sét, bộ xử lý đầu cáp (đầu trên, đầu dưới), ống sợi thủy tinh là phụ kiện đồng bộ cùng nhà sản xuất với cáp thoát sét",,,a13f3116-f74d-4435-b248-5b458d9fead4,d7faf284-1a3a-4e53-9433-8476900a66e7,,,1ce915ed-07e9-4b65-9209-2652ffd9b681,f59bf0bd-520b-4245-80db-dc71b7187bf1,,Đề xuất: Khi có sự cố thì xuất kho Cty QLBMT thay thế sửa chữa | Hỏng hóc: 0 lần | VTDP: không | Niên hạn: Không,,,,,2026-07-11 09:50:09.894644+00,2026-08-11 04:37:10.204448+00,,,e96be350-6615-441a-91f5-53ad976e91b3,"TB_NJW3C7DW Chong set bao gom kim thu set gan tren cot 10m, / cap thoat set, bo xu ly dau cap (dau tren, dau duoi), ong soi thuy tinh la phu kien dong bo cung nha san xuat voi cap thoat set  Chong set bao gom kim thu set gan tren cot 10m, / cap thoat set, bo xu ly dau cap (dau tren, dau duoi), ong soi thuy tinh la phu kien dong bo cung nha san xuat voi cap thoat set    De xuat: Khi co su co thi xuat kho Cty QLBMT thay the sua chua | Hong hoc: 0 lan | VTDP: khong | Nien han: Khong","'0':100 '10m':13,53 'bao':5,45 'bo':17,34,57,74 'cap':14,21,40,54,61,80 'chong':3,43 'chua':97 'co':86,88 'cot':12,52 'cty':92 'cung':35,75 'dau':20,22,24,60,62,64 'de':83 'dong':33,73 'duoi':25,65 'gan':10,50 'gom':6,46 'han':105 'hoc':99 'hong':98 'khi':85 'kho':91 'khong':103,106 'kien':32,72 'kim':7,47 'la':30,70 'lan':101 'ly':19,59 'nha':36,76 'nien':104 'njw3c7dw':2 'ong':26,66 'phu':31,71 'qlbmt':93 'san':37,77 'set':4,9,16,42,44,49,56,82 'soi':27,67 'su':87 'sua':96 'tb':1 'thay':94 'the':95 'thi':89 'thoat':15,41,55,81 'thu':8,48 'thuy':28,68 'tinh':29,69 'tren':11,23,51,63 'voi':39,79 'vtdp':102 'xu':18,58 'xuat':38,78,84,90",,,,2025,f59bf0bd-520b-4245-80db-dc71b7187bf1,,,CR,,,,0.067,,,,,,,,,,,,,,,,,,,san_sang,,f024c88e-8702-49c8-a302-15b93f6acb3c,,,,f,TB_N1_AWOS_0023,9523ab9e-4612-477f-bb67-5e591edd0f2b,{},KHONG,,83,he_thong
99dd0d88-9d09-4ad4-a22b-43b81db519cb,TB_TQ44N4PG,Trạm RWAY 20 L,1ef69ec2-6298-4c48-b931-aea3fa48c0fc,,Trạm RWAY 20 L,,,a13f3116-f74d-4435-b248-5b458d9fead4,d7faf284-1a3a-4e53-9433-8476900a66e7,,,1ce915ed-07e9-4b65-9209-2652ffd9b681,f59bf0bd-520b-4245-80db-dc71b7187bf1,,Niên hạn: Không,,,,,2026-07-11 09:50:09.894644+00,2026-08-11 04:37:10.204448+00,,,e96be350-6615-441a-91f5-53ad976e91b3,TB_TQ44N4PG Tram RWAY 20 L  Tram RWAY 20 L    Nien han: Khong,"'20':5,9 'han':12 'khong':13 'l':6,10 'nien':11 'rway':4,8 'tb':1 'tq44n4pg':2 'tram':3,7",,,,,f59bf0bd-520b-4245-80db-dc71b7187bf1,,,,,,,,,,,,,,,,,,,,,,,,,,san_sang,,f024c88e-8702-49c8-a302-15b93f6acb3c,,,,f,TB_N1_AWOS_0065,25df870a-f529-47e2-a365-ad75358672c5,{},KHONG,,83,he_thong
dd3c140d-3fb8-43f4-8509-8248b310c28b,TB_ASBD5AAM,"Chống sét bao gồm kim thu sét gắn trên cột 10m, / cáp thoát sét, bộ xử lý đầu cáp (đầu trên, đầu dưới), ống sợi thủy tinh là phụ kiện đồng bộ cùng nhà sản xuất với cáp thoát sét",1ef69ec2-6298-4c48-b931-aea3fa48c0fc,,"Chống sét bao gồm kim thu sét gắn trên cột 10m, / cáp thoát sét, bộ xử lý đầu cáp (đầu trên, đầu dưới), ống sợi thủy tinh là phụ kiện đồng bộ cùng nhà sản xuất với cáp thoát sét",,,a13f3116-f74d-4435-b248-5b458d9fead4,d7faf284-1a3a-4e53-9433-8476900a66e7,,,1ce915ed-07e9-4b65-9209-2652ffd9b681,f59bf0bd-520b-4245-80db-dc71b7187bf1,,Đề xuất: Khi có sự cố thì xuất kho Cty QLBMT thay thế sửa chữa | Hỏng hóc: 0 lần | VTDP: không | Niên hạn: Không,,,,,2026-07-11 09:50:09.894644+00,2026-08-11 04:37:10.204448+00,,,e96be350-6615-441a-91f5-53ad976e91b3,"TB_ASBD5AAM Chong set bao gom kim thu set gan tren cot 10m, / cap thoat set, bo xu ly dau cap (dau tren, dau duoi), ong soi thuy tinh la phu kien dong bo cung nha san xuat voi cap thoat set  Chong set bao gom kim thu set gan tren cot 10m, / cap thoat set, bo xu ly dau cap (dau tren, dau duoi), ong soi thuy tinh la phu kien dong bo cung nha san xuat voi cap thoat set    De xuat: Khi co su co thi xuat kho Cty QLBMT thay the sua chua | Hong hoc: 0 lan | VTDP: khong | Nien han: Khong","'0':100 '10m':13,53 'asbd5aam':2 'bao':5,45 'bo':17,34,57,74 'cap':14,21,40,54,61,80 'chong':3,43 'chua':97 'co':86,88 'cot':12,52 'cty':92 'cung':35,75 'dau':20,22,24,60,62,64 'de':83 'dong':33,73 'duoi':25,65 'gan':10,50 'gom':6,46 'han':105 'hoc':99 'hong':98 'khi':85 'kho':91 'khong':103,106 'kien':32,72 'kim':7,47 'la':30,70 'lan':101 'ly':19,59 'nha':36,76 'nien':104 'ong':26,66 'phu':31,71 'qlbmt':93 'san':37,77 'set':4,9,16,42,44,49,56,82 'soi':27,67 'su':87 'sua':96 'tb':1 'thay':94 'the':95 'thi':89 'thoat':15,41,55,81 'thu':8,48 'thuy':28,68 'tinh':29,69 'tren':11,23,51,63 'voi':39,79 'vtdp':102 'xu':18,58 'xuat':38,78,84,90",,,,2025,f59bf0bd-520b-4245-80db-dc71b7187bf1,,,CR,,,,0.067,,,,,,,,,,,,,,,,,,,san_sang,,f024c88e-8702-49c8-a302-15b93f6acb3c,,,,f,TB_N1_AWOS_0024,9523ab9e-4612-477f-bb67-5e591edd0f2b,{},KHONG,,83,he_thong
368f9ce6-efb2-4d1b-86fe-300a83bd28c4,TB_2B3QKMX7,Cáp,1ef69ec2-6298-4c48-b931-aea3fa48c0fc,,Cáp,ERICO,,a13f3116-f74d-4435-b248-5b458d9fead4,d7faf284-1a3a-4e53-9433-8476900a66e7,,,1ce915ed-07e9-4b65-9209-2652ffd9b681,f59bf0bd-520b-4245-80db-dc71b7187bf1,,Đề xuất: Khi có sự cố thì xuất kho Cty QLBMT thay thế sửa chữa | Hỏng hóc: 0 lần | VTDP: không | Niên hạn: Không,,,,,2026-07-11 09:50:09.894644+00,2026-08-11 04:37:10.204448+00,2e05f201-8ee7-4f2d-afe5-963dc6d94500,,e96be350-6615-441a-91f5-53ad976e91b3,TB_2B3QKMX7 Cap  Cap ERICO   De xuat: Khi co su co thi xuat kho Cty QLBMT thay the sua chua | Hong hoc: 0 lan | VTDP: khong | Nien han: Khong,"'0':23 '2b3qkmx7':2 'cap':3,4 'chua':20 'co':9,11 'cty':15 'de':6 'erico':5 'han':28 'hoc':22 'hong':21 'khi':8 'kho':14 'khong':26,29 'lan':24 'nien':27 'qlbmt':16 'su':10 'sua':19 'tb':1 'thay':17 'the':18 'thi':12 'vtdp':25 'xuat':7,13",,ERICORE,2024,2025,f59bf0bd-520b-4245-80db-dc71b7187bf1,,,CR,,,,0.067,,,,,,,,,,,,,,,,,,,san_sang,,f024c88e-8702-49c8-a302-15b93f6acb3c,,,,f,TB_N1_AWOS_0025,d04dd23d-9c01-4138-ae4d-8f463db7c8d6,{},KHONG,,83,he_thong
d79c0046-f0ca-49db-afc5-b4aba1ab5336,TB_0WE00Q5A,Cáp,1ef69ec2-6298-4c48-b931-aea3fa48c0fc,,Cáp,ERICO,,a13f3116-f74d-4435-b248-5b458d9fead4,d7faf284-1a3a-4e53-9433-8476900a66e7,,,1ce915ed-07e9-4b65-9209-2652ffd9b681,f59bf0bd-520b-4245-80db-dc71b7187bf1,,Đề xuất: Khi có sự cố thì xuất kho Cty QLBMT thay thế sửa chữa | Hỏng hóc: 0 lần | VTDP: không | Niên hạn: Không,,,,,2026-07-11 09:50:09.894644+00,2026-08-11 04:37:10.204448+00,2e05f201-8ee7-4f2d-afe5-963dc6d94500,,e96be350-6615-441a-91f5-53ad976e91b3,TB_0WE00Q5A Cap  Cap ERICO   De xuat: Khi co su co thi xuat kho Cty QLBMT thay the sua chua | Hong hoc: 0 lan | VTDP: khong | Nien han: Khong,"'0':23 '0we00q5a':2 'cap':3,4 'chua':20 'co':9,11 'cty':15 'de':6 'erico':5 'han':28 'hoc':22 'hong':21 'khi':8 'kho':14 'khong':26,29 'lan':24 'nien':27 'qlbmt':16 'su':10 'sua':19 'tb':1 'thay':17 'the':18 'thi':12 'vtdp':25 'xuat':7,13",,ERICORE,2024,2025,f59bf0bd-520b-4245-80db-dc71b7187bf1,,,CR,,,,0.067,,,,,,,,,,,,,,,,,,,san_sang,,f024c88e-8702-49c8-a302-15b93f6acb3c,,,,f,TB_N1_AWOS_0026,d04dd23d-9c01-4138-ae4d-8f463db7c8d6,{},KHONG,,83,he_thong
6ed34617-e854-4bf5-8a42-0fe0450fd1cd,TB_CTNQQD77,Cáp,1ef69ec2-6298-4c48-b931-aea3fa48c0fc,,Cáp,ERICO,,a13f3116-f74d-4435-b248-5b458d9fead4,d7faf284-1a3a-4e53-9433-8476900a66e7,,,1ce915ed-07e9-4b65-9209-2652ffd9b681,f59bf0bd-520b-4245-80db-dc71b7187bf1,,Đề xuất: Khi có sự cố thì xuất kho Cty QLBMT thay thế sửa chữa | Hỏng hóc: 0 lần | VTDP: không | Niên hạn: Không,,,,,2026-07-11 09:50:09.894644+00,2026-08-11 04:37:10.204448+00,2e05f201-8ee7-4f2d-afe5-963dc6d94500,,e96be350-6615-441a-91f5-53ad976e91b3,TB_CTNQQD77 Cap  Cap ERICO   De xuat: Khi co su co thi xuat kho Cty QLBMT thay the sua chua | Hong hoc: 0 lan | VTDP: khong | Nien han: Khong,"'0':23 'cap':3,4 'chua':20 'co':9,11 'ctnqqd77':2 'cty':15 'de':6 'erico':5 'han':28 'hoc':22 'hong':21 'khi':8 'kho':14 'khong':26,29 'lan':24 'nien':27 'qlbmt':16 'su':10 'sua':19 'tb':1 'thay':17 'the':18 'thi':12 'vtdp':25 'xuat':7,13",,ERICORE,2024,2025,f59bf0bd-520b-4245-80db-dc71b7187bf1,,,CR,,,,0.067,,,,,,,,,,,,,,,,,,,san_sang,,f024c88e-8702-49c8-a302-15b93f6acb3c,,,,f,TB_N1_AWOS_0027,d04dd23d-9c01-4138-ae4d-8f463db7c8d6,{},KHONG,,83,he_thong
b4aff0f7-4376-45de-936a-3dc5cee4668d,TB_22SK86NW,Cáp,1ef69ec2-6298-4c48-b931-aea3fa48c0fc,,Cáp,ERICO,,a13f3116-f74d-4435-b248-5b458d9fead4,d7faf284-1a3a-4e53-9433-8476900a66e7,,,1ce915ed-07e9-4b65-9209-2652ffd9b681,f59bf0bd-520b-4245-80db-dc71b7187bf1,,Đề xuất: Khi có sự cố thì xuất kho Cty QLBMT thay thế sửa chữa | Hỏng hóc: 0 lần | VTDP: không | Niên hạn: Không,,,,,2026-07-11 09:50:09.894644+00,2026-08-11 04:37:10.204448+00,2e05f201-8ee7-4f2d-afe5-963dc6d94500,,e96be350-6615-441a-91f5-53ad976e91b3,TB_22SK86NW Cap  Cap ERICO   De xuat: Khi co su co thi xuat kho Cty QLBMT thay the sua chua | Hong hoc: 0 lan | VTDP: khong | Nien han: Khong,"'0':23 '22sk86nw':2 'cap':3,4 'chua':20 'co':9,11 'cty':15 'de':6 'erico':5 'han':28 'hoc':22 'hong':21 'khi':8 'kho':14 'khong':26,29 'lan':24 'nien':27 'qlbmt':16 'su':10 'sua':19 'tb':1 'thay':17 'the':18 'thi':12 'vtdp':25 'xuat':7,13",,ERICORE,2024,2025,f59bf0bd-520b-4245-80db-dc71b7187bf1,,,CR,,,,0.067,,,,,,,,,,,,,,,,,,,san_sang,,f024c88e-8702-49c8-a302-15b93f6acb3c,,,,f,TB_N1_AWOS_0028,d04dd23d-9c01-4138-ae4d-8f463db7c8d6,{},KHONG,,83,he_thong
12435ede-d09b-4eba-800a-111b4a8c7667,TB_JRPHHZ7M,Cáp,1ef69ec2-6298-4c48-b931-aea3fa48c0fc,,Cáp,ERICO,,a13f3116-f74d-4435-b248-5b458d9fead4,d7faf284-1a3a-4e53-9433-8476900a66e7,,,1ce915ed-07e9-4b65-9209-2652ffd9b681,f59bf0bd-520b-4245-80db-dc71b7187bf1,,Đề xuất: Khi có sự cố thì xuất kho Cty QLBMT thay thế sửa chữa | Hỏng hóc: 0 lần | VTDP: không | Niên hạn: Không,,,,,2026-07-11 09:50:09.894644+00,2026-08-11 04:37:10.204448+00,2e05f201-8ee7-4f2d-afe5-963dc6d94500,,e96be350-6615-441a-91f5-53ad976e91b3,TB_JRPHHZ7M Cap  Cap ERICO   De xuat: Khi co su co thi xuat kho Cty QLBMT thay the sua chua | Hong hoc: 0 lan | VTDP: khong | Nien han: Khong,"'0':23 'cap':3,4 'chua':20 'co':9,11 'cty':15 'de':6 'erico':5 'han':28 'hoc':22 'hong':21 'jrphhz7m':2 'khi':8 'kho':14 'khong':26,29 'lan':24 'nien':27 'qlbmt':16 'su':10 'sua':19 'tb':1 'thay':17 'the':18 'thi':12 'vtdp':25 'xuat':7,13",,ERICORE,2024,2025,f59bf0bd-520b-4245-80db-dc71b7187bf1,,,CR,,,,0.067,,,,,,,,,,,,,,,,,,,san_sang,,f024c88e-8702-49c8-a302-15b93f6acb3c,,,,f,TB_N1_AWOS_0029,d04dd23d-9c01-4138-ae4d-8f463db7c8d6,{},KHONG,,83,he_thong
09ba002e-a4b8-447f-aa9e-4b6dfb180afb,TB_H3DNQ5KD,Cắt lọc sét AC đèn cao không,660f73b4-1975-4bde-8c87-810a23ef6e2c,,Cắt lọc sét AC đèn cao không,nVent ERICO,,a0625061-0c6d-4e0b-b438-d696787ad746,d7faf284-1a3a-4e53-9433-8476900a66e7,,,1ce915ed-07e9-4b65-9209-2652ffd9b681,65ac5e26-b0a7-487e-a72d-3f0dfc3facc2,Trạm 17,"Ra soat 2026-07-11, file nguon: BDKT_OPTIMET",,,,,2026-07-11 09:50:09.894644+00,2026-08-11 04:37:10.204448+00,2e05f201-8ee7-4f2d-afe5-963dc6d94500,,7edb2f00-60da-46ad-8aed-873d4708393d,"TB_H3DNQ5KD Cat loc set AC den cao khong  Cat loc set AC den cao khong nVent ERICO  Tram 17 Ra soat 2026-07-11, file nguon: BDKT_OPTIMET","'-07':24 '-11':25 '17':20 '2026':23 'ac':6,13 'bdkt':28 'cao':8,15 'cat':3,10 'den':7,14 'erico':18 'file':26 'h3dnq5kd':2 'khong':9,16 'loc':4,11 'nguon':27 'nvent':17 'optimet':29 'ra':21 'set':5,12 'soat':22 'tb':1 'tram':19",Optimet,DT230011R,,,65ac5e26-b0a7-487e-a72d-3f0dfc3facc2,,Cắt lọc sét,BDKT-KTKT,,,,,,,,,,,,,,,,,,,,,,,san_sang,,f024c88e-8702-49c8-a302-15b93f6acb3c,,,,f,TB_BDKT_KTKT_072,b53a7f78-396e-4bfe-bacf-66f11cc6959d,{},KHONG,,83,he_thong
7be02bb6-b6a5-417c-8641-a6f61d34b657,TB_QQ5VEH1K,Media Converter,ae03f513-6763-46f8-913d-91a103966947,,Media Converter,Moxa,,ce27df84-7054-4032-bfe7-efdb0bd119f4,d7faf284-1a3a-4e53-9433-8476900a66e7,,,1ce915ed-07e9-4b65-9209-2652ffd9b681,581d9350-905f-46da-b45e-c2d8aba4d868,Mid,"Ra soat 2026-07-11, file nguon: PBA_AWOS900",,,,,2026-07-11 09:50:09.894644+00,2026-08-11 04:37:10.204448+00,a5454b1e-b677-4fd8-8494-b4c080de867d,,e96be350-6615-441a-91f5-53ad976e91b3,"TB_QQ5VEH1K Media Converter  Media Converter Moxa  Mid Ra soat 2026-07-11, file nguon: PBA_AWOS900","'-07':12 '-11':13 '2026':11 'awos900':17 'converter':4,6 'file':14 'media':3,5 'mid':8 'moxa':7 'nguon':15 'pba':16 'qq5veh1k':2 'ra':9 'soat':10 'tb':1",AWOS-900,TCF-142-S,,,581d9350-905f-46da-b45e-c2d8aba4d868,,Truyền dẫn,PBA,,,,,,,,,,,,,,,,,,,,,,,san_sang,,f024c88e-8702-49c8-a302-15b93f6acb3c,,,,f,TB_PBA_015,59726500-96ec-4bb6-b155-aa865356f1c5,{},KHONG,,83,he_thong
5b6721df-abcc-4d23-8198-798ad1f4dada,TB_A0WF0AXR,Cảm biến ánh sáng nền,98c88d39-bf0f-43c7-83a2-ca5d266ba54f,,Cảm biến ánh sáng nền,,,a13f3116-f74d-4435-b248-5b458d9fead4,d7faf284-1a3a-4e53-9433-8476900a66e7,,,1ce915ed-07e9-4b65-9209-2652ffd9b681,f59bf0bd-520b-4245-80db-dc71b7187bf1,,Đề xuất: Khi có sự cố thì xuất kho Cty QLBMT thay thế sửa chữa | Hỏng hóc: 0 lần | VTDP: không | Niên hạn: Không,,,,,2026-07-11 09:50:09.894644+00,2026-08-11 04:37:10.204448+00,79b069cc-810c-41ab-9b03-9032c1804a5f,,e96be350-6615-441a-91f5-53ad976e91b3,TB_A0WF0AXR Cam bien anh sang nen  Cam bien anh sang nen    De xuat: Khi co su co thi xuat kho Cty QLBMT thay the sua chua | Hong hoc: 0 lan | VTDP: khong | Nien han: Khong,"'0':30 'a0wf0axr':2 'anh':5,10 'bien':4,9 'cam':3,8 'chua':27 'co':16,18 'cty':22 'de':13 'han':35 'hoc':29 'hong':28 'khi':15 'kho':21 'khong':33,36 'lan':31 'nen':7,12 'nien':34 'qlbmt':23 'sang':6,11 'su':17 'sua':26 'tb':1 'thay':24 'the':25 'thi':19 'vtdp':32 'xuat':14,20",,LM21,,2025,f59bf0bd-520b-4245-80db-dc71b7187bf1,,,CR,,,,0.067,,,,,,,,,,,,,,,,,,,san_sang,,f024c88e-8702-49c8-a302-15b93f6acb3c,,,,f,TB_N1_AWOS_0030,f8d3ee7f-016e-4cc0-a167-93be7718f584,{},KHONG,,83,he_thong
9f82a256-4963-4e7b-9ef0-7228ed11d6dd,TB_0BHMQ91D,Cảm biến ánh sáng nền,98c88d39-bf0f-43c7-83a2-ca5d266ba54f,,Cảm biến ánh sáng nền,,,a13f3116-f74d-4435-b248-5b458d9fead4,d7faf284-1a3a-4e53-9433-8476900a66e7,,,1ce915ed-07e9-4b65-9209-2652ffd9b681,f59bf0bd-520b-4245-80db-dc71b7187bf1,,Đề xuất: Khi có sự cố thì xuất kho Cty QLBMT thay thế sửa chữa | Hỏng hóc: 0 lần | VTDP: không | Niên hạn: Không,,,,,2026-07-11 09:50:09.894644+00,2026-08-11 04:37:10.204448+00,79b069cc-810c-41ab-9b03-9032c1804a5f,,e96be350-6615-441a-91f5-53ad976e91b3,TB_0BHMQ91D Cam bien anh sang nen  Cam bien anh sang nen    De xuat: Khi co su co thi xuat kho Cty QLBMT thay the sua chua | Hong hoc: 0 lan | VTDP: khong | Nien han: Khong,"'0':30 '0bhmq91d':2 'anh':5,10 'bien':4,9 'cam':3,8 'chua':27 'co':16,18 'cty':22 'de':13 'han':35 'hoc':29 'hong':28 'khi':15 'kho':21 'khong':33,36 'lan':31 'nen':7,12 'nien':34 'qlbmt':23 'sang':6,11 'su':17 'sua':26 'tb':1 'thay':24 'the':25 'thi':19 'vtdp':32 'xuat':14,20",,LM21,,2025,f59bf0bd-520b-4245-80db-dc71b7187bf1,,,CR,,,,0.067,,,,,,,,,,,,,,,,,,,san_sang,,f024c88e-8702-49c8-a302-15b93f6acb3c,,,,f,TB_N1_AWOS_0031,f8d3ee7f-016e-4cc0-a167-93be7718f584,{},KHONG,,83,he_thong
22af8a75-cb5e-4a84-acc9-e191ba0e0efb,TB_4F14ATXR,Cảm biến đo ánh sáng nền,98c88d39-bf0f-43c7-83a2-ca5d266ba54f,,Cảm biến ánh sáng nền LM21,Vaisala,,a0625061-0c6d-4e0b-b438-d696787ad746,d7faf284-1a3a-4e53-9433-8476900a66e7,,,1ce915ed-07e9-4b65-9209-2652ffd9b681,65ac5e26-b0a7-487e-a72d-3f0dfc3facc2,Trạm 35,"Ra soat 2026-07-11, file nguon: BDKT_OPTIMET",,,,,2026-07-11 09:50:09.894644+00,2026-08-11 04:37:10.204448+00,79b069cc-810c-41ab-9b03-9032c1804a5f,,3f302563-bdbb-443d-911f-b0058e38db42,"TB_4F14ATXR Cam bien do anh sang nen  Cam bien anh sang nen LM21 Vaisala  Tram 35 Ra soat 2026-07-11, file nguon: BDKT_OPTIMET","'-07':21 '-11':22 '2026':20 '35':17 '4f14atxr':2 'anh':6,11 'bdkt':25 'bien':4,10 'cam':3,9 'do':5 'file':23 'lm21':14 'nen':8,13 'nguon':24 'optimet':26 'ra':18 'sang':7,12 'soat':19 'tb':1 'tram':16 'vaisala':15",Optimet,LM21,,,65ac5e26-b0a7-487e-a72d-3f0dfc3facc2,,Cảm biến,BDKT-KTKT,,,,,,,,,,,,,,,,,,,,,,,san_sang,,f024c88e-8702-49c8-a302-15b93f6acb3c,,,,f,TB_BDKT_KTKT_003,f8d3ee7f-016e-4cc0-a167-93be7718f584,{},KHONG,,83,he_thong
05477861-a74d-4e37-9d77-369ef11c9575,TB_2FR5JFBK,Màn hình 19'',83e7d93e-2f76-4d4f-a6bc-08926383aba1,CN-0Y0Y34-PCC0Q-9A5478-A09,Màn hình 19'',DELL,,5ae20f2b-30dc-409c-95db-68b98b79c94e,d7faf284-1a3a-4e53-9433-8476900a66e7,,,1ce915ed-07e9-4b65-9209-2652ffd9b681,f59bf0bd-520b-4245-80db-dc71b7187bf1,,Hỏng hóc: 0 lần | Tình trạng: Hoạt động bình thường | VTDP: Không | Niên hạn: Không,,,,,2026-07-11 09:50:09.894644+00,2026-08-11 04:37:10.204448+00,f9bb034d-e32b-4595-b6a6-e5136105dc19,,e96be350-6615-441a-91f5-53ad976e91b3,TB_2FR5JFBK Man hinh 19'' CN-0Y0Y34-PCC0Q-9A5478-A09 Man hinh 19'' DELL   Hong hoc: 0 lan | Tinh trang: Hoat dong binh thuong | VTDP: Khong | Nien han: Khong,"'0':18 '0y0y34':8 '19':5,14 '2fr5jfbk':2 '9a5478':10 'a09':11 'binh':24 'cn':7 'cn-0y0y34-pcc0q-9a5478-a09':6 'dell':15 'dong':23 'han':29 'hinh':4,13 'hoat':22 'hoc':17 'hong':16 'khong':27,30 'lan':19 'man':3,12 'nien':28 'pcc0q':9 'tb':1 'thuong':25 'tinh':20 'trang':21 'vtdp':26",,,2018,2018,f59bf0bd-520b-4245-80db-dc71b7187bf1,,,CR,,,,0.533,,,,,,,,,,,,,,,,,,,san_sang,,f024c88e-8702-49c8-a302-15b93f6acb3c,,,,f,TB_N1_AWOS_0137,fd26b905-1645-4c48-b814-cb237f91ac07,{},KHONG,,100,he_thong
dcb74b35-9614-4e26-92e9-f0cb32b0616d,TB_WTCHQ6J6,"Cảm biến đo hướng và tốc độ gió (kèm theo cáp tín hiệu, cáp nguồn, phụ kiện chống chim đậu, phụ kiện lắp đặt)",98c88d39-bf0f-43c7-83a2-ca5d266ba54f,,"Cảm biến đo hướng và tốc độ gió (kèm theo cáp tín hiệu, cáp nguồn, phụ kiện chống chim đậu, phụ kiện lắp đặt)",,,a13f3116-f74d-4435-b248-5b458d9fead4,d7faf284-1a3a-4e53-9433-8476900a66e7,,,1ce915ed-07e9-4b65-9209-2652ffd9b681,f59bf0bd-520b-4245-80db-dc71b7187bf1,,Đề xuất: Khi có sự cố thì xuất kho Cty QLBMT thay thế sửa chữa | Hỏng hóc: 0 lần | VTDP: Có | Niên hạn: Không,,,,,2026-07-11 09:50:09.894644+00,2026-08-11 04:37:10.204448+00,79b069cc-810c-41ab-9b03-9032c1804a5f,,e96be350-6615-441a-91f5-53ad976e91b3,"TB_WTCHQ6J6 Cam bien do huong va toc do gio (kem theo cap tin hieu, cap nguon, phu kien chong chim dau, phu kien lap dat)  Cam bien do huong va toc do gio (kem theo cap tin hieu, cap nguon, phu kien chong chim dau, phu kien lap dat)    De xuat: Khi co su co thi xuat kho Cty QLBMT thay the sua chua | Hong hoc: 0 lan | VTDP: Co | Nien han: Khong","'0':68 'bien':4,28 'cam':3,27 'cap':13,16,37,40 'chim':21,45 'chong':20,44 'chua':65 'co':54,56,71 'cty':60 'dat':26,50 'dau':22,46 'de':51 'do':5,9,29,33 'gio':10,34 'han':73 'hieu':15,39 'hoc':67 'hong':66 'huong':6,30 'kem':11,35 'khi':53 'kho':59 'khong':74 'kien':19,24,43,48 'lan':69 'lap':25,49 'nguon':17,41 'nien':72 'phu':18,23,42,47 'qlbmt':61 'su':55 'sua':64 'tb':1 'thay':62 'the':63 'theo':12,36 'thi':57 'tin':14,38 'toc':8,32 'va':7,31 'vtdp':70 'wtchq6j6':2 'xuat':52,58",,WMT700,,2025,f59bf0bd-520b-4245-80db-dc71b7187bf1,,,CR,,,,0.125,,,,,,,,,,,,,,,,,,,san_sang,,f024c88e-8702-49c8-a302-15b93f6acb3c,,,,f,TB_N1_AWOS_0033,259cdc0f-dfa0-45b4-af1a-b2dc6dcf025b,{},KHONG,,83,he_thong
78c51269-4388-4c0d-a27b-6d4f06cf623a,TB_ER2KAX08,"Cảm biến đo hướng và tốc độ gió (kèm theo cáp tín hiệu, cáp nguồn, phụ kiện chống chim đậu, phụ kiện lắp đặt)",98c88d39-bf0f-43c7-83a2-ca5d266ba54f,,"Cảm biến đo hướng và tốc độ gió (kèm theo cáp tín hiệu, cáp nguồn, phụ kiện chống chim đậu, phụ kiện lắp đặt)",,,a13f3116-f74d-4435-b248-5b458d9fead4,d7faf284-1a3a-4e53-9433-8476900a66e7,,,1ce915ed-07e9-4b65-9209-2652ffd9b681,f59bf0bd-520b-4245-80db-dc71b7187bf1,,Đề xuất: Khi có sự cố thì xuất kho Cty QLBMT thay thế sửa chữa | Hỏng hóc: 0 lần | VTDP: Có | Niên hạn: Không,,,,,2026-07-11 09:50:09.894644+00,2026-08-11 04:37:10.204448+00,79b069cc-810c-41ab-9b03-9032c1804a5f,,e96be350-6615-441a-91f5-53ad976e91b3,"TB_ER2KAX08 Cam bien do huong va toc do gio (kem theo cap tin hieu, cap nguon, phu kien chong chim dau, phu kien lap dat)  Cam bien do huong va toc do gio (kem theo cap tin hieu, cap nguon, phu kien chong chim dau, phu kien lap dat)    De xuat: Khi co su co thi xuat kho Cty QLBMT thay the sua chua | Hong hoc: 0 lan | VTDP: Co | Nien han: Khong","'0':68 'bien':4,28 'cam':3,27 'cap':13,16,37,40 'chim':21,45 'chong':20,44 'chua':65 'co':54,56,71 'cty':60 'dat':26,50 'dau':22,46 'de':51 'do':5,9,29,33 'er2kax08':2 'gio':10,34 'han':73 'hieu':15,39 'hoc':67 'hong':66 'huong':6,30 'kem':11,35 'khi':53 'kho':59 'khong':74 'kien':19,24,43,48 'lan':69 'lap':25,49 'nguon':17,41 'nien':72 'phu':18,23,42,47 'qlbmt':61 'su':55 'sua':64 'tb':1 'thay':62 'the':63 'theo':12,36 'thi':57 'tin':14,38 'toc':8,32 'va':7,31 'vtdp':70 'xuat':52,58",,WMT700,,2025,f59bf0bd-520b-4245-80db-dc71b7187bf1,,,CR,,,,0.125,,,,,,,,,,,,,,,,,,,san_sang,,f024c88e-8702-49c8-a302-15b93f6acb3c,,,,f,TB_N1_AWOS_0034,259cdc0f-dfa0-45b4-af1a-b2dc6dcf025b,{},KHONG,,83,he_thong
f91fcbdd-d7a5-44f0-b159-82fa121eb6f4,TB_RQHBPJRR,"Cảm biến đo hướng và tốc độ gió (kèm theo cáp tín hiệu, cáp nguồn, phụ kiện chống chim đậu, phụ kiện lắp đặt)",98c88d39-bf0f-43c7-83a2-ca5d266ba54f,,"Cảm biến đo hướng và tốc độ gió (kèm theo cáp tín hiệu, cáp nguồn, phụ kiện chống chim đậu, phụ kiện lắp đặt)",,,a13f3116-f74d-4435-b248-5b458d9fead4,d7faf284-1a3a-4e53-9433-8476900a66e7,,,1ce915ed-07e9-4b65-9209-2652ffd9b681,f59bf0bd-520b-4245-80db-dc71b7187bf1,,Đề xuất: Khi có sự cố thì xuất kho Cty QLBMT thay thế sửa chữa | Hỏng hóc: 0 lần | VTDP: Có | Niên hạn: Không,,,,,2026-07-11 09:50:09.894644+00,2026-08-11 04:37:10.204448+00,79b069cc-810c-41ab-9b03-9032c1804a5f,,e96be350-6615-441a-91f5-53ad976e91b3,"TB_RQHBPJRR Cam bien do huong va toc do gio (kem theo cap tin hieu, cap nguon, phu kien chong chim dau, phu kien lap dat)  Cam bien do huong va toc do gio (kem theo cap tin hieu, cap nguon, phu kien chong chim dau, phu kien lap dat)    De xuat: Khi co su co thi xuat kho Cty QLBMT thay the sua chua | Hong hoc: 0 lan | VTDP: Co | Nien han: Khong","'0':68 'bien':4,28 'cam':3,27 'cap':13,16,37,40 'chim':21,45 'chong':20,44 'chua':65 'co':54,56,71 'cty':60 'dat':26,50 'dau':22,46 'de':51 'do':5,9,29,33 'gio':10,34 'han':73 'hieu':15,39 'hoc':67 'hong':66 'huong':6,30 'kem':11,35 'khi':53 'kho':59 'khong':74 'kien':19,24,43,48 'lan':69 'lap':25,49 'nguon':17,41 'nien':72 'phu':18,23,42,47 'qlbmt':61 'rqhbpjrr':2 'su':55 'sua':64 'tb':1 'thay':62 'the':63 'theo':12,36 'thi':57 'tin':14,38 'toc':8,32 'va':7,31 'vtdp':70 'xuat':52,58",,WMT700,,2025,f59bf0bd-520b-4245-80db-dc71b7187bf1,,,CR,,,,0.125,,,,,,,,,,,,,,,,,,,san_sang,,f024c88e-8702-49c8-a302-15b93f6acb3c,,,,f,TB_N1_AWOS_0035,259cdc0f-dfa0-45b4-af1a-b2dc6dcf025b,{},KHONG,,83,he_thong
d222f235-9176-48ea-8a39-ae9655d7d28a,TB_KFP7M93S,Cảm biến đo hướng và đo tốc độ gió,98c88d39-bf0f-43c7-83a2-ca5d266ba54f,,Cảm biến đo hướng và tốc độ gió,Thies Clima,,ebc4a136-c5e7-4f7d-abfc-e3ddea655b8c,d7faf284-1a3a-4e53-9433-8476900a66e7,,,1ce915ed-07e9-4b65-9209-2652ffd9b681,46e84da7-5a8b-4a79-aa46-2fb4bae1ff26,AWS-33,"Ra soat 2026-07-11, file nguon: PCA_IMS",,,,,2026-07-11 09:50:09.894644+00,2026-08-11 04:37:10.204448+00,f0c86184-a2a8-4ba2-b3e2-87283fbcf190,,e96be350-6615-441a-91f5-53ad976e91b3,"TB_KFP7M93S Cam bien do huong va do toc do gio  Cam bien do huong va toc do gio Thies Clima  AWS-33 Ra soat 2026-07-11, file nguon: PCA_IMS","'-07':27 '-11':28 '-33':23 '2026':26 'aws':22 'bien':4,13 'cam':3,12 'clima':21 'do':5,8,10,14,18 'file':29 'gio':11,19 'huong':6,15 'ims':32 'kfp7m93s':2 'nguon':30 'pca':31 'ra':24 'soat':25 'tb':1 'thies':20 'toc':9,17 'va':7,16",AWOS-IMS,4.3820.00.300,,,46e84da7-5a8b-4a79-aa46-2fb4bae1ff26,,Cảm biến,PCA,,,,,,,,,,,,,,,,,,,,,,,san_sang,,f024c88e-8702-49c8-a302-15b93f6acb3c,,,,f,TB_PCA_009,8aaa9362-24cd-4fe3-a9dd-81b685697f6c,{},KHONG,,83,he_thong
edc67d24-3614-4882-905d-8f5109fd310a,TB_JYYKXZ4Z,Cảm biến đo nhiệt độ và độ ẩm,98c88d39-bf0f-43c7-83a2-ca5d266ba54f,,Cảm biến đo nhiệt độ  độ ẩm khí áp Thies 1.1006.54.080,Thies Clima,,a13f3116-f74d-4435-b248-5b458d9fead4,d7faf284-1a3a-4e53-9433-8476900a66e7,,,1ce915ed-07e9-4b65-9209-2652ffd9b681,f59bf0bd-520b-4245-80db-dc71b7187bf1,,Đề xuất: Khi có sự cố thì xuất kho Cty QLBMT thay thế sửa chữa | Hỏng hóc: 0 lần | VTDP: Có | Niên hạn: Không,,,,,2026-07-11 09:50:09.894644+00,2026-08-11 04:37:10.204448+00,f0c86184-a2a8-4ba2-b3e2-87283fbcf190,,e96be350-6615-441a-91f5-53ad976e91b3,TB_JYYKXZ4Z Cam bien do nhiet do va do am  Cam bien do nhiet do  do am khi ap Thies 1.1006.54.080 Thies Clima   De xuat: Khi co su co thi xuat kho Cty QLBMT thay the sua chua | Hong hoc: 0 lan | VTDP: Co | Nien han: Khong,"'0':41 '1.1006.54.080':21 'am':10,17 'ap':19 'bien':4,12 'cam':3,11 'chua':38 'clima':23 'co':27,29,44 'cty':33 'de':24 'do':5,7,9,13,15,16 'han':46 'hoc':40 'hong':39 'jyykxz4z':2 'khi':18,26 'kho':32 'khong':47 'lan':42 'nhiet':6,14 'nien':45 'qlbmt':34 'su':28 'sua':37 'tb':1 'thay':35 'the':36 'thi':30 'thies':20,22 'va':8 'vtdp':43 'xuat':25,31",,1.1006.54.080,,2025,f59bf0bd-520b-4245-80db-dc71b7187bf1,,,CR,,,,0.333,,,,,,,,,,,,,,,,,,,san_sang,,f024c88e-8702-49c8-a302-15b93f6acb3c,,,,f,TB_N1_AWOS_0038,5eb8f669-8af7-4cf8-872b-1c9b3a98f491,{},KHONG,,83,he_thong
39d8a166-fb18-4e79-a385-708945c50c45,TB_M7QCCRYC,Thiết bị giao tiếp đường truyền Nport IA5250A-T,ae03f513-6763-46f8-913d-91a103966947,TBBKE1044744,Converter Nport IA5250,MOXA,,5ae20f2b-30dc-409c-95db-68b98b79c94e,d7faf284-1a3a-4e53-9433-8476900a66e7,,,1ce915ed-07e9-4b65-9209-2652ffd9b681,f59bf0bd-520b-4245-80db-dc71b7187bf1,,Nguồn: dùng để chuyển đổi và ghép nối tín hiệu từ máy đo tầm nhìn vào thiết bị đường truyền quang hiện có | Đề xuất: Đề nghị mua thêm VTDP để sử dụng chung cho các hệ thống AWOS | Hỏng hóc: không | Tình trạng: Hoạt động bình thường | VTDP: Còn 1 bộ dự phòng trong kho Công ty | Niên hạn: Không,,,,,2026-07-11 09:50:09.894644+00,2026-08-11 04:37:10.204448+00,a5454b1e-b677-4fd8-8494-b4c080de867d,,e96be350-6615-441a-91f5-53ad976e91b3,TB_M7QCCRYC Thiet bi giao tiep duong truyen Nport IA5250A-T TBBKE1044744 Converter Nport IA5250 MOXA   Nguon: dung de chuyen doi va ghep noi tin hieu tu may do tam nhin vao thiet bi duong truyen quang hien co | De xuat: De nghi mua them VTDP de su dung chung cho cac he thong AWOS | Hong hoc: khong | Tinh trang: Hoat dong binh thuong | VTDP: Con 1 bo du phong trong kho Cong ty | Nien han: Khong,"'1':68 'awos':56 'bi':4,35 'binh':64 'bo':69 'cac':53 'cho':52 'chung':51 'chuyen':21 'co':40 'con':67 'cong':74 'converter':14 'de':20,41,43,48 'do':30 'doi':22 'dong':63 'du':70 'dung':19,50 'duong':7,36 'ghep':24 'giao':5 'han':77 'he':54 'hien':39 'hieu':27 'hoat':62 'hoc':58 'hong':57 'ia5250':16 'ia5250a':11 'ia5250a-t':10 'kho':73 'khong':59,78 'm7qccryc':2 'may':29 'moxa':17 'mua':45 'nghi':44 'nguon':18 'nhin':32 'nien':76 'noi':25 'nport':9,15 'phong':71 'quang':38 'su':49 't':12 'tam':31 'tb':1 'tbbke1044744':13 'them':46 'thiet':3,34 'thong':55 'thuong':65 'tiep':6 'tin':26 'tinh':60 'trang':61 'trong':72 'truyen':8,37 'tu':28 'ty':75 'va':23 'vao':33 'vtdp':47,66 'xuat':42",,IA5250,2022,2023,f59bf0bd-520b-4245-80db-dc71b7187bf1,,,CR,,,,0.200,,,,,,,,,,,,,,,,,,,san_sang,,f024c88e-8702-49c8-a302-15b93f6acb3c,,,,f,TB_N1_AWOS_0190,a16ee536-405c-41aa-8c3e-e2a64c300364,{},KHONG,,100,he_thong
dd002cfd-fe9a-41a1-bb1b-a2829b09712e,TB_GSENQR80,Hệ thống xử lý dữ liệu trung tâm bao gồm:,1ef69ec2-6298-4c48-b931-aea3fa48c0fc,,Hệ thống xử lý dữ liệu trung tâm bao gồm:,,,a13f3116-f74d-4435-b248-5b458d9fead4,d7faf284-1a3a-4e53-9433-8476900a66e7,,,1ce915ed-07e9-4b65-9209-2652ffd9b681,f59bf0bd-520b-4245-80db-dc71b7187bf1,,Đề xuất: Khi có sự cố thì xuất kho Cty QLBMT thay thế sửa chữa | Hỏng hóc: 0 lần | VTDP: không | Niên hạn: Không,,,,,2026-07-11 09:50:09.894644+00,2026-08-11 04:37:10.204448+00,,,e96be350-6615-441a-91f5-53ad976e91b3,TB_GSENQR80 He thong xu ly du lieu trung tam bao gom:  He thong xu ly du lieu trung tam bao gom:    De xuat: Khi co su co thi xuat kho Cty QLBMT thay the sua chua | Hong hoc: 0 lan | VTDP: khong | Nien han: Khong,"'0':40 'bao':11,21 'chua':37 'co':26,28 'cty':32 'de':23 'du':7,17 'gom':12,22 'gsenqr80':2 'han':45 'he':3,13 'hoc':39 'hong':38 'khi':25 'kho':31 'khong':43,46 'lan':41 'lieu':8,18 'ly':6,16 'nien':44 'qlbmt':33 'su':27 'sua':36 'tam':10,20 'tb':1 'thay':34 'the':35 'thi':29 'thong':4,14 'trung':9,19 'vtdp':42 'xu':5,15 'xuat':24,30",,,,2025,f59bf0bd-520b-4245-80db-dc71b7187bf1,,,CR,,,,0.100,,,,,,,,,,,,,,,,,,,san_sang,,f024c88e-8702-49c8-a302-15b93f6acb3c,,,,f,TB_N1_AWOS_0041,d77a2c59-c005-4902-8137-26065c18dac0,{},KHONG,,83,he_thong
217ca5bc-e0db-4bbb-8a82-31c62f5e6f57,TB_8KXYV4RB,Kim thu sét,1ef69ec2-6298-4c48-b931-aea3fa48c0fc,,Kim thu sét,ERICO,,a13f3116-f74d-4435-b248-5b458d9fead4,d7faf284-1a3a-4e53-9433-8476900a66e7,,,1ce915ed-07e9-4b65-9209-2652ffd9b681,f59bf0bd-520b-4245-80db-dc71b7187bf1,,Đề xuất: Khi có sự cố thì xuất kho Cty QLBMT thay thế sửa chữa | Hỏng hóc: 0 lần | VTDP: không | Niên hạn: Không,,,,,2026-07-11 09:50:09.894644+00,2026-08-11 04:37:10.204448+00,2e05f201-8ee7-4f2d-afe5-963dc6d94500,,e96be350-6615-441a-91f5-53ad976e91b3,TB_8KXYV4RB Kim thu set  Kim thu set ERICO   De xuat: Khi co su co thi xuat kho Cty QLBMT thay the sua chua | Hong hoc: 0 lan | VTDP: khong | Nien han: Khong,"'0':27 '8kxyv4rb':2 'chua':24 'co':13,15 'cty':19 'de':10 'erico':9 'han':32 'hoc':26 'hong':25 'khi':12 'kho':18 'khong':30,33 'kim':3,6 'lan':28 'nien':31 'qlbmt':20 'set':5,8 'su':14 'sua':23 'tb':1 'thay':21 'the':22 'thi':16 'thu':4,7 'vtdp':29 'xuat':11,17",,LPCAR1015,2024,2025,f59bf0bd-520b-4245-80db-dc71b7187bf1,,,CR,,,,0.067,,,,,,,,,,,,,,,,,,,san_sang,,f024c88e-8702-49c8-a302-15b93f6acb3c,,,,f,TB_N1_AWOS_0042,59df4bf9-b124-4c71-a741-8eb83f198007,{},KHONG,,83,he_thong
c9f96888-8943-4ec4-b01a-f4c25c9e176c,TB_S2P4BYG8,Kim thu sét,1ef69ec2-6298-4c48-b931-aea3fa48c0fc,,Kim thu sét,ERICO,,a13f3116-f74d-4435-b248-5b458d9fead4,d7faf284-1a3a-4e53-9433-8476900a66e7,,,1ce915ed-07e9-4b65-9209-2652ffd9b681,f59bf0bd-520b-4245-80db-dc71b7187bf1,,Đề xuất: Khi có sự cố thì xuất kho Cty QLBMT thay thế sửa chữa | Hỏng hóc: 0 lần | VTDP: không | Niên hạn: Không,,,,,2026-07-11 09:50:09.894644+00,2026-08-11 04:37:10.204448+00,2e05f201-8ee7-4f2d-afe5-963dc6d94500,,e96be350-6615-441a-91f5-53ad976e91b3,TB_S2P4BYG8 Kim thu set  Kim thu set ERICO   De xuat: Khi co su co thi xuat kho Cty QLBMT thay the sua chua | Hong hoc: 0 lan | VTDP: khong | Nien han: Khong,"'0':27 'chua':24 'co':13,15 'cty':19 'de':10 'erico':9 'han':32 'hoc':26 'hong':25 'khi':12 'kho':18 'khong':30,33 'kim':3,6 'lan':28 'nien':31 'qlbmt':20 's2p4byg8':2 'set':5,8 'su':14 'sua':23 'tb':1 'thay':21 'the':22 'thi':16 'thu':4,7 'vtdp':29 'xuat':11,17",,LPCAR1015,2024,2025,f59bf0bd-520b-4245-80db-dc71b7187bf1,,,CR,,,,0.067,,,,,,,,,,,,,,,,,,,san_sang,,f024c88e-8702-49c8-a302-15b93f6acb3c,,,,f,TB_N1_AWOS_0043,59df4bf9-b124-4c71-a741-8eb83f198007,{},KHONG,,83,he_thong
b9f29696-355d-40ae-a851-62fbdb5b87d7,TB_P0723N03,Kim thu sét,1ef69ec2-6298-4c48-b931-aea3fa48c0fc,,Kim thu sét,ERICO,,a13f3116-f74d-4435-b248-5b458d9fead4,d7faf284-1a3a-4e53-9433-8476900a66e7,,,1ce915ed-07e9-4b65-9209-2652ffd9b681,f59bf0bd-520b-4245-80db-dc71b7187bf1,,Đề xuất: Khi có sự cố thì xuất kho Cty QLBMT thay thế sửa chữa | Hỏng hóc: 0 lần | VTDP: không | Niên hạn: Không,,,,,2026-07-11 09:50:09.894644+00,2026-08-11 04:37:10.204448+00,2e05f201-8ee7-4f2d-afe5-963dc6d94500,,e96be350-6615-441a-91f5-53ad976e91b3,TB_P0723N03 Kim thu set  Kim thu set ERICO   De xuat: Khi co su co thi xuat kho Cty QLBMT thay the sua chua | Hong hoc: 0 lan | VTDP: khong | Nien han: Khong,"'0':27 'chua':24 'co':13,15 'cty':19 'de':10 'erico':9 'han':32 'hoc':26 'hong':25 'khi':12 'kho':18 'khong':30,33 'kim':3,6 'lan':28 'nien':31 'p0723n03':2 'qlbmt':20 'set':5,8 'su':14 'sua':23 'tb':1 'thay':21 'the':22 'thi':16 'thu':4,7 'vtdp':29 'xuat':11,17",,LPCAR1015,2024,2025,f59bf0bd-520b-4245-80db-dc71b7187bf1,,,CR,,,,0.067,,,,,,,,,,,,,,,,,,,san_sang,,f024c88e-8702-49c8-a302-15b93f6acb3c,,,,f,TB_N1_AWOS_0044,59df4bf9-b124-4c71-a741-8eb83f198007,{},KHONG,,83,he_thong
36a96e7b-69e1-44a3-aca8-985900bce000,TB_PWYAN8KH,Kim thu sét,1ef69ec2-6298-4c48-b931-aea3fa48c0fc,,Kim thu sét,ERICO,,a13f3116-f74d-4435-b248-5b458d9fead4,d7faf284-1a3a-4e53-9433-8476900a66e7,,,1ce915ed-07e9-4b65-9209-2652ffd9b681,f59bf0bd-520b-4245-80db-dc71b7187bf1,,Đề xuất: Khi có sự cố thì xuất kho Cty QLBMT thay thế sửa chữa | Hỏng hóc: 0 lần | VTDP: không | Niên hạn: Không,,,,,2026-07-11 09:50:09.894644+00,2026-08-11 04:37:10.204448+00,2e05f201-8ee7-4f2d-afe5-963dc6d94500,,e96be350-6615-441a-91f5-53ad976e91b3,TB_PWYAN8KH Kim thu set  Kim thu set ERICO   De xuat: Khi co su co thi xuat kho Cty QLBMT thay the sua chua | Hong hoc: 0 lan | VTDP: khong | Nien han: Khong,"'0':27 'chua':24 'co':13,15 'cty':19 'de':10 'erico':9 'han':32 'hoc':26 'hong':25 'khi':12 'kho':18 'khong':30,33 'kim':3,6 'lan':28 'nien':31 'pwyan8kh':2 'qlbmt':20 'set':5,8 'su':14 'sua':23 'tb':1 'thay':21 'the':22 'thi':16 'thu':4,7 'vtdp':29 'xuat':11,17",,LPCAR1015,2024,2025,f59bf0bd-520b-4245-80db-dc71b7187bf1,,,CR,,,,0.067,,,,,,,,,,,,,,,,,,,san_sang,,f024c88e-8702-49c8-a302-15b93f6acb3c,,,,f,TB_N1_AWOS_0045,59df4bf9-b124-4c71-a741-8eb83f198007,{},KHONG,,83,he_thong
56223199-0a30-48b3-b947-bc2078e68524,TB_N89EW9R6,Kim thu sét,1ef69ec2-6298-4c48-b931-aea3fa48c0fc,,Kim thu sét,ERICO,,a13f3116-f74d-4435-b248-5b458d9fead4,d7faf284-1a3a-4e53-9433-8476900a66e7,,,1ce915ed-07e9-4b65-9209-2652ffd9b681,f59bf0bd-520b-4245-80db-dc71b7187bf1,,Đề xuất: Khi có sự cố thì xuất kho Cty QLBMT thay thế sửa chữa | Hỏng hóc: 0 lần | VTDP: không | Niên hạn: Không,,,,,2026-07-11 09:50:09.894644+00,2026-08-11 04:37:10.204448+00,2e05f201-8ee7-4f2d-afe5-963dc6d94500,,e96be350-6615-441a-91f5-53ad976e91b3,TB_N89EW9R6 Kim thu set  Kim thu set ERICO   De xuat: Khi co su co thi xuat kho Cty QLBMT thay the sua chua | Hong hoc: 0 lan | VTDP: khong | Nien han: Khong,"'0':27 'chua':24 'co':13,15 'cty':19 'de':10 'erico':9 'han':32 'hoc':26 'hong':25 'khi':12 'kho':18 'khong':30,33 'kim':3,6 'lan':28 'n89ew9r6':2 'nien':31 'qlbmt':20 'set':5,8 'su':14 'sua':23 'tb':1 'thay':21 'the':22 'thi':16 'thu':4,7 'vtdp':29 'xuat':11,17",,LPCAR1015,2024,2025,f59bf0bd-520b-4245-80db-dc71b7187bf1,,,CR,,,,0.067,,,,,,,,,,,,,,,,,,,san_sang,,f024c88e-8702-49c8-a302-15b93f6acb3c,,,,f,TB_N1_AWOS_0046,59df4bf9-b124-4c71-a741-8eb83f198007,{},KHONG,,83,he_thong
5b0513ea-8557-4e22-93aa-f071db7d103e,TB_20W0PQQ7,Thiết bị serial to Ethernet,ae03f513-6763-46f8-913d-91a103966947,,Converter Nport IA5250,Moxa,,ebc4a136-c5e7-4f7d-abfc-e3ddea655b8c,d7faf284-1a3a-4e53-9433-8476900a66e7,,,1ce915ed-07e9-4b65-9209-2652ffd9b681,46e84da7-5a8b-4a79-aa46-2fb4bae1ff26,VIS-15,"Ra soat 2026-07-11, file nguon: PCA_IMS",,,,,2026-07-11 09:50:09.894644+00,2026-08-11 04:37:10.204448+00,a5454b1e-b677-4fd8-8494-b4c080de867d,,e96be350-6615-441a-91f5-53ad976e91b3,"TB_20W0PQQ7 Thiet bi serial to Ethernet  Converter Nport IA5250 Moxa  VIS-15 Ra soat 2026-07-11, file nguon: PCA_IMS",'-07':17 '-11':18 '-15':13 '2026':16 '20w0pqq7':2 'bi':4 'converter':8 'ethernet':7 'file':19 'ia5250':10 'ims':22 'moxa':11 'nguon':20 'nport':9 'pca':21 'ra':14 'serial':5 'soat':15 'tb':1 'thiet':3 'to':6 'vis':12,AWOS-IMS,IA5250,,,46e84da7-5a8b-4a79-aa46-2fb4bae1ff26,,Truyền dẫn,PCA,,,,,,,,,,,,,,,,,,,,,,,san_sang,,f024c88e-8702-49c8-a302-15b93f6acb3c,,,,f,TB_PCA_070,a16ee536-405c-41aa-8c3e-e2a64c300364,{},KHONG,,83,he_thong
1973564d-e89f-4fec-9792-7e6449c3b8a7,TB_1267QWJJ,Converter Nport 5250,ae03f513-6763-46f8-913d-91a103966947,,Converter Nport IA5250,Moxa,,5ae20f2b-30dc-409c-95db-68b98b79c94e,d7faf284-1a3a-4e53-9433-8476900a66e7,,,1ce915ed-07e9-4b65-9209-2652ffd9b681,f59bf0bd-520b-4245-80db-dc71b7187bf1,,Đề xuất: Đề nghị mua thêm VTDP để sử dụng chung cho các hệ thống AWOS | Hỏng hóc: không | Tình trạng: Hoạt động bình thường | VTDP: Còn 1 bộ dự phòng trong kho Công ty | Niên hạn: Không,,,,,2026-07-11 09:50:09.894644+00,2026-08-11 04:37:10.204448+00,a5454b1e-b677-4fd8-8494-b4c080de867d,,e96be350-6615-441a-91f5-53ad976e91b3,TB_1267QWJJ Converter Nport 5250  Converter Nport IA5250 Moxa   De xuat: De nghi mua them VTDP de su dung chung cho cac he thong AWOS | Hong hoc: khong | Tinh trang: Hoat dong binh thuong | VTDP: Con 1 bo du phong trong kho Cong ty | Nien han: Khong,"'1':37 '1267qwjj':2 '5250':5 'awos':25 'binh':33 'bo':38 'cac':22 'cho':21 'chung':20 'con':36 'cong':43 'converter':3,6 'de':10,12,17 'dong':32 'du':39 'dung':19 'han':46 'he':23 'hoat':31 'hoc':27 'hong':26 'ia5250':8 'kho':42 'khong':28,47 'moxa':9 'mua':14 'nghi':13 'nien':45 'nport':4,7 'phong':40 'su':18 'tb':1 'them':15 'thong':24 'thuong':34 'tinh':29 'trang':30 'trong':41 'ty':44 'vtdp':16,35 'xuat':11",,IA5250,2023,2023,f59bf0bd-520b-4245-80db-dc71b7187bf1,,,CR,,,,0.200,,,,,,,,,,,,,,,,,,,san_sang,,f024c88e-8702-49c8-a302-15b93f6acb3c,,,,f,TB_N1_AWOS_0117,a16ee536-405c-41aa-8c3e-e2a64c300364,{},KHONG,,83,he_thong
633ec830-166e-434a-b90e-e5ece6dabee9,TB_0SR92JPC,Chống sét giao tiếp Ethernet,660f73b4-1975-4bde-8c87-810a23ef6e2c,,Chống sét đường tín hiệu,Citel,,ce27df84-7054-4032-bfe7-efdb0bd119f4,d7faf284-1a3a-4e53-9433-8476900a66e7,,,1ce915ed-07e9-4b65-9209-2652ffd9b681,581d9350-905f-46da-b45e-c2d8aba4d868,Phòng thiết bị,"Ra soat 2026-07-11, file nguon: PBA_AWOS900",,,,,2026-07-11 09:50:09.894644+00,2026-08-11 04:37:10.204448+00,80666d25-731c-4de5-8d64-08488037258a,,03818fa3-ee05-4dfe-92f0-b6f752b0b97a,"TB_0SR92JPC Chong set giao tiep Ethernet  Chong set duong tin hieu Citel  Phong thiet bi Ra soat 2026-07-11, file nguon: PBA_AWOS900","'-07':20 '-11':21 '0sr92jpc':2 '2026':19 'awos900':25 'bi':16 'chong':3,8 'citel':13 'duong':10 'ethernet':7 'file':22 'giao':5 'hieu':12 'nguon':23 'pba':24 'phong':14 'ra':17 'set':4,9 'soat':18 'tb':1 'thiet':15 'tiep':6 'tin':11",AWOS-900,MJ8-CAT6S,,,581d9350-905f-46da-b45e-c2d8aba4d868,,Chống sét,PBA,,,,,,,,,,,,,,,,,,,,,,,san_sang,,f024c88e-8702-49c8-a302-15b93f6acb3c,,,,f,TB_PBA_057,ba74d20d-d098-44e2-83cd-f00d56936bc4,{},KHONG,,83,he_thong
a083c4ba-d27e-42c0-90bd-db90aee2ca00,TB_RDZ5ZCXM,Hệ thống quan trắc thông dụng,1ef69ec2-6298-4c48-b931-aea3fa48c0fc,,Hệ thống quan trắc thông dụng,,,5ae20f2b-30dc-409c-95db-68b98b79c94e,d7faf284-1a3a-4e53-9433-8476900a66e7,,,1ce915ed-07e9-4b65-9209-2652ffd9b681,f59bf0bd-520b-4245-80db-dc71b7187bf1,,,,,,,2026-07-11 09:50:09.894644+00,2026-08-11 04:37:10.204448+00,,,e96be350-6615-441a-91f5-53ad976e91b3,TB_RDZ5ZCXM He thong quan trac thong dung  He thong quan trac thong dung    ,"'dung':8,14 'he':3,9 'quan':5,11 'rdz5zcxm':2 'tb':1 'thong':4,7,10,13 'trac':6,12",,,,,f59bf0bd-520b-4245-80db-dc71b7187bf1,,,,"4852/GP-CHK, hạn 10/2026",,,,,,,,,,,,,,,,,,,,,,san_sang,,f024c88e-8702-49c8-a302-15b93f6acb3c,,,,f,TB_N1_AWOS_0133,0d5f4d6a-60a7-4ec2-8ce5-d4c8c8ed2589,{},KHONG,,83,he_thong
e2bd0caf-4e61-4ba5-9e98-6c1b8911ba5a,TB_J6RDCCA3,"Thiết bị kết nối bộ thu thập xử lý dữ liệu trung tâm với các trạm, các đầu cuối qua đường truyền quang (chuyển đổi serial-Ethernet, Ethernet-Optical, serial- Optical, Switch)",ae03f513-6763-46f8-913d-91a103966947,,Chuyển đổi Serial/Ethernet,Moxa,,a13f3116-f74d-4435-b248-5b458d9fead4,d7faf284-1a3a-4e53-9433-8476900a66e7,,,1ce915ed-07e9-4b65-9209-2652ffd9b681,f59bf0bd-520b-4245-80db-dc71b7187bf1,,Đề xuất: Khi có sự cố thì xuất kho Cty QLBMT thay thế sửa chữa | Hỏng hóc: 0 lần | VTDP: không | Niên hạn: Không,,,,,2026-07-11 09:50:09.894644+00,2026-08-11 04:37:10.204448+00,a5454b1e-b677-4fd8-8494-b4c080de867d,,e96be350-6615-441a-91f5-53ad976e91b3,"TB_J6RDCCA3 Thiet bi ket noi bo thu thap xu ly du lieu trung tam voi cac tram, cac dau cuoi qua duong truyen quang (chuyen doi serial-Ethernet, Ethernet-Optical, serial- Optical, Switch)  Chuyen doi Serial/Ethernet Moxa   De xuat: Khi co su co thi xuat kho Cty QLBMT thay the sua chua | Hong hoc: 0 lan | VTDP: khong | Nien han: Khong","'0':58 'bi':4 'bo':7 'cac':17,19 'chua':55 'chuyen':26,37 'co':44,46 'cty':50 'cuoi':21 'dau':20 'de':41 'doi':27,38 'du':12 'duong':23 'ethernet':30,32 'ethernet-optical':31 'han':63 'hoc':57 'hong':56 'j6rdcca3':2 'ket':5 'khi':43 'kho':49 'khong':61,64 'lan':59 'lieu':13 'ly':11 'moxa':40 'nien':62 'noi':6 'optical':33,35 'qlbmt':51 'qua':22 'quang':25 'serial':29,34 'serial-ethernet':28 'serial/ethernet':39 'su':45 'sua':54 'switch':36 'tam':15 'tb':1 'thap':9 'thay':52 'the':53 'thi':47 'thiet':3 'thu':8 'tram':18 'trung':14 'truyen':24 'voi':16 'vtdp':60 'xu':10 'xuat':42,48",,"Trung Quốc, IMC100-1GT-GF(SS-SC-40KM)-P48, 3onedata",,2025,f59bf0bd-520b-4245-80db-dc71b7187bf1,,,CR,,,,0.067,,,,,,,,,,,,,,,,,,,san_sang,,f024c88e-8702-49c8-a302-15b93f6acb3c,,,,f,TB_N1_AWOS_0056,d36f678e-1637-41db-a115-1ada1ba5d935,{},KHONG,,83,he_thong
61143a66-5e02-4582-857f-4ece4a354136,TB_QRT563CX,Bộ Charger,accf1740-4c18-4b9a-895f-59d85ba593b5,,Bộ Charger,MeanWell,,7f40beb2-5d47-4f4a-b7df-35cd1cca56ae,d7faf284-1a3a-4e53-9433-8476900a66e7,,,1ce915ed-07e9-4b65-9209-2652ffd9b681,e43c5d4b-3c3c-4486-89da-73e9ac747ab4,Trạm 21,"Ra soat 2026-07-11, file nguon: THA_DAW21",,,,,2026-07-11 09:50:09.894644+00,2026-08-11 04:37:10.204448+00,0e8dbaf8-aa3e-4d9d-bab2-99b08381f6f9,,e96be350-6615-441a-91f5-53ad976e91b3,"TB_QRT563CX Bo Charger  Bo Charger MeanWell  Tram 21 Ra soat 2026-07-11, file nguon: THA_DAW21","'-07':13 '-11':14 '2026':12 '21':9 'bo':3,5 'charger':4,6 'daw21':18 'file':15 'meanwell':7 'nguon':16 'qrt563cx':2 'ra':10 'soat':11 'tb':1 'tha':17 'tram':8",AWOS D-AW21,SCP-50-12,,,e43c5d4b-3c3c-4486-89da-73e9ac747ab4,,Thiết bị nguồn,THA,,,,,,,,,,,,,,,,,,,,,,,san_sang,,f024c88e-8702-49c8-a302-15b93f6acb3c,,,,f,TB_THA_048,6052b1d7-f4f7-4376-8e06-b20635498e81,{},KHONG,,83,he_thong
133b7612-5334-4006-9ebd-d49ce1f79841,TB_868MPFJ1,Thiết bị cắt lọc sét 1 pha,660f73b4-1975-4bde-8c87-810a23ef6e2c,,Thiết bị cắt lọc sét 1 pha,nVent ERICO,,2236fe1c-6896-4157-a310-ae0e094233f6,d7faf284-1a3a-4e53-9433-8476900a66e7,,,1ce915ed-07e9-4b65-9209-2652ffd9b681,8b408897-b25d-4ece-91ba-d97dfacec283,Trạm MID,"Ra soat 2026-07-11, file nguon: PLK_IMS",,,,,2026-07-11 09:50:09.894644+00,2026-08-11 04:37:10.204448+00,2e05f201-8ee7-4f2d-afe5-963dc6d94500,,e96be350-6615-441a-91f5-53ad976e91b3,"TB_868MPFJ1 Thiet bi cat loc set 1 pha  Thiet bi cat loc set 1 pha nVent ERICO  Tram MID Ra soat 2026-07-11, file nguon: PLK_IMS","'-07':24 '-11':25 '1':8,15 '2026':23 '868mpfj1':2 'bi':4,11 'cat':5,12 'erico':18 'file':26 'ims':29 'loc':6,13 'mid':20 'nguon':27 'nvent':17 'pha':9,16 'plk':28 'ra':21 'set':7,14 'soat':22 'tb':1 'thiet':3,10 'tram':19",AWOS IMS,TSF20A240V,,,8b408897-b25d-4ece-91ba-d97dfacec283,,Cắt lọc sét,PLK,,,,,,,,,,,,,,,,,,,,,,,san_sang,,f024c88e-8702-49c8-a302-15b93f6acb3c,,,,f,TB_PLK_056,a3eebddd-df65-414d-9e50-90fc3fa745aa,{},KHONG,,83,he_thong
853dfdc0-dc8c-46e2-b41e-9e456abd99d3,TB_EKB8C01R,Màn hình hiển thị số liệu độ - độ ẩm - khí áp,83e7d93e-2f76-4d4f-a6bc-08926383aba1,,Màn hình hiển thị số liệu Nhiệt-Ẩm-Áp,VTD,,4fbd5536-e530-4f9b-97d3-d194186c33de,d7faf284-1a3a-4e53-9433-8476900a66e7,,,1ce915ed-07e9-4b65-9209-2652ffd9b681,141337b4-f2fa-4438-808f-0d10cfeedb85,TWR - Đài KSKL CHU LAI,"Ra soat 2026-07-11, file nguon: CLA_IMS",,,,,2026-07-11 09:50:09.894644+00,2026-08-11 04:37:10.204448+00,2e2c3258-c675-4f4b-9435-c832804f802a,,e96be350-6615-441a-91f5-53ad976e91b3,"TB_EKB8C01R Man hinh hien thi so lieu do - do am - khi ap  Man hinh hien thi so lieu Nhiet-Am-Ap VTD  TWR - Dai KSKL CHU LAI Ra soat 2026-07-11, file nguon: CLA_IMS","'-07':33 '-11':34 '2026':32 'am':11,22 'ap':13,23 'chu':28 'cla':37 'dai':26 'do':9,10 'ekb8c01r':2 'file':35 'hien':5,16 'hinh':4,15 'ims':38 'khi':12 'kskl':27 'lai':29 'lieu':8,19 'man':3,14 'nguon':36 'nhiet':21 'nhiet-am-ap':20 'ra':30 'so':7,18 'soat':31 'tb':1 'thi':6,17 'twr':25 'vtd':24",THIẾT BỊ QUAN TRẮC THÔNG DỤNG,Pipad,,,141337b4-f2fa-4438-808f-0d10cfeedb85,,Xử lý trung tâm,CLA,,,,,,,,,,,,,,,,,,,,,,,san_sang,,f024c88e-8702-49c8-a302-15b93f6acb3c,,,,f,TB_CLA_091,f11a88e5-3567-4da7-8c1a-45de7c3ec05d,{},KHONG,,83,he_thong
b07938bc-c1bd-4dc0-97e2-be4f13f970ab,TB_PTTZ6XRY,"Trụ lắp cảm biến đo gió an toàn - dễ gãy, cao 10m, / có khớp bản lề giữa thân và chân đế cột, đã được sơn theo tiêu chuẩn ICAO",98c88d39-bf0f-43c7-83a2-ca5d266ba54f,,"Trụ lắp cảm biến đo gió an toàn - dễ gãy, cao 10m, / có khớp bản lề giữa thân và chân đế cột, đã được sơn theo tiêu chuẩn ICAO",Attech,,a13f3116-f74d-4435-b248-5b458d9fead4,d7faf284-1a3a-4e53-9433-8476900a66e7,,,1ce915ed-07e9-4b65-9209-2652ffd9b681,f59bf0bd-520b-4245-80db-dc71b7187bf1,,Đề xuất: Khi có sự cố thì xuất kho Cty QLBMT thay thế sửa chữa | Hỏng hóc: 0 lần | VTDP: không | Niên hạn: Không,,,,,2026-07-11 09:50:09.894644+00,2026-08-11 04:37:10.204448+00,2f529936-107e-451b-bd0f-f3197db1943f,,e96be350-6615-441a-91f5-53ad976e91b3,"TB_PTTZ6XRY Tru lap cam bien do gio an toan - de gay, cao 10m, / co khop ban le giua than va chan de cot, da duoc son theo tieu chuan ICAO  Tru lap cam bien do gio an toan - de gay, cao 10m, / co khop ban le giua than va chan de cot, da duoc son theo tieu chuan ICAO Attech   De xuat: Khi co su co thi xuat kho Cty QLBMT thay the sua chua | Hong hoc: 0 lan | VTDP: khong | Nien han: Khong","'0':79 '10m':14,43 'an':9,38 'attech':61 'ban':17,46 'bien':6,35 'cam':5,34 'cao':13,42 'chan':22,51 'chua':76 'chuan':30,59 'co':15,44,65,67 'cot':24,53 'cty':71 'da':25,54 'de':11,23,40,52,62 'do':7,36 'duoc':26,55 'gay':12,41 'gio':8,37 'giua':19,48 'han':84 'hoc':78 'hong':77 'icao':31,60 'khi':64 'kho':70 'khong':82,85 'khop':16,45 'lan':80 'lap':4,33 'le':18,47 'nien':83 'pttz6xry':2 'qlbmt':72 'son':27,56 'su':66 'sua':75 'tb':1 'than':20,49 'thay':73 'the':74 'theo':28,57 'thi':68 'tieu':29,58 'toan':10,39 'tru':3,32 'va':21,50 'vtdp':81 'xuat':63,69",,"Việt Nam, SM-00-10, ATTECH",2025,2025,f59bf0bd-520b-4245-80db-dc71b7187bf1,,,CR,,,,0.067,,,,,,,,,,,,,,,,,,,san_sang,,f024c88e-8702-49c8-a302-15b93f6acb3c,,,,f,TB_N1_AWOS_0068,9c6ffe26-2448-4a6f-a85c-3d9636e2124c,{},KHONG,,83,he_thong
630f890d-5d79-4d94-8920-b32b35a9a5db,TB_19Z5RHS5,Chống sét lan truyền - thiết bị đo giông,660f73b4-1975-4bde-8c87-810a23ef6e2c,J15358-02,Chống sét lan truyền - thiết bị đo giông,APC,,7f40beb2-5d47-4f4a-b7df-35cd1cca56ae,d7faf284-1a3a-4e53-9433-8476900a66e7,,,1ce915ed-07e9-4b65-9209-2652ffd9b681,e43c5d4b-3c3c-4486-89da-73e9ac747ab4,Trạm giữa,"Ra soat 2026-07-11, file nguon: THA_DAW21",,,,,2026-07-11 09:50:09.894644+00,2026-08-11 04:37:10.204448+00,85b16a8e-84ee-4408-ac50-81b3e2aa7ca6,,5f93c2d7-9b77-4f40-bc2f-17b835588de6,"TB_19Z5RHS5 Chong set lan truyen - thiet bi do giong J15358-02 Chong set lan truyen - thiet bi do giong APC  Tram giua Ra soat 2026-07-11, file nguon: THA_DAW21","'-02':12 '-07':27 '-11':28 '19z5rhs5':2 '2026':26 'apc':21 'bi':8,18 'chong':3,13 'daw21':32 'do':9,19 'file':29 'giong':10,20 'giua':23 'j15358':11 'lan':5,15 'nguon':30 'ra':24 'set':4,14 'soat':25 'tb':1 'tha':31 'thiet':7,17 'tram':22 'truyen':6,16",AWOS D-AW21,PNET1GB,,,e43c5d4b-3c3c-4486-89da-73e9ac747ab4,,Cắt lọc sét,THA,,,,,,,,,,,,,,,,,,,,,,,san_sang,,f024c88e-8702-49c8-a302-15b93f6acb3c,,,,f,TB_THA_034,d69d9602-b6d5-4785-8c55-d63abc75d2de,{},KHONG,,100,he_thong
30351d7a-29ac-49ce-a61c-c3280e41433b,TB_QA0007B7,Chống sét - UHF,660f73b4-1975-4bde-8c87-810a23ef6e2c,,Chống sét - UHF,Citel,,7f40beb2-5d47-4f4a-b7df-35cd1cca56ae,d7faf284-1a3a-4e53-9433-8476900a66e7,,,1ce915ed-07e9-4b65-9209-2652ffd9b681,e43c5d4b-3c3c-4486-89da-73e9ac747ab4,Trạm giữa,"Ra soat 2026-07-11, file nguon: THA_DAW21",,,,,2026-07-11 09:50:09.894644+00,2026-08-11 04:37:10.204448+00,80666d25-731c-4de5-8d64-08488037258a,,5f93c2d7-9b77-4f40-bc2f-17b835588de6,"TB_QA0007B7 Chong set - UHF  Chong set - UHF Citel  Tram giua Ra soat 2026-07-11, file nguon: THA_DAW21","'-07':15 '-11':16 '2026':14 'chong':3,6 'citel':9 'daw21':20 'file':17 'giua':11 'nguon':18 'qa0007b7':2 'ra':12 'set':4,7 'soat':13 'tb':1 'tha':19 'tram':10 'uhf':5,8",AWOS D-AW21,P8AX15,,,e43c5d4b-3c3c-4486-89da-73e9ac747ab4,,Cắt lọc sét,THA,,,,,,,,,,,,,,,,,,,,,,,san_sang,,f024c88e-8702-49c8-a302-15b93f6acb3c,,,,f,TB_THA_037,31cae5c6-e3ee-4ad9-ab56-bef881a81aae,{},KHONG,,83,he_thong
289fa853-bcb8-4ea1-9b2c-00d4a41ca8c7,TB_S1V1XDBJ,"Trụ lắp cảm biến đo gió an toàn - dễ gãy, cao 10m, / có khớp bản lề giữa thân và chân đế cột, đã được sơn theo tiêu chuẩn ICAO",98c88d39-bf0f-43c7-83a2-ca5d266ba54f,,"Trụ lắp cảm biến đo gió an toàn - dễ gãy, cao 10m, / có khớp bản lề giữa thân và chân đế cột, đã được sơn theo tiêu chuẩn ICAO",Attech,,a13f3116-f74d-4435-b248-5b458d9fead4,d7faf284-1a3a-4e53-9433-8476900a66e7,,,1ce915ed-07e9-4b65-9209-2652ffd9b681,f59bf0bd-520b-4245-80db-dc71b7187bf1,,Đề xuất: Khi có sự cố thì xuất kho Cty QLBMT thay thế sửa chữa | Hỏng hóc: 0 lần | VTDP: không | Niên hạn: Không,,,,,2026-07-11 09:50:09.894644+00,2026-08-11 04:37:10.204448+00,2f529936-107e-451b-bd0f-f3197db1943f,,e96be350-6615-441a-91f5-53ad976e91b3,"TB_S1V1XDBJ Tru lap cam bien do gio an toan - de gay, cao 10m, / co khop ban le giua than va chan de cot, da duoc son theo tieu chuan ICAO  Tru lap cam bien do gio an toan - de gay, cao 10m, / co khop ban le giua than va chan de cot, da duoc son theo tieu chuan ICAO Attech   De xuat: Khi co su co thi xuat kho Cty QLBMT thay the sua chua | Hong hoc: 0 lan | VTDP: khong | Nien han: Khong","'0':79 '10m':14,43 'an':9,38 'attech':61 'ban':17,46 'bien':6,35 'cam':5,34 'cao':13,42 'chan':22,51 'chua':76 'chuan':30,59 'co':15,44,65,67 'cot':24,53 'cty':71 'da':25,54 'de':11,23,40,52,62 'do':7,36 'duoc':26,55 'gay':12,41 'gio':8,37 'giua':19,48 'han':84 'hoc':78 'hong':77 'icao':31,60 'khi':64 'kho':70 'khong':82,85 'khop':16,45 'lan':80 'lap':4,33 'le':18,47 'nien':83 'qlbmt':72 's1v1xdbj':2 'son':27,56 'su':66 'sua':75 'tb':1 'than':20,49 'thay':73 'the':74 'theo':28,57 'thi':68 'tieu':29,58 'toan':10,39 'tru':3,32 'va':21,50 'vtdp':81 'xuat':63,69",,"Việt Nam, SM-00-10, ATTECH",2025,2025,f59bf0bd-520b-4245-80db-dc71b7187bf1,,,CR,,,,0.067,,,,,,,,,,,,,,,,,,,san_sang,,f024c88e-8702-49c8-a302-15b93f6acb3c,,,,f,TB_N1_AWOS_0069,9c6ffe26-2448-4a6f-a85c-3d9636e2124c,{},KHONG,,83,he_thong
28d44ac7-1c32-4da5-9157-39a9b894acbf,TB_KBH5PVS8,"Trụ lắp cảm biến đo gió an toàn - dễ gãy, cao 10m, / có khớp bản lề giữa thân và chân đế cột, đã được sơn theo tiêu chuẩn ICAO",98c88d39-bf0f-43c7-83a2-ca5d266ba54f,,"Trụ lắp cảm biến đo gió an toàn - dễ gãy, cao 10m, / có khớp bản lề giữa thân và chân đế cột, đã được sơn theo tiêu chuẩn ICAO",Attech,,a13f3116-f74d-4435-b248-5b458d9fead4,d7faf284-1a3a-4e53-9433-8476900a66e7,,,1ce915ed-07e9-4b65-9209-2652ffd9b681,f59bf0bd-520b-4245-80db-dc71b7187bf1,,Đề xuất: Khi có sự cố thì xuất kho Cty QLBMT thay thế sửa chữa | Hỏng hóc: 0 lần | VTDP: không | Niên hạn: Không,,,,,2026-07-11 09:50:09.894644+00,2026-08-11 04:37:10.204448+00,2f529936-107e-451b-bd0f-f3197db1943f,,e96be350-6615-441a-91f5-53ad976e91b3,"TB_KBH5PVS8 Tru lap cam bien do gio an toan - de gay, cao 10m, / co khop ban le giua than va chan de cot, da duoc son theo tieu chuan ICAO  Tru lap cam bien do gio an toan - de gay, cao 10m, / co khop ban le giua than va chan de cot, da duoc son theo tieu chuan ICAO Attech   De xuat: Khi co su co thi xuat kho Cty QLBMT thay the sua chua | Hong hoc: 0 lan | VTDP: khong | Nien han: Khong","'0':79 '10m':14,43 'an':9,38 'attech':61 'ban':17,46 'bien':6,35 'cam':5,34 'cao':13,42 'chan':22,51 'chua':76 'chuan':30,59 'co':15,44,65,67 'cot':24,53 'cty':71 'da':25,54 'de':11,23,40,52,62 'do':7,36 'duoc':26,55 'gay':12,41 'gio':8,37 'giua':19,48 'han':84 'hoc':78 'hong':77 'icao':31,60 'kbh5pvs8':2 'khi':64 'kho':70 'khong':82,85 'khop':16,45 'lan':80 'lap':4,33 'le':18,47 'nien':83 'qlbmt':72 'son':27,56 'su':66 'sua':75 'tb':1 'than':20,49 'thay':73 'the':74 'theo':28,57 'thi':68 'tieu':29,58 'toan':10,39 'tru':3,32 'va':21,50 'vtdp':81 'xuat':63,69",,"Việt Nam, SM-00-10, ATTECH",2025,2025,f59bf0bd-520b-4245-80db-dc71b7187bf1,,,CR,,,,0.067,,,,,,,,,,,,,,,,,,,san_sang,,f024c88e-8702-49c8-a302-15b93f6acb3c,,,,f,TB_N1_AWOS_0070,9c6ffe26-2448-4a6f-a85c-3d9636e2124c,{},KHONG,,83,he_thong
1a0f8aba-87a3-445b-954e-3c7dc525ef74,TB_61RC0S6Z,Thiết bị Serial to Ethernet,ae03f513-6763-46f8-913d-91a103966947,,Converter Nport IA5250,Moxa,,a0625061-0c6d-4e0b-b438-d696787ad746,d7faf284-1a3a-4e53-9433-8476900a66e7,,,1ce915ed-07e9-4b65-9209-2652ffd9b681,65ac5e26-b0a7-487e-a72d-3f0dfc3facc2,Trạm 17,"Ra soat 2026-07-11, file nguon: BDKT_OPTIMET",,,,,2026-07-11 09:50:09.894644+00,2026-08-11 04:37:10.204448+00,a5454b1e-b677-4fd8-8494-b4c080de867d,,7edb2f00-60da-46ad-8aed-873d4708393d,"TB_61RC0S6Z Thiet bi Serial to Ethernet  Converter Nport IA5250 Moxa  Tram 17 Ra soat 2026-07-11, file nguon: BDKT_OPTIMET",'-07':17 '-11':18 '17':13 '2026':16 '61rc0s6z':2 'bdkt':21 'bi':4 'converter':8 'ethernet':7 'file':19 'ia5250':10 'moxa':11 'nguon':20 'nport':9 'optimet':22 'ra':14 'serial':5 'soat':15 'tb':1 'thiet':3 'to':6 'tram':12,Optimet,IA5250,,,65ac5e26-b0a7-487e-a72d-3f0dfc3facc2,,Truyền dẫn,BDKT-KTKT,,,,,,,,,,,,,,,,,,,,,,,san_sang,,f024c88e-8702-49c8-a302-15b93f6acb3c,,,,f,TB_BDKT_KTKT_025,a16ee536-405c-41aa-8c3e-e2a64c300364,{},KHONG,,83,he_thong
1f5b2b27-7a3e-42a8-8284-94751bd9d2d4,TB_M7M25KZV,Nguồn AC/DC,accf1740-4c18-4b9a-895f-59d85ba593b5,,Nguồn AC/DC,MeanWell,,4fbd5536-e530-4f9b-97d3-d194186c33de,d7faf284-1a3a-4e53-9433-8476900a66e7,,,1ce915ed-07e9-4b65-9209-2652ffd9b681,141337b4-f2fa-4438-808f-0d10cfeedb85,TWR - Đài KSKL CHU LAI,"Ra soat 2026-07-11, file nguon: CLA_IMS",,,,,2026-07-11 09:50:09.894644+00,2026-08-11 04:37:10.204448+00,0e8dbaf8-aa3e-4d9d-bab2-99b08381f6f9,,e96be350-6615-441a-91f5-53ad976e91b3,"TB_M7M25KZV Nguon AC/DC  Nguon AC/DC MeanWell  TWR - Dai KSKL CHU LAI Ra soat 2026-07-11, file nguon: CLA_IMS","'-07':16 '-11':17 '2026':15 'ac/dc':4,6 'chu':11 'cla':20 'dai':9 'file':18 'ims':21 'kskl':10 'lai':12 'm7m25kzv':2 'meanwell':7 'nguon':3,5,19 'ra':13 'soat':14 'tb':1 'twr':8",THIẾT BỊ QUAN TRẮC THÔNG DỤNG,MDR-60-12,,,141337b4-f2fa-4438-808f-0d10cfeedb85,,Thiết bị nguồn,CLA,,,,,,,,,,,,,,,,,,,,,,,san_sang,,f024c88e-8702-49c8-a302-15b93f6acb3c,,,,f,TB_CLA_093,dd7d4f7a-f771-4b27-b4f0-338067668a88,{},KHONG,,83,he_thong
8c83b40d-46ad-488f-8e4e-ecf4ac7e65e6,TB_XB9FNM4V,AC/DC converter,accf1740-4c18-4b9a-895f-59d85ba593b5,,Nguồn AC/DC,MeanWell,,ce27df84-7054-4032-bfe7-efdb0bd119f4,d7faf284-1a3a-4e53-9433-8476900a66e7,,,1ce915ed-07e9-4b65-9209-2652ffd9b681,581d9350-905f-46da-b45e-c2d8aba4d868,09,"Ra soat 2026-07-11, file nguon: PBA_AWOS900",,,,,2026-07-11 09:50:09.894644+00,2026-08-11 04:37:10.204448+00,0e8dbaf8-aa3e-4d9d-bab2-99b08381f6f9,,e96be350-6615-441a-91f5-53ad976e91b3,"TB_XB9FNM4V AC/DC converter  Nguon AC/DC MeanWell  09 Ra soat 2026-07-11, file nguon: PBA_AWOS900","'-07':12 '-11':13 '09':8 '2026':11 'ac/dc':3,6 'awos900':17 'converter':4 'file':14 'meanwell':7 'nguon':5,15 'pba':16 'ra':9 'soat':10 'tb':1 'xb9fnm4v':2",AWOS-900,DRC-100A,,,581d9350-905f-46da-b45e-c2d8aba4d868,,Nguồn DC,PBA,,,,,,,,,,,,,,,,,,,,,,,san_sang,,f024c88e-8702-49c8-a302-15b93f6acb3c,,,,f,TB_PBA_061,c939fdc4-38ff-4b16-a7cd-5cf428b638f7,{},KHONG,,83,he_thong
2587eda9-c48c-47b1-aaa5-bf6ac750a9fb,TB_9ATMG9FH,Màn hình giám sát UHF,83e7d93e-2f76-4d4f-a6bc-08926383aba1,E2216HV,Màn hình giám sát UHF,DELL,,5ae20f2b-30dc-409c-95db-68b98b79c94e,d7faf284-1a3a-4e53-9433-8476900a66e7,,,1ce915ed-07e9-4b65-9209-2652ffd9b681,f59bf0bd-520b-4245-80db-dc71b7187bf1,,Đề xuất: Không | Hỏng hóc: 0 lần | Tình trạng: Hoạt động bình thường | VTDP: Có vật tư dự phòng trong kho,,,,,2026-07-11 09:50:09.894644+00,2026-08-11 04:37:10.204448+00,f9bb034d-e32b-4595-b6a6-e5136105dc19,,e96be350-6615-441a-91f5-53ad976e91b3,TB_9ATMG9FH Man hinh giam sat UHF E2216HV Man hinh giam sat UHF DELL   De xuat: Khong | Hong hoc: 0 lan | Tinh trang: Hoat dong binh thuong | VTDP: Co vat tu du phong trong kho,"'0':20 '9atmg9fh':2 'binh':26 'co':29 'de':15 'dell':14 'dong':25 'du':32 'e2216hv':8 'giam':5,11 'hinh':4,10 'hoat':24 'hoc':19 'hong':18 'kho':35 'khong':17 'lan':21 'man':3,9 'phong':33 'sat':6,12 'tb':1 'thuong':27 'tinh':22 'trang':23 'trong':34 'tu':31 'uhf':7,13 'vat':30 'vtdp':28 'xuat':16",,,2023,2023,f59bf0bd-520b-4245-80db-dc71b7187bf1,,,CR,,,,0.300,,,,,,,,,,,,,,,,,,,san_sang,,f024c88e-8702-49c8-a302-15b93f6acb3c,,,,f,TB_N1_AWOS_0138,6e99efb8-af97-4aa8-a243-8fcb137797bf,{},KHONG,,100,he_thong
fc178946-9a87-4432-b019-25d12b1d8e81,TB_EMRBY05W,"Trụ lắp kim thu sét an toàn - dễ gãy, cao 3m, và chân đế cột, đã được sơn theo tiêu chuẩn ICAO",1ef69ec2-6298-4c48-b931-aea3fa48c0fc,,"Trụ lắp kim thu sét an toàn - dễ gãy, cao 3m, và chân đế cột, đã được sơn theo tiêu chuẩn ICAO",Attech,,a13f3116-f74d-4435-b248-5b458d9fead4,d7faf284-1a3a-4e53-9433-8476900a66e7,,,1ce915ed-07e9-4b65-9209-2652ffd9b681,f59bf0bd-520b-4245-80db-dc71b7187bf1,,Đề xuất: Khi có sự cố thì xuất kho Cty QLBMT thay thế sửa chữa | Hỏng hóc: 0 lần | VTDP: không | Niên hạn: Không,,,,,2026-07-11 09:50:09.894644+00,2026-08-11 04:37:10.204448+00,2f529936-107e-451b-bd0f-f3197db1943f,,e96be350-6615-441a-91f5-53ad976e91b3,"TB_EMRBY05W Tru lap kim thu set an toan - de gay, cao 3m, va chan de cot, da duoc son theo tieu chuan ICAO  Tru lap kim thu set an toan - de gay, cao 3m, va chan de cot, da duoc son theo tieu chuan ICAO Attech   De xuat: Khi co su co thi xuat kho Cty QLBMT thay the sua chua | Hong hoc: 0 lan | VTDP: khong | Nien han: Khong","'0':65 '3m':13,35 'an':8,30 'attech':47 'cao':12,34 'chan':15,37 'chua':62 'chuan':23,45 'co':51,53 'cot':17,39 'cty':57 'da':18,40 'de':10,16,32,38,48 'duoc':19,41 'emrby05w':2 'gay':11,33 'han':70 'hoc':64 'hong':63 'icao':24,46 'khi':50 'kho':56 'khong':68,71 'kim':5,27 'lan':66 'lap':4,26 'nien':69 'qlbmt':58 'set':7,29 'son':20,42 'su':52 'sua':61 'tb':1 'thay':59 'the':60 'theo':21,43 'thi':54 'thu':6,28 'tieu':22,44 'toan':9,31 'tru':3,25 'va':14,36 'vtdp':67 'xuat':49,55",,"Việt Nam, SM-00-03, ATTECH",2025,2025,f59bf0bd-520b-4245-80db-dc71b7187bf1,,,CR,,,,0.067,,,,,,,,,,,,,,,,,,,san_sang,,f024c88e-8702-49c8-a302-15b93f6acb3c,,,,f,TB_N1_AWOS_0071,c4cc207d-c36a-464e-b7ad-32ab5aff20c8,{},KHONG,,83,he_thong
542340a6-5f9b-46d6-969b-3e703d87d13a,TB_JKZYBSQM,"Trụ lắp kim thu sét an toàn - dễ gãy, cao 3m, và chân đế cột, đã được sơn theo tiêu chuẩn ICAO",1ef69ec2-6298-4c48-b931-aea3fa48c0fc,,"Trụ lắp kim thu sét an toàn - dễ gãy, cao 3m, và chân đế cột, đã được sơn theo tiêu chuẩn ICAO",Attech,,a13f3116-f74d-4435-b248-5b458d9fead4,d7faf284-1a3a-4e53-9433-8476900a66e7,,,1ce915ed-07e9-4b65-9209-2652ffd9b681,f59bf0bd-520b-4245-80db-dc71b7187bf1,,Đề xuất: Khi có sự cố thì xuất kho Cty QLBMT thay thế sửa chữa | Hỏng hóc: 0 lần | VTDP: không | Niên hạn: Không,,,,,2026-07-11 09:50:09.894644+00,2026-08-11 04:37:10.204448+00,2f529936-107e-451b-bd0f-f3197db1943f,,e96be350-6615-441a-91f5-53ad976e91b3,"TB_JKZYBSQM Tru lap kim thu set an toan - de gay, cao 3m, va chan de cot, da duoc son theo tieu chuan ICAO  Tru lap kim thu set an toan - de gay, cao 3m, va chan de cot, da duoc son theo tieu chuan ICAO Attech   De xuat: Khi co su co thi xuat kho Cty QLBMT thay the sua chua | Hong hoc: 0 lan | VTDP: khong | Nien han: Khong","'0':65 '3m':13,35 'an':8,30 'attech':47 'cao':12,34 'chan':15,37 'chua':62 'chuan':23,45 'co':51,53 'cot':17,39 'cty':57 'da':18,40 'de':10,16,32,38,48 'duoc':19,41 'gay':11,33 'han':70 'hoc':64 'hong':63 'icao':24,46 'jkzybsqm':2 'khi':50 'kho':56 'khong':68,71 'kim':5,27 'lan':66 'lap':4,26 'nien':69 'qlbmt':58 'set':7,29 'son':20,42 'su':52 'sua':61 'tb':1 'thay':59 'the':60 'theo':21,43 'thi':54 'thu':6,28 'tieu':22,44 'toan':9,31 'tru':3,25 'va':14,36 'vtdp':67 'xuat':49,55",,"Việt Nam, SM-00-03, ATTECH",2025,2025,f59bf0bd-520b-4245-80db-dc71b7187bf1,,,CR,,,,0.067,,,,,,,,,,,,,,,,,,,san_sang,,f024c88e-8702-49c8-a302-15b93f6acb3c,,,,f,TB_N1_AWOS_0072,c4cc207d-c36a-464e-b7ad-32ab5aff20c8,{},KHONG,,83,he_thong
3c9b3b1a-030c-4f1a-a050-50c439f493cc,TB_B769HKDT,Thiết bị chuyển đổi Serial/Ethernet,ae03f513-6763-46f8-913d-91a103966947,TBDHE1024138,Converter Nport IA5250,Moxa,,4fbd5536-e530-4f9b-97d3-d194186c33de,d7faf284-1a3a-4e53-9433-8476900a66e7,,,1ce915ed-07e9-4b65-9209-2652ffd9b681,141337b4-f2fa-4438-808f-0d10cfeedb85,Trạm trần mây 32,"Ra soat 2026-07-11, file nguon: CLA_IMS",,,,,2026-07-11 09:50:09.894644+00,2026-08-11 04:37:10.204448+00,a5454b1e-b677-4fd8-8494-b4c080de867d,,66b78574-4d8b-4d58-8ca7-67b06ef335b2,"TB_B769HKDT Thiet bi chuyen doi Serial/Ethernet TBDHE1024138 Converter Nport IA5250 Moxa  Tram tran may 32 Ra soat 2026-07-11, file nguon: CLA_IMS",'-07':20 '-11':21 '2026':19 '32':16 'b769hkdt':2 'bi':4 'chuyen':5 'cla':24 'converter':9 'doi':6 'file':22 'ia5250':11 'ims':25 'may':15 'moxa':12 'nguon':23 'nport':10 'ra':17 'serial/ethernet':7 'soat':18 'tb':1 'tbdhe1024138':8 'thiet':3 'tram':13 'tran':14,AWOS IMS,IA5250,,,141337b4-f2fa-4438-808f-0d10cfeedb85,,Truyền dẫn,CLA,,,,,,,,,,,,,,,,,,,,,,,san_sang,,f024c88e-8702-49c8-a302-15b93f6acb3c,,,,f,TB_CLA_029,a16ee536-405c-41aa-8c3e-e2a64c300364,{},KHONG,,100,he_thong
fefc0358-4500-4595-8d6d-b551820b309e,TB_39PYHYVR,Thiết bị chuyển đổi Serial/Ethernet,ae03f513-6763-46f8-913d-91a103966947,TBDHE1024144,Converter Nport IA5250,Moxa,,4fbd5536-e530-4f9b-97d3-d194186c33de,d7faf284-1a3a-4e53-9433-8476900a66e7,,,1ce915ed-07e9-4b65-9209-2652ffd9b681,141337b4-f2fa-4438-808f-0d10cfeedb85,Trạm 14 TN,"Ra soat 2026-07-11, file nguon: CLA_IMS",,,,,2026-07-11 09:50:09.894644+00,2026-08-11 04:37:10.204448+00,a5454b1e-b677-4fd8-8494-b4c080de867d,,38e5eeb4-1688-47ea-ac85-5fd68d617ea5,"TB_39PYHYVR Thiet bi chuyen doi Serial/Ethernet TBDHE1024144 Converter Nport IA5250 Moxa  Tram 14 TN Ra soat 2026-07-11, file nguon: CLA_IMS",'-07':19 '-11':20 '14':14 '2026':18 '39pyhyvr':2 'bi':4 'chuyen':5 'cla':23 'converter':9 'doi':6 'file':21 'ia5250':11 'ims':24 'moxa':12 'nguon':22 'nport':10 'ra':16 'serial/ethernet':7 'soat':17 'tb':1 'tbdhe1024144':8 'thiet':3 'tn':15 'tram':13,AWOS IMS,IA5250,,,141337b4-f2fa-4438-808f-0d10cfeedb85,,Truyền dẫn,CLA,,,,,,,,,,,,,,,,,,,,,,,san_sang,,f024c88e-8702-49c8-a302-15b93f6acb3c,,,,f,TB_CLA_044,a16ee536-405c-41aa-8c3e-e2a64c300364,{},KHONG,,100,he_thong
954bec25-b440-43ae-84ac-6c3dd519d6a5,TB_JVCMT4WW,Ống sợi thủy tinh,1ef69ec2-6298-4c48-b931-aea3fa48c0fc,,Ống sợi thủy tinh,ERICO,,a13f3116-f74d-4435-b248-5b458d9fead4,d7faf284-1a3a-4e53-9433-8476900a66e7,,,1ce915ed-07e9-4b65-9209-2652ffd9b681,f59bf0bd-520b-4245-80db-dc71b7187bf1,,Đề xuất: Khi có sự cố thì xuất kho Cty QLBMT thay thế sửa chữa | Hỏng hóc: 0 lần | VTDP: không | Niên hạn: Không,,,,,2026-07-11 09:50:09.894644+00,2026-08-11 04:37:10.204448+00,2e05f201-8ee7-4f2d-afe5-963dc6d94500,,e96be350-6615-441a-91f5-53ad976e91b3,TB_JVCMT4WW Ong soi thuy tinh  Ong soi thuy tinh ERICO   De xuat: Khi co su co thi xuat kho Cty QLBMT thay the sua chua | Hong hoc: 0 lan | VTDP: khong | Nien han: Khong,"'0':29 'chua':26 'co':15,17 'cty':21 'de':12 'erico':11 'han':34 'hoc':28 'hong':27 'jvcmt4ww':2 'khi':14 'kho':20 'khong':32,35 'lan':30 'nien':33 'ong':3,7 'qlbmt':22 'soi':4,8 'su':16 'sua':25 'tb':1 'thay':23 'the':24 'thi':18 'thuy':5,9 'tinh':6,10 'vtdp':31 'xuat':13,19",,MFRP/2M/BLACK,2024,2025,f59bf0bd-520b-4245-80db-dc71b7187bf1,,,CR,,,,0.067,,,,,,,,,,,,,,,,,,,san_sang,,f024c88e-8702-49c8-a302-15b93f6acb3c,,,,f,TB_N1_AWOS_0078,d28de1f2-6e4d-4f59-adf2-2ee762335ccb,{},KHONG,,83,he_thong
ee6665a2-57ae-40c6-8bfc-935f13d8f45a,TB_J203PWTG,Ống sợi thủy tinh,1ef69ec2-6298-4c48-b931-aea3fa48c0fc,,Ống sợi thủy tinh,ERICO,,a13f3116-f74d-4435-b248-5b458d9fead4,d7faf284-1a3a-4e53-9433-8476900a66e7,,,1ce915ed-07e9-4b65-9209-2652ffd9b681,f59bf0bd-520b-4245-80db-dc71b7187bf1,,Đề xuất: Khi có sự cố thì xuất kho Cty QLBMT thay thế sửa chữa | Hỏng hóc: 0 lần | VTDP: không | Niên hạn: Không,,,,,2026-07-11 09:50:09.894644+00,2026-08-11 04:37:10.204448+00,2e05f201-8ee7-4f2d-afe5-963dc6d94500,,e96be350-6615-441a-91f5-53ad976e91b3,TB_J203PWTG Ong soi thuy tinh  Ong soi thuy tinh ERICO   De xuat: Khi co su co thi xuat kho Cty QLBMT thay the sua chua | Hong hoc: 0 lan | VTDP: khong | Nien han: Khong,"'0':29 'chua':26 'co':15,17 'cty':21 'de':12 'erico':11 'han':34 'hoc':28 'hong':27 'j203pwtg':2 'khi':14 'kho':20 'khong':32,35 'lan':30 'nien':33 'ong':3,7 'qlbmt':22 'soi':4,8 'su':16 'sua':25 'tb':1 'thay':23 'the':24 'thi':18 'thuy':5,9 'tinh':6,10 'vtdp':31 'xuat':13,19",,MFRP/2M/BLACK,2024,2025,f59bf0bd-520b-4245-80db-dc71b7187bf1,,,CR,,,,0.067,,,,,,,,,,,,,,,,,,,san_sang,,f024c88e-8702-49c8-a302-15b93f6acb3c,,,,f,TB_N1_AWOS_0079,d28de1f2-6e4d-4f59-adf2-2ee762335ccb,{},KHONG,,83,he_thong
eb215a68-91d9-4565-a7ea-230763bfd6fe,TB_HCVJK5GW,Ống sợi thủy tinh,1ef69ec2-6298-4c48-b931-aea3fa48c0fc,,Ống sợi thủy tinh,ERICO,,a13f3116-f74d-4435-b248-5b458d9fead4,d7faf284-1a3a-4e53-9433-8476900a66e7,,,1ce915ed-07e9-4b65-9209-2652ffd9b681,f59bf0bd-520b-4245-80db-dc71b7187bf1,,Đề xuất: Khi có sự cố thì xuất kho Cty QLBMT thay thế sửa chữa | Hỏng hóc: 0 lần | VTDP: không | Niên hạn: Không,,,,,2026-07-11 09:50:09.894644+00,2026-08-11 04:37:10.204448+00,2e05f201-8ee7-4f2d-afe5-963dc6d94500,,e96be350-6615-441a-91f5-53ad976e91b3,TB_HCVJK5GW Ong soi thuy tinh  Ong soi thuy tinh ERICO   De xuat: Khi co su co thi xuat kho Cty QLBMT thay the sua chua | Hong hoc: 0 lan | VTDP: khong | Nien han: Khong,"'0':29 'chua':26 'co':15,17 'cty':21 'de':12 'erico':11 'han':34 'hcvjk5gw':2 'hoc':28 'hong':27 'khi':14 'kho':20 'khong':32,35 'lan':30 'nien':33 'ong':3,7 'qlbmt':22 'soi':4,8 'su':16 'sua':25 'tb':1 'thay':23 'the':24 'thi':18 'thuy':5,9 'tinh':6,10 'vtdp':31 'xuat':13,19",,MFRP/2M/BLACK,2024,2025,f59bf0bd-520b-4245-80db-dc71b7187bf1,,,CR,,,,0.067,,,,,,,,,,,,,,,,,,,san_sang,,f024c88e-8702-49c8-a302-15b93f6acb3c,,,,f,TB_N1_AWOS_0080,d28de1f2-6e4d-4f59-adf2-2ee762335ccb,{},KHONG,,83,he_thong
8cf59460-f4d2-4785-8172-dc631d045d24,TB_19K14ZQ6,Ống sợi thủy tinh,1ef69ec2-6298-4c48-b931-aea3fa48c0fc,,Ống sợi thủy tinh,ERICO,,a13f3116-f74d-4435-b248-5b458d9fead4,d7faf284-1a3a-4e53-9433-8476900a66e7,,,1ce915ed-07e9-4b65-9209-2652ffd9b681,f59bf0bd-520b-4245-80db-dc71b7187bf1,,Đề xuất: Khi có sự cố thì xuất kho Cty QLBMT thay thế sửa chữa | Hỏng hóc: 0 lần | VTDP: không | Niên hạn: Không,,,,,2026-07-11 09:50:09.894644+00,2026-08-11 04:37:10.204448+00,2e05f201-8ee7-4f2d-afe5-963dc6d94500,,e96be350-6615-441a-91f5-53ad976e91b3,TB_19K14ZQ6 Ong soi thuy tinh  Ong soi thuy tinh ERICO   De xuat: Khi co su co thi xuat kho Cty QLBMT thay the sua chua | Hong hoc: 0 lan | VTDP: khong | Nien han: Khong,"'0':29 '19k14zq6':2 'chua':26 'co':15,17 'cty':21 'de':12 'erico':11 'han':34 'hoc':28 'hong':27 'khi':14 'kho':20 'khong':32,35 'lan':30 'nien':33 'ong':3,7 'qlbmt':22 'soi':4,8 'su':16 'sua':25 'tb':1 'thay':23 'the':24 'thi':18 'thuy':5,9 'tinh':6,10 'vtdp':31 'xuat':13,19",,MFRP/2M/BLACK,2024,2025,f59bf0bd-520b-4245-80db-dc71b7187bf1,,,CR,,,,0.067,,,,,,,,,,,,,,,,,,,san_sang,,f024c88e-8702-49c8-a302-15b93f6acb3c,,,,f,TB_N1_AWOS_0081,d28de1f2-6e4d-4f59-adf2-2ee762335ccb,{},KHONG,,83,he_thong
e5016758-7ac9-4ea7-93da-16944bd8116e,TB_H42S67FB,Ống sợi thủy tinh,1ef69ec2-6298-4c48-b931-aea3fa48c0fc,,Ống sợi thủy tinh,ERICO,,a13f3116-f74d-4435-b248-5b458d9fead4,d7faf284-1a3a-4e53-9433-8476900a66e7,,,1ce915ed-07e9-4b65-9209-2652ffd9b681,f59bf0bd-520b-4245-80db-dc71b7187bf1,,Đề xuất: Khi có sự cố thì xuất kho Cty QLBMT thay thế sửa chữa | Hỏng hóc: 0 lần | VTDP: không | Niên hạn: Không,,,,,2026-07-11 09:50:09.894644+00,2026-08-11 04:37:10.204448+00,2e05f201-8ee7-4f2d-afe5-963dc6d94500,,e96be350-6615-441a-91f5-53ad976e91b3,TB_H42S67FB Ong soi thuy tinh  Ong soi thuy tinh ERICO   De xuat: Khi co su co thi xuat kho Cty QLBMT thay the sua chua | Hong hoc: 0 lan | VTDP: khong | Nien han: Khong,"'0':29 'chua':26 'co':15,17 'cty':21 'de':12 'erico':11 'h42s67fb':2 'han':34 'hoc':28 'hong':27 'khi':14 'kho':20 'khong':32,35 'lan':30 'nien':33 'ong':3,7 'qlbmt':22 'soi':4,8 'su':16 'sua':25 'tb':1 'thay':23 'the':24 'thi':18 'thuy':5,9 'tinh':6,10 'vtdp':31 'xuat':13,19",,MFRP/2M/BLACK,2024,2025,f59bf0bd-520b-4245-80db-dc71b7187bf1,,,CR,,,,0.067,,,,,,,,,,,,,,,,,,,san_sang,,f024c88e-8702-49c8-a302-15b93f6acb3c,,,,f,TB_N1_AWOS_0082,d28de1f2-6e4d-4f59-adf2-2ee762335ccb,{},KHONG,,83,he_thong
f0ba82de-001e-49d6-ad2e-25d536231a38,TB_JM3XWYPJ,Thiết bị cắt lọc sét 1 pha,660f73b4-1975-4bde-8c87-810a23ef6e2c,,Thiết bị cắt lọc sét 1 pha,nVent ERICO,,2236fe1c-6896-4157-a310-ae0e094233f6,d7faf284-1a3a-4e53-9433-8476900a66e7,,,1ce915ed-07e9-4b65-9209-2652ffd9b681,8b408897-b25d-4ece-91ba-d97dfacec283,Trạm 09,"Ra soat 2026-07-11, file nguon: PLK_IMS",,,,,2026-07-11 09:50:09.894644+00,2026-08-11 04:37:10.204448+00,2e05f201-8ee7-4f2d-afe5-963dc6d94500,,e96be350-6615-441a-91f5-53ad976e91b3,"TB_JM3XWYPJ Thiet bi cat loc set 1 pha  Thiet bi cat loc set 1 pha nVent ERICO  Tram 09 Ra soat 2026-07-11, file nguon: PLK_IMS","'-07':24 '-11':25 '09':20 '1':8,15 '2026':23 'bi':4,11 'cat':5,12 'erico':18 'file':26 'ims':29 'jm3xwypj':2 'loc':6,13 'nguon':27 'nvent':17 'pha':9,16 'plk':28 'ra':21 'set':7,14 'soat':22 'tb':1 'thiet':3,10 'tram':19",AWOS IMS,DT230020R,,,8b408897-b25d-4ece-91ba-d97dfacec283,,Cắt lọc sét,PLK,,,,,,,,,,,,,,,,,,,,,,,san_sang,,f024c88e-8702-49c8-a302-15b93f6acb3c,,,,f,TB_PLK_078,993b7ac7-3317-4c1f-8040-32fe7a14c010,{},KHONG,,83,he_thong
b0b0b459-b401-43b5-aa06-2de7662d77c2,TB_8V139W1N,Cảm biến đo tầm nhìn,98c88d39-bf0f-43c7-83a2-ca5d266ba54f,,Cảm biến đo tầm nhìn,All Weather,,ce27df84-7054-4032-bfe7-efdb0bd119f4,d7faf284-1a3a-4e53-9433-8476900a66e7,,,1ce915ed-07e9-4b65-9209-2652ffd9b681,581d9350-905f-46da-b45e-c2d8aba4d868,27,"Ra soat 2026-07-11, file nguon: PBA_AWOS900",,,,,2026-07-11 09:50:09.894644+00,2026-08-11 04:37:10.204448+00,8c53503a-8e6c-4698-bb44-06b929060b8a,,e96be350-6615-441a-91f5-53ad976e91b3,"TB_8V139W1N Cam bien do tam nhin  Cam bien do tam nhin All Weather  27 Ra soat 2026-07-11, file nguon: PBA_AWOS900","'-07':19 '-11':20 '2026':18 '27':15 '8v139w1n':2 'all':13 'awos900':24 'bien':4,9 'cam':3,8 'do':5,10 'file':21 'nguon':22 'nhin':7,12 'pba':23 'ra':16 'soat':17 'tam':6,11 'tb':1 'weather':14",AWOS-900,8364-E,,,581d9350-905f-46da-b45e-c2d8aba4d868,,Cảm biến,PBA,,,,,,,,,,,,,,,,,,,,,,,san_sang,,f024c88e-8702-49c8-a302-15b93f6acb3c,,,,f,TB_PBA_025,937ae497-c763-44ce-99c7-608e36916092,{},KHONG,,83,he_thong
37049bbd-c122-45c3-8af3-95064004ba4e,TB_XXYF6EF4,Sensor đo trần mây 8339-G+,98c88d39-bf0f-43c7-83a2-ca5d266ba54f,1288,Sensor đo trần mây 8339-G+,"All Weather, Inc. (ADB SAFEGATE)",,5ae20f2b-30dc-409c-95db-68b98b79c94e,d7faf284-1a3a-4e53-9433-8476900a66e7,,,1ce915ed-07e9-4b65-9209-2652ffd9b681,f59bf0bd-520b-4245-80db-dc71b7187bf1,Trạm khí tượng,Đề xuất: Mua sắm VTDP sử dụng chung cho hệ thống AWOS Optimet và AWOS 900 Phú Bài | Hỏng hóc: 1 lần tháng 11.2025 | Tình trạng: Hoạt động bình thường | VTDP: Không | Niên hạn: Không,,,,,2026-07-11 09:50:09.894644+00,2026-08-11 04:37:10.204448+00,8c53503a-8e6c-4698-bb44-06b929060b8a,,92aa329a-4ad2-4bf1-b2fe-c33ff194335c,"TB_XXYF6EF4 Sensor do tran may 8339-G+ 1288 Sensor do tran may 8339-G+ All Weather, Inc. (ADB SAFEGATE)  Tram khi tuong De xuat: Mua sam VTDP su dung chung cho he thong AWOS Optimet va AWOS 900 Phu Bai | Hong hoc: 1 lan thang 11.2025 | Tinh trang: Hoat dong binh thuong | VTDP: Khong | Nien han: Khong","'1':44 '11.2025':47 '1288':9 '8339':7,14 '900':39 'adb':19 'all':16 'awos':35,38 'bai':41 'binh':52 'cho':32 'chung':31 'de':24 'do':4,11 'dong':51 'dung':30 'g':8,15 'han':57 'he':33 'hoat':50 'hoc':43 'hong':42 'inc':18 'khi':22 'khong':55,58 'lan':45 'may':6,13 'mua':26 'nien':56 'optimet':36 'phu':40 'safegate':20 'sam':27 'sensor':3,10 'su':29 'tb':1 'thang':46 'thong':34 'thuong':53 'tinh':48 'tram':21 'tran':5,12 'trang':49 'tuong':23 'va':37 'vtdp':28,54 'weather':17 'xuat':25 'xxyf6ef4':2",,8339-G+,2023,2023,f59bf0bd-520b-4245-80db-dc71b7187bf1,,,CR,,,,0.200,,,,,,,,,,,,,,,,,,,san_sang,,f024c88e-8702-49c8-a302-15b93f6acb3c,,,,f,TB_N1_AWOS_0168,ff3315d1-63b6-43c4-914d-ab6be5d34577,{},KHONG,,100,he_thong
89505b3c-cf0c-4f83-812c-e366c5c2df49,TB_P8VT837R,Sensor nhiệt ẩm áp,98c88d39-bf0f-43c7-83a2-ca5d266ba54f,,Cảm biến đo nhiệt độ Thies 1.1006.54.080,Thies Clima,,ce27df84-7054-4032-bfe7-efdb0bd119f4,d7faf284-1a3a-4e53-9433-8476900a66e7,,,1ce915ed-07e9-4b65-9209-2652ffd9b681,581d9350-905f-46da-b45e-c2d8aba4d868,Tower,"Ra soat 2026-07-11, file nguon: PBA_AWOS900",,,,,2026-07-11 09:50:09.894644+00,2026-08-11 04:37:10.204448+00,f0c86184-a2a8-4ba2-b3e2-87283fbcf190,,e96be350-6615-441a-91f5-53ad976e91b3,"TB_P8VT837R Sensor nhiet am ap  Cam bien do nhiet do Thies 1.1006.54.080 Thies Clima  Tower Ra soat 2026-07-11, file nguon: PBA_AWOS900","'-07':20 '-11':21 '1.1006.54.080':13 '2026':19 'am':5 'ap':6 'awos900':25 'bien':8 'cam':7 'clima':15 'do':9,11 'file':22 'nguon':23 'nhiet':4,10 'p8vt837r':2 'pba':24 'ra':17 'sensor':3 'soat':18 'tb':1 'thies':12,14 'tower':16",Thiết bị đo đạc quan trắc thông dụng,1.1006.54.080,,,581d9350-905f-46da-b45e-c2d8aba4d868,,Cảm biến,PBA,,,,,,,,,,,,,,,,,,,,,,,san_sang,,f024c88e-8702-49c8-a302-15b93f6acb3c,,,,f,TB_PBA_078,5eb8f669-8af7-4cf8-872b-1c9b3a98f491,{},KHONG,,83,he_thong
159eb2b8-2f3f-48e0-ad03-4bb83736f7cc,TB_VGBPP673,Cảm biến tầm nhìn,98c88d39-bf0f-43c7-83a2-ca5d266ba54f,,Cảm biến tầm nhìn,Biral,,2236fe1c-6896-4157-a310-ae0e094233f6,d7faf284-1a3a-4e53-9433-8476900a66e7,,,1ce915ed-07e9-4b65-9209-2652ffd9b681,8b408897-b25d-4ece-91ba-d97dfacec283,Trạm 27,"Ra soat 2026-07-11, file nguon: PLK_IMS",,,,,2026-07-11 09:50:09.894644+00,2026-08-11 04:37:10.204448+00,b7f4a9b7-d8ca-434b-b11c-5e4a13a35ad1,,e96be350-6615-441a-91f5-53ad976e91b3,"TB_VGBPP673 Cam bien tam nhin  Cam bien tam nhin Biral  Tram 27 Ra soat 2026-07-11, file nguon: PLK_IMS","'-07':17 '-11':18 '2026':16 '27':13 'bien':4,8 'biral':11 'cam':3,7 'file':19 'ims':22 'nguon':20 'nhin':6,10 'plk':21 'ra':14 'soat':15 'tam':5,9 'tb':1 'tram':12 'vgbpp673':2",AWOS IMS,SWS-050,,,8b408897-b25d-4ece-91ba-d97dfacec283,,Cảm biến,PLK,,,,,,,,,,,,,,,,,,,,,,,san_sang,,f024c88e-8702-49c8-a302-15b93f6acb3c,,,,f,TB_PLK_011,d7e4f72d-118f-42ad-ac6c-2aaaacd3076e,{},KHONG,,83,he_thong
e8edb1de-b46f-4ca3-ad45-78a159006f1c,TB_8B750XPY,Cắt lọc sét nguồn AC - Tủ thiết bị,660f73b4-1975-4bde-8c87-810a23ef6e2c,,Cắt lọc sét nguồn AC - Tủ thiết bị,Schneider,,7f40beb2-5d47-4f4a-b7df-35cd1cca56ae,d7faf284-1a3a-4e53-9433-8476900a66e7,,,1ce915ed-07e9-4b65-9209-2652ffd9b681,e43c5d4b-3c3c-4486-89da-73e9ac747ab4,Trạm giữa,"Ra soat 2026-07-11, file nguon: THA_DAW21",,,,,2026-07-11 09:50:09.894644+00,2026-08-11 04:37:10.204448+00,1dfd07b4-a9da-41a0-aa04-7b64b3f5862e,,5f93c2d7-9b77-4f40-bc2f-17b835588de6,"TB_8B750XPY Cat loc set nguon AC - Tu thiet bi  Cat loc set nguon AC - Tu thiet bi Schneider  Tram giua Ra soat 2026-07-11, file nguon: THA_DAW21","'-07':25 '-11':26 '2026':24 '8b750xpy':2 'ac':7,15 'bi':10,18 'cat':3,11 'daw21':30 'file':27 'giua':21 'loc':4,12 'nguon':6,14,28 'ra':22 'schneider':19 'set':5,13 'soat':23 'tb':1 'tha':29 'thiet':9,17 'tram':20 'tu':8,16",AWOS D-AW21,EZ9L33620,,,e43c5d4b-3c3c-4486-89da-73e9ac747ab4,,Cắt lọc sét,THA,,,,,,,,,,,,,,,,,,,,,,,san_sang,,f024c88e-8702-49c8-a302-15b93f6acb3c,,,,f,TB_THA_038,459c5424-4a64-4375-88c7-70d7c822477a,{},KHONG,,83,he_thong
d1e8bea1-b8df-4b5d-89be-21b4194a97ed,TB_NFVX7144,Cảm biến đo khí áp Thies 1.1006.54.080,98c88d39-bf0f-43c7-83a2-ca5d266ba54f,,Cảm biến đo nhiệt độ Thies 1.1006.54.080,Thies Clima,,5ae20f2b-30dc-409c-95db-68b98b79c94e,d7faf284-1a3a-4e53-9433-8476900a66e7,,,1ce915ed-07e9-4b65-9209-2652ffd9b681,f59bf0bd-520b-4245-80db-dc71b7187bf1,2023,Hỏng hóc: 0 lần | Tình trạng: Khai thác bình thường | VTDP: Không có VTDP | Niên hạn: Không,,,,,2026-07-11 09:50:09.894644+00,2026-08-11 04:37:10.204448+00,f0c86184-a2a8-4ba2-b3e2-87283fbcf190,,2b0a43bb-0add-4ef6-8830-898890900c6d,TB_NFVX7144 Cam bien do khi ap Thies 1.1006.54.080  Cam bien do nhiet do Thies 1.1006.54.080 Thies Clima  2023 Hong hoc: 0 lan | Tinh trang: Khai thac binh thuong | VTDP: Khong co VTDP | Nien han: Khong,"'0':22 '1.1006.54.080':9,16 '2023':19 'ap':7 'bien':4,11 'binh':28 'cam':3,10 'clima':18 'co':32 'do':5,12,14 'han':35 'hoc':21 'hong':20 'khai':26 'khi':6 'khong':31,36 'lan':23 'nfvx7144':2 'nhiet':13 'nien':34 'tb':1 'thac':27 'thies':8,15,17 'thuong':29 'tinh':24 'trang':25 'vtdp':30,33",2023,1.1006.54.080,2023,2023,f59bf0bd-520b-4245-80db-dc71b7187bf1,,,CR,,,,0.375,,,,,,,,,,,,,,,,,,,san_sang,,f024c88e-8702-49c8-a302-15b93f6acb3c,,,,f,TB_N1_AWOS_0121,5eb8f669-8af7-4cf8-872b-1c9b3a98f491,{},KHONG,,83,he_thong
7a65bcec-cd34-4315-b97e-189f5af5db46,TB_82BWNVA8,Chống sét đường tín hiệu,660f73b4-1975-4bde-8c87-810a23ef6e2c,,Chống sét đường tín hiệu,AT3W,,2236fe1c-6896-4157-a310-ae0e094233f6,d7faf284-1a3a-4e53-9433-8476900a66e7,,,1ce915ed-07e9-4b65-9209-2652ffd9b681,8b408897-b25d-4ece-91ba-d97dfacec283,Trạm 09,"Ra soat 2026-07-11, file nguon: PLK_IMS",,,,,2026-07-11 09:50:09.894644+00,2026-08-11 04:37:10.204448+00,9d09c5d7-4aa9-40a6-b47b-4e1899c9956f,,e96be350-6615-441a-91f5-53ad976e91b3,"TB_82BWNVA8 Chong set duong tin hieu  Chong set duong tin hieu AT3W  Tram 09 Ra soat 2026-07-11, file nguon: PLK_IMS","'-07':19 '-11':20 '09':15 '2026':18 '82bwnva8':2 'at3w':13 'chong':3,8 'duong':5,10 'file':21 'hieu':7,12 'ims':24 'nguon':22 'plk':23 'ra':16 'set':4,9 'soat':17 'tb':1 'tin':6,11 'tram':14",AWOS IMS,AT-2300,,,8b408897-b25d-4ece-91ba-d97dfacec283,,Cắt lọc sét,PLK,,,,,,,,,,,,,,,,,,,,,,,san_sang,,f024c88e-8702-49c8-a302-15b93f6acb3c,,,,f,TB_PLK_083,0afefb1d-ad24-474a-9810-5e665bc08366,{},KHONG,,83,he_thong
5bd6517f-f227-4d23-8763-1f0f1883165a,TB_KJ0EQS24,Cảm biến đo độ ẩm Thies 1.1006.54.080,98c88d39-bf0f-43c7-83a2-ca5d266ba54f,0922009,Cảm biến đo nhiệt độ Thies 1.1006.54.080,Thies Clima,,5ae20f2b-30dc-409c-95db-68b98b79c94e,d7faf284-1a3a-4e53-9433-8476900a66e7,,,1ce915ed-07e9-4b65-9209-2652ffd9b681,f59bf0bd-520b-4245-80db-dc71b7187bf1,,Đề xuất: Mua sắm VTDP sử dụng chung cho các sân bay | Hỏng hóc: 0 lần | Tình trạng: Khai thác bình thường | VTDP: Không có VTDP | Niên hạn: Quá niên hạn,,,,,2026-07-11 09:50:09.894644+00,2026-08-11 04:37:10.204448+00,f0c86184-a2a8-4ba2-b3e2-87283fbcf190,,e96be350-6615-441a-91f5-53ad976e91b3,TB_KJ0EQS24 Cam bien do do am Thies 1.1006.54.080 0922009 Cam bien do nhiet do Thies 1.1006.54.080 Thies Clima   De xuat: Mua sam VTDP su dung chung cho cac san bay | Hong hoc: 0 lan | Tinh trang: Khai thac binh thuong | VTDP: Khong co VTDP | Nien han: Qua nien han,"'0':34 '0922009':10 '1.1006.54.080':9,17 'am':7 'bay':31 'bien':4,12 'binh':40 'cac':29 'cam':3,11 'cho':28 'chung':27 'clima':19 'co':44 'de':20 'do':5,6,13,15 'dung':26 'han':47,50 'hoc':33 'hong':32 'khai':38 'khong':43 'kj0eqs24':2 'lan':35 'mua':22 'nhiet':14 'nien':46,49 'qua':48 'sam':23 'san':30 'su':25 'tb':1 'thac':39 'thies':8,16,18 'thuong':41 'tinh':36 'trang':37 'vtdp':24,42,45 'xuat':21",,1.1006.54.080,2023,2023,f59bf0bd-520b-4245-80db-dc71b7187bf1,,,CR,,,,1.000,,,,,,,,,,,,,,,,,,,san_sang,,f024c88e-8702-49c8-a302-15b93f6acb3c,,,,f,TB_N1_AWOS_0125,5eb8f669-8af7-4cf8-872b-1c9b3a98f491,{},KHONG,,100,he_thong
899b9791-fb49-40d3-8a76-695d65a61780,TB_4F7GSHP8,Màn hình hiển thị số liệu Nhiệt-Ẩm-Áp,83e7d93e-2f76-4d4f-a6bc-08926383aba1,,Màn hình hiển thị số liệu Nhiệt-Ẩm-Áp,VTD,,ebc4a136-c5e7-4f7d-abfc-e3ddea655b8c,d7faf284-1a3a-4e53-9433-8476900a66e7,,,1ce915ed-07e9-4b65-9209-2652ffd9b681,46e84da7-5a8b-4a79-aa46-2fb4bae1ff26,TWR,"Ra soat 2026-07-11, file nguon: PCA_IMS",,,,,2026-07-11 09:50:09.894644+00,2026-08-11 04:37:10.204448+00,2e2c3258-c675-4f4b-9435-c832804f802a,,ff3511ef-1568-4f81-9c59-21d71703e354,"TB_4F7GSHP8 Man hinh hien thi so lieu Nhiet-Am-Ap  Man hinh hien thi so lieu Nhiet-Am-Ap VTD  TWR Ra soat 2026-07-11, file nguon: PCA_IMS","'-07':28 '-11':29 '2026':27 '4f7gshp8':2 'am':11,21 'ap':12,22 'file':30 'hien':5,15 'hinh':4,14 'ims':33 'lieu':8,18 'man':3,13 'nguon':31 'nhiet':10,20 'nhiet-am-ap':9,19 'pca':32 'ra':25 'so':7,17 'soat':26 'tb':1 'thi':6,16 'twr':24 'vtd':23",Thiết bị đo quan trắc thông dụng,Pipad,,,46e84da7-5a8b-4a79-aa46-2fb4bae1ff26,,Xử lý Trung Tâm,PCA,,,,,,,,,,,,,,,,,,,,,,,san_sang,,f024c88e-8702-49c8-a302-15b93f6acb3c,,,,f,TB_PCA_105,f11a88e5-3567-4da7-8c1a-45de7c3ec05d,{},KHONG,,83,he_thong
ae3b0f57-9ea8-4497-85ca-81b787a1be8f,TB_JG4ZF1SF,Chống sét RF cho modem,ae03f513-6763-46f8-913d-91a103966947,,Chống sét RF cho modem,Citel,,5ae20f2b-30dc-409c-95db-68b98b79c94e,d7faf284-1a3a-4e53-9433-8476900a66e7,,,1ce915ed-07e9-4b65-9209-2652ffd9b681,f59bf0bd-520b-4245-80db-dc71b7187bf1,,Hỏng hóc: 0 lần | Tình trạng: Hoạt động bình thường | VTDP: Không | Niên hạn: Không,,,,,2026-07-11 09:50:09.894644+00,2026-08-11 04:37:10.204448+00,80666d25-731c-4de5-8d64-08488037258a,,e96be350-6615-441a-91f5-53ad976e91b3,TB_JG4ZF1SF Chong set RF cho modem  Chong set RF cho modem Citel   Hong hoc: 0 lan | Tinh trang: Hoat dong binh thuong | VTDP: Khong | Nien han: Khong,"'0':16 'binh':22 'cho':6,11 'chong':3,8 'citel':13 'dong':21 'han':27 'hoat':20 'hoc':15 'hong':14 'jg4zf1sf':2 'khong':25,28 'lan':17 'modem':7,12 'nien':26 'rf':5,10 'set':4,9 'tb':1 'thuong':23 'tinh':18 'trang':19 'vtdp':24",,,2023,2023,f59bf0bd-520b-4245-80db-dc71b7187bf1,,,CR,,,,0.200,,,,,,,,,,,,,,,,,,,san_sang,,f024c88e-8702-49c8-a302-15b93f6acb3c,,,,f,TB_N1_AWOS_0111,5c5edb7a-3599-4422-8b0f-c7b0359e42df,{},KHONG,,83,he_thong
c9a3fbc3-1fac-45a7-93a7-bfe2764d6c5f,TB_3639FPBG,EU4200C Standby Rx (VHF 121.5 MHz),032cd7d8-5028-42f1-86b5-cf3122e3a430,105821,EU4200C,Rohde & Schwarz,,45599b8c-56e9-4d30-9578-703ef8ecbe3f,1ff8845b-1715-492a-8992-ae6b779f1022,,,1ce915ed-07e9-4b65-9209-2652ffd9b681,581d9350-905f-46da-b45e-c2d8aba4d868,Phòng thiết bị PBA,,,,,,2026-07-13 03:49:44.729254+00,2026-08-11 04:37:10.204448+00,28422512-1c6b-4124-af15-ed8d22a22249,,03818fa3-ee05-4dfe-92f0-b6f752b0b97a,TB_3639FPBG EU4200C Standby Rx (VHF 121.5 MHz) 105821 EU4200C Rohde & Schwarz  Phong thiet bi PBA ,"'105821':9 '121.5':7 '3639fpbg':2 'bi':15 'eu4200c':3,10 'mhz':8 'pba':16 'phong':13 'rohde':11 'rx':5 'schwarz':12 'standby':4 'tb':1 'thiet':14 'vhf':6",Máy thu,,2016,2017,581d9350-905f-46da-b45e-c2d8aba4d868,,Nhóm 1,Đài KSKL Phú Bài,,,,,,,,,,,,,,,,,,,,,,,san_sang,,f024c88e-8702-49c8-a302-15b93f6acb3c,,,,f,EU4200C_STANDBY_RX_VHF_121_5_MHZ,acf79b02-147e-47fb-8f6f-ab16f6b03316,{},KHONG,,100,he_thong
6934bd7c-3bf7-4057-9bd9-63336e12f8b3,TB_VY4R5TK0,SU4200 Standby Tx (VHF 118.8 MHz),954b8685-0b5a-45b3-9172-43b93da5faef,105875,SU4200,Rohde & Schwarz,,42c99ea1-6512-4826-878d-beb1868c3108,1ff8845b-1715-492a-8992-ae6b779f1022,,,1ce915ed-07e9-4b65-9209-2652ffd9b681,581d9350-905f-46da-b45e-c2d8aba4d868,Phòng thiết bị,,,,,,2026-07-13 03:49:43.112091+00,2026-08-11 04:37:10.204448+00,28422512-1c6b-4124-af15-ed8d22a22249,,03818fa3-ee05-4dfe-92f0-b6f752b0b97a,TB_VY4R5TK0 SU4200 Standby Tx (VHF 118.8 MHz) 105875 SU4200 Rohde & Schwarz  Phong thiet bi ,"'105875':9 '118.8':7 'bi':15 'mhz':8 'phong':13 'rohde':11 'schwarz':12 'standby':4 'su4200':3,10 'tb':1 'thiet':14 'tx':5 'vhf':6 'vy4r5tk0':2",Máy phát,,2016,2017,581d9350-905f-46da-b45e-c2d8aba4d868,,Nhóm 1,Đài KSKL Phú Bài,,,,,,,,,,,,,,,,,,,,,,,san_sang,,f024c88e-8702-49c8-a302-15b93f6acb3c,,,,f,SU4200_STANDBY_TX_VHF_118_8_MHZ,43d99ff0-b4cf-47ca-80fd-afda72dff81b,{},KHONG,,100,he_thong
4c52e526-395f-4257-856e-127dac74ad8b,TB_83XBNJWP,Cảm biến đo ánh sáng nền,98c88d39-bf0f-43c7-83a2-ca5d266ba54f,J9442-05,Cảm biến đo ánh sáng nền,Biral,,ebc4a136-c5e7-4f7d-abfc-e3ddea655b8c,d7faf284-1a3a-4e53-9433-8476900a66e7,,,1ce915ed-07e9-4b65-9209-2652ffd9b681,46e84da7-5a8b-4a79-aa46-2fb4bae1ff26,VIS-33,"Ra soat 2026-07-11, file nguon: PCA_IMS",,,,,2026-07-11 09:50:09.894644+00,2026-08-11 04:37:10.204448+00,b7f4a9b7-d8ca-434b-b11c-5e4a13a35ad1,,e96be350-6615-441a-91f5-53ad976e91b3,"TB_83XBNJWP Cam bien do anh sang nen J9442-05 Cam bien do anh sang nen Biral  VIS-33 Ra soat 2026-07-11, file nguon: PCA_IMS","'-05':10 '-07':23 '-11':24 '-33':19 '2026':22 '83xbnjwp':2 'anh':6,14 'bien':4,12 'biral':17 'cam':3,11 'do':5,13 'file':25 'ims':28 'j9442':9 'nen':8,16 'nguon':26 'pca':27 'ra':20 'sang':7,15 'soat':21 'tb':1 'vis':18",AWOS-IMS,ALS-2,,,46e84da7-5a8b-4a79-aa46-2fb4bae1ff26,,Cảm biến,PCA,,,,,,,,,,,,,,,,,,,,,,,san_sang,,f024c88e-8702-49c8-a302-15b93f6acb3c,,,,f,TB_PCA_011,5b400d04-826b-4049-a257-df1f3c61c619,{},KHONG,,100,he_thong
07047fc5-166c-472b-8322-46d2531164c2,TB_3KAS7Q92,EU4200C Main Rx (VHF 118.8 MHz),032cd7d8-5028-42f1-86b5-cf3122e3a430,105818,EU4200C,Rohde & Schwarz,,42c99ea1-6512-4826-878d-beb1868c3108,1ff8845b-1715-492a-8992-ae6b779f1022,,,1ce915ed-07e9-4b65-9209-2652ffd9b681,581d9350-905f-46da-b45e-c2d8aba4d868,Phòng thiết bị,,,,,,2026-07-13 03:49:43.298848+00,2026-08-11 04:37:10.204448+00,28422512-1c6b-4124-af15-ed8d22a22249,,03818fa3-ee05-4dfe-92f0-b6f752b0b97a,TB_3KAS7Q92 EU4200C Main Rx (VHF 118.8 MHz) 105818 EU4200C Rohde & Schwarz  Phong thiet bi ,"'105818':9 '118.8':7 '3kas7q92':2 'bi':15 'eu4200c':3,10 'main':4 'mhz':8 'phong':13 'rohde':11 'rx':5 'schwarz':12 'tb':1 'thiet':14 'vhf':6",Máy thu,,2016,2017,581d9350-905f-46da-b45e-c2d8aba4d868,,Nhóm 1,Đài KSKL Phú Bài,,,,,,,,,,,,,,,,,,,,,,,san_sang,,f024c88e-8702-49c8-a302-15b93f6acb3c,,,,f,EU4200C_MAIN_RX_VHF_118_8_MHZ,acf79b02-147e-47fb-8f6f-ab16f6b03316,{},KHONG,,100,he_thong
1a1e5801-2ab8-4b27-a75c-706d0e077204,TB_CW9K51MY,Cảm biến đo khí áp,98c88d39-bf0f-43c7-83a2-ca5d266ba54f,,Cảm biến đo khí áp,All Weather,,ce27df84-7054-4032-bfe7-efdb0bd119f4,d7faf284-1a3a-4e53-9433-8476900a66e7,,,1ce915ed-07e9-4b65-9209-2652ffd9b681,581d9350-905f-46da-b45e-c2d8aba4d868,Mid,"Ra soat 2026-07-11, file nguon: PBA_AWOS900",,,,,2026-07-11 09:50:09.894644+00,2026-08-11 04:37:10.204448+00,8c53503a-8e6c-4698-bb44-06b929060b8a,,97095d92-70cf-4c7a-8981-57d9c84a51dc,"TB_CW9K51MY Cam bien do khi ap  Cam bien do khi ap All Weather  Mid Ra soat 2026-07-11, file nguon: PBA_AWOS900","'-07':19 '-11':20 '2026':18 'all':13 'ap':7,12 'awos900':24 'bien':4,9 'cam':3,8 'cw9k51my':2 'do':5,10 'file':21 'khi':6,11 'mid':15 'nguon':22 'pba':23 'ra':16 'soat':17 'tb':1 'weather':14",AWOS-900,7150,,,581d9350-905f-46da-b45e-c2d8aba4d868,,Cảm biến,PBA,,,,,,,,,,,,,,,,,,,,,,,san_sang,,f024c88e-8702-49c8-a302-15b93f6acb3c,,,,f,TB_PBA_029,3e1dcbe7-8a3d-43d8-a2da-581cecaef179,{},KHONG,,83,he_thong
1056ba1b-77ec-4d9b-b954-989df1e5533d,TB_2BJDT94B,Máy chủ Main,83e7d93e-2f76-4d4f-a6bc-08926383aba1,YMER016623,Máy chủ Main,Fujitsu,,4fbd5536-e530-4f9b-97d3-d194186c33de,d7faf284-1a3a-4e53-9433-8476900a66e7,,,1ce915ed-07e9-4b65-9209-2652ffd9b681,141337b4-f2fa-4438-808f-0d10cfeedb85,PTB Đài KSKL CHU LAI,"Ra soat 2026-07-11, file nguon: CLA_IMS",,,,,2026-07-11 09:50:09.894644+00,2026-08-11 04:37:10.204448+00,d9b7b1fa-902f-47ae-97d3-cb5e69268b58,,86ab1273-d507-4143-8f2d-b2e86dd8cf01,"TB_2BJDT94B May chu Main YMER016623 May chu Main Fujitsu  PTB Dai KSKL CHU LAI Ra soat 2026-07-11, file nguon: CLA_IMS","'-07':19 '-11':20 '2026':18 '2bjdt94b':2 'chu':4,8,14 'cla':23 'dai':12 'file':21 'fujitsu':10 'ims':24 'kskl':13 'lai':15 'main':5,9 'may':3,7 'nguon':22 'ptb':11 'ra':16 'soat':17 'tb':1 'ymer016623':6",AWOS IMS,CELSIUS W570n,,,141337b4-f2fa-4438-808f-0d10cfeedb85,,Xử lý trung tâm,CLA,,,,,,,,,,,,,,,,,,,,,,,san_sang,,f024c88e-8702-49c8-a302-15b93f6acb3c,,,,f,TB_CLA_070,ab99c905-9c6f-4af5-911c-0f78794979d5,{},KHONG,,100,he_thong
57eaf763-0191-4661-b7be-d194887ecc48,TB_TN9FYMQS,EU4200C Standby Rx (VHF 118.8 MHz),032cd7d8-5028-42f1-86b5-cf3122e3a430,105819,EU4200C,Rohde & Schwarz,,42c99ea1-6512-4826-878d-beb1868c3108,1ff8845b-1715-492a-8992-ae6b779f1022,,,1ce915ed-07e9-4b65-9209-2652ffd9b681,581d9350-905f-46da-b45e-c2d8aba4d868,Phòng thiết bị,,,,,,2026-07-13 03:49:43.478435+00,2026-08-11 04:37:10.204448+00,28422512-1c6b-4124-af15-ed8d22a22249,,03818fa3-ee05-4dfe-92f0-b6f752b0b97a,TB_TN9FYMQS EU4200C Standby Rx (VHF 118.8 MHz) 105819 EU4200C Rohde & Schwarz  Phong thiet bi ,"'105819':9 '118.8':7 'bi':15 'eu4200c':3,10 'mhz':8 'phong':13 'rohde':11 'rx':5 'schwarz':12 'standby':4 'tb':1 'thiet':14 'tn9fymqs':2 'vhf':6",Máy thu,,2016,2017,581d9350-905f-46da-b45e-c2d8aba4d868,,Nhóm 1,Đài KSKL Phú Bài,,,,,,,,,,,,,,,,,,,,,,,san_sang,,f024c88e-8702-49c8-a302-15b93f6acb3c,,,,f,EU4200C_STANDBY_RX_VHF_118_8_MHZ,acf79b02-147e-47fb-8f6f-ab16f6b03316,{},KHONG,,100,he_thong
9cb0d914-4239-41e5-a427-76ee8093366f,TB_XJXKJXJQ,Chống sét đường tín hiệu,660f73b4-1975-4bde-8c87-810a23ef6e2c,,Chống sét đường tín hiệu,AT3W,,2236fe1c-6896-4157-a310-ae0e094233f6,d7faf284-1a3a-4e53-9433-8476900a66e7,,,1ce915ed-07e9-4b65-9209-2652ffd9b681,8b408897-b25d-4ece-91ba-d97dfacec283,Trạm 09,"Ra soat 2026-07-11, file nguon: PLK_IMS",,,,,2026-07-11 09:50:09.894644+00,2026-08-11 04:37:10.204448+00,9d09c5d7-4aa9-40a6-b47b-4e1899c9956f,,e96be350-6615-441a-91f5-53ad976e91b3,"TB_XJXKJXJQ Chong set duong tin hieu  Chong set duong tin hieu AT3W  Tram 09 Ra soat 2026-07-11, file nguon: PLK_IMS","'-07':19 '-11':20 '09':15 '2026':18 'at3w':13 'chong':3,8 'duong':5,10 'file':21 'hieu':7,12 'ims':24 'nguon':22 'plk':23 'ra':16 'set':4,9 'soat':17 'tb':1 'tin':6,11 'tram':14 'xjxkjxjq':2",AWOS IMS,AT-2300,,,8b408897-b25d-4ece-91ba-d97dfacec283,,Cắt lọc sét,PLK,,,,,,,,,,,,,,,,,,,,,,,san_sang,,f024c88e-8702-49c8-a302-15b93f6acb3c,,,,f,TB_PLK_084,0afefb1d-ad24-474a-9810-5e665bc08366,{},KHONG,,83,he_thong
c7e84dd9-c27d-4a22-a238-029d001ea428,TB_3DEJY4FS,Màn hình hiển thị số liệu độ - độ ẩm - khí áp,83e7d93e-2f76-4d4f-a6bc-08926383aba1,,Màn hình hiển thị số liệu Nhiệt-Ẩm-Áp,VTD,,4fbd5536-e530-4f9b-97d3-d194186c33de,d7faf284-1a3a-4e53-9433-8476900a66e7,,,1ce915ed-07e9-4b65-9209-2652ffd9b681,141337b4-f2fa-4438-808f-0d10cfeedb85,Phòng MET - Đài KSKL CHU LAI,"Ra soat 2026-07-11, file nguon: CLA_IMS",,,,,2026-07-11 09:50:09.894644+00,2026-08-11 04:37:10.204448+00,2e2c3258-c675-4f4b-9435-c832804f802a,,9a6b88fa-8dcb-422b-9b9e-a029e372a564,"TB_3DEJY4FS Man hinh hien thi so lieu do - do am - khi ap  Man hinh hien thi so lieu Nhiet-Am-Ap VTD  Phong MET - Dai KSKL CHU LAI Ra soat 2026-07-11, file nguon: CLA_IMS","'-07':34 '-11':35 '2026':33 '3dejy4fs':2 'am':11,22 'ap':13,23 'chu':29 'cla':38 'dai':27 'do':9,10 'file':36 'hien':5,16 'hinh':4,15 'ims':39 'khi':12 'kskl':28 'lai':30 'lieu':8,19 'man':3,14 'met':26 'nguon':37 'nhiet':21 'nhiet-am-ap':20 'phong':25 'ra':31 'so':7,18 'soat':32 'tb':1 'thi':6,17 'vtd':24",THIẾT BỊ QUAN TRẮC THÔNG DỤNG,Pipad,,,141337b4-f2fa-4438-808f-0d10cfeedb85,,Xử lý trung tâm,CLA,,,,,,,,,,,,,,,,,,,,,,,san_sang,,f024c88e-8702-49c8-a302-15b93f6acb3c,,,,f,TB_CLA_090,f11a88e5-3567-4da7-8c1a-45de7c3ec05d,{},KHONG,,83,he_thong
c3d62ec8-6361-4aa5-b4c4-0b13ea8c5dd4,TB_9ND5XFG7,IC-A200 (VHF ƯPKL),9c934580-6f7d-466b-a585-7ebba4ba4b31,105527,IC-A200,Icom,,aaed0d44-f2d3-4e13-bc69-9198c8527c70,1ff8845b-1715-492a-8992-ae6b779f1022,,,1ce915ed-07e9-4b65-9209-2652ffd9b681,581d9350-905f-46da-b45e-c2d8aba4d868,Phú Bài,,,,,,2026-07-13 03:49:45.136488+00,2026-08-11 04:37:10.204448+00,0217cfde-f2e2-4de6-b99f-5d74b0925551,,f2fc02ce-e02e-4841-b1ca-76109939c834,TB_9ND5XFG7 IC-A200 (VHF UPKL) 105527 IC-A200 Icom  Phu Bai ,"'105527':8 '9nd5xfg7':2 'a200':5,11 'bai':14 'ic':4,10 'ic-a200':3,9 'icom':12 'phu':13 'tb':1 'upkl':7 'vhf':6",Máy thu phát,,1998,1998,581d9350-905f-46da-b45e-c2d8aba4d868,,Nhóm 1,Đài KSKL Phú Bài,,,,,,,,,,,,,,,,,,,,,,,san_sang,,f024c88e-8702-49c8-a302-15b93f6acb3c,,,,f,IC_A200_VHF_UPKL,812a3a10-f73f-463d-a7e1-1a55f2e886f7,{},KHONG,,100,he_thong
cdf1c57c-4205-4066-b0d5-e6c5b9401106,TB_3RZCNAA6,Media Converter,ae03f513-6763-46f8-913d-91a103966947,,Media Converter,3Onedata,,ce27df84-7054-4032-bfe7-efdb0bd119f4,d7faf284-1a3a-4e53-9433-8476900a66e7,,,1ce915ed-07e9-4b65-9209-2652ffd9b681,581d9350-905f-46da-b45e-c2d8aba4d868,Tower,"Ra soat 2026-07-11, file nguon: PBA_AWOS900",,,,,2026-07-11 09:50:09.894644+00,2026-08-11 04:37:10.204448+00,7c809d84-88ee-4505-9e8e-d5f291ec5afd,,e96be350-6615-441a-91f5-53ad976e91b3,"TB_3RZCNAA6 Media Converter  Media Converter 3Onedata  Tower Ra soat 2026-07-11, file nguon: PBA_AWOS900","'-07':12 '-11':13 '2026':11 '3onedata':7 '3rzcnaa6':2 'awos900':17 'converter':4,6 'file':14 'media':3,5 'nguon':15 'pba':16 'ra':9 'soat':10 'tb':1 'tower':8",Thiết bị đo đạc quan trắc thông dụng,,,,581d9350-905f-46da-b45e-c2d8aba4d868,,Truyền dẫn,PBA,,,,,,,,,,,,,,,,,,,,,,,san_sang,,f024c88e-8702-49c8-a302-15b93f6acb3c,,,,f,TB_PBA_070,3c562884-545d-4c16-9a5e-ef9b5854b6f9,{},KHONG,,83,he_thong
2928743a-b77f-47b5-8cad-9c4fb40636cb,TB_K59CEQW9,Cắt lọc sét nguồn AC,660f73b4-1975-4bde-8c87-810a23ef6e2c,,Cắt lọc sét nguồn AC,Phoenix Contact,,a0625061-0c6d-4e0b-b438-d696787ad746,d7faf284-1a3a-4e53-9433-8476900a66e7,,,1ce915ed-07e9-4b65-9209-2652ffd9b681,65ac5e26-b0a7-487e-a72d-3f0dfc3facc2,Trạm 35,"Ra soat 2026-07-11, file nguon: BDKT_OPTIMET",,,,,2026-07-11 09:50:09.894644+00,2026-08-11 04:37:10.204448+00,86f5add6-5fcf-4fca-b430-79f8306fb1f5,,3f302563-bdbb-443d-911f-b0058e38db42,"TB_K59CEQW9 Cat loc set nguon AC  Cat loc set nguon AC Phoenix Contact  Tram 35 Ra soat 2026-07-11, file nguon: BDKT_OPTIMET","'-07':20 '-11':21 '2026':19 '35':16 'ac':7,12 'bdkt':24 'cat':3,8 'contact':14 'file':22 'k59ceqw9':2 'loc':4,9 'nguon':6,11,23 'optimet':25 'phoenix':13 'ra':17 'set':5,10 'soat':18 'tb':1 'tram':15",Optimet,VAL-MS 230/1+1-FM,,,65ac5e26-b0a7-487e-a72d-3f0dfc3facc2,,Cắt lọc sét,BDKT-KTKT,,,,,,,,,,,,,,,,,,,,,,,san_sang,,f024c88e-8702-49c8-a302-15b93f6acb3c,,,,f,TB_BDKT_KTKT_045,864681dd-abdd-4870-915a-654b4e7fff90,{},KHONG,,83,he_thong
dc24a88e-1a4b-4126-95f8-ea56ea1539da,TB_QAHYX9WC,PC OPT - GCU,1ef69ec2-6298-4c48-b931-aea3fa48c0fc,Vostro 3020,PC OPT - GCU,DELL,,5ae20f2b-30dc-409c-95db-68b98b79c94e,d7faf284-1a3a-4e53-9433-8476900a66e7,,,1ce915ed-07e9-4b65-9209-2652ffd9b681,f59bf0bd-520b-4245-80db-dc71b7187bf1,,Hỏng hóc: 0 lần | Tình trạng: Đưa ra khỏi hệ thống | VTDP: Không | Niên hạn: Nhập kho thiết bị đã qua sử dụng,,,,,2026-07-11 09:50:09.894644+00,2026-08-11 04:37:10.204448+00,f9bb034d-e32b-4595-b6a6-e5136105dc19,,e96be350-6615-441a-91f5-53ad976e91b3,TB_QAHYX9WC PC OPT - GCU Vostro 3020 PC OPT - GCU DELL   Hong hoc: 0 lan | Tinh trang: Dua ra khoi he thong | VTDP: Khong | Nien han: Nhap kho thiet bi da qua su dung,"'0':14 '3020':7 'bi':30 'da':31 'dell':11 'dua':18 'dung':34 'gcu':5,10 'han':26 'he':21 'hoc':13 'hong':12 'kho':28 'khoi':20 'khong':24 'lan':15 'nhap':27 'nien':25 'opt':4,9 'pc':3,8 'qahyx9wc':2 'qua':32 'ra':19 'su':33 'tb':1 'thiet':29 'thong':22 'tinh':16 'trang':17 'vostro':6 'vtdp':23",,,2023,2024,f59bf0bd-520b-4245-80db-dc71b7187bf1,,,CR,,,,0.200,,,,,,,,,,,,,,,,,,,san_sang,,f024c88e-8702-49c8-a302-15b93f6acb3c,,,,f,TB_N1_AWOS_0142,7b67b8e3-7d62-4330-9e34-42b2a3d86068,{},KHONG,,100,he_thong
e103cb54-a71b-4880-8630-d816bcbc6ca3,TB_3HP0GQ1M,Thiết bị chuyển đổi tín hiệu,ae03f513-6763-46f8-913d-91a103966947,,Thiết bị Serial server,3Onedata,,7f40beb2-5d47-4f4a-b7df-35cd1cca56ae,d7faf284-1a3a-4e53-9433-8476900a66e7,,,1ce915ed-07e9-4b65-9209-2652ffd9b681,e43c5d4b-3c3c-4486-89da-73e9ac747ab4,Phòng MET - Đài KSKL TUY HÒA,"Ra soat 2026-07-11, file nguon: THA_DAW21",,,,,2026-07-11 09:50:09.894644+00,2026-08-11 04:37:10.204448+00,7c809d84-88ee-4505-9e8e-d5f291ec5afd,,e96be350-6615-441a-91f5-53ad976e91b3,"TB_3HP0GQ1M Thiet bi chuyen doi tin hieu  Thiet bi Serial server 3Onedata  Phong MET - Dai KSKL TUY HOA Ra soat 2026-07-11, file nguon: THA_DAW21","'-07':23 '-11':24 '2026':22 '3hp0gq1m':2 '3onedata':13 'bi':4,10 'chuyen':5 'dai':16 'daw21':28 'doi':6 'file':25 'hieu':8 'hoa':19 'kskl':17 'met':15 'nguon':26 'phong':14 'ra':20 'serial':11 'server':12 'soat':21 'tb':1 'tha':27 'thiet':3,9 'tin':7 'tuy':18",THIẾT BỊ QUAN TRẮC THÔNG DỤNG,NP301,,,e43c5d4b-3c3c-4486-89da-73e9ac747ab4,,Truyền dẫn,THA,,,,,,,,,,,,,,,,,,,,,,,san_sang,,f024c88e-8702-49c8-a302-15b93f6acb3c,,,,f,TB_THA_105,3180d492-2ec7-45e4-a7d0-2a561293d737,{},KHONG,,83,he_thong
23a57a02-22a2-4907-bb67-46a31d4c5e6d,TB_0440Z6KT,Chống sét RF cho modem,ae03f513-6763-46f8-913d-91a103966947,,Chống sét RF cho modem,Citel,,5ae20f2b-30dc-409c-95db-68b98b79c94e,d7faf284-1a3a-4e53-9433-8476900a66e7,,,1ce915ed-07e9-4b65-9209-2652ffd9b681,f59bf0bd-520b-4245-80db-dc71b7187bf1,,Hỏng hóc: 0 lần | Tình trạng: Hoạt động bình thường | VTDP: Không | Niên hạn: Không,,,,,2026-07-11 09:50:09.894644+00,2026-08-11 04:37:10.204448+00,80666d25-731c-4de5-8d64-08488037258a,,e96be350-6615-441a-91f5-53ad976e91b3,TB_0440Z6KT Chong set RF cho modem  Chong set RF cho modem Citel   Hong hoc: 0 lan | Tinh trang: Hoat dong binh thuong | VTDP: Khong | Nien han: Khong,"'0':16 '0440z6kt':2 'binh':22 'cho':6,11 'chong':3,8 'citel':13 'dong':21 'han':27 'hoat':20 'hoc':15 'hong':14 'khong':25,28 'lan':17 'modem':7,12 'nien':26 'rf':5,10 'set':4,9 'tb':1 'thuong':23 'tinh':18 'trang':19 'vtdp':24",,,2023,2023,f59bf0bd-520b-4245-80db-dc71b7187bf1,,,CR,,,,0.200,,,,,,,,,,,,,,,,,,,san_sang,,f024c88e-8702-49c8-a302-15b93f6acb3c,,,,f,TB_N1_AWOS_0112,5c5edb7a-3599-4422-8b0f-c7b0359e42df,{},KHONG,,83,he_thong
f1ed0314-5ad0-4050-8247-ca92ae46c8c9,TB_T36D7KN5,Thiết bị chuyển đổi quang/điện,ae03f513-6763-46f8-913d-91a103966947,,Bộ chuyển đổi tín hiệu 485/fiber,3Onedata,,2236fe1c-6896-4157-a310-ae0e094233f6,d7faf284-1a3a-4e53-9433-8476900a66e7,,,1ce915ed-07e9-4b65-9209-2652ffd9b681,8b408897-b25d-4ece-91ba-d97dfacec283,Phòng thiết bị,"Ra soat 2026-07-11, file nguon: PLK_IMS",,,,,2026-07-11 09:50:09.894644+00,2026-08-11 04:37:10.204448+00,7c809d84-88ee-4505-9e8e-d5f291ec5afd,,c6b9108a-b830-42a6-b3b8-9e6dd5196202,"TB_T36D7KN5 Thiet bi chuyen doi quang/dien  Bo chuyen doi tin hieu 485/fiber 3Onedata  Phong thiet bi Ra soat 2026-07-11, file nguon: PLK_IMS","'-07':21 '-11':22 '2026':20 '3onedata':14 '485/fiber':13 'bi':4,17 'bo':8 'chuyen':5,9 'doi':6,10 'file':23 'hieu':12 'ims':26 'nguon':24 'phong':15 'plk':25 'quang/dien':7 'ra':18 'soat':19 't36d7kn5':2 'tb':1 'thiet':3,16 'tin':11",TB quan trắc thông dựng dự phòng TCT,277,,,8b408897-b25d-4ece-91ba-d97dfacec283,,Truyền dẫn,PLK,,,,,,,,,,,,,,,,,,,,,,,san_sang,,f024c88e-8702-49c8-a302-15b93f6acb3c,,,,f,TB_PLK_121,522cb203-7e1c-487e-ba49-85e8e13fa611,{},KHONG,,83,he_thong
651c6b85-28aa-4995-aa77-74096c80b1f2,TB_JN83F458,PC OPT - TWR,1ef69ec2-6298-4c48-b931-aea3fa48c0fc,,PC OPT - TWR,,,5ae20f2b-30dc-409c-95db-68b98b79c94e,d7faf284-1a3a-4e53-9433-8476900a66e7,,,1ce915ed-07e9-4b65-9209-2652ffd9b681,f59bf0bd-520b-4245-80db-dc71b7187bf1,,Đề xuất: Đề nghị mua HĐH Windows bản quyền sử dụng chung cho các đầu cuối | Hỏng hóc: không | Tình trạng: Hoạt động bình thường | VTDP: Có 2 CPU (HP Z2) dự phòng trong kho dự phòng nhưng phải mua HĐH Windows để cài đặt,,,,,2026-07-11 09:50:09.894644+00,2026-08-11 04:37:10.204448+00,,,e96be350-6615-441a-91f5-53ad976e91b3,TB_JN83F458 PC OPT - TWR  PC OPT - TWR    De xuat: De nghi mua HDH Windows ban quyen su dung chung cho cac dau cuoi | Hong hoc: khong | Tinh trang: Hoat dong binh thuong | VTDP: Co 2 CPU (HP Z2) du phong trong kho du phong nhung phai mua HDH Windows de cai dat,"'2':36 'ban':16 'binh':32 'cac':22 'cai':52 'cho':21 'chung':20 'co':35 'cpu':37 'cuoi':24 'dat':53 'dau':23 'de':9,11,51 'dong':31 'du':40,44 'dung':19 'hdh':14,49 'hoat':30 'hoc':26 'hong':25 'hp':38 'jn83f458':2 'kho':43 'khong':27 'mua':13,48 'nghi':12 'nhung':46 'opt':4,7 'pc':3,6 'phai':47 'phong':41,45 'quyen':17 'su':18 'tb':1 'thuong':33 'tinh':28 'trang':29 'trong':42 'twr':5,8 'vtdp':34 'windows':15,50 'xuat':10 'z2':39",,,2017,2017,f59bf0bd-520b-4245-80db-dc71b7187bf1,,,CR,,,,0.900,,,,,,,,,,,,,,,,,,,san_sang,,f024c88e-8702-49c8-a302-15b93f6acb3c,,,,f,TB_N1_AWOS_0144,51daea86-cddf-4a9a-8d9b-ebe1241c6da0,{},KHONG,,83,he_thong
9b657838-8c2c-4e52-8ef7-ba8f11221351,TB_NCYHSAN5,SU4200 Main Tx (VHF 121.5 MHz),954b8685-0b5a-45b3-9172-43b93da5faef,105876,SU4200,Rohde & Schwarz,,45599b8c-56e9-4d30-9578-703ef8ecbe3f,1ff8845b-1715-492a-8992-ae6b779f1022,,,1ce915ed-07e9-4b65-9209-2652ffd9b681,581d9350-905f-46da-b45e-c2d8aba4d868,Phòng thiết bị PBA,,,,,,2026-07-13 03:49:44.200241+00,2026-08-11 04:37:10.204448+00,28422512-1c6b-4124-af15-ed8d22a22249,,03818fa3-ee05-4dfe-92f0-b6f752b0b97a,TB_NCYHSAN5 SU4200 Main Tx (VHF 121.5 MHz) 105876 SU4200 Rohde & Schwarz  Phong thiet bi PBA ,"'105876':9 '121.5':7 'bi':15 'main':4 'mhz':8 'ncyhsan5':2 'pba':16 'phong':13 'rohde':11 'schwarz':12 'su4200':3,10 'tb':1 'thiet':14 'tx':5 'vhf':6",Máy phát,,2016,2017,581d9350-905f-46da-b45e-c2d8aba4d868,,Nhóm 1,Đài KSKL Phú Bài,,,,,,,,,,,,,,,,,,,,,,,san_sang,,f024c88e-8702-49c8-a302-15b93f6acb3c,,,,f,SU4200_MAIN_TX_VHF_121_5_MHZ,43d99ff0-b4cf-47ca-80fd-afda72dff81b,{},KHONG,,100,he_thong
f69204d4-cc90-417a-8b53-eb9f8a0b7061,TB_Z6R5CFKJ,PC giám sát UHF,1ef69ec2-6298-4c48-b931-aea3fa48c0fc,Dell Preccision 3460 SFF,PC giám sát UHF,DELL,,5ae20f2b-30dc-409c-95db-68b98b79c94e,d7faf284-1a3a-4e53-9433-8476900a66e7,,,1ce915ed-07e9-4b65-9209-2652ffd9b681,f59bf0bd-520b-4245-80db-dc71b7187bf1,,Đề xuất: Đề nghị mua HĐH Windows bản quyền sử dụng chung cho các đầu cuối | Hỏng hóc: không | Tình trạng: Hoạt động bình thường | VTDP: Có 2 CPU (HP Z2) dự phòng trong kho dự phòng nhưng phải mua HĐH Windows để cài đặt,,,,,2026-07-11 09:50:09.894644+00,2026-08-11 04:37:10.204448+00,f9bb034d-e32b-4595-b6a6-e5136105dc19,,e96be350-6615-441a-91f5-53ad976e91b3,TB_Z6R5CFKJ PC giam sat UHF Dell Preccision 3460 SFF PC giam sat UHF DELL   De xuat: De nghi mua HDH Windows ban quyen su dung chung cho cac dau cuoi | Hong hoc: khong | Tinh trang: Hoat dong binh thuong | VTDP: Co 2 CPU (HP Z2) du phong trong kho du phong nhung phai mua HDH Windows de cai dat,"'2':43 '3460':9 'ban':23 'binh':39 'cac':29 'cai':59 'cho':28 'chung':27 'co':42 'cpu':44 'cuoi':31 'dat':60 'dau':30 'de':16,18,58 'dell':7,15 'dong':38 'du':47,51 'dung':26 'giam':4,12 'hdh':21,56 'hoat':37 'hoc':33 'hong':32 'hp':45 'kho':50 'khong':34 'mua':20,55 'nghi':19 'nhung':53 'pc':3,11 'phai':54 'phong':48,52 'preccision':8 'quyen':24 'sat':5,13 'sff':10 'su':25 'tb':1 'thuong':40 'tinh':35 'trang':36 'trong':49 'uhf':6,14 'vtdp':41 'windows':22,57 'xuat':17 'z2':46 'z6r5cfkj':2",,,2023,2023,f59bf0bd-520b-4245-80db-dc71b7187bf1,,,CR,,,,0.300,,,,,,,,,,,,,,,,,,,san_sang,,f024c88e-8702-49c8-a302-15b93f6acb3c,,,,f,TB_N1_AWOS_0148,ea01bd88-ffa0-408d-a349-7c63c62e1f08,{},KHONG,,100,he_thong
f87618cf-3ca6-45da-8967-694b1ae27408,TB_63XNHA8Y,Phòng thiết bị (Hệ thống AWOS Optimet),1ef69ec2-6298-4c48-b931-aea3fa48c0fc,,Phòng thiết bị (Hệ thống AWOS Optimet),,,5ae20f2b-30dc-409c-95db-68b98b79c94e,d7faf284-1a3a-4e53-9433-8476900a66e7,,,1ce915ed-07e9-4b65-9209-2652ffd9b681,f59bf0bd-520b-4245-80db-dc71b7187bf1,,VTDP: Không,,,,,2026-07-11 09:50:09.894644+00,2026-08-11 04:37:10.204448+00,,,e96be350-6615-441a-91f5-53ad976e91b3,TB_63XNHA8Y Phong thiet bi (He thong AWOS Optimet)  Phong thiet bi (He thong AWOS Optimet)    VTDP: Khong,"'63xnha8y':2 'awos':8,15 'bi':5,12 'he':6,13 'khong':18 'optimet':9,16 'phong':3,10 'tb':1 'thiet':4,11 'thong':7,14 'vtdp':17",,,2012,2013,f59bf0bd-520b-4245-80db-dc71b7187bf1,,,,,,,,,,,,,,,,,,,,,,,,,,san_sang,,f024c88e-8702-49c8-a302-15b93f6acb3c,,,,f,TB_N1_AWOS_0149,f54b9b5d-5243-4189-a82a-30bfae2375f1,{},KHONG,,83,he_thong
0e07516a-0867-4750-b798-a671625b2f9a,TB_2G7QB1C5,SU4200 Standby Tx (VHF 121.5 MHz),954b8685-0b5a-45b3-9172-43b93da5faef,105874,SU4200,Rohde & Schwarz,,45599b8c-56e9-4d30-9578-703ef8ecbe3f,1ff8845b-1715-492a-8992-ae6b779f1022,,,1ce915ed-07e9-4b65-9209-2652ffd9b681,581d9350-905f-46da-b45e-c2d8aba4d868,Phòng thiết bị PBA,,,,,,2026-07-13 03:49:44.380884+00,2026-08-11 04:37:10.204448+00,28422512-1c6b-4124-af15-ed8d22a22249,,03818fa3-ee05-4dfe-92f0-b6f752b0b97a,TB_2G7QB1C5 SU4200 Standby Tx (VHF 121.5 MHz) 105874 SU4200 Rohde & Schwarz  Phong thiet bi PBA ,"'105874':9 '121.5':7 '2g7qb1c5':2 'bi':15 'mhz':8 'pba':16 'phong':13 'rohde':11 'schwarz':12 'standby':4 'su4200':3,10 'tb':1 'thiet':14 'tx':5 'vhf':6",Máy phát,,2016,2017,581d9350-905f-46da-b45e-c2d8aba4d868,,Nhóm 1,Đài KSKL Phú Bài,,,,,,,,,,,,,,,,,,,,,,,san_sang,,f024c88e-8702-49c8-a302-15b93f6acb3c,,,,f,SU4200_STANDBY_TX_VHF_121_5_MHZ,43d99ff0-b4cf-47ca-80fd-afda72dff81b,{},KHONG,,100,he_thong
4e25f158-412e-4bb1-b2e4-ea3f1cab51bb,TB_04J1219Z,SW MOXA EDS 208A,ae03f513-6763-46f8-913d-91a103966947,,SW MOXA EDS 208A,MOXA,,5ae20f2b-30dc-409c-95db-68b98b79c94e,d7faf284-1a3a-4e53-9433-8476900a66e7,,,1ce915ed-07e9-4b65-9209-2652ffd9b681,f59bf0bd-520b-4245-80db-dc71b7187bf1,,Đề xuất: Không | Hỏng hóc: không | Tình trạng: Hoạt động bình thường | VTDP: Có VTDP trong kho | Niên hạn: Không,,,,,2026-07-11 09:50:09.894644+00,2026-08-11 04:37:10.204448+00,a5454b1e-b677-4fd8-8494-b4c080de867d,,e96be350-6615-441a-91f5-53ad976e91b3,TB_04J1219Z SW MOXA EDS 208A  SW MOXA EDS 208A MOXA   De xuat: Khong | Hong hoc: khong | Tinh trang: Hoat dong binh thuong | VTDP: Co VTDP trong kho | Nien han: Khong,"'04j1219z':2 '208a':6,10 'binh':22 'co':25 'de':12 'dong':21 'eds':5,9 'han':30 'hoat':20 'hoc':16 'hong':15 'kho':28 'khong':14,17,31 'moxa':4,8,11 'nien':29 'sw':3,7 'tb':1 'thuong':23 'tinh':18 'trang':19 'trong':27 'vtdp':24,26 'xuat':13",,,2023,2023,f59bf0bd-520b-4245-80db-dc71b7187bf1,,,CR,,,,0.200,,,,,,,,,,,,,,,,,,,san_sang,,f024c88e-8702-49c8-a302-15b93f6acb3c,,,,f,TB_N1_AWOS_0158,db58e80c-1899-417c-b4a7-fa954d48f6be,{},KHONG,,83,he_thong
0f208080-424c-4c8e-a049-ce692af9ea35,TB_M4GKRVJ4,SW MOXA EDS 208A,ae03f513-6763-46f8-913d-91a103966947,EDS 208A,SW MOXA EDS 208A,MOXA,,5ae20f2b-30dc-409c-95db-68b98b79c94e,d7faf284-1a3a-4e53-9433-8476900a66e7,,,1ce915ed-07e9-4b65-9209-2652ffd9b681,f59bf0bd-520b-4245-80db-dc71b7187bf1,,Đề xuất: Không | Hỏng hóc: 0 lần | Tình trạng: Hoạt động bình thường | VTDP: Có dự phòng trong kho | Niên hạn: Không,,,,,2026-07-11 09:50:09.894644+00,2026-08-11 04:37:10.204448+00,a5454b1e-b677-4fd8-8494-b4c080de867d,,e96be350-6615-441a-91f5-53ad976e91b3,TB_M4GKRVJ4 SW MOXA EDS 208A EDS 208A SW MOXA EDS 208A MOXA   De xuat: Khong | Hong hoc: 0 lan | Tinh trang: Hoat dong binh thuong | VTDP: Co du phong trong kho | Nien han: Khong,"'0':19 '208a':6,8,12 'binh':25 'co':28 'de':14 'dong':24 'du':29 'eds':5,7,11 'han':34 'hoat':23 'hoc':18 'hong':17 'kho':32 'khong':16,35 'lan':20 'm4gkrvj4':2 'moxa':4,10,13 'nien':33 'phong':30 'sw':3,9 'tb':1 'thuong':26 'tinh':21 'trang':22 'trong':31 'vtdp':27 'xuat':15",,,2023,2023,f59bf0bd-520b-4245-80db-dc71b7187bf1,,,CR,,,,0.200,,,,,,,,,,,,,,,,,,,san_sang,,f024c88e-8702-49c8-a302-15b93f6acb3c,,,,f,TB_N1_AWOS_0159,db58e80c-1899-417c-b4a7-fa954d48f6be,{},KHONG,,100,he_thong
eb642323-7ccb-4bb3-9d67-c6330198eb16,TB_0PT8EBE3,Radio modem DTXM-460-OBN6I,ae03f513-6763-46f8-913d-91a103966947,A100865840,Radio modem DTXM-460-OBN6I,Ritron,,5ae20f2b-30dc-409c-95db-68b98b79c94e,d7faf284-1a3a-4e53-9433-8476900a66e7,,,1ce915ed-07e9-4b65-9209-2652ffd9b681,f59bf0bd-520b-4245-80db-dc71b7187bf1,,Đề xuất: Không | Hỏng hóc: 0 lần | Tình trạng: Khai thác bình thường | VTDP: Có VTDP | Niên hạn: Không,,,,,2026-07-11 09:50:09.894644+00,2026-08-11 04:37:10.204448+00,ceeef1ba-894d-4e04-9fb3-6efefba20836,,e96be350-6615-441a-91f5-53ad976e91b3,TB_0PT8EBE3 Radio modem DTXM-460-OBN6I A100865840 Radio modem DTXM-460-OBN6I Ritron   De xuat: Khong | Hong hoc: 0 lan | Tinh trang: Khai thac binh thuong | VTDP: Co VTDP | Nien han: Khong,"'-460':6,12 '0':20 '0pt8ebe3':2 'a100865840':8 'binh':26 'co':29 'de':15 'dtxm':5,11 'han':32 'hoc':19 'hong':18 'khai':24 'khong':17,33 'lan':21 'modem':4,10 'nien':31 'obn6i':7,13 'radio':3,9 'ritron':14 'tb':1 'thac':25 'thuong':27 'tinh':22 'trang':23 'vtdp':28,30 'xuat':16",,,2023,2024,f59bf0bd-520b-4245-80db-dc71b7187bf1,,,CR,,,,0.133,,,,,,,,,,,,,,,,,,,san_sang,,f024c88e-8702-49c8-a302-15b93f6acb3c,,,,f,TB_N1_AWOS_0157,84cc2f7b-edd6-437f-a7d8-45965284df82,{},KHONG,,100,he_thong
e556e69e-1cbd-41b0-95a7-21388e53bc83,TB_S5PV16DY,Sensor đo tầm nhìn 6498-V,98c88d39-bf0f-43c7-83a2-ca5d266ba54f,E3680,Sensor đo tầm nhìn 6498-V,"All Weather, Inc. (ADB SAFEGATE)",,5ae20f2b-30dc-409c-95db-68b98b79c94e,d7faf284-1a3a-4e53-9433-8476900a66e7,,,1ce915ed-07e9-4b65-9209-2652ffd9b681,f59bf0bd-520b-4245-80db-dc71b7187bf1,Trạm khí tượng,Đề xuất: Không | Hỏng hóc: 0 lần | Tình trạng: Hoạt động bình thường | VTDP: Có VTDP trong kho | Niên hạn: Không,,,,,2026-07-11 09:50:09.894644+00,2026-08-11 04:37:10.204448+00,8c53503a-8e6c-4698-bb44-06b929060b8a,,92aa329a-4ad2-4bf1-b2fe-c33ff194335c,"TB_S5PV16DY Sensor do tam nhin 6498-V E3680 Sensor do tam nhin 6498-V All Weather, Inc. (ADB SAFEGATE)  Tram khi tuong De xuat: Khong | Hong hoc: 0 lan | Tinh trang: Hoat dong binh thuong | VTDP: Co VTDP trong kho | Nien han: Khong","'0':29 '6498':7,14 'adb':19 'all':16 'binh':35 'co':38 'de':24 'do':4,11 'dong':34 'e3680':9 'han':43 'hoat':33 'hoc':28 'hong':27 'inc':18 'khi':22 'kho':41 'khong':26,44 'lan':30 'nhin':6,13 'nien':42 's5pv16dy':2 'safegate':20 'sensor':3,10 'tam':5,12 'tb':1 'thuong':36 'tinh':31 'tram':21 'trang':32 'trong':40 'tuong':23 'v':8,15 'vtdp':37,39 'weather':17 'xuat':25",,6498-V,2023,2023,f59bf0bd-520b-4245-80db-dc71b7187bf1,,,CR,,,,0.375,,,,,,,,,,,,,,,,,,,san_sang,,f024c88e-8702-49c8-a302-15b93f6acb3c,,,,f,TB_N1_AWOS_0170,a951db15-19c1-4853-951d-5f1cdfcbed19,{},KHONG,,100,he_thong
d9c80a4c-64f5-4bef-8ceb-036692cb86b8,TB_SSPC7BB3,Chống sét RF,660f73b4-1975-4bde-8c87-810a23ef6e2c,,Chống sét RF,RACOM,,2236fe1c-6896-4157-a310-ae0e094233f6,d7faf284-1a3a-4e53-9433-8476900a66e7,,,1ce915ed-07e9-4b65-9209-2652ffd9b681,8b408897-b25d-4ece-91ba-d97dfacec283,Trạm 09 Ceilo,"Ra soat 2026-07-11, file nguon: PLK_IMS",,,,,2026-07-11 09:50:09.894644+00,2026-08-11 04:37:10.204448+00,ca029628-203c-4008-b4bc-89b0746a39c6,,e96be350-6615-441a-91f5-53ad976e91b3,"TB_SSPC7BB3 Chong set RF  Chong set RF RACOM  Tram 09 Ceilo Ra soat 2026-07-11, file nguon: PLK_IMS","'-07':16 '-11':17 '09':11 '2026':15 'ceilo':12 'chong':3,6 'file':18 'ims':21 'nguon':19 'plk':20 'ra':13 'racom':9 'rf':5,8 'set':4,7 'soat':14 'sspc7bb3':2 'tb':1 'tram':10",AWOS IMS,HX090 F/RG,,,8b408897-b25d-4ece-91ba-d97dfacec283,,Truyền dẫn,PLK,,,,,,,,,,,,,,,,,,,,,,,san_sang,,f024c88e-8702-49c8-a302-15b93f6acb3c,,,,f,TB_PLK_092,9a411ffd-9f0c-48c7-a7dd-d8b84d979089,{},KHONG,,83,he_thong
85af6699-63a5-4336-aaad-8442868ffe7c,TB_X8JAN4HV,Switch Cisco 24 port,ae03f513-6763-46f8-913d-91a103966947,,Switch Cisco 24 port,Cisco,,2236fe1c-6896-4157-a310-ae0e094233f6,d7faf284-1a3a-4e53-9433-8476900a66e7,,,1ce915ed-07e9-4b65-9209-2652ffd9b681,8b408897-b25d-4ece-91ba-d97dfacec283,Phòng thiết bị,"Ra soat 2026-07-11, file nguon: PLK_IMS",,,,,2026-07-11 09:50:09.894644+00,2026-08-11 04:37:10.204448+00,ce41dcc3-9d54-4a7b-99fd-5a4a97a95447,,c6b9108a-b830-42a6-b3b8-9e6dd5196202,"TB_X8JAN4HV Switch Cisco 24 port  Switch Cisco 24 port Cisco  Phong thiet bi Ra soat 2026-07-11, file nguon: PLK_IMS","'-07':18 '-11':19 '2026':17 '24':5,9 'bi':14 'cisco':4,8,11 'file':20 'ims':23 'nguon':21 'phong':12 'plk':22 'port':6,10 'ra':15 'soat':16 'switch':3,7 'tb':1 'thiet':13 'x8jan4hv':2",AWOS IMS,Catalyst3650,,,8b408897-b25d-4ece-91ba-d97dfacec283,,Truyền dẫn,PLK,,,,,,,,,,,,,,,,,,,,,,,san_sang,,f024c88e-8702-49c8-a302-15b93f6acb3c,,,,f,TB_PLK_101,af357e58-222a-412c-b684-486467fc9cc3,{},KHONG,,83,he_thong
16c7a912-b03c-47a2-ab92-cfad57b42366,TB_807247MD,Chống sét đường tín hiệu,660f73b4-1975-4bde-8c87-810a23ef6e2c,,Chống sét đường tín hiệu,AT3W,,2236fe1c-6896-4157-a310-ae0e094233f6,d7faf284-1a3a-4e53-9433-8476900a66e7,,,1ce915ed-07e9-4b65-9209-2652ffd9b681,8b408897-b25d-4ece-91ba-d97dfacec283,Trạm 09 Ceilo,"Ra soat 2026-07-11, file nguon: PLK_IMS",,,,,2026-07-11 09:50:09.894644+00,2026-08-11 04:37:10.204448+00,9d09c5d7-4aa9-40a6-b47b-4e1899c9956f,,e96be350-6615-441a-91f5-53ad976e91b3,"TB_807247MD Chong set duong tin hieu  Chong set duong tin hieu AT3W  Tram 09 Ceilo Ra soat 2026-07-11, file nguon: PLK_IMS","'-07':20 '-11':21 '09':15 '2026':19 '807247md':2 'at3w':13 'ceilo':16 'chong':3,8 'duong':5,10 'file':22 'hieu':7,12 'ims':25 'nguon':23 'plk':24 'ra':17 'set':4,9 'soat':18 'tb':1 'tin':6,11 'tram':14",AWOS IMS,AT-2300,,,8b408897-b25d-4ece-91ba-d97dfacec283,,Cắt lọc sét,PLK,,,,,,,,,,,,,,,,,,,,,,,san_sang,,f024c88e-8702-49c8-a302-15b93f6acb3c,,,,f,TB_PLK_093,0afefb1d-ad24-474a-9810-5e665bc08366,{},KHONG,,83,he_thong
7472ca13-963e-4866-9f59-695c58aa9e42,TB_9DHNBD7T,Radio Modem MR400,ae03f513-6763-46f8-913d-91a103966947,,Radio Modem MR400,RACOM,,2236fe1c-6896-4157-a310-ae0e094233f6,d7faf284-1a3a-4e53-9433-8476900a66e7,,,1ce915ed-07e9-4b65-9209-2652ffd9b681,8b408897-b25d-4ece-91ba-d97dfacec283,Trạm 27,"Ra soat 2026-07-11, file nguon: PLK_IMS",,,,,2026-07-11 09:50:09.894644+00,2026-08-11 04:37:10.204448+00,ca029628-203c-4008-b4bc-89b0746a39c6,,e96be350-6615-441a-91f5-53ad976e91b3,"TB_9DHNBD7T Radio Modem MR400  Radio Modem MR400 RACOM  Tram 27 Ra soat 2026-07-11, file nguon: PLK_IMS","'-07':15 '-11':16 '2026':14 '27':11 '9dhnbd7t':2 'file':17 'ims':20 'modem':4,7 'mr400':5,8 'nguon':18 'plk':19 'ra':12 'racom':9 'radio':3,6 'soat':13 'tb':1 'tram':10",AWOS IMS,MR400RS3,,,8b408897-b25d-4ece-91ba-d97dfacec283,,Truyền dẫn,PLK,,,,,,,,,,,,,,,,,,,,,,,san_sang,,f024c88e-8702-49c8-a302-15b93f6acb3c,,,,f,TB_PLK_010,253a4c31-fe79-48d4-933b-adc537087c40,{},KHONG,,83,he_thong
4cbb6a7d-4e2c-444f-853a-0198410e6126,TB_XP7GJ194,Thiết bị giao tiếp dữ liệu Advantech UNO-137,1ef69ec2-6298-4c48-b931-aea3fa48c0fc,KSA6162339,Thiết bị giao tiếp dữ liệu Advantech UNO-137,Advantech,,5ae20f2b-30dc-409c-95db-68b98b79c94e,d7faf284-1a3a-4e53-9433-8476900a66e7,,,1ce915ed-07e9-4b65-9209-2652ffd9b681,f59bf0bd-520b-4245-80db-dc71b7187bf1,,Đề xuất: Không đề xuất do có 3 bộ dự phòng cho nhau | Hỏng hóc: 0 lần | Tình trạng: Hoạt động bình thường | VTDP: Không | Niên hạn: Không,,,,,2026-07-11 09:50:09.894644+00,2026-08-11 04:37:10.204448+00,81227fc4-ef2d-4334-bb0e-bb1849fdb2c2,,e96be350-6615-441a-91f5-53ad976e91b3,TB_XP7GJ194 Thiet bi giao tiep du lieu Advantech UNO-137 KSA6162339 Thiet bi giao tiep du lieu Advantech UNO-137 Advantech   De xuat: Khong de xuat do co 3 bo du phong cho nhau | Hong hoc: 0 lan | Tinh trang: Hoat dong binh thuong | VTDP: Khong | Nien han: Khong,"'-137':11,21 '0':38 '3':30 'advantech':9,19,22 'bi':4,14 'binh':44 'bo':31 'cho':34 'co':29 'de':23,26 'do':28 'dong':43 'du':7,17,32 'giao':5,15 'han':49 'hoat':42 'hoc':37 'hong':36 'khong':25,47,50 'ksa6162339':12 'lan':39 'lieu':8,18 'nhau':35 'nien':48 'phong':33 'tb':1 'thiet':3,13 'thuong':45 'tiep':6,16 'tinh':40 'trang':41 'uno':10,20 'vtdp':46 'xp7gj194':2 'xuat':24,27",,,2023,2023,f59bf0bd-520b-4245-80db-dc71b7187bf1,,,CR,,,,0.300,,,,,,,,,,,,,,,,,,,san_sang,,f024c88e-8702-49c8-a302-15b93f6acb3c,,,,f,TB_N1_AWOS_0180,8297b5f8-8ef3-4f1f-8a41-36152eea23e1,{},KHONG,,100,he_thong
45f69fa2-c912-4427-977a-36d6208420a6,TB_TA1T9PJK,Thiết bị giao tiếp dữ liệu Advantech UNO-137,1ef69ec2-6298-4c48-b931-aea3fa48c0fc,,Thiết bị giao tiếp dữ liệu Advantech UNO-137,Advantech,,5ae20f2b-30dc-409c-95db-68b98b79c94e,d7faf284-1a3a-4e53-9433-8476900a66e7,,,1ce915ed-07e9-4b65-9209-2652ffd9b681,f59bf0bd-520b-4245-80db-dc71b7187bf1,,"Đề xuất: Không đề xuất, có 3 bộ dự phòng cho nhau tại phòng thiết bị | Hỏng hóc: 0 lần | Tình trạng: Hoạt động bình thường | VTDP: Không | Niên hạn: Không",,,,,2026-07-11 09:50:09.894644+00,2026-08-11 04:37:10.204448+00,81227fc4-ef2d-4334-bb0e-bb1849fdb2c2,,e96be350-6615-441a-91f5-53ad976e91b3,"TB_TA1T9PJK Thiet bi giao tiep du lieu Advantech UNO-137  Thiet bi giao tiep du lieu Advantech UNO-137 Advantech   De xuat: Khong de xuat, co 3 bo du phong cho nhau tai phong thiet bi | Hong hoc: 0 lan | Tinh trang: Hoat dong binh thuong | VTDP: Khong | Nien han: Khong","'-137':11,20 '0':40 '3':28 'advantech':9,18,21 'bi':4,13,37 'binh':46 'bo':29 'cho':32 'co':27 'de':22,25 'dong':45 'du':7,16,30 'giao':5,14 'han':51 'hoat':44 'hoc':39 'hong':38 'khong':24,49,52 'lan':41 'lieu':8,17 'nhau':33 'nien':50 'phong':31,35 'ta1t9pjk':2 'tai':34 'tb':1 'thiet':3,12,36 'thuong':47 'tiep':6,15 'tinh':42 'trang':43 'uno':10,19 'vtdp':48 'xuat':23,26",,,2023,2023,f59bf0bd-520b-4245-80db-dc71b7187bf1,,,CR,,,,0.300,,,,,,,,,,,,,,,,,,,san_sang,,f024c88e-8702-49c8-a302-15b93f6acb3c,,,,f,TB_N1_AWOS_0181,8297b5f8-8ef3-4f1f-8a41-36152eea23e1,{},KHONG,,83,he_thong
34f9b5c9-aafe-4e0f-aca9-f1fe589487e2,TB_QWQXNHKH,Thiết bị chuyển đổi Serial/Ethernet,ae03f513-6763-46f8-913d-91a103966947,TBDHE1024127,Converter Nport IA5250,Moxa,,4fbd5536-e530-4f9b-97d3-d194186c33de,d7faf284-1a3a-4e53-9433-8476900a66e7,,,1ce915ed-07e9-4b65-9209-2652ffd9b681,141337b4-f2fa-4438-808f-0d10cfeedb85,Trạm 32-GIÔNG,"Ra soat 2026-07-11, file nguon: CLA_IMS",,,,,2026-07-11 09:50:09.894644+00,2026-08-11 04:37:10.204448+00,a5454b1e-b677-4fd8-8494-b4c080de867d,,f099f53a-5ef4-4039-ba41-1ea298f0ae5d,"TB_QWQXNHKH Thiet bi chuyen doi Serial/Ethernet TBDHE1024127 Converter Nport IA5250 Moxa  Tram 32-GIONG Ra soat 2026-07-11, file nguon: CLA_IMS",'-07':19 '-11':20 '2026':18 '32':14 'bi':4 'chuyen':5 'cla':23 'converter':9 'doi':6 'file':21 'giong':15 'ia5250':11 'ims':24 'moxa':12 'nguon':22 'nport':10 'qwqxnhkh':2 'ra':16 'serial/ethernet':7 'soat':17 'tb':1 'tbdhe1024127':8 'thiet':3 'tram':13,AWOS IMS,IA5250,,,141337b4-f2fa-4438-808f-0d10cfeedb85,,Truyền dẫn,CLA,,,,,,,,,,,,,,,,,,,,,,,san_sang,,f024c88e-8702-49c8-a302-15b93f6acb3c,,,,f,TB_CLA_015,a16ee536-405c-41aa-8c3e-e2a64c300364,{},KHONG,,100,he_thong
cf289d16-b532-4b97-9a6b-ab0404debdd7,TB_6KSX7PNY,Thiết bị chuyển đổi Serial/Ethernet,ae03f513-6763-46f8-913d-91a103966947,TBDGE1064559,Converter Nport IA5250,Moxa,,4fbd5536-e530-4f9b-97d3-d194186c33de,d7faf284-1a3a-4e53-9433-8476900a66e7,,,1ce915ed-07e9-4b65-9209-2652ffd9b681,141337b4-f2fa-4438-808f-0d10cfeedb85,Trạm 32-AMS,"Ra soat 2026-07-11, file nguon: CLA_IMS",,,,,2026-07-11 09:50:09.894644+00,2026-08-11 04:37:10.204448+00,a5454b1e-b677-4fd8-8494-b4c080de867d,,f099f53a-5ef4-4039-ba41-1ea298f0ae5d,"TB_6KSX7PNY Thiet bi chuyen doi Serial/Ethernet TBDGE1064559 Converter Nport IA5250 Moxa  Tram 32-AMS Ra soat 2026-07-11, file nguon: CLA_IMS",'-07':19 '-11':20 '2026':18 '32':14 '6ksx7pny':2 'ams':15 'bi':4 'chuyen':5 'cla':23 'converter':9 'doi':6 'file':21 'ia5250':11 'ims':24 'moxa':12 'nguon':22 'nport':10 'ra':16 'serial/ethernet':7 'soat':17 'tb':1 'tbdge1064559':8 'thiet':3 'tram':13,AWOS IMS,IA5250,,,141337b4-f2fa-4438-808f-0d10cfeedb85,,Truyền dẫn,CLA,,,,,,,,,,,,,,,,,,,,,,,san_sang,,f024c88e-8702-49c8-a302-15b93f6acb3c,,,,f,TB_CLA_013,a16ee536-405c-41aa-8c3e-e2a64c300364,{},KHONG,,100,he_thong
3ed311f1-9ddf-4842-a153-6c0aa330f8db,TB_DSTBYSQB,Thiết bị chuyển đổi Serial/Ethernet,ae03f513-6763-46f8-913d-91a103966947,TBDHE1024161,Converter Nport IA5250,Moxa,,4fbd5536-e530-4f9b-97d3-d194186c33de,d7faf284-1a3a-4e53-9433-8476900a66e7,,,1ce915ed-07e9-4b65-9209-2652ffd9b681,141337b4-f2fa-4438-808f-0d10cfeedb85,Trạm 32-TN,"Ra soat 2026-07-11, file nguon: CLA_IMS",,,,,2026-07-11 09:50:09.894644+00,2026-08-11 04:37:10.204448+00,a5454b1e-b677-4fd8-8494-b4c080de867d,,f099f53a-5ef4-4039-ba41-1ea298f0ae5d,"TB_DSTBYSQB Thiet bi chuyen doi Serial/Ethernet TBDHE1024161 Converter Nport IA5250 Moxa  Tram 32-TN Ra soat 2026-07-11, file nguon: CLA_IMS",'-07':19 '-11':20 '2026':18 '32':14 'bi':4 'chuyen':5 'cla':23 'converter':9 'doi':6 'dstbysqb':2 'file':21 'ia5250':11 'ims':24 'moxa':12 'nguon':22 'nport':10 'ra':16 'serial/ethernet':7 'soat':17 'tb':1 'tbdhe1024161':8 'thiet':3 'tn':15 'tram':13,AWOS IMS,IA5250,,,141337b4-f2fa-4438-808f-0d10cfeedb85,,Truyền dẫn,CLA,,,,,,,,,,,,,,,,,,,,,,,san_sang,,f024c88e-8702-49c8-a302-15b93f6acb3c,,,,f,TB_CLA_011,a16ee536-405c-41aa-8c3e-e2a64c300364,{},KHONG,,100,he_thong
ce0de843-ae56-44b2-a4c9-a4a8f87edee7,TB_9242C6S7,Cảm biến đo ánh sáng nền,98c88d39-bf0f-43c7-83a2-ca5d266ba54f,J9442-02,Cảm biến đo ánh sáng nền,Biral,,4fbd5536-e530-4f9b-97d3-d194186c33de,d7faf284-1a3a-4e53-9433-8476900a66e7,,,1ce915ed-07e9-4b65-9209-2652ffd9b681,141337b4-f2fa-4438-808f-0d10cfeedb85,Trạm 32,"Ra soat 2026-07-11, file nguon: CLA_IMS",,,,,2026-07-11 09:50:09.894644+00,2026-08-11 04:37:10.204448+00,b7f4a9b7-d8ca-434b-b11c-5e4a13a35ad1,,f099f53a-5ef4-4039-ba41-1ea298f0ae5d,"TB_9242C6S7 Cam bien do anh sang nen J9442-02 Cam bien do anh sang nen Biral  Tram 32 Ra soat 2026-07-11, file nguon: CLA_IMS","'-02':10 '-07':23 '-11':24 '2026':22 '32':19 '9242c6s7':2 'anh':6,14 'bien':4,12 'biral':17 'cam':3,11 'cla':27 'do':5,13 'file':25 'ims':28 'j9442':9 'nen':8,16 'nguon':26 'ra':20 'sang':7,15 'soat':21 'tb':1 'tram':18",AWOS IMS,ALS-2,,,141337b4-f2fa-4438-808f-0d10cfeedb85,,Cảm biến,CLA,,,,,,,,,,,,,,,,,,,,,,,san_sang,,f024c88e-8702-49c8-a302-15b93f6acb3c,,,,f,TB_CLA_003,5b400d04-826b-4049-a257-df1f3c61c619,{},KHONG,,100,he_thong
c1dad33e-bd03-4e8c-b7bd-de08f602a99c,TB_209B8Y72,Modem UHF,ae03f513-6763-46f8-913d-91a103966947,,Modem UHF,RACOM,,ebc4a136-c5e7-4f7d-abfc-e3ddea655b8c,d7faf284-1a3a-4e53-9433-8476900a66e7,,,1ce915ed-07e9-4b65-9209-2652ffd9b681,46e84da7-5a8b-4a79-aa46-2fb4bae1ff26,UHF-CEILO-33,"Ra soat 2026-07-11, file nguon: PCA_IMS",,,,,2026-07-11 09:50:09.894644+00,2026-08-11 04:37:10.204448+00,ca029628-203c-4008-b4bc-89b0746a39c6,,e96be350-6615-441a-91f5-53ad976e91b3,"TB_209B8Y72 Modem UHF  Modem UHF RACOM  UHF-CEILO-33 Ra soat 2026-07-11, file nguon: PCA_IMS","'-07':15 '-11':16 '2026':14 '209b8y72':2 '33':11 'ceilo':10 'file':17 'ims':20 'modem':3,5 'nguon':18 'pca':19 'ra':12 'racom':7 'soat':13 'tb':1 'uhf':4,6,9 'uhf-ceilo':8",AWOS-IMS,RipEX-400,,,46e84da7-5a8b-4a79-aa46-2fb4bae1ff26,,Truyền dẫn,PCA,,,,,,,,,,,,,,,,,,,,,,,san_sang,,f024c88e-8702-49c8-a302-15b93f6acb3c,,,,f,TB_PCA_095,81a989f9-0432-42d5-b017-0fb5d6d37d41,{},KHONG,,83,he_thong
4f51fefb-e5d6-46a8-94b4-7dfe96390c39,TB_77HGZT7S,Cảm biến nhiệt độ,98c88d39-bf0f-43c7-83a2-ca5d266ba54f,2659,Cảm biến nhiệt độ,MicroStep-MIS,,4fbd5536-e530-4f9b-97d3-d194186c33de,d7faf284-1a3a-4e53-9433-8476900a66e7,,,1ce915ed-07e9-4b65-9209-2652ffd9b681,141337b4-f2fa-4438-808f-0d10cfeedb85,Trạm 32,"Ra soat 2026-07-11, file nguon: CLA_IMS",,,,,2026-07-11 09:50:09.894644+00,2026-08-11 04:37:10.204448+00,54e09535-2d7f-4319-812f-aee0a4916ed6,,f099f53a-5ef4-4039-ba41-1ea298f0ae5d,"TB_77HGZT7S Cam bien nhiet do 2659 Cam bien nhiet do MicroStep-MIS  Tram 32 Ra soat 2026-07-11, file nguon: CLA_IMS","'-07':20 '-11':21 '2026':19 '2659':7 '32':16 '77hgzt7s':2 'bien':4,9 'cam':3,8 'cla':24 'do':6,11 'file':22 'ims':25 'microstep':13 'microstep-mis':12 'mis':14 'nguon':23 'nhiet':5,10 'ra':17 'soat':18 'tb':1 'tram':15",AWOS IMS,PT100,,,141337b4-f2fa-4438-808f-0d10cfeedb85,,Cảm biến,CLA,,,,,,,,,,,,,,,,,,,,,,,san_sang,,f024c88e-8702-49c8-a302-15b93f6acb3c,,,,f,TB_CLA_005,d67fb790-cf83-4849-9983-94a3768fd632,{},KHONG,,100,he_thong
02d76c25-52df-4d5a-a852-4fc70eec41de,TB_9W01G1CR,Cảm biến độ ẩm,98c88d39-bf0f-43c7-83a2-ca5d266ba54f,2004-AN-347,Cảm biến đo nhiệt độ và độ ẩm,MicroStep-MIS,,4fbd5536-e530-4f9b-97d3-d194186c33de,d7faf284-1a3a-4e53-9433-8476900a66e7,,,1ce915ed-07e9-4b65-9209-2652ffd9b681,141337b4-f2fa-4438-808f-0d10cfeedb85,Trạm 32,"Ra soat 2026-07-11, file nguon: CLA_IMS",,,,,2026-07-11 09:50:09.894644+00,2026-08-11 04:37:10.204448+00,54e09535-2d7f-4319-812f-aee0a4916ed6,,f099f53a-5ef4-4039-ba41-1ea298f0ae5d,"TB_9W01G1CR Cam bien do am 2004-AN-347 Cam bien do nhiet do va do am MicroStep-MIS  Tram 32 Ra soat 2026-07-11, file nguon: CLA_IMS","'-07':26 '-11':27 '-347':9 '2004':7 '2026':25 '32':22 '9w01g1cr':2 'am':6,17 'an':8 'bien':4,11 'cam':3,10 'cla':30 'do':5,12,14,16 'file':28 'ims':31 'microstep':19 'microstep-mis':18 'mis':20 'nguon':29 'nhiet':13 'ra':23 'soat':24 'tb':1 'tram':21 'va':15",AWOS IMS,RHT 175,,,141337b4-f2fa-4438-808f-0d10cfeedb85,,Cảm biến,CLA,,,,,,,,,,,,,,,,,,,,,,,san_sang,,f024c88e-8702-49c8-a302-15b93f6acb3c,,,,f,TB_CLA_006,21149c45-6ce4-4eb7-b5cd-1d29d5b15e6f,{},KHONG,,100,he_thong
514be4ab-95a9-4a13-ab57-33a684d35f47,TB_NTE44D7W,Cảm biến đo giông sét,98c88d39-bf0f-43c7-83a2-ca5d266ba54f,J15358-03,Cảm biến đo dông sét,Biral,,4fbd5536-e530-4f9b-97d3-d194186c33de,d7faf284-1a3a-4e53-9433-8476900a66e7,,,1ce915ed-07e9-4b65-9209-2652ffd9b681,141337b4-f2fa-4438-808f-0d10cfeedb85,Trạm 32,"Ra soat 2026-07-11, file nguon: CLA_IMS",,,,,2026-07-11 09:50:09.894644+00,2026-08-11 04:37:10.204448+00,b7f4a9b7-d8ca-434b-b11c-5e4a13a35ad1,,f099f53a-5ef4-4039-ba41-1ea298f0ae5d,"TB_NTE44D7W Cam bien do giong set J15358-03 Cam bien do dong set Biral  Tram 32 Ra soat 2026-07-11, file nguon: CLA_IMS","'-03':9 '-07':21 '-11':22 '2026':20 '32':17 'bien':4,11 'biral':15 'cam':3,10 'cla':25 'do':5,12 'dong':13 'file':23 'giong':6 'ims':26 'j15358':8 'nguon':24 'nte44d7w':2 'ra':18 'set':7,14 'soat':19 'tb':1 'tram':16",AWOS IMS,BTD-300,,,141337b4-f2fa-4438-808f-0d10cfeedb85,,Cảm biến,CLA,,,,,,,,,,,,,,,,,,,,,,,san_sang,,f024c88e-8702-49c8-a302-15b93f6acb3c,,,,f,TB_CLA_007,d1b6dd73-5f2b-4228-9627-59e19b39e483,{},KHONG,,100,he_thong
c5b717f5-4a9c-4252-8946-4be1b22124a4,TB_9SC7SPR1,Cảm biến đo lượng mưa,98c88d39-bf0f-43c7-83a2-ca5d266ba54f,,Cảm biến đo lượng mưa,MicroStep-MIS,,4fbd5536-e530-4f9b-97d3-d194186c33de,d7faf284-1a3a-4e53-9433-8476900a66e7,,,1ce915ed-07e9-4b65-9209-2652ffd9b681,141337b4-f2fa-4438-808f-0d10cfeedb85,Trạm 32,"Ra soat 2026-07-11, file nguon: CLA_IMS",,,,,2026-07-11 09:50:09.894644+00,2026-08-11 04:37:10.204448+00,54e09535-2d7f-4319-812f-aee0a4916ed6,,f099f53a-5ef4-4039-ba41-1ea298f0ae5d,"TB_9SC7SPR1 Cam bien do luong mua  Cam bien do luong mua MicroStep-MIS  Tram 32 Ra soat 2026-07-11, file nguon: CLA_IMS","'-07':21 '-11':22 '2026':20 '32':17 '9sc7spr1':2 'bien':4,9 'cam':3,8 'cla':25 'do':5,10 'file':23 'ims':26 'luong':6,11 'microstep':14 'microstep-mis':13 'mis':15 'mua':7,12 'nguon':24 'ra':18 'soat':19 'tb':1 'tram':16",AWOS IMS,MR-2,,,141337b4-f2fa-4438-808f-0d10cfeedb85,,Cảm biến,CLA,,,,,,,,,,,,,,,,,,,,,,,san_sang,,f024c88e-8702-49c8-a302-15b93f6acb3c,,,,f,TB_CLA_008,d1a75326-a99b-43c1-8fcb-b9a071613d5e,{},KHONG,,83,he_thong
e0610b28-7953-49e7-8e68-ac96adb98268,TB_0204Q3EQ,Cảm biến áp suất,98c88d39-bf0f-43c7-83a2-ca5d266ba54f,MSB780X-1.0-1508-031,Cảm biến đo khí áp,MicroStep-MIS,,4fbd5536-e530-4f9b-97d3-d194186c33de,d7faf284-1a3a-4e53-9433-8476900a66e7,,,1ce915ed-07e9-4b65-9209-2652ffd9b681,141337b4-f2fa-4438-808f-0d10cfeedb85,Trạm 32,"Ra soat 2026-07-11, file nguon: CLA_IMS",,,,,2026-07-11 09:50:09.894644+00,2026-08-11 04:37:10.204448+00,54e09535-2d7f-4319-812f-aee0a4916ed6,,f099f53a-5ef4-4039-ba41-1ea298f0ae5d,"TB_0204Q3EQ Cam bien ap suat MSB780X-1.0-1508-031 Cam bien do khi ap MicroStep-MIS  Tram 32 Ra soat 2026-07-11, file nguon: CLA_IMS","'-031':10 '-07':24 '-1.0':8 '-11':25 '-1508':9 '0204q3eq':2 '2026':23 '32':20 'ap':5,15 'bien':4,12 'cam':3,11 'cla':28 'do':13 'file':26 'ims':29 'khi':14 'microstep':17 'microstep-mis':16 'mis':18 'msb780x':7 'nguon':27 'ra':21 'soat':22 'suat':6 'tb':1 'tram':19",AWOS IMS,MIS MSB780,,,141337b4-f2fa-4438-808f-0d10cfeedb85,,Cảm biến,CLA,,,,,,,,,,,,,,,,,,,,,,,san_sang,,f024c88e-8702-49c8-a302-15b93f6acb3c,,,,f,TB_CLA_004,8dc8e474-b130-4785-b3ed-9066c061cebb,{},KHONG,,100,he_thong
7b5f6c0a-d491-4c8f-ac9c-173076c2c537,TB_NAMJQD8Z,Thiết bị giao tiếp dữ liệu Advantech UNO-139,1ef69ec2-6298-4c48-b931-aea3fa48c0fc,,Thiết bị giao tiếp dữ liệu Advantech UNO-137,Advantech,,5ae20f2b-30dc-409c-95db-68b98b79c94e,d7faf284-1a3a-4e53-9433-8476900a66e7,,,1ce915ed-07e9-4b65-9209-2652ffd9b681,f59bf0bd-520b-4245-80db-dc71b7187bf1,,"Nguồn: để tích hợp tín hiệu từ máy đo tầm nhìn vào hệ thống Optimet | Đề xuất: Không đề xuất, có 3 bộ dự phòng cho nhau tại phòng thiết bị | Hỏng hóc: 0 lần | Tình trạng: Hoạt động bình thường | VTDP: Không | Niên hạn: Không",,,,,2026-07-11 09:50:09.894644+00,2026-08-11 04:37:10.204448+00,81227fc4-ef2d-4334-bb0e-bb1849fdb2c2,,e96be350-6615-441a-91f5-53ad976e91b3,"TB_NAMJQD8Z Thiet bi giao tiep du lieu Advantech UNO-139  Thiet bi giao tiep du lieu Advantech UNO-137 Advantech   Nguon: de tich hop tin hieu tu may do tam nhin vao he thong Optimet | De xuat: Khong de xuat, co 3 bo du phong cho nhau tai phong thiet bi | Hong hoc: 0 lan | Tinh trang: Hoat dong binh thuong | VTDP: Khong | Nien han: Khong","'-137':20 '-139':11 '0':55 '3':43 'advantech':9,18,21 'bi':4,13,52 'binh':61 'bo':44 'cho':47 'co':42 'de':23,37,40 'do':30 'dong':60 'du':7,16,45 'giao':5,14 'han':66 'he':34 'hieu':27 'hoat':59 'hoc':54 'hong':53 'hop':25 'khong':39,64,67 'lan':56 'lieu':8,17 'may':29 'namjqd8z':2 'nguon':22 'nhau':48 'nhin':32 'nien':65 'optimet':36 'phong':46,50 'tai':49 'tam':31 'tb':1 'thiet':3,12,51 'thong':35 'thuong':62 'tich':24 'tiep':6,15 'tin':26 'tinh':57 'trang':58 'tu':28 'uno':10,19 'vao':33 'vtdp':63 'xuat':38,41",,,2023,2023,f59bf0bd-520b-4245-80db-dc71b7187bf1,,,CR,,,,0.300,,,,,,,,,,,,,,,,,,,san_sang,,f024c88e-8702-49c8-a302-15b93f6acb3c,,,,f,TB_N1_AWOS_0187,8297b5f8-8ef3-4f1f-8a41-36152eea23e1,{},KHONG,,83,he_thong
9e6289f9-4de0-4e29-be1c-c45f8c4ca81a,TB_JJQGEX0J,Switch Cisco 24 port,ae03f513-6763-46f8-913d-91a103966947,,Switch Cisco 24 port,Cisco,,2236fe1c-6896-4157-a310-ae0e094233f6,d7faf284-1a3a-4e53-9433-8476900a66e7,,,1ce915ed-07e9-4b65-9209-2652ffd9b681,8b408897-b25d-4ece-91ba-d97dfacec283,Phòng thiết bị,"Ra soat 2026-07-11, file nguon: PLK_IMS",,,,,2026-07-11 09:50:09.894644+00,2026-08-11 04:37:10.204448+00,ce41dcc3-9d54-4a7b-99fd-5a4a97a95447,,c6b9108a-b830-42a6-b3b8-9e6dd5196202,"TB_JJQGEX0J Switch Cisco 24 port  Switch Cisco 24 port Cisco  Phong thiet bi Ra soat 2026-07-11, file nguon: PLK_IMS","'-07':18 '-11':19 '2026':17 '24':5,9 'bi':14 'cisco':4,8,11 'file':20 'ims':23 'jjqgex0j':2 'nguon':21 'phong':12 'plk':22 'port':6,10 'ra':15 'soat':16 'switch':3,7 'tb':1 'thiet':13",AWOS IMS,Catalyst3650,,,8b408897-b25d-4ece-91ba-d97dfacec283,,Truyền dẫn,PLK,,,,,,,,,,,,,,,,,,,,,,,san_sang,,f024c88e-8702-49c8-a302-15b93f6acb3c,,,,f,TB_PLK_100,af357e58-222a-412c-b684-486467fc9cc3,{},KHONG,,83,he_thong
556ede66-d156-4967-95f0-ddf90839c4fc,TB_WFCGMXH7,Chống sét RF  - UHF,660f73b4-1975-4bde-8c87-810a23ef6e2c,,Chống sét - UHF,Citel,,4fbd5536-e530-4f9b-97d3-d194186c33de,d7faf284-1a3a-4e53-9433-8476900a66e7,,,1ce915ed-07e9-4b65-9209-2652ffd9b681,141337b4-f2fa-4438-808f-0d10cfeedb85,Trạm 32,"Ra soat 2026-07-11, file nguon: CLA_IMS",,,,,2026-07-11 09:50:09.894644+00,2026-08-11 04:37:10.204448+00,80666d25-731c-4de5-8d64-08488037258a,,f099f53a-5ef4-4039-ba41-1ea298f0ae5d,"TB_WFCGMXH7 Chong set RF  - UHF  Chong set - UHF Citel  Tram 32 Ra soat 2026-07-11, file nguon: CLA_IMS","'-07':16 '-11':17 '2026':15 '32':12 'chong':3,7 'citel':10 'cla':20 'file':18 'ims':21 'nguon':19 'ra':13 'rf':5 'set':4,8 'soat':14 'tb':1 'tram':11 'uhf':6,9 'wfcgmxh7':2",AWOS IMS,P8AX15,,,141337b4-f2fa-4438-808f-0d10cfeedb85,,Cắt lọc sét,CLA,,,,,,,,,,,,,,,,,,,,,,,san_sang,,f024c88e-8702-49c8-a302-15b93f6acb3c,,,,f,TB_CLA_021,31cae5c6-e3ee-4ad9-ab56-bef881a81aae,{},KHONG,,83,he_thong
6de40add-8f1b-4025-9c76-fe8ac6b1147b,TB_P1WYXD9M,Chống sét đường dữ liệu RS-232,660f73b4-1975-4bde-8c87-810a23ef6e2c,,Chống sét đường dữ liệu RS-232,AT3W,,4fbd5536-e530-4f9b-97d3-d194186c33de,d7faf284-1a3a-4e53-9433-8476900a66e7,,,1ce915ed-07e9-4b65-9209-2652ffd9b681,141337b4-f2fa-4438-808f-0d10cfeedb85,Trạm 32,"Ra soat 2026-07-11, file nguon: CLA_IMS",,,,,2026-07-11 09:50:09.894644+00,2026-08-11 04:37:10.204448+00,9d09c5d7-4aa9-40a6-b47b-4e1899c9956f,,f099f53a-5ef4-4039-ba41-1ea298f0ae5d,"TB_P1WYXD9M Chong set duong du lieu RS-232  Chong set duong du lieu RS-232 AT3W  Tram 32 Ra soat 2026-07-11, file nguon: CLA_IMS","'-07':23 '-11':24 '-232':9,16 '2026':22 '32':19 'at3w':17 'chong':3,10 'cla':27 'du':6,13 'duong':5,12 'file':25 'ims':28 'lieu':7,14 'nguon':26 'p1wyxd9m':2 'ra':20 'rs':8,15 'set':4,11 'soat':21 'tb':1 'tram':18",AWOS IMS,ATDB9,,,141337b4-f2fa-4438-808f-0d10cfeedb85,,Cắt lọc sét,CLA,,,,,,,,,,,,,,,,,,,,,,,san_sang,,f024c88e-8702-49c8-a302-15b93f6acb3c,,,,f,TB_CLA_023,b60b1eab-a1e6-4d20-b8d4-3f7862ad32c0,{},KHONG,,83,he_thong
bd9555c3-af0c-4a43-9725-9a9b16f25f45,TB_9ZRWKNZ2,Cắt sét nguồn 220VAC -  UHF,660f73b4-1975-4bde-8c87-810a23ef6e2c,,Cắt sét nguồn 220VAC -  UHF,Schneider,,4fbd5536-e530-4f9b-97d3-d194186c33de,d7faf284-1a3a-4e53-9433-8476900a66e7,,,1ce915ed-07e9-4b65-9209-2652ffd9b681,141337b4-f2fa-4438-808f-0d10cfeedb85,Trạm 32,"Ra soat 2026-07-11, file nguon: CLA_IMS",,,,,2026-07-11 09:50:09.894644+00,2026-08-11 04:37:10.204448+00,1dfd07b4-a9da-41a0-aa04-7b64b3f5862e,,f099f53a-5ef4-4039-ba41-1ea298f0ae5d,"TB_9ZRWKNZ2 Cat set nguon 220VAC -  UHF  Cat set nguon 220VAC -  UHF Schneider  Tram 32 Ra soat 2026-07-11, file nguon: CLA_IMS","'-07':19 '-11':20 '2026':18 '220vac':6,11 '32':15 '9zrwknz2':2 'cat':3,8 'cla':23 'file':21 'ims':24 'nguon':5,10,22 'ra':16 'schneider':13 'set':4,9 'soat':17 'tb':1 'tram':14 'uhf':7,12",AWOS IMS,A9L15692,,,141337b4-f2fa-4438-808f-0d10cfeedb85,,Cắt lọc sét,CLA,,,,,,,,,,,,,,,,,,,,,,,san_sang,,f024c88e-8702-49c8-a302-15b93f6acb3c,,,,f,TB_CLA_024,302ce695-41d5-4dc0-806f-915b1e489689,{},KHONG,,83,he_thong
9e58852a-b8be-449f-9361-0fe82b6a3da3,TB_1A8KHV04,Cắt lọc sét nguồn AC - Tủ thiết bị,660f73b4-1975-4bde-8c87-810a23ef6e2c,,Thiết bị cắt lọc sét 1 pha,nVent ERICO,,4fbd5536-e530-4f9b-97d3-d194186c33de,d7faf284-1a3a-4e53-9433-8476900a66e7,,,1ce915ed-07e9-4b65-9209-2652ffd9b681,141337b4-f2fa-4438-808f-0d10cfeedb85,Trạm 32,"Ra soat 2026-07-11, file nguon: CLA_IMS",,,,,2026-07-11 09:50:09.894644+00,2026-08-11 04:37:10.204448+00,2e05f201-8ee7-4f2d-afe5-963dc6d94500,,f099f53a-5ef4-4039-ba41-1ea298f0ae5d,"TB_1A8KHV04 Cat loc set nguon AC - Tu thiet bi  Thiet bi cat loc set 1 pha nVent ERICO  Tram 32 Ra soat 2026-07-11, file nguon: CLA_IMS","'-07':25 '-11':26 '1':16 '1a8khv04':2 '2026':24 '32':21 'ac':7 'bi':10,12 'cat':3,13 'cla':29 'erico':19 'file':27 'ims':30 'loc':4,14 'nguon':6,28 'nvent':18 'pha':17 'ra':22 'set':5,15 'soat':23 'tb':1 'thiet':9,11 'tram':20 'tu':8",AWOS IMS,TSF20A240V,,,141337b4-f2fa-4438-808f-0d10cfeedb85,,Cắt lọc sét,CLA,,,,,,,,,,,,,,,,,,,,,,,san_sang,,f024c88e-8702-49c8-a302-15b93f6acb3c,,,,f,TB_CLA_025,a3eebddd-df65-414d-9e50-90fc3fa745aa,{},KHONG,,83,he_thong
018b8d5a-9e6c-4fbd-828b-1e65dc38a526,TB_BFNZGQSX,Thiết bị chuyển đổi Serial/Fiber,ae03f513-6763-46f8-913d-91a103966947,,Thiết bị chuyển đổi Serial/Fiber,3Onedata,,4fbd5536-e530-4f9b-97d3-d194186c33de,d7faf284-1a3a-4e53-9433-8476900a66e7,,,1ce915ed-07e9-4b65-9209-2652ffd9b681,141337b4-f2fa-4438-808f-0d10cfeedb85,TWR - Đài KSKL CHU LAI,"Ra soat 2026-07-11, file nguon: CLA_IMS",,,,,2026-07-11 09:50:09.894644+00,2026-08-11 04:37:10.204448+00,7c809d84-88ee-4505-9e8e-d5f291ec5afd,,e96be350-6615-441a-91f5-53ad976e91b3,"TB_BFNZGQSX Thiet bi chuyen doi Serial/Fiber  Thiet bi chuyen doi Serial/Fiber 3Onedata  TWR - Dai KSKL CHU LAI Ra soat 2026-07-11, file nguon: CLA_IMS","'-07':22 '-11':23 '2026':21 '3onedata':13 'bfnzgqsx':2 'bi':4,9 'chu':17 'chuyen':5,10 'cla':26 'dai':15 'doi':6,11 'file':24 'ims':27 'kskl':16 'lai':18 'nguon':25 'ra':19 'serial/fiber':7,12 'soat':20 'tb':1 'thiet':3,8 'twr':14",THIẾT BỊ QUAN TRẮC THÔNG DỤNG,MODEL277-SS-SC-20KM-1310T/1550RNM,,,141337b4-f2fa-4438-808f-0d10cfeedb85,,Truyền dẫn,CLA,,,,,,,,,,,,,,,,,,,,,,,san_sang,,f024c88e-8702-49c8-a302-15b93f6acb3c,,,,f,TB_CLA_089,65bcff7f-a305-4847-b824-b02409df3513,{},KHONG,,83,he_thong
0098f7b0-3fd6-4fdd-a256-6e9f31388cfe,TB_MYTFAYDP,Màn hình hiển thị số liệu Nhiệt ẩm áp Thies 1.1006.54.080,83e7d93e-2f76-4d4f-a6bc-08926383aba1,,Màn hình hiển thị số liệu Nhiệt ẩm áp Thies 1.1006.54.080,,,5ae20f2b-30dc-409c-95db-68b98b79c94e,d7faf284-1a3a-4e53-9433-8476900a66e7,,,1ce915ed-07e9-4b65-9209-2652ffd9b681,f59bf0bd-520b-4245-80db-dc71b7187bf1,,Hỏng hóc: 0 lần | Tình trạng: Khai thác bình thường | VTDP: Không có VTDP | Niên hạn: Không,,,,,2026-07-11 09:50:09.894644+00,2026-08-11 04:37:10.204448+00,,,e96be350-6615-441a-91f5-53ad976e91b3,TB_MYTFAYDP Man hinh hien thi so lieu Nhiet am ap Thies 1.1006.54.080  Man hinh hien thi so lieu Nhiet am ap Thies 1.1006.54.080    Hong hoc: 0 lan | Tinh trang: Khai thac binh thuong | VTDP: Khong co VTDP | Nien han: Khong,"'0':27 '1.1006.54.080':13,24 'am':10,21 'ap':11,22 'binh':33 'co':37 'han':40 'hien':5,16 'hinh':4,15 'hoc':26 'hong':25 'khai':31 'khong':36,41 'lan':28 'lieu':8,19 'man':3,14 'mytfaydp':2 'nhiet':9,20 'nien':39 'so':7,18 'tb':1 'thac':32 'thi':6,17 'thies':12,23 'thuong':34 'tinh':29 'trang':30 'vtdp':35,38",,,2023,2023,f59bf0bd-520b-4245-80db-dc71b7187bf1,,,CR,,,,0.375,,,,,,,,,,,,,,,,,,,san_sang,,f024c88e-8702-49c8-a302-15b93f6acb3c,,,,f,TB_N1_AWOS_0139,fb2199c3-a6a3-473b-a252-0f3d88f51e32,{},KHONG,,83,he_thong
d3e3600a-3008-4cef-92e2-c4d6cfe49bfc,TB_3JKBAS8M,"Cảm biến đo dông sét (bao gồm trụ lắp đặt, cáp tín hiệu, phụ kiện lắp đặt tiêu chuẩn kèm theo)",98c88d39-bf0f-43c7-83a2-ca5d266ba54f,,Cảm biến đo dông,Biral,,a13f3116-f74d-4435-b248-5b458d9fead4,d7faf284-1a3a-4e53-9433-8476900a66e7,,,1ce915ed-07e9-4b65-9209-2652ffd9b681,f59bf0bd-520b-4245-80db-dc71b7187bf1,,Đề xuất: Khi có sự cố thì xuất kho Cty QLBMT thay thế sửa chữa | Hỏng hóc: 0 lần | VTDP: không | Niên hạn: Không,,,,,2026-07-11 09:50:09.894644+00,2026-08-11 04:37:10.204448+00,79b069cc-810c-41ab-9b03-9032c1804a5f,,e96be350-6615-441a-91f5-53ad976e91b3,"TB_3JKBAS8M Cam bien do dong set (bao gom tru lap dat, cap tin hieu, phu kien lap dat tieu chuan kem theo)  Cam bien do dong Biral   De xuat: Khi co su co thi xuat kho Cty QLBMT thay the sua chua | Hong hoc: 0 lan | VTDP: khong | Nien han: Khong","'0':46 '3jkbas8m':2 'bao':8 'bien':4,25 'biral':28 'cam':3,24 'cap':13 'chua':43 'chuan':21 'co':32,34 'cty':38 'dat':12,19 'de':29 'do':5,26 'dong':6,27 'gom':9 'han':51 'hieu':15 'hoc':45 'hong':44 'kem':22 'khi':31 'kho':37 'khong':49,52 'kien':17 'lan':47 'lap':11,18 'nien':50 'phu':16 'qlbmt':39 'set':7 'su':33 'sua':42 'tb':1 'thay':40 'the':41 'theo':23 'thi':35 'tieu':20 'tin':14 'tru':10 'vtdp':48 'xuat':30,36",,TSS928,,2025,f59bf0bd-520b-4245-80db-dc71b7187bf1,,,CR,,,,0.067,,,,,,,,,,,,,,,,,,,san_sang,,f024c88e-8702-49c8-a302-15b93f6acb3c,,,,f,TB_N1_AWOS_0032,121835b3-8729-4184-bae3-d57dc2341a42,{},KHONG,,83,he_thong
27d6a2ea-d18e-4458-9371-fb3334313a3a,TB_ZXEM8KCV,Thiết bị cắt lọc sét 1 pha,660f73b4-1975-4bde-8c87-810a23ef6e2c,,Thiết bị cắt lọc sét 1 pha,nVent ERICO,,2236fe1c-6896-4157-a310-ae0e094233f6,d7faf284-1a3a-4e53-9433-8476900a66e7,,,1ce915ed-07e9-4b65-9209-2652ffd9b681,8b408897-b25d-4ece-91ba-d97dfacec283,Trạm 27 Celio,"Ra soat 2026-07-11, file nguon: PLK_IMS",,,,,2026-07-11 09:50:09.894644+00,2026-08-11 04:37:10.204448+00,2e05f201-8ee7-4f2d-afe5-963dc6d94500,,e96be350-6615-441a-91f5-53ad976e91b3,"TB_ZXEM8KCV Thiet bi cat loc set 1 pha  Thiet bi cat loc set 1 pha nVent ERICO  Tram 27 Celio Ra soat 2026-07-11, file nguon: PLK_IMS","'-07':25 '-11':26 '1':8,15 '2026':24 '27':20 'bi':4,11 'cat':5,12 'celio':21 'erico':18 'file':27 'ims':30 'loc':6,13 'nguon':28 'nvent':17 'pha':9,16 'plk':29 'ra':22 'set':7,14 'soat':23 'tb':1 'thiet':3,10 'tram':19 'zxem8kcv':2",AWOS IMS,DT230020R,,,8b408897-b25d-4ece-91ba-d97dfacec283,,Cắt lọc sét,PLK,,,,,,,,,,,,,,,,,,,,,,,san_sang,,f024c88e-8702-49c8-a302-15b93f6acb3c,,,,f,TB_PLK_005,993b7ac7-3317-4c1f-8040-32fe7a14c010,{},KHONG,,83,he_thong
94e698f3-3867-450d-8263-1b97002070fd,TB_DFAMANFF,Trạm MID,1ef69ec2-6298-4c48-b931-aea3fa48c0fc,,Trạm MID,,,5ae20f2b-30dc-409c-95db-68b98b79c94e,d7faf284-1a3a-4e53-9433-8476900a66e7,,,1ce915ed-07e9-4b65-9209-2652ffd9b681,f59bf0bd-520b-4245-80db-dc71b7187bf1,,"Hỏng hóc: Lần -06/2024: Mất số liệu MET trên đường truyền cáp quang -06/2024 Mất số liệu gió và HTTT - 03/2024: Mất gió. Khí áp, HTTT trên đường truyền UHF | Tình trạng: Hoạt động bình thường | VTDP: Không | Niên hạn: Không",,,,,2026-07-11 09:50:09.894644+00,2026-08-11 04:37:10.204448+00,,,e96be350-6615-441a-91f5-53ad976e91b3,"TB_DFAMANFF Tram MID  Tram MID    Hong hoc: Lan -06/2024: Mat so lieu MET tren duong truyen cap quang -06/2024 Mat so lieu gio va HTTT - 03/2024: Mat gio. Khi ap, HTTT tren duong truyen UHF | Tinh trang: Hoat dong binh thuong | VTDP: Khong | Nien han: Khong","'-06':10,21 '/2024':11,22 '03/2024':29 'ap':33 'binh':43 'cap':19 'dfamanff':2 'dong':42 'duong':17,36 'gio':26,31 'han':48 'hoat':41 'hoc':8 'hong':7 'httt':28,34 'khi':32 'khong':46,49 'lan':9 'lieu':14,25 'mat':12,23,30 'met':15 'mid':4,6 'nien':47 'quang':20 'so':13,24 'tb':1 'thuong':44 'tinh':39 'tram':3,5 'trang':40 'tren':16,35 'truyen':18,37 'uhf':38 'va':27 'vtdp':45",,,,,f59bf0bd-520b-4245-80db-dc71b7187bf1,,,,,,,,,,,,,,,,,,,,,,,,,,san_sang,,f024c88e-8702-49c8-a302-15b93f6acb3c,,,,f,TB_N1_AWOS_0194,468aa3b1-fbbb-476b-8705-1c8cdb3ca2dc,{},KHONG,,83,he_thong
02b21194-6394-4273-bf1e-db2930c8b71d,TB_KXHHXBQA,Chống sét RF cho modem,ae03f513-6763-46f8-913d-91a103966947,P8AX09-N/MF,Chống sét RF cho modem,Citel,,5ae20f2b-30dc-409c-95db-68b98b79c94e,d7faf284-1a3a-4e53-9433-8476900a66e7,,,1ce915ed-07e9-4b65-9209-2652ffd9b681,f59bf0bd-520b-4245-80db-dc71b7187bf1,,Hỏng hóc: 0 lần | Tình trạng: Hoạt động bình thường | VTDP: Không | Niên hạn: Không,,,,,2026-07-11 09:50:09.894644+00,2026-08-11 04:37:10.204448+00,80666d25-731c-4de5-8d64-08488037258a,,e96be350-6615-441a-91f5-53ad976e91b3,TB_KXHHXBQA Chong set RF cho modem P8AX09-N/MF Chong set RF cho modem Citel   Hong hoc: 0 lan | Tinh trang: Hoat dong binh thuong | VTDP: Khong | Nien han: Khong,"'/mf':11 '0':20 'binh':26 'cho':6,15 'chong':3,12 'citel':17 'dong':25 'han':31 'hoat':24 'hoc':19 'hong':18 'khong':29,32 'kxhhxbqa':2 'lan':21 'modem':7,16 'n':10 'nien':30 'p8ax09':9 'p8ax09-n':8 'rf':5,14 'set':4,13 'tb':1 'thuong':27 'tinh':22 'trang':23 'vtdp':28",,,2023,2023,f59bf0bd-520b-4245-80db-dc71b7187bf1,,,CR,,,,0.200,,,,,,,,,,,,,,,,,,,san_sang,,f024c88e-8702-49c8-a302-15b93f6acb3c,,,,f,TB_N1_AWOS_0113,5c5edb7a-3599-4422-8b0f-c7b0359e42df,{},KHONG,,100,he_thong
03899f8c-80b5-45aa-8cf4-b5612c9e9550,TB_7F05PQRT,Cắt sét nguồn AC,660f73b4-1975-4bde-8c87-810a23ef6e2c,Tủ AC,Cắt sét nguồn AC,Schneider,,ce27df84-7054-4032-bfe7-efdb0bd119f4,d7faf284-1a3a-4e53-9433-8476900a66e7,,,1ce915ed-07e9-4b65-9209-2652ffd9b681,581d9350-905f-46da-b45e-c2d8aba4d868,Ceilo 09,"Ra soat 2026-07-11, file nguon: PBA_AWOS900",,,,,2026-07-11 09:50:09.894644+00,2026-08-11 04:37:10.204448+00,1dfd07b4-a9da-41a0-aa04-7b64b3f5862e,,e96be350-6615-441a-91f5-53ad976e91b3,"TB_7F05PQRT Cat set nguon AC Tu AC Cat set nguon AC Schneider  Ceilo 09 Ra soat 2026-07-11, file nguon: PBA_AWOS900","'-07':19 '-11':20 '09':15 '2026':18 '7f05pqrt':2 'ac':6,8,12 'awos900':24 'cat':3,9 'ceilo':14 'file':21 'nguon':5,11,22 'pba':23 'ra':16 'schneider':13 'set':4,10 'soat':17 'tb':1 'tu':7",AWOS-900,,,,581d9350-905f-46da-b45e-c2d8aba4d868,,Chống sét,PBA,,,,,,,,,,,,,,,,,,,,,,,san_sang,,f024c88e-8702-49c8-a302-15b93f6acb3c,,,,f,TB_PBA_038,3e48dac5-fc25-4565-904a-14af840ac963,{},KHONG,,100,he_thong
b2146c2f-aab7-4821-a1ff-7f891da27d5c,TB_TRNVG3FB,Cảm biến đo tầm nhìn,98c88d39-bf0f-43c7-83a2-ca5d266ba54f,J9441-04,Cảm biến tầm nhìn,Biral,,ebc4a136-c5e7-4f7d-abfc-e3ddea655b8c,d7faf284-1a3a-4e53-9433-8476900a66e7,,,1ce915ed-07e9-4b65-9209-2652ffd9b681,46e84da7-5a8b-4a79-aa46-2fb4bae1ff26,VIS-15,"Ra soat 2026-07-11, file nguon: PCA_IMS",,,,,2026-07-11 09:50:09.894644+00,2026-08-11 04:37:10.204448+00,b7f4a9b7-d8ca-434b-b11c-5e4a13a35ad1,,e96be350-6615-441a-91f5-53ad976e91b3,"TB_TRNVG3FB Cam bien do tam nhin J9441-04 Cam bien tam nhin Biral  VIS-15 Ra soat 2026-07-11, file nguon: PCA_IMS","'-04':9 '-07':20 '-11':21 '-15':16 '2026':19 'bien':4,11 'biral':14 'cam':3,10 'do':5 'file':22 'ims':25 'j9441':8 'nguon':23 'nhin':7,13 'pca':24 'ra':17 'soat':18 'tam':6,12 'tb':1 'trnvg3fb':2 'vis':15",AWOS-IMS,SWS-250,,,46e84da7-5a8b-4a79-aa46-2fb4bae1ff26,,Cảm biến,PCA,,,,,,,,,,,,,,,,,,,,,,,san_sang,,f024c88e-8702-49c8-a302-15b93f6acb3c,,,,f,TB_PCA_002,3ba741fc-7278-4de4-86ab-6406b6b803dc,{},KHONG,,100,he_thong
a58c09e2-e722-4888-8edc-d659788fc85d,TB_CG7QFS83,Converter IA5250,ae03f513-6763-46f8-913d-91a103966947,,Converter Nport IA5250,MOXA,,5ae20f2b-30dc-409c-95db-68b98b79c94e,d7faf284-1a3a-4e53-9433-8476900a66e7,,,1ce915ed-07e9-4b65-9209-2652ffd9b681,f59bf0bd-520b-4245-80db-dc71b7187bf1,,Đề xuất: Đề nghị mua thêm VTDP để sử dụng chung cho các hệ thống AWOS | Hỏng hóc: không | Tình trạng: Hoạt động bình thường | VTDP: Còn 1 bộ dự phòng trong kho Công ty | Niên hạn: Không,,,,,2026-07-11 09:50:09.894644+00,2026-08-11 04:37:10.204448+00,a5454b1e-b677-4fd8-8494-b4c080de867d,,e96be350-6615-441a-91f5-53ad976e91b3,TB_CG7QFS83 Converter IA5250  Converter Nport IA5250 MOXA   De xuat: De nghi mua them VTDP de su dung chung cho cac he thong AWOS | Hong hoc: khong | Tinh trang: Hoat dong binh thuong | VTDP: Con 1 bo du phong trong kho Cong ty | Nien han: Khong,"'1':36 'awos':24 'binh':32 'bo':37 'cac':21 'cg7qfs83':2 'cho':20 'chung':19 'con':35 'cong':42 'converter':3,5 'de':9,11,16 'dong':31 'du':38 'dung':18 'han':45 'he':22 'hoat':30 'hoc':26 'hong':25 'ia5250':4,7 'kho':41 'khong':27,46 'moxa':8 'mua':13 'nghi':12 'nien':44 'nport':6 'phong':39 'su':17 'tb':1 'them':14 'thong':23 'thuong':33 'tinh':28 'trang':29 'trong':40 'ty':43 'vtdp':15,34 'xuat':10",,IA5250,2023,2023,f59bf0bd-520b-4245-80db-dc71b7187bf1,,,CR,,,,0.200,,,,,,,,,,,,,,,,,,,san_sang,,f024c88e-8702-49c8-a302-15b93f6acb3c,,,,f,TB_N1_AWOS_0114,a16ee536-405c-41aa-8c3e-e2a64c300364,{},KHONG,,83,he_thong
3ee1814a-643b-4741-99c0-a3cd9bee9739,TB_ESCP7XPF,Máy chủ 1,83e7d93e-2f76-4d4f-a6bc-08926383aba1,K1488-A110,Máy chủ 1,Fujitsu,,ebc4a136-c5e7-4f7d-abfc-e3ddea655b8c,d7faf284-1a3a-4e53-9433-8476900a66e7,,,1ce915ed-07e9-4b65-9209-2652ffd9b681,46e84da7-5a8b-4a79-aa46-2fb4bae1ff26,P. THIẾT BỊ,"Ra soat 2026-07-11, file nguon: PCA_IMS",,,,,2026-07-11 09:50:09.894644+00,2026-08-11 04:37:10.204448+00,d9b7b1fa-902f-47ae-97d3-cb5e69268b58,,e96be350-6615-441a-91f5-53ad976e91b3,"TB_ESCP7XPF May chu 1 K1488-A110 May chu 1 Fujitsu  P. THIET BI Ra soat 2026-07-11, file nguon: PCA_IMS","'-07':19 '-11':20 '1':5,11 '2026':18 'a110':8 'bi':15 'chu':4,10 'escp7xpf':2 'file':21 'fujitsu':12 'ims':24 'k1488':7 'k1488-a110':6 'may':3,9 'nguon':22 'p':13 'pca':23 'ra':16 'soat':17 'tb':1 'thiet':14",AWOS-IMS,TX1310 M1,,,46e84da7-5a8b-4a79-aa46-2fb4bae1ff26,,Xử lý Trung Tâm,PCA,,,,,,,,,,,,,,,,,,,,,,,san_sang,,f024c88e-8702-49c8-a302-15b93f6acb3c,,,,f,TB_PCA_014,8e4a785c-b515-4be8-b420-afa25520feaf,{},KHONG,,100,he_thong
0e9e6296-d26f-4b9b-a79a-1f4f18f06964,TB_13ZART4W,Cắt lọc sét nguồn AC,660f73b4-1975-4bde-8c87-810a23ef6e2c,,Cắt sét nguồn 220VAC -  UHF,Schneider,,a0625061-0c6d-4e0b-b438-d696787ad746,d7faf284-1a3a-4e53-9433-8476900a66e7,,,1ce915ed-07e9-4b65-9209-2652ffd9b681,65ac5e26-b0a7-487e-a72d-3f0dfc3facc2,Trạm 35,"Ra soat 2026-07-11, file nguon: BDKT_OPTIMET",,,,,2026-07-11 09:50:09.894644+00,2026-08-11 04:37:10.204448+00,1dfd07b4-a9da-41a0-aa04-7b64b3f5862e,,3f302563-bdbb-443d-911f-b0058e38db42,"TB_13ZART4W Cat loc set nguon AC  Cat set nguon 220VAC -  UHF Schneider  Tram 35 Ra soat 2026-07-11, file nguon: BDKT_OPTIMET","'-07':19 '-11':20 '13zart4w':2 '2026':18 '220vac':11 '35':15 'ac':7 'bdkt':23 'cat':3,8 'file':21 'loc':4 'nguon':6,10,22 'optimet':24 'ra':16 'schneider':13 'set':5,9 'soat':17 'tb':1 'tram':14 'uhf':12",Optimet,A9L15692,,,65ac5e26-b0a7-487e-a72d-3f0dfc3facc2,,Cắt lọc sét,BDKT-KTKT,,,,,,,,,,,,,,,,,,,,,,,san_sang,,f024c88e-8702-49c8-a302-15b93f6acb3c,,,,f,TB_BDKT_KTKT_047,302ce695-41d5-4dc0-806f-915b1e489689,{},KHONG,,83,he_thong
83a741d5-99d3-48ca-85e0-a96a9f2e4526,TB_WHHA09HK,Thiết bị chuyển đổi Serial/Ethernet,ae03f513-6763-46f8-913d-91a103966947,TBDHE1024162,Converter Nport IA5250,Moxa,,4fbd5536-e530-4f9b-97d3-d194186c33de,d7faf284-1a3a-4e53-9433-8476900a66e7,,,1ce915ed-07e9-4b65-9209-2652ffd9b681,141337b4-f2fa-4438-808f-0d10cfeedb85,Trạm 14 AMS,"Ra soat 2026-07-11, file nguon: CLA_IMS",,,,,2026-07-11 09:50:09.894644+00,2026-08-11 04:37:10.204448+00,a5454b1e-b677-4fd8-8494-b4c080de867d,,38e5eeb4-1688-47ea-ac85-5fd68d617ea5,"TB_WHHA09HK Thiet bi chuyen doi Serial/Ethernet TBDHE1024162 Converter Nport IA5250 Moxa  Tram 14 AMS Ra soat 2026-07-11, file nguon: CLA_IMS",'-07':19 '-11':20 '14':14 '2026':18 'ams':15 'bi':4 'chuyen':5 'cla':23 'converter':9 'doi':6 'file':21 'ia5250':11 'ims':24 'moxa':12 'nguon':22 'nport':10 'ra':16 'serial/ethernet':7 'soat':17 'tb':1 'tbdhe1024162':8 'thiet':3 'tram':13 'whha09hk':2,AWOS IMS,IA5250,,,141337b4-f2fa-4438-808f-0d10cfeedb85,,Truyền dẫn,CLA,,,,,,,,,,,,,,,,,,,,,,,san_sang,,f024c88e-8702-49c8-a302-15b93f6acb3c,,,,f,TB_CLA_046,a16ee536-405c-41aa-8c3e-e2a64c300364,{},KHONG,,100,he_thong
eeae77b0-0f26-4b73-8892-e1f543bf4d14,TB_KK115SBR,Cảm biến đo khí áp,98c88d39-bf0f-43c7-83a2-ca5d266ba54f,,Cảm biến đo nhiệt độ  độ ẩm khí áp Thies 1.1006.54.080,Thies Clima,,a13f3116-f74d-4435-b248-5b458d9fead4,d7faf284-1a3a-4e53-9433-8476900a66e7,,,1ce915ed-07e9-4b65-9209-2652ffd9b681,f59bf0bd-520b-4245-80db-dc71b7187bf1,,Đề xuất: Khi có sự cố thì xuất kho Cty QLBMT thay thế sửa chữa | Hỏng hóc: 0 lần | VTDP: không | Niên hạn: Không,,,,,2026-07-11 09:50:09.894644+00,2026-08-11 04:37:10.204448+00,f0c86184-a2a8-4ba2-b3e2-87283fbcf190,,e96be350-6615-441a-91f5-53ad976e91b3,TB_KK115SBR Cam bien do khi ap  Cam bien do nhiet do  do am khi ap Thies 1.1006.54.080 Thies Clima   De xuat: Khi co su co thi xuat kho Cty QLBMT thay the sua chua | Hong hoc: 0 lan | VTDP: khong | Nien han: Khong,"'0':38 '1.1006.54.080':18 'am':14 'ap':7,16 'bien':4,9 'cam':3,8 'chua':35 'clima':20 'co':24,26 'cty':30 'de':21 'do':5,10,12,13 'han':43 'hoc':37 'hong':36 'khi':6,15,23 'kho':29 'khong':41,44 'kk115sbr':2 'lan':39 'nhiet':11 'nien':42 'qlbmt':31 'su':25 'sua':34 'tb':1 'thay':32 'the':33 'thi':27 'thies':17,19 'vtdp':40 'xuat':22,28",,1.1006.54.080,,2025,f59bf0bd-520b-4245-80db-dc71b7187bf1,,,CR,,,,0.125,,,,,,,,,,,,,,,,,,,san_sang,,f024c88e-8702-49c8-a302-15b93f6acb3c,,,,f,TB_N1_AWOS_0036,5eb8f669-8af7-4cf8-872b-1c9b3a98f491,{},KHONG,,83,he_thong
76857453-00d8-4e04-8fdb-c5391d8c2452,TB_9KHGGB8G,Sensor đo nhiệt độ HMP155D,98c88d39-bf0f-43c7-83a2-ca5d266ba54f,S4950822 2020,Sensor đo nhiệt độ HMP155D,VAISALA,,5ae20f2b-30dc-409c-95db-68b98b79c94e,d7faf284-1a3a-4e53-9433-8476900a66e7,,,1ce915ed-07e9-4b65-9209-2652ffd9b681,f59bf0bd-520b-4245-80db-dc71b7187bf1,Trạm khí tượng,Đề xuất: Không | Hỏng hóc: không | Tình trạng: Hoạt động bình thường | VTDP: Còn dự phòng 2 sensor trong kho sử dụng chung cho các hệ thống AWOS | Niên hạn: Quá niên hạn,,,,,2026-07-11 09:50:09.894644+00,2026-08-11 04:37:10.204448+00,79b069cc-810c-41ab-9b03-9032c1804a5f,,92aa329a-4ad2-4bf1-b2fe-c33ff194335c,TB_9KHGGB8G Sensor do nhiet do HMP155D S4950822 2020 Sensor do nhiet do HMP155D VAISALA  Tram khi tuong De xuat: Khong | Hong hoc: khong | Tinh trang: Hoat dong binh thuong | VTDP: Con du phong 2 sensor trong kho su dung chung cho cac he thong AWOS | Nien han: Qua nien han,"'2':35 '2020':9 '9khggb8g':2 'awos':46 'binh':29 'cac':43 'cho':42 'chung':41 'con':32 'de':19 'do':4,6,11,13 'dong':28 'du':33 'dung':40 'han':48,51 'he':44 'hmp155d':7,14 'hoat':27 'hoc':23 'hong':22 'khi':17 'kho':38 'khong':21,24 'nhiet':5,12 'nien':47,50 'phong':34 'qua':49 's4950822':8 'sensor':3,10,36 'su':39 'tb':1 'thong':45 'thuong':30 'tinh':25 'tram':16 'trang':26 'trong':37 'tuong':18 'vaisala':15 'vtdp':31 'xuat':20",,,2020,2021,f59bf0bd-520b-4245-80db-dc71b7187bf1,,,CR,,,,1.667,,,,,,,,,,,,,,,,,,,san_sang,,f024c88e-8702-49c8-a302-15b93f6acb3c,,,,f,TB_N1_AWOS_0167,6ac0d006-446e-42c4-9eb2-26ea03cf15df,{},KHONG,,100,he_thong
d34e77fa-e4d7-4704-9270-d71370ce01e9,TB_NA8EHXQ0,Nguồn AC/DC,accf1740-4c18-4b9a-895f-59d85ba593b5,,Nguồn AC/DC,MeanWell,,ebc4a136-c5e7-4f7d-abfc-e3ddea655b8c,d7faf284-1a3a-4e53-9433-8476900a66e7,,,1ce915ed-07e9-4b65-9209-2652ffd9b681,46e84da7-5a8b-4a79-aa46-2fb4bae1ff26,CEILO-15,"Ra soat 2026-07-11, file nguon: PCA_IMS",,,,,2026-07-11 09:50:09.894644+00,2026-08-11 04:37:10.204448+00,0e8dbaf8-aa3e-4d9d-bab2-99b08381f6f9,,e96be350-6615-441a-91f5-53ad976e91b3,"TB_NA8EHXQ0 Nguon AC/DC  Nguon AC/DC MeanWell  CEILO-15 Ra soat 2026-07-11, file nguon: PCA_IMS","'-07':13 '-11':14 '-15':9 '2026':12 'ac/dc':4,6 'ceilo':8 'file':15 'ims':18 'meanwell':7 'na8ehxq0':2 'nguon':3,5,16 'pca':17 'ra':10 'soat':11 'tb':1",AWOS-IMS,SCP-155A,,,46e84da7-5a8b-4a79-aa46-2fb4bae1ff26,,Thiết bị nguồn,PCA,,,,,,,,,,,,,,,,,,,,,,,san_sang,,f024c88e-8702-49c8-a302-15b93f6acb3c,,,,f,TB_PCA_041,1a83e773-41ef-4c05-8962-a3d040783af2,{},KHONG,,83,he_thong
26047e51-0513-402f-be98-a7869ac698a7,TB_GC8GYF0A,Nguồn AC/DC,accf1740-4c18-4b9a-895f-59d85ba593b5,,Bộ Charger,MeanWell,,ebc4a136-c5e7-4f7d-abfc-e3ddea655b8c,d7faf284-1a3a-4e53-9433-8476900a66e7,,,1ce915ed-07e9-4b65-9209-2652ffd9b681,46e84da7-5a8b-4a79-aa46-2fb4bae1ff26,TST-33,"Ra soat 2026-07-11, file nguon: PCA_IMS",,,,,2026-07-11 09:50:09.894644+00,2026-08-11 04:37:10.204448+00,0e8dbaf8-aa3e-4d9d-bab2-99b08381f6f9,,e96be350-6615-441a-91f5-53ad976e91b3,"TB_GC8GYF0A Nguon AC/DC  Bo Charger MeanWell  TST-33 Ra soat 2026-07-11, file nguon: PCA_IMS","'-07':13 '-11':14 '-33':9 '2026':12 'ac/dc':4 'bo':5 'charger':6 'file':15 'gc8gyf0a':2 'ims':18 'meanwell':7 'nguon':3,16 'pca':17 'ra':10 'soat':11 'tb':1 'tst':8",AWOS-IMS,SCP-50-12,,,46e84da7-5a8b-4a79-aa46-2fb4bae1ff26,,Thiết bị nguồn,PCA,,,,,,,,,,,,,,,,,,,,,,,san_sang,,f024c88e-8702-49c8-a302-15b93f6acb3c,,,,f,TB_PCA_042,6052b1d7-f4f7-4376-8e06-b20635498e81,{},KHONG,,83,he_thong
d05f90b0-718a-49bf-99bf-fd9daa3cc630,TB_GGC9R41F,Màn hình hiển thị số liệu gió OMC-140,83e7d93e-2f76-4d4f-a6bc-08926383aba1,14000002947,Màn hình hiển thị số liệu gió OMC-140,Observator,,5ae20f2b-30dc-409c-95db-68b98b79c94e,d7faf284-1a3a-4e53-9433-8476900a66e7,,,1ce915ed-07e9-4b65-9209-2652ffd9b681,f59bf0bd-520b-4245-80db-dc71b7187bf1,,Hỏng hóc: 0 lần | Tình trạng: Khai thác bình thường | VTDP: Không có VTDP | Niên hạn: Không,,,,,2026-07-11 09:50:09.894644+00,2026-08-11 04:37:10.204448+00,1f8c6a88-4da8-4cff-bf77-616d07522c3c,,e96be350-6615-441a-91f5-53ad976e91b3,TB_GGC9R41F Man hinh hien thi so lieu gio OMC-140 14000002947 Man hinh hien thi so lieu gio OMC-140 Observator   Hong hoc: 0 lan | Tinh trang: Khai thac binh thuong | VTDP: Khong co VTDP | Nien han: Khong,"'-140':11,21 '0':25 '14000002947':12 'binh':31 'co':35 'ggc9r41f':2 'gio':9,19 'han':38 'hien':5,15 'hinh':4,14 'hoc':24 'hong':23 'khai':29 'khong':34,39 'lan':26 'lieu':8,18 'man':3,13 'nien':37 'observator':22 'omc':10,20 'so':7,17 'tb':1 'thac':30 'thi':6,16 'thuong':32 'tinh':27 'trang':28 'vtdp':33,36",,,2023,2024,f59bf0bd-520b-4245-80db-dc71b7187bf1,,,CR,,,,0.133,,,,,,,,,,,,,,,,,,,san_sang,,f024c88e-8702-49c8-a302-15b93f6acb3c,,,,f,TB_N1_AWOS_0140,c4069a92-780f-4b33-9041-4893cb96b13d,{},KHONG,,100,he_thong
f65bbb94-58c2-4ca2-8673-09d4f882eeff,TB_0B55QZBF,8 port 10/100 Ethernet. 4 port 10/100/1000 Ethernet,ae03f513-6763-46f8-913d-91a103966947,FOC1815Y4ZD,Cisco Catalyst 2960-C,Cisco,,727fa6bc-f62a-4414-bc9c-4c0c0c2b42ff,67a95071-c65d-45cf-831d-95da247fad20,,,1ce915ed-07e9-4b65-9209-2652ffd9b681,581d9350-905f-46da-b45e-c2d8aba4d868,P.Thiết bị,"Nhà sản xuất nguồn: Cisco, China; chuẩn hóa: Cisco; Vật tư dự phòng: Không; Hỏng hóc: 0 lần; Tình trạng nguồn: Hoạt động bình thường; Đề xuất: Có kế hoạch thay mới do thiết bị quá niên hạn sử dụng; STT nguồn: 5.3; thời gian sử dụng: 12 năm.",,,,,2026-07-12 07:32:01.771968+00,2026-08-11 04:37:10.204448+00,ce41dcc3-9d54-4a7b-99fd-5a4a97a95447,,c6b9108a-b830-42a6-b3b8-9e6dd5196202,"TB_0B55QZBF 8 port 10/100 Ethernet. 4 port 10/100/1000 Ethernet FOC1815Y4ZD Cisco Catalyst 2960-C Cisco  P.Thiet bi Nha san xuat nguon: Cisco, China; chuan hoa: Cisco; Vat tu du phong: Khong; Hong hoc: 0 lan; Tinh trang nguon: Hoat dong binh thuong; De xuat: Co ke hoach thay moi do thiet bi qua nien han su dung; STT nguon: 5.3; thoi gian su dung: 12 nam.","'0':35 '0b55qzbf':2 '10/100':5 '10/100/1000':9 '12':66 '2960':14 '4':7 '5.3':61 '8':3 'bi':18,53 'binh':42 'c':15 'catalyst':13 'china':24 'chuan':25 'cisco':12,16,23,27 'co':46 'de':44 'do':51 'dong':41 'du':30 'dung':58,65 'ethernet':6,10 'foc1815y4zd':11 'gian':63 'han':56 'hoa':26 'hoach':48 'hoat':40 'hoc':34 'hong':33 'ke':47 'khong':32 'lan':36 'moi':50 'nam':67 'nguon':22,39,60 'nha':19 'nien':55 'p.thiet':17 'phong':31 'port':4,8 'qua':54 'san':20 'stt':59 'su':57,64 'tb':1 'thay':49 'thiet':52 'thoi':62 'thuong':43 'tinh':37 'trang':38 'tu':29 'vat':28 'xuat':21,45",8 port 10/100 Ethernet. 4 port 10/100/1000 Ethernet,,2014,2014,581d9350-905f-46da-b45e-c2d8aba4d868,,,PBA,272/GP-CHK,,,120.000,,,,,,,,,,,,,,,,,,,san_sang,,f024c88e-8702-49c8-a302-15b93f6acb3c,,,,f,SW_CATALYST_CISCO_2960_C,d294ff55-4272-460d-a7ee-3ea87bc07395,{},KHONG,,100,he_thong
320ceeb8-0b00-44d8-a332-13037b4ab5fb,TB_Y9RX2MSB,Modem FSK,ae03f513-6763-46f8-913d-91a103966947,,Modem FSK,MicroStep-MIS,,ebc4a136-c5e7-4f7d-abfc-e3ddea655b8c,d7faf284-1a3a-4e53-9433-8476900a66e7,,,1ce915ed-07e9-4b65-9209-2652ffd9b681,46e84da7-5a8b-4a79-aa46-2fb4bae1ff26,VIS-15,"Ra soat 2026-07-11, file nguon: PCA_IMS",,,,,2026-07-11 09:50:09.894644+00,2026-08-11 04:37:10.204448+00,54e09535-2d7f-4319-812f-aee0a4916ed6,,e96be350-6615-441a-91f5-53ad976e91b3,"TB_Y9RX2MSB Modem FSK  Modem FSK MicroStep-MIS  VIS-15 Ra soat 2026-07-11, file nguon: PCA_IMS","'-07':15 '-11':16 '-15':11 '2026':14 'file':17 'fsk':4,6 'ims':20 'microstep':8 'microstep-mis':7 'mis':9 'modem':3,5 'nguon':18 'pca':19 'ra':12 'soat':13 'tb':1 'vis':10 'y9rx2msb':2",AWOS-IMS,MD-24,,,46e84da7-5a8b-4a79-aa46-2fb4bae1ff26,,Truyền dẫn,PCA,,,,,,,,,,,,,,,,,,,,,,,san_sang,,f024c88e-8702-49c8-a302-15b93f6acb3c,,,,f,TB_PCA_054,3658c79e-931c-404f-9f8d-294831ab6951,{},KHONG,,83,he_thong
61e77ad9-9e13-47fa-9908-94a78d5dd682,TB_EF0VNZH1,Modem FSK,ae03f513-6763-46f8-913d-91a103966947,,Modem FSK,MicroStep-MIS,,ebc4a136-c5e7-4f7d-abfc-e3ddea655b8c,d7faf284-1a3a-4e53-9433-8476900a66e7,,,1ce915ed-07e9-4b65-9209-2652ffd9b681,46e84da7-5a8b-4a79-aa46-2fb4bae1ff26,CEILO-15,"Ra soat 2026-07-11, file nguon: PCA_IMS",,,,,2026-07-11 09:50:09.894644+00,2026-08-11 04:37:10.204448+00,54e09535-2d7f-4319-812f-aee0a4916ed6,,e96be350-6615-441a-91f5-53ad976e91b3,"TB_EF0VNZH1 Modem FSK  Modem FSK MicroStep-MIS  CEILO-15 Ra soat 2026-07-11, file nguon: PCA_IMS","'-07':15 '-11':16 '-15':11 '2026':14 'ceilo':10 'ef0vnzh1':2 'file':17 'fsk':4,6 'ims':20 'microstep':8 'microstep-mis':7 'mis':9 'modem':3,5 'nguon':18 'pca':19 'ra':12 'soat':13 'tb':1",AWOS-IMS,MD-24,,,46e84da7-5a8b-4a79-aa46-2fb4bae1ff26,,Truyền dẫn,PCA,,,,,,,,,,,,,,,,,,,,,,,san_sang,,f024c88e-8702-49c8-a302-15b93f6acb3c,,,,f,TB_PCA_055,3658c79e-931c-404f-9f8d-294831ab6951,{},KHONG,,83,he_thong
64761229-853e-4b9a-8b01-9bcba95af4a9,TB_AGGJTSBR,Cắt sét nguồn AC,660f73b4-1975-4bde-8c87-810a23ef6e2c,,Cắt sét nguồn AC,Schneider,,ce27df84-7054-4032-bfe7-efdb0bd119f4,d7faf284-1a3a-4e53-9433-8476900a66e7,,,1ce915ed-07e9-4b65-9209-2652ffd9b681,581d9350-905f-46da-b45e-c2d8aba4d868,Ceilo  27,"Ra soat 2026-07-11, file nguon: PBA_AWOS900",,,,,2026-07-11 09:50:09.894644+00,2026-08-11 04:37:10.204448+00,1dfd07b4-a9da-41a0-aa04-7b64b3f5862e,,e96be350-6615-441a-91f5-53ad976e91b3,"TB_AGGJTSBR Cat set nguon AC  Cat set nguon AC Schneider  Ceilo  27 Ra soat 2026-07-11, file nguon: PBA_AWOS900","'-07':17 '-11':18 '2026':16 '27':13 'ac':6,10 'aggjtsbr':2 'awos900':22 'cat':3,7 'ceilo':12 'file':19 'nguon':5,9,20 'pba':21 'ra':14 'schneider':11 'set':4,8 'soat':15 'tb':1",AWOS-900,,,,581d9350-905f-46da-b45e-c2d8aba4d868,,Chống sét,PBA,,,,,,,,,,,,,,,,,,,,,,,san_sang,,f024c88e-8702-49c8-a302-15b93f6acb3c,,,,f,TB_PBA_039,3e48dac5-fc25-4565-904a-14af840ac963,{},KHONG,,83,he_thong
c46bfaa8-9637-4316-9df2-3b984a84437c,TB_XTSRSYZC,Cắt sét nguồn AC,660f73b4-1975-4bde-8c87-810a23ef6e2c,,Cắt sét nguồn AC,Schneider,,ce27df84-7054-4032-bfe7-efdb0bd119f4,d7faf284-1a3a-4e53-9433-8476900a66e7,,,1ce915ed-07e9-4b65-9209-2652ffd9b681,581d9350-905f-46da-b45e-c2d8aba4d868,09,"Ra soat 2026-07-11, file nguon: PBA_AWOS900",,,,,2026-07-11 09:50:09.894644+00,2026-08-11 04:37:10.204448+00,1dfd07b4-a9da-41a0-aa04-7b64b3f5862e,,e96be350-6615-441a-91f5-53ad976e91b3,"TB_XTSRSYZC Cat set nguon AC  Cat set nguon AC Schneider  09 Ra soat 2026-07-11, file nguon: PBA_AWOS900","'-07':16 '-11':17 '09':12 '2026':15 'ac':6,10 'awos900':21 'cat':3,7 'file':18 'nguon':5,9,19 'pba':20 'ra':13 'schneider':11 'set':4,8 'soat':14 'tb':1 'xtsrsyzc':2",AWOS-900,,,,581d9350-905f-46da-b45e-c2d8aba4d868,,Chống sét,PBA,,,,,,,,,,,,,,,,,,,,,,,san_sang,,f024c88e-8702-49c8-a302-15b93f6acb3c,,,,f,TB_PBA_040,3e48dac5-fc25-4565-904a-14af840ac963,{},KHONG,,83,he_thong
0924ef90-2387-4009-b1db-69127f8542b5,TB_MQMRMV88,"Cảm biến đo lượng mưa (bao gồm trụ lắp đặt cao 1,5m)",98c88d39-bf0f-43c7-83a2-ca5d266ba54f,,Cảm biến đo lượng mưa,MicroStep-MIS,,a13f3116-f74d-4435-b248-5b458d9fead4,d7faf284-1a3a-4e53-9433-8476900a66e7,,,1ce915ed-07e9-4b65-9209-2652ffd9b681,f59bf0bd-520b-4245-80db-dc71b7187bf1,,Đề xuất: Khi có sự cố thì xuất kho Cty QLBMT thay thế sửa chữa | Hỏng hóc: 0 lần | VTDP: không | Niên hạn: Không,,,,,2026-07-11 09:50:09.894644+00,2026-08-11 04:37:10.204448+00,54e09535-2d7f-4319-812f-aee0a4916ed6,,e96be350-6615-441a-91f5-53ad976e91b3,"TB_MQMRMV88 Cam bien do luong mua (bao gom tru lap dat cao 1,5m)  Cam bien do luong mua MicroStep-MIS   De xuat: Khi co su co thi xuat kho Cty QLBMT thay the sua chua | Hong hoc: 0 lan | VTDP: khong | Nien han: Khong","'0':41 '1':14 '5m':15 'bao':8 'bien':4,17 'cam':3,16 'cao':13 'chua':38 'co':27,29 'cty':33 'dat':12 'de':24 'do':5,18 'gom':9 'han':46 'hoc':40 'hong':39 'khi':26 'kho':32 'khong':44,47 'lan':42 'lap':11 'luong':6,19 'microstep':22 'microstep-mis':21 'mis':23 'mqmrmv88':2 'mua':7,20 'nien':45 'qlbmt':34 'su':28 'sua':37 'tb':1 'thay':35 'the':36 'thi':30 'tru':10 'vtdp':43 'xuat':25,31",,MR-2,,2025,f59bf0bd-520b-4245-80db-dc71b7187bf1,,,CR,,,,0.125,,,,,,,,,,,,,,,,,,,san_sang,,f024c88e-8702-49c8-a302-15b93f6acb3c,,,,f,TB_N1_AWOS_0037,d1a75326-a99b-43c1-8fcb-b9a071613d5e,{},KHONG,,83,he_thong
ea850015-d2fa-419e-a871-b1183a43222a,TB_QS9PF3C1,Modem FSK,ae03f513-6763-46f8-913d-91a103966947,,Modem FSK,MicroStep-MIS,,ebc4a136-c5e7-4f7d-abfc-e3ddea655b8c,d7faf284-1a3a-4e53-9433-8476900a66e7,,,1ce915ed-07e9-4b65-9209-2652ffd9b681,46e84da7-5a8b-4a79-aa46-2fb4bae1ff26,AWS-33,"Ra soat 2026-07-11, file nguon: PCA_IMS",,,,,2026-07-11 09:50:09.894644+00,2026-08-11 04:37:10.204448+00,54e09535-2d7f-4319-812f-aee0a4916ed6,,e96be350-6615-441a-91f5-53ad976e91b3,"TB_QS9PF3C1 Modem FSK  Modem FSK MicroStep-MIS  AWS-33 Ra soat 2026-07-11, file nguon: PCA_IMS","'-07':15 '-11':16 '-33':11 '2026':14 'aws':10 'file':17 'fsk':4,6 'ims':20 'microstep':8 'microstep-mis':7 'mis':9 'modem':3,5 'nguon':18 'pca':19 'qs9pf3c1':2 'ra':12 'soat':13 'tb':1",AWOS-IMS,MD-24,,,46e84da7-5a8b-4a79-aa46-2fb4bae1ff26,,Truyền dẫn,PCA,,,,,,,,,,,,,,,,,,,,,,,san_sang,,f024c88e-8702-49c8-a302-15b93f6acb3c,,,,f,TB_PCA_056,3658c79e-931c-404f-9f8d-294831ab6951,{},KHONG,,83,he_thong
f5a2b3d0-cb3d-4003-9d13-3136d497a9e6,TB_HF7KBSMP,Modem FSK,ae03f513-6763-46f8-913d-91a103966947,,Modem FSK,MicroStep-MIS,,ebc4a136-c5e7-4f7d-abfc-e3ddea655b8c,d7faf284-1a3a-4e53-9433-8476900a66e7,,,1ce915ed-07e9-4b65-9209-2652ffd9b681,46e84da7-5a8b-4a79-aa46-2fb4bae1ff26,VIS-33,"Ra soat 2026-07-11, file nguon: PCA_IMS",,,,,2026-07-11 09:50:09.894644+00,2026-08-11 04:37:10.204448+00,54e09535-2d7f-4319-812f-aee0a4916ed6,,e96be350-6615-441a-91f5-53ad976e91b3,"TB_HF7KBSMP Modem FSK  Modem FSK MicroStep-MIS  VIS-33 Ra soat 2026-07-11, file nguon: PCA_IMS","'-07':15 '-11':16 '-33':11 '2026':14 'file':17 'fsk':4,6 'hf7kbsmp':2 'ims':20 'microstep':8 'microstep-mis':7 'mis':9 'modem':3,5 'nguon':18 'pca':19 'ra':12 'soat':13 'tb':1 'vis':10",AWOS-IMS,MD-24,,,46e84da7-5a8b-4a79-aa46-2fb4bae1ff26,,Truyền dẫn,PCA,,,,,,,,,,,,,,,,,,,,,,,san_sang,,f024c88e-8702-49c8-a302-15b93f6acb3c,,,,f,TB_PCA_057,3658c79e-931c-404f-9f8d-294831ab6951,{},KHONG,,83,he_thong
6e754365-08cf-4deb-93e2-98d13d74a155,TB_N7ZGZR5Q,Cắt lọc sét AC đèn cao không,660f73b4-1975-4bde-8c87-810a23ef6e2c,,Cắt lọc sét AC đèn cao không,nVent ERICO,,a0625061-0c6d-4e0b-b438-d696787ad746,d7faf284-1a3a-4e53-9433-8476900a66e7,,,1ce915ed-07e9-4b65-9209-2652ffd9b681,65ac5e26-b0a7-487e-a72d-3f0dfc3facc2,Trạm 35,"Ra soat 2026-07-11, file nguon: BDKT_OPTIMET",,,,,2026-07-11 09:50:09.894644+00,2026-08-11 04:37:10.204448+00,2e05f201-8ee7-4f2d-afe5-963dc6d94500,,3f302563-bdbb-443d-911f-b0058e38db42,"TB_N7ZGZR5Q Cat loc set AC den cao khong  Cat loc set AC den cao khong nVent ERICO  Tram 35 Ra soat 2026-07-11, file nguon: BDKT_OPTIMET","'-07':24 '-11':25 '2026':23 '35':20 'ac':6,13 'bdkt':28 'cao':8,15 'cat':3,10 'den':7,14 'erico':18 'file':26 'khong':9,16 'loc':4,11 'n7zgzr5q':2 'nguon':27 'nvent':17 'optimet':29 'ra':21 'set':5,12 'soat':22 'tb':1 'tram':19",Optimet,DT230011R,,,65ac5e26-b0a7-487e-a72d-3f0dfc3facc2,,Cắt lọc sét,BDKT-KTKT,,,,,,,,,,,,,,,,,,,,,,,san_sang,,f024c88e-8702-49c8-a302-15b93f6acb3c,,,,f,TB_BDKT_KTKT_046,b53a7f78-396e-4bfe-bacf-66f11cc6959d,{},KHONG,,83,he_thong
ad6358b3-4bb8-4c25-ba18-aefb269231d8,TB_1G5VQBY3,"Trụ dễ gãy cao khoảng 2,5m cho cảm biến đo tầm nhìn",98c88d39-bf0f-43c7-83a2-ca5d266ba54f,,Cảm biến đo tầm nhìn,Biral,,a13f3116-f74d-4435-b248-5b458d9fead4,d7faf284-1a3a-4e53-9433-8476900a66e7,,,1ce915ed-07e9-4b65-9209-2652ffd9b681,f59bf0bd-520b-4245-80db-dc71b7187bf1,,Đề xuất: Khi có sự cố thì xuất kho Cty QLBMT thay thế sửa chữa | Hỏng hóc: 0 lần | VTDP: không | Niên hạn: Không,,,,,2026-07-11 09:50:09.894644+00,2026-08-11 04:37:10.204448+00,b7f4a9b7-d8ca-434b-b11c-5e4a13a35ad1,,e96be350-6615-441a-91f5-53ad976e91b3,"TB_1G5VQBY3 Tru de gay cao khoang 2,5m cho cam bien do tam nhin  Cam bien do tam nhin Biral   De xuat: Khi co su co thi xuat kho Cty QLBMT thay the sua chua | Hong hoc: 0 lan | VTDP: khong | Nien han: Khong","'0':39 '1g5vqby3':2 '2':8 '5m':9 'bien':12,17 'biral':21 'cam':11,16 'cao':6 'cho':10 'chua':36 'co':25,27 'cty':31 'de':4,22 'do':13,18 'gay':5 'han':44 'hoc':38 'hong':37 'khi':24 'kho':30 'khoang':7 'khong':42,45 'lan':40 'nhin':15,20 'nien':43 'qlbmt':32 'su':26 'sua':35 'tam':14,19 'tb':1 'thay':33 'the':34 'thi':28 'tru':3 'vtdp':41 'xuat':23,29",,"Phần Lan, FSFM230-330A, Vaisala",2025,2025,f59bf0bd-520b-4245-80db-dc71b7187bf1,,,CR,,,,0.067,,,,,,,,,,,,,,,,,,,san_sang,,f024c88e-8702-49c8-a302-15b93f6acb3c,,,,f,TB_N1_AWOS_0067,c960ef78-8f14-4246-8c87-38a0a2d26a8a,{},KHONG,,83,he_thong
105542bc-7512-4d68-8343-d505ff16cde8,TB_BNHZ5GS6,Thiết bị cắt lọc sét 1 pha,660f73b4-1975-4bde-8c87-810a23ef6e2c,,Thiết bị cắt lọc sét 1 pha,nVent ERICO,,2236fe1c-6896-4157-a310-ae0e094233f6,d7faf284-1a3a-4e53-9433-8476900a66e7,,,1ce915ed-07e9-4b65-9209-2652ffd9b681,8b408897-b25d-4ece-91ba-d97dfacec283,Trạm 09 Ceilo,"Ra soat 2026-07-11, file nguon: PLK_IMS",,,,,2026-07-11 09:50:09.894644+00,2026-08-11 04:37:10.204448+00,2e05f201-8ee7-4f2d-afe5-963dc6d94500,,e96be350-6615-441a-91f5-53ad976e91b3,"TB_BNHZ5GS6 Thiet bi cat loc set 1 pha  Thiet bi cat loc set 1 pha nVent ERICO  Tram 09 Ceilo Ra soat 2026-07-11, file nguon: PLK_IMS","'-07':25 '-11':26 '09':20 '1':8,15 '2026':24 'bi':4,11 'bnhz5gs6':2 'cat':5,12 'ceilo':21 'erico':18 'file':27 'ims':30 'loc':6,13 'nguon':28 'nvent':17 'pha':9,16 'plk':29 'ra':22 'set':7,14 'soat':23 'tb':1 'thiet':3,10 'tram':19",AWOS IMS,TSF20A240V,,,8b408897-b25d-4ece-91ba-d97dfacec283,,Cắt lọc sét,PLK,,,,,,,,,,,,,,,,,,,,,,,san_sang,,f024c88e-8702-49c8-a302-15b93f6acb3c,,,,f,TB_PLK_090,a3eebddd-df65-414d-9e50-90fc3fa745aa,{},KHONG,,83,he_thong
bc4c346d-3150-46b0-a0d2-c8fa20b09957,TB_7NWVMYYN,Thiết bị cắt lọc sét 1 pha,660f73b4-1975-4bde-8c87-810a23ef6e2c,,Thiết bị cắt lọc sét 1 pha,nVent ERICO,,2236fe1c-6896-4157-a310-ae0e094233f6,d7faf284-1a3a-4e53-9433-8476900a66e7,,,1ce915ed-07e9-4b65-9209-2652ffd9b681,8b408897-b25d-4ece-91ba-d97dfacec283,Trạm 27,"Ra soat 2026-07-11, file nguon: PLK_IMS",,,,,2026-07-11 09:50:09.894644+00,2026-08-11 04:37:10.204448+00,2e05f201-8ee7-4f2d-afe5-963dc6d94500,,e96be350-6615-441a-91f5-53ad976e91b3,"TB_7NWVMYYN Thiet bi cat loc set 1 pha  Thiet bi cat loc set 1 pha nVent ERICO  Tram 27 Ra soat 2026-07-11, file nguon: PLK_IMS","'-07':24 '-11':25 '1':8,15 '2026':23 '27':20 '7nwvmyyn':2 'bi':4,11 'cat':5,12 'erico':18 'file':26 'ims':29 'loc':6,13 'nguon':27 'nvent':17 'pha':9,16 'plk':28 'ra':21 'set':7,14 'soat':22 'tb':1 'thiet':3,10 'tram':19",AWOS IMS,DT230020R,,,8b408897-b25d-4ece-91ba-d97dfacec283,,Cắt lọc sét,PLK,,,,,,,,,,,,,,,,,,,,,,,san_sang,,f024c88e-8702-49c8-a302-15b93f6acb3c,,,,f,TB_PLK_022,993b7ac7-3317-4c1f-8040-32fe7a14c010,{},KHONG,,83,he_thong
a595ab64-b130-4e0e-810e-353de1c3622f,TB_C6CSNN1M,Chống sét đường tín hiệu,660f73b4-1975-4bde-8c87-810a23ef6e2c,,Chống sét đường tín hiệu,Citel,,ebc4a136-c5e7-4f7d-abfc-e3ddea655b8c,d7faf284-1a3a-4e53-9433-8476900a66e7,,,1ce915ed-07e9-4b65-9209-2652ffd9b681,46e84da7-5a8b-4a79-aa46-2fb4bae1ff26,CEILO-15,"Ra soat 2026-07-11, file nguon: PCA_IMS",,,,,2026-07-11 09:50:09.894644+00,2026-08-11 04:37:10.204448+00,80666d25-731c-4de5-8d64-08488037258a,,e96be350-6615-441a-91f5-53ad976e91b3,"TB_C6CSNN1M Chong set duong tin hieu  Chong set duong tin hieu Citel  CEILO-15 Ra soat 2026-07-11, file nguon: PCA_IMS","'-07':19 '-11':20 '-15':15 '2026':18 'c6csnn1m':2 'ceilo':14 'chong':3,8 'citel':13 'duong':5,10 'file':21 'hieu':7,12 'ims':24 'nguon':22 'pca':23 'ra':16 'set':4,9 'soat':17 'tb':1 'tin':6,11",AWOS-IMS,MJ8-CAT6S,,,46e84da7-5a8b-4a79-aa46-2fb4bae1ff26,,Cắt lọc sét,PCA,,,,,,,,,,,,,,,,,,,,,,,san_sang,,f024c88e-8702-49c8-a302-15b93f6acb3c,,,,f,TB_PCA_078,ba74d20d-d098-44e2-83cd-f00d56936bc4,{},KHONG,,83,he_thong
e6be4b16-ca62-49c4-a6a9-be1dc15c0ef9,TB_1S8CKTJQ,Modem vô tuyến (Modem vô tuyến,ae03f513-6763-46f8-913d-91a103966947,,Modem vô tuyến (Modem vô tuyến,Satel,,a13f3116-f74d-4435-b248-5b458d9fead4,d7faf284-1a3a-4e53-9433-8476900a66e7,,,1ce915ed-07e9-4b65-9209-2652ffd9b681,f59bf0bd-520b-4245-80db-dc71b7187bf1,,Đề xuất: Khi có sự cố thì xuất kho Cty QLBMT thay thế sửa chữa | Hỏng hóc: 0 lần | VTDP: không | Niên hạn: Không,,,,,2026-07-11 09:50:09.894644+00,2026-08-11 04:37:10.204448+00,e13e7070-f3dc-4dcf-8f98-e96c37e2be06,,e96be350-6615-441a-91f5-53ad976e91b3,TB_1S8CKTJQ Modem vo tuyen (Modem vo tuyen  Modem vo tuyen (Modem vo tuyen Satel   De xuat: Khi co su co thi xuat kho Cty QLBMT thay the sua chua | Hong hoc: 0 lan | VTDP: khong | Nien han: Khong,"'0':33 '1s8cktjq':2 'chua':30 'co':19,21 'cty':25 'de':16 'han':38 'hoc':32 'hong':31 'khi':18 'kho':24 'khong':36,39 'lan':34 'modem':3,6,9,12 'nien':37 'qlbmt':26 'satel':15 'su':20 'sua':29 'tb':1 'thay':27 'the':28 'thi':22 'tuyen':5,8,11,14 'vo':4,7,10,13 'vtdp':35 'xuat':17,23",,Satellar RU-Q/TA-26 (XT 5R),2025,2025,f59bf0bd-520b-4245-80db-dc71b7187bf1,,,CR,,,,0.067,,,,,,,,,,,,,,,,,,,san_sang,,f024c88e-8702-49c8-a302-15b93f6acb3c,,,,f,TB_N1_AWOS_0048,994d8abb-349e-40b9-afaa-ac856739632a,{},KHONG,,83,he_thong
7d599dd3-7f1e-4ade-a400-48a75a0aeb21,TB_4Z2BJMKG,Nguồn AC/DC,accf1740-4c18-4b9a-895f-59d85ba593b5,,Nguồn AC/DC,MeanWell,,ebc4a136-c5e7-4f7d-abfc-e3ddea655b8c,d7faf284-1a3a-4e53-9433-8476900a66e7,,,1ce915ed-07e9-4b65-9209-2652ffd9b681,46e84da7-5a8b-4a79-aa46-2fb4bae1ff26,UHF-15,"Ra soat 2026-07-11, file nguon: PCA_IMS",,,,,2026-07-11 09:50:09.894644+00,2026-08-11 04:37:10.204448+00,0e8dbaf8-aa3e-4d9d-bab2-99b08381f6f9,,e96be350-6615-441a-91f5-53ad976e91b3,"TB_4Z2BJMKG Nguon AC/DC  Nguon AC/DC MeanWell  UHF-15 Ra soat 2026-07-11, file nguon: PCA_IMS","'-07':13 '-11':14 '-15':9 '2026':12 '4z2bjmkg':2 'ac/dc':4,6 'file':15 'ims':18 'meanwell':7 'nguon':3,5,16 'pca':17 'ra':10 'soat':11 'tb':1 'uhf':8",AWOS-IMS,PSC-100A,,,46e84da7-5a8b-4a79-aa46-2fb4bae1ff26,,Thiết bị nguồn,PCA,,,,,,,,,,,,,,,,,,,,,,,san_sang,,f024c88e-8702-49c8-a302-15b93f6acb3c,,,,f,TB_PCA_090,0fe630a6-0b32-4cf2-9bb2-973ece0a277d,{},KHONG,,83,he_thong
a504f753-317a-4f97-8573-258a5bbdb8df,TB_2MWR9P1A,Nguồn AC/DC,accf1740-4c18-4b9a-895f-59d85ba593b5,,Nguồn AC/DC,MeanWell,,ebc4a136-c5e7-4f7d-abfc-e3ddea655b8c,d7faf284-1a3a-4e53-9433-8476900a66e7,,,1ce915ed-07e9-4b65-9209-2652ffd9b681,46e84da7-5a8b-4a79-aa46-2fb4bae1ff26,UHF-33,"Ra soat 2026-07-11, file nguon: PCA_IMS",,,,,2026-07-11 09:50:09.894644+00,2026-08-11 04:37:10.204448+00,0e8dbaf8-aa3e-4d9d-bab2-99b08381f6f9,,e96be350-6615-441a-91f5-53ad976e91b3,"TB_2MWR9P1A Nguon AC/DC  Nguon AC/DC MeanWell  UHF-33 Ra soat 2026-07-11, file nguon: PCA_IMS","'-07':13 '-11':14 '-33':9 '2026':12 '2mwr9p1a':2 'ac/dc':4,6 'file':15 'ims':18 'meanwell':7 'nguon':3,5,16 'pca':17 'ra':10 'soat':11 'tb':1 'uhf':8",AWOS-IMS,PSC-100A,,,46e84da7-5a8b-4a79-aa46-2fb4bae1ff26,,Thiết bị nguồn,PCA,,,,,,,,,,,,,,,,,,,,,,,san_sang,,f024c88e-8702-49c8-a302-15b93f6acb3c,,,,f,TB_PCA_091,0fe630a6-0b32-4cf2-9bb2-973ece0a277d,{},KHONG,,83,he_thong
213658d9-204e-46c9-939b-40aefab83360,TB_M0X2PZJH,Nguồn AC/DC,accf1740-4c18-4b9a-895f-59d85ba593b5,,Nguồn AC/DC,MeanWell,,ebc4a136-c5e7-4f7d-abfc-e3ddea655b8c,d7faf284-1a3a-4e53-9433-8476900a66e7,,,1ce915ed-07e9-4b65-9209-2652ffd9b681,46e84da7-5a8b-4a79-aa46-2fb4bae1ff26,UHF-CEILO-33,"Ra soat 2026-07-11, file nguon: PCA_IMS",,,,,2026-07-11 09:50:09.894644+00,2026-08-11 04:37:10.204448+00,0e8dbaf8-aa3e-4d9d-bab2-99b08381f6f9,,e96be350-6615-441a-91f5-53ad976e91b3,"TB_M0X2PZJH Nguon AC/DC  Nguon AC/DC MeanWell  UHF-CEILO-33 Ra soat 2026-07-11, file nguon: PCA_IMS","'-07':15 '-11':16 '2026':14 '33':11 'ac/dc':4,6 'ceilo':10 'file':17 'ims':20 'm0x2pzjh':2 'meanwell':7 'nguon':3,5,18 'pca':19 'ra':12 'soat':13 'tb':1 'uhf':9 'uhf-ceilo':8",AWOS-IMS,PSC-100A,,,46e84da7-5a8b-4a79-aa46-2fb4bae1ff26,,Thiết bị nguồn,PCA,,,,,,,,,,,,,,,,,,,,,,,san_sang,,f024c88e-8702-49c8-a302-15b93f6acb3c,,,,f,TB_PCA_092,0fe630a6-0b32-4cf2-9bb2-973ece0a277d,{},KHONG,,83,he_thong
00a6fd08-b425-4746-9a1d-1b614c856d65,TB_VWTSEJMV,Cắt lọc sét nguồn AC,660f73b4-1975-4bde-8c87-810a23ef6e2c,,Cắt lọc sét nguồn AC - Tủ thiết bị,Schneider,,a0625061-0c6d-4e0b-b438-d696787ad746,d7faf284-1a3a-4e53-9433-8476900a66e7,,,1ce915ed-07e9-4b65-9209-2652ffd9b681,65ac5e26-b0a7-487e-a72d-3f0dfc3facc2,Trạm 35,"Ra soat 2026-07-11, file nguon: BDKT_OPTIMET",,,,,2026-07-11 09:50:09.894644+00,2026-08-11 04:37:10.204448+00,1dfd07b4-a9da-41a0-aa04-7b64b3f5862e,,3f302563-bdbb-443d-911f-b0058e38db42,"TB_VWTSEJMV Cat loc set nguon AC  Cat loc set nguon AC - Tu thiet bi Schneider  Tram 35 Ra soat 2026-07-11, file nguon: BDKT_OPTIMET","'-07':22 '-11':23 '2026':21 '35':18 'ac':7,12 'bdkt':26 'bi':15 'cat':3,8 'file':24 'loc':4,9 'nguon':6,11,25 'optimet':27 'ra':19 'schneider':16 'set':5,10 'soat':20 'tb':1 'thiet':14 'tram':17 'tu':13 'vwtsejmv':2",Optimet,EZ9L33620,,,65ac5e26-b0a7-487e-a72d-3f0dfc3facc2,,Cắt lọc sét,BDKT-KTKT,,,,,,,,,,,,,,,,,,,,,,,san_sang,,f024c88e-8702-49c8-a302-15b93f6acb3c,,,,f,TB_BDKT_KTKT_048,459c5424-4a64-4375-88c7-70d7c822477a,{},KHONG,,83,he_thong
476cae02-bbc8-455c-8aa9-06b8301fc6be,TB_MYPE4BY7,"Cảm biến đo tầm nhìn, Cảm biến xác định hiện tượng thời tiết tại sân bay",98c88d39-bf0f-43c7-83a2-ca5d266ba54f,,Cảm biến đo tầm nhìn,Biral,,a13f3116-f74d-4435-b248-5b458d9fead4,d7faf284-1a3a-4e53-9433-8476900a66e7,,,1ce915ed-07e9-4b65-9209-2652ffd9b681,f59bf0bd-520b-4245-80db-dc71b7187bf1,,Đề xuất: Khi có sự cố thì xuất kho Cty QLBMT thay thế sửa chữa | Hỏng hóc: 0 lần | VTDP: không | Niên hạn: Không,,,,,2026-07-11 09:50:09.894644+00,2026-08-11 04:37:10.204448+00,b7f4a9b7-d8ca-434b-b11c-5e4a13a35ad1,,e96be350-6615-441a-91f5-53ad976e91b3,"TB_MYPE4BY7 Cam bien do tam nhin, Cam bien xac dinh hien tuong thoi tiet tai san bay  Cam bien do tam nhin Biral   De xuat: Khi co su co thi xuat kho Cty QLBMT thay the sua chua | Hong hoc: 0 lan | VTDP: khong | Nien han: Khong","'0':42 'bay':18 'bien':4,9,20 'biral':24 'cam':3,8,19 'chua':39 'co':28,30 'cty':34 'de':25 'dinh':11 'do':5,21 'han':47 'hien':12 'hoc':41 'hong':40 'khi':27 'kho':33 'khong':45,48 'lan':43 'mype4by7':2 'nhin':7,23 'nien':46 'qlbmt':35 'san':17 'su':29 'sua':38 'tai':16 'tam':6,22 'tb':1 'thay':36 'the':37 'thi':31 'thoi':14 'tiet':15 'tuong':13 'vtdp':44 'xac':10 'xuat':26,32",,,,2025,f59bf0bd-520b-4245-80db-dc71b7187bf1,,,CR,,,,0.125,,,,,,,,,,,,,,,,,,,san_sang,,f024c88e-8702-49c8-a302-15b93f6acb3c,,,,f,TB_N1_AWOS_0039,c960ef78-8f14-4246-8c87-38a0a2d26a8a,{},KHONG,,83,he_thong
d99fbe94-455b-4c0a-9454-d815977c7c9e,TB_W2QE7YA8,Cảm biến nhiệt ẩm,98c88d39-bf0f-43c7-83a2-ca5d266ba54f,09230015,Cảm biến đo nhiệt độ Thies 1.1006.54.080,Thies Clima,,ebc4a136-c5e7-4f7d-abfc-e3ddea655b8c,d7faf284-1a3a-4e53-9433-8476900a66e7,,,1ce915ed-07e9-4b65-9209-2652ffd9b681,46e84da7-5a8b-4a79-aa46-2fb4bae1ff26,Vườn TWR,"Ra soat 2026-07-11, file nguon: PCA_IMS",,,,,2026-07-11 09:50:09.894644+00,2026-08-11 04:37:10.204448+00,f0c86184-a2a8-4ba2-b3e2-87283fbcf190,,e96be350-6615-441a-91f5-53ad976e91b3,"TB_W2QE7YA8 Cam bien nhiet am 09230015 Cam bien do nhiet do Thies 1.1006.54.080 Thies Clima  Vuon TWR Ra soat 2026-07-11, file nguon: PCA_IMS","'-07':22 '-11':23 '09230015':7 '1.1006.54.080':14 '2026':21 'am':6 'bien':4,9 'cam':3,8 'clima':16 'do':10,12 'file':24 'ims':27 'nguon':25 'nhiet':5,11 'pca':26 'ra':19 'soat':20 'tb':1 'thies':13,15 'twr':18 'vuon':17 'w2qe7ya8':2",Thiết bị đo quan trắc thông dụng,1.1006.54.080,,,46e84da7-5a8b-4a79-aa46-2fb4bae1ff26,,Cảm biến,PCA,,,,,,,,,,,,,,,,,,,,,,,san_sang,,f024c88e-8702-49c8-a302-15b93f6acb3c,,,,f,TB_PCA_101,5eb8f669-8af7-4cf8-872b-1c9b3a98f491,{},KHONG,,100,he_thong
fec62d01-3626-4d95-af62-527c16024084,TB_3PTTY8EG,"Cảm biến đo tầm nhìn, Cảm biến xác định hiện tượng thời tiết tại sân bay",98c88d39-bf0f-43c7-83a2-ca5d266ba54f,,Cảm biến đo tầm nhìn,Biral,,a13f3116-f74d-4435-b248-5b458d9fead4,d7faf284-1a3a-4e53-9433-8476900a66e7,,,1ce915ed-07e9-4b65-9209-2652ffd9b681,f59bf0bd-520b-4245-80db-dc71b7187bf1,,Đề xuất: Khi có sự cố thì xuất kho Cty QLBMT thay thế sửa chữa | Hỏng hóc: 0 lần | VTDP: không | Niên hạn: Không,,,,,2026-07-11 09:50:09.894644+00,2026-08-11 04:37:10.204448+00,b7f4a9b7-d8ca-434b-b11c-5e4a13a35ad1,,e96be350-6615-441a-91f5-53ad976e91b3,"TB_3PTTY8EG Cam bien do tam nhin, Cam bien xac dinh hien tuong thoi tiet tai san bay  Cam bien do tam nhin Biral   De xuat: Khi co su co thi xuat kho Cty QLBMT thay the sua chua | Hong hoc: 0 lan | VTDP: khong | Nien han: Khong","'0':42 '3ptty8eg':2 'bay':18 'bien':4,9,20 'biral':24 'cam':3,8,19 'chua':39 'co':28,30 'cty':34 'de':25 'dinh':11 'do':5,21 'han':47 'hien':12 'hoc':41 'hong':40 'khi':27 'kho':33 'khong':45,48 'lan':43 'nhin':7,23 'nien':46 'qlbmt':35 'san':17 'su':29 'sua':38 'tai':16 'tam':6,22 'tb':1 'thay':36 'the':37 'thi':31 'thoi':14 'tiet':15 'tuong':13 'vtdp':44 'xac':10 'xuat':26,32",,,,2025,f59bf0bd-520b-4245-80db-dc71b7187bf1,,,CR,,,,0.125,,,,,,,,,,,,,,,,,,,san_sang,,f024c88e-8702-49c8-a302-15b93f6acb3c,,,,f,TB_N1_AWOS_0040,c960ef78-8f14-4246-8c87-38a0a2d26a8a,{},KHONG,,83,he_thong
ee864300-8656-4df6-a323-4889f0e0de90,TB_RBV7GTGX,"Trụ dễ gãy cao khoảng 2,5m cho cảm biến đo tầm nhìn",98c88d39-bf0f-43c7-83a2-ca5d266ba54f,,Cảm biến đo tầm nhìn,Biral,,a13f3116-f74d-4435-b248-5b458d9fead4,d7faf284-1a3a-4e53-9433-8476900a66e7,,,1ce915ed-07e9-4b65-9209-2652ffd9b681,f59bf0bd-520b-4245-80db-dc71b7187bf1,,Đề xuất: Khi có sự cố thì xuất kho Cty QLBMT thay thế sửa chữa | Hỏng hóc: 0 lần | VTDP: không | Niên hạn: Không,,,,,2026-07-11 09:50:09.894644+00,2026-08-11 04:37:10.204448+00,b7f4a9b7-d8ca-434b-b11c-5e4a13a35ad1,,e96be350-6615-441a-91f5-53ad976e91b3,"TB_RBV7GTGX Tru de gay cao khoang 2,5m cho cam bien do tam nhin  Cam bien do tam nhin Biral   De xuat: Khi co su co thi xuat kho Cty QLBMT thay the sua chua | Hong hoc: 0 lan | VTDP: khong | Nien han: Khong","'0':39 '2':8 '5m':9 'bien':12,17 'biral':21 'cam':11,16 'cao':6 'cho':10 'chua':36 'co':25,27 'cty':31 'de':4,22 'do':13,18 'gay':5 'han':44 'hoc':38 'hong':37 'khi':24 'kho':30 'khoang':7 'khong':42,45 'lan':40 'nhin':15,20 'nien':43 'qlbmt':32 'rbv7gtgx':2 'su':26 'sua':35 'tam':14,19 'tb':1 'thay':33 'the':34 'thi':28 'tru':3 'vtdp':41 'xuat':23,29",,"Phần Lan, FSFM230-330A, Vaisala",2025,2025,f59bf0bd-520b-4245-80db-dc71b7187bf1,,,CR,,,,0.067,,,,,,,,,,,,,,,,,,,san_sang,,f024c88e-8702-49c8-a302-15b93f6acb3c,,,,f,TB_N1_AWOS_0066,c960ef78-8f14-4246-8c87-38a0a2d26a8a,{},KHONG,,83,he_thong
fe0e97a3-b159-4d35-886b-7fcf2756ffc4,TB_E5NXXY7H,Modem vô tuyến (Modem vô tuyến,ae03f513-6763-46f8-913d-91a103966947,,Modem vô tuyến (Modem vô tuyến,Satel,,a13f3116-f74d-4435-b248-5b458d9fead4,d7faf284-1a3a-4e53-9433-8476900a66e7,,,1ce915ed-07e9-4b65-9209-2652ffd9b681,f59bf0bd-520b-4245-80db-dc71b7187bf1,,Đề xuất: Khi có sự cố thì xuất kho Cty QLBMT thay thế sửa chữa | Hỏng hóc: 0 lần | VTDP: không | Niên hạn: Không,,,,,2026-07-11 09:50:09.894644+00,2026-08-11 04:37:10.204448+00,e13e7070-f3dc-4dcf-8f98-e96c37e2be06,,e96be350-6615-441a-91f5-53ad976e91b3,TB_E5NXXY7H Modem vo tuyen (Modem vo tuyen  Modem vo tuyen (Modem vo tuyen Satel   De xuat: Khi co su co thi xuat kho Cty QLBMT thay the sua chua | Hong hoc: 0 lan | VTDP: khong | Nien han: Khong,"'0':33 'chua':30 'co':19,21 'cty':25 'de':16 'e5nxxy7h':2 'han':38 'hoc':32 'hong':31 'khi':18 'kho':24 'khong':36,39 'lan':34 'modem':3,6,9,12 'nien':37 'qlbmt':26 'satel':15 'su':20 'sua':29 'tb':1 'thay':27 'the':28 'thi':22 'tuyen':5,8,11,14 'vo':4,7,10,13 'vtdp':35 'xuat':17,23",,Satellar RU-Q/TA-26 (XT 5R),2025,2025,f59bf0bd-520b-4245-80db-dc71b7187bf1,,,CR,,,,0.067,,,,,,,,,,,,,,,,,,,san_sang,,f024c88e-8702-49c8-a302-15b93f6acb3c,,,,f,TB_N1_AWOS_0049,994d8abb-349e-40b9-afaa-ac856739632a,{},KHONG,,83,he_thong
a28ec9ac-13f6-44a5-848c-d3e8a63ff13d,TB_SKT34SEF,Modem vô tuyến (Modem vô tuyến,ae03f513-6763-46f8-913d-91a103966947,,Modem vô tuyến (Modem vô tuyến,Satel,,a13f3116-f74d-4435-b248-5b458d9fead4,d7faf284-1a3a-4e53-9433-8476900a66e7,,,1ce915ed-07e9-4b65-9209-2652ffd9b681,f59bf0bd-520b-4245-80db-dc71b7187bf1,,Đề xuất: Khi có sự cố thì xuất kho Cty QLBMT thay thế sửa chữa | Hỏng hóc: 0 lần | VTDP: không | Niên hạn: Không,,,,,2026-07-11 09:50:09.894644+00,2026-08-11 04:37:10.204448+00,e13e7070-f3dc-4dcf-8f98-e96c37e2be06,,e96be350-6615-441a-91f5-53ad976e91b3,TB_SKT34SEF Modem vo tuyen (Modem vo tuyen  Modem vo tuyen (Modem vo tuyen Satel   De xuat: Khi co su co thi xuat kho Cty QLBMT thay the sua chua | Hong hoc: 0 lan | VTDP: khong | Nien han: Khong,"'0':33 'chua':30 'co':19,21 'cty':25 'de':16 'han':38 'hoc':32 'hong':31 'khi':18 'kho':24 'khong':36,39 'lan':34 'modem':3,6,9,12 'nien':37 'qlbmt':26 'satel':15 'skt34sef':2 'su':20 'sua':29 'tb':1 'thay':27 'the':28 'thi':22 'tuyen':5,8,11,14 'vo':4,7,10,13 'vtdp':35 'xuat':17,23",,Satellar RU-Q/TA-26 (XT 5R),2025,2025,f59bf0bd-520b-4245-80db-dc71b7187bf1,,,CR,,,,0.067,,,,,,,,,,,,,,,,,,,san_sang,,f024c88e-8702-49c8-a302-15b93f6acb3c,,,,f,TB_N1_AWOS_0050,994d8abb-349e-40b9-afaa-ac856739632a,{},KHONG,,83,he_thong
e13b7bba-5229-4b23-8eed-1394d9628c85,TB_7YTKB9V2,Modem vô tuyến (Modem vô tuyến,ae03f513-6763-46f8-913d-91a103966947,,Modem vô tuyến (Modem vô tuyến,Satel,,a13f3116-f74d-4435-b248-5b458d9fead4,d7faf284-1a3a-4e53-9433-8476900a66e7,,,1ce915ed-07e9-4b65-9209-2652ffd9b681,f59bf0bd-520b-4245-80db-dc71b7187bf1,,Đề xuất: Khi có sự cố thì xuất kho Cty QLBMT thay thế sửa chữa | Hỏng hóc: 0 lần | VTDP: không | Niên hạn: Không,,,,,2026-07-11 09:50:09.894644+00,2026-08-11 04:37:10.204448+00,e13e7070-f3dc-4dcf-8f98-e96c37e2be06,,e96be350-6615-441a-91f5-53ad976e91b3,TB_7YTKB9V2 Modem vo tuyen (Modem vo tuyen  Modem vo tuyen (Modem vo tuyen Satel   De xuat: Khi co su co thi xuat kho Cty QLBMT thay the sua chua | Hong hoc: 0 lan | VTDP: khong | Nien han: Khong,"'0':33 '7ytkb9v2':2 'chua':30 'co':19,21 'cty':25 'de':16 'han':38 'hoc':32 'hong':31 'khi':18 'kho':24 'khong':36,39 'lan':34 'modem':3,6,9,12 'nien':37 'qlbmt':26 'satel':15 'su':20 'sua':29 'tb':1 'thay':27 'the':28 'thi':22 'tuyen':5,8,11,14 'vo':4,7,10,13 'vtdp':35 'xuat':17,23",,Satellar RU-Q/TA-26 (XT 5R),2025,2025,f59bf0bd-520b-4245-80db-dc71b7187bf1,,,CR,,,,0.067,,,,,,,,,,,,,,,,,,,san_sang,,f024c88e-8702-49c8-a302-15b93f6acb3c,,,,f,TB_N1_AWOS_0051,994d8abb-349e-40b9-afaa-ac856739632a,{},KHONG,,83,he_thong
e1ae27d0-6b3f-4bbc-af5a-46c3250bf93c,TB_93EKKK0V,Máy chủ Standby,83e7d93e-2f76-4d4f-a6bc-08926383aba1,1M31X63,Máy chủ Standby,Dell Technologies,,4fbd5536-e530-4f9b-97d3-d194186c33de,d7faf284-1a3a-4e53-9433-8476900a66e7,,,1ce915ed-07e9-4b65-9209-2652ffd9b681,141337b4-f2fa-4438-808f-0d10cfeedb85,PTB Đài KSKL CHU LAI,"Ra soat 2026-07-11, file nguon: CLA_IMS",,,,,2026-07-11 09:50:09.894644+00,2026-08-11 04:37:10.204448+00,f9bb034d-e32b-4595-b6a6-e5136105dc19,,86ab1273-d507-4143-8f2d-b2e86dd8cf01,"TB_93EKKK0V May chu Standby 1M31X63 May chu Standby Dell Technologies  PTB Dai KSKL CHU LAI Ra soat 2026-07-11, file nguon: CLA_IMS","'-07':20 '-11':21 '1m31x63':6 '2026':19 '93ekkk0v':2 'chu':4,8,15 'cla':24 'dai':13 'dell':10 'file':22 'ims':25 'kskl':14 'lai':16 'may':3,7 'nguon':23 'ptb':12 'ra':17 'soat':18 'standby':5,9 'tb':1 'technologies':11",AWOS IMS,R340 E58S,,,141337b4-f2fa-4438-808f-0d10cfeedb85,,Xử lý trung tâm,CLA,,,,,,,,,,,,,,,,,,,,,,,san_sang,,f024c88e-8702-49c8-a302-15b93f6acb3c,,,,f,TB_CLA_071,ae174412-e80c-412c-8c9e-ddaa254ccb58,{},KHONG,,100,he_thong
e07a12cb-8d48-4520-b3df-221193c84406,TB_9FGN4YHX,Chống sét đường tín hiệu,660f73b4-1975-4bde-8c87-810a23ef6e2c,,Chống sét đường tín hiệu,AT3W,,2236fe1c-6896-4157-a310-ae0e094233f6,d7faf284-1a3a-4e53-9433-8476900a66e7,,,1ce915ed-07e9-4b65-9209-2652ffd9b681,8b408897-b25d-4ece-91ba-d97dfacec283,Phòng thiết bị,"Ra soat 2026-07-11, file nguon: PLK_IMS",,,,,2026-07-11 09:50:09.894644+00,2026-08-11 04:37:10.204448+00,9d09c5d7-4aa9-40a6-b47b-4e1899c9956f,,c6b9108a-b830-42a6-b3b8-9e6dd5196202,"TB_9FGN4YHX Chong set duong tin hieu  Chong set duong tin hieu AT3W  Phong thiet bi Ra soat 2026-07-11, file nguon: PLK_IMS","'-07':20 '-11':21 '2026':19 '9fgn4yhx':2 'at3w':13 'bi':16 'chong':3,8 'duong':5,10 'file':22 'hieu':7,12 'ims':25 'nguon':23 'phong':14 'plk':24 'ra':17 'set':4,9 'soat':18 'tb':1 'thiet':15 'tin':6,11",AWOS IMS,AT-2300,,,8b408897-b25d-4ece-91ba-d97dfacec283,,Cắt lọc sét,PLK,,,,,,,,,,,,,,,,,,,,,,,san_sang,,f024c88e-8702-49c8-a302-15b93f6acb3c,,,,f,TB_PLK_114,0afefb1d-ad24-474a-9810-5e665bc08366,{},KHONG,,83,he_thong
ba38de22-79f6-4409-9097-d17f1f7ee83c,TB_ZQ25YDQZ,Modem vô tuyến (Modem vô tuyến,ae03f513-6763-46f8-913d-91a103966947,,Modem vô tuyến (Modem vô tuyến,Satel,,a13f3116-f74d-4435-b248-5b458d9fead4,d7faf284-1a3a-4e53-9433-8476900a66e7,,,1ce915ed-07e9-4b65-9209-2652ffd9b681,f59bf0bd-520b-4245-80db-dc71b7187bf1,,Đề xuất: Khi có sự cố thì xuất kho Cty QLBMT thay thế sửa chữa | Hỏng hóc: 0 lần | VTDP: không | Niên hạn: Không,,,,,2026-07-11 09:50:09.894644+00,2026-08-11 04:37:10.204448+00,e13e7070-f3dc-4dcf-8f98-e96c37e2be06,,e96be350-6615-441a-91f5-53ad976e91b3,TB_ZQ25YDQZ Modem vo tuyen (Modem vo tuyen  Modem vo tuyen (Modem vo tuyen Satel   De xuat: Khi co su co thi xuat kho Cty QLBMT thay the sua chua | Hong hoc: 0 lan | VTDP: khong | Nien han: Khong,"'0':33 'chua':30 'co':19,21 'cty':25 'de':16 'han':38 'hoc':32 'hong':31 'khi':18 'kho':24 'khong':36,39 'lan':34 'modem':3,6,9,12 'nien':37 'qlbmt':26 'satel':15 'su':20 'sua':29 'tb':1 'thay':27 'the':28 'thi':22 'tuyen':5,8,11,14 'vo':4,7,10,13 'vtdp':35 'xuat':17,23 'zq25ydqz':2",,Satellar RU-Q/TA-26 (XT 5R),2025,2025,f59bf0bd-520b-4245-80db-dc71b7187bf1,,,CR,,,,0.067,,,,,,,,,,,,,,,,,,,san_sang,,f024c88e-8702-49c8-a302-15b93f6acb3c,,,,f,TB_N1_AWOS_0052,994d8abb-349e-40b9-afaa-ac856739632a,{},KHONG,,83,he_thong
b0e40c66-71ec-4f99-beef-cf75ef99b6cd,TB_XZAFZVBA,Modem vô tuyến (Modem vô tuyến,ae03f513-6763-46f8-913d-91a103966947,,Modem vô tuyến (Modem vô tuyến,Satel,,a13f3116-f74d-4435-b248-5b458d9fead4,d7faf284-1a3a-4e53-9433-8476900a66e7,,,1ce915ed-07e9-4b65-9209-2652ffd9b681,f59bf0bd-520b-4245-80db-dc71b7187bf1,,Đề xuất: Khi có sự cố thì xuất kho Cty QLBMT thay thế sửa chữa | Hỏng hóc: 0 lần | VTDP: không | Niên hạn: Không,,,,,2026-07-11 09:50:09.894644+00,2026-08-11 04:37:10.204448+00,e13e7070-f3dc-4dcf-8f98-e96c37e2be06,,e96be350-6615-441a-91f5-53ad976e91b3,TB_XZAFZVBA Modem vo tuyen (Modem vo tuyen  Modem vo tuyen (Modem vo tuyen Satel   De xuat: Khi co su co thi xuat kho Cty QLBMT thay the sua chua | Hong hoc: 0 lan | VTDP: khong | Nien han: Khong,"'0':33 'chua':30 'co':19,21 'cty':25 'de':16 'han':38 'hoc':32 'hong':31 'khi':18 'kho':24 'khong':36,39 'lan':34 'modem':3,6,9,12 'nien':37 'qlbmt':26 'satel':15 'su':20 'sua':29 'tb':1 'thay':27 'the':28 'thi':22 'tuyen':5,8,11,14 'vo':4,7,10,13 'vtdp':35 'xuat':17,23 'xzafzvba':2",,Satellar RU-Q/TA-26 (XT 5R),2025,2025,f59bf0bd-520b-4245-80db-dc71b7187bf1,,,CR,,,,0.067,,,,,,,,,,,,,,,,,,,san_sang,,f024c88e-8702-49c8-a302-15b93f6acb3c,,,,f,TB_N1_AWOS_0053,994d8abb-349e-40b9-afaa-ac856739632a,{},KHONG,,83,he_thong
b46a402d-98c0-425d-9198-9640d265d8c1,TB_E9Q8K2GR,Anten vô hướng,ae03f513-6763-46f8-913d-91a103966947,6072348470,Anten vô hướng,CompleTech,,7f40beb2-5d47-4f4a-b7df-35cd1cca56ae,d7faf284-1a3a-4e53-9433-8476900a66e7,,,1ce915ed-07e9-4b65-9209-2652ffd9b681,e43c5d4b-3c3c-4486-89da-73e9ac747ab4,Trạm xử lý trung tâm Đài KSKL TUY HÒA,"Ra soat 2026-07-11, file nguon: THA_DAW21",,,,,2026-07-11 09:50:09.894644+00,2026-08-11 04:37:10.204448+00,9e1e0f0c-c9e2-449b-bacb-19bd361646f2,,e96be350-6615-441a-91f5-53ad976e91b3,"TB_E9Q8K2GR Anten vo huong 6072348470 Anten vo huong CompleTech  Tram xu ly trung tam Dai KSKL TUY HOA Ra soat 2026-07-11, file nguon: THA_DAW21","'-07':23 '-11':24 '2026':22 '6072348470':6 'anten':3,7 'completech':10 'dai':16 'daw21':28 'e9q8k2gr':2 'file':25 'hoa':19 'huong':5,9 'kskl':17 'ly':13 'nguon':26 'ra':20 'soat':21 'tam':15 'tb':1 'tha':27 'tram':11 'trung':14 'tuy':18 'vo':4,8 'xu':12",AWOS D-AW21,CA410GP,,,e43c5d4b-3c3c-4486-89da-73e9ac747ab4,,Truyền dẫn,THA,,,,,,,,,,,,,,,,,,,,,,,san_sang,,f024c88e-8702-49c8-a302-15b93f6acb3c,,,,f,TB_THA_066,3e594fb0-557d-4145-8b46-666fb735f450,{},KHONG,,100,he_thong
276a6119-eedf-4855-b79f-284456bd1f88,TB_3XGKND24,Cắt sét nguồn AC,660f73b4-1975-4bde-8c87-810a23ef6e2c,,Cắt sét nguồn AC,Schneider,,ce27df84-7054-4032-bfe7-efdb0bd119f4,d7faf284-1a3a-4e53-9433-8476900a66e7,,,1ce915ed-07e9-4b65-9209-2652ffd9b681,581d9350-905f-46da-b45e-c2d8aba4d868,27,"Ra soat 2026-07-11, file nguon: PBA_AWOS900",,,,,2026-07-11 09:50:09.894644+00,2026-08-11 04:37:10.204448+00,1dfd07b4-a9da-41a0-aa04-7b64b3f5862e,,e96be350-6615-441a-91f5-53ad976e91b3,"TB_3XGKND24 Cat set nguon AC  Cat set nguon AC Schneider  27 Ra soat 2026-07-11, file nguon: PBA_AWOS900","'-07':16 '-11':17 '2026':15 '27':12 '3xgknd24':2 'ac':6,10 'awos900':21 'cat':3,7 'file':18 'nguon':5,9,19 'pba':20 'ra':13 'schneider':11 'set':4,8 'soat':14 'tb':1",AWOS-900,,,,581d9350-905f-46da-b45e-c2d8aba4d868,,Chống sét,PBA,,,,,,,,,,,,,,,,,,,,,,,san_sang,,f024c88e-8702-49c8-a302-15b93f6acb3c,,,,f,TB_PBA_041,3e48dac5-fc25-4565-904a-14af840ac963,{},KHONG,,83,he_thong
1c54988b-e991-46ad-9919-8523c94b52f8,TB_GEMZ3HA1,Cắt sét nguồn AC,660f73b4-1975-4bde-8c87-810a23ef6e2c,,Cắt sét nguồn AC,Schneider,,ce27df84-7054-4032-bfe7-efdb0bd119f4,d7faf284-1a3a-4e53-9433-8476900a66e7,,,1ce915ed-07e9-4b65-9209-2652ffd9b681,581d9350-905f-46da-b45e-c2d8aba4d868,Mid,"Ra soat 2026-07-11, file nguon: PBA_AWOS900",,,,,2026-07-11 09:50:09.894644+00,2026-08-11 04:37:10.204448+00,1dfd07b4-a9da-41a0-aa04-7b64b3f5862e,,e96be350-6615-441a-91f5-53ad976e91b3,"TB_GEMZ3HA1 Cat set nguon AC  Cat set nguon AC Schneider  Mid Ra soat 2026-07-11, file nguon: PBA_AWOS900","'-07':16 '-11':17 '2026':15 'ac':6,10 'awos900':21 'cat':3,7 'file':18 'gemz3ha1':2 'mid':12 'nguon':5,9,19 'pba':20 'ra':13 'schneider':11 'set':4,8 'soat':14 'tb':1",AWOS-900,,,,581d9350-905f-46da-b45e-c2d8aba4d868,,Chống sét,PBA,,,,,,,,,,,,,,,,,,,,,,,san_sang,,f024c88e-8702-49c8-a302-15b93f6acb3c,,,,f,TB_PBA_042,3e48dac5-fc25-4565-904a-14af840ac963,{},KHONG,,83,he_thong
d97f8e94-3c9a-4a9c-b1cc-949fbd273361,TB_7JF8N0XM,AC/DC converter,accf1740-4c18-4b9a-895f-59d85ba593b5,,Bộ chuyển đổi AC/DC,MeanWell,,ce27df84-7054-4032-bfe7-efdb0bd119f4,d7faf284-1a3a-4e53-9433-8476900a66e7,,,1ce915ed-07e9-4b65-9209-2652ffd9b681,581d9350-905f-46da-b45e-c2d8aba4d868,Ceilo 09,"Ra soat 2026-07-11, file nguon: PBA_AWOS900",,,,,2026-07-11 09:50:09.894644+00,2026-08-11 04:37:10.204448+00,0e8dbaf8-aa3e-4d9d-bab2-99b08381f6f9,,e96be350-6615-441a-91f5-53ad976e91b3,"TB_7JF8N0XM AC/DC converter  Bo chuyen doi AC/DC MeanWell  Ceilo 09 Ra soat 2026-07-11, file nguon: PBA_AWOS900","'-07':15 '-11':16 '09':11 '2026':14 '7jf8n0xm':2 'ac/dc':3,8 'awos900':20 'bo':5 'ceilo':10 'chuyen':6 'converter':4 'doi':7 'file':17 'meanwell':9 'nguon':18 'pba':19 'ra':12 'soat':13 'tb':1",AWOS-900,AD-155A,,,581d9350-905f-46da-b45e-c2d8aba4d868,,Nguồn DC,PBA,,,,,,,,,,,,,,,,,,,,,,,san_sang,,f024c88e-8702-49c8-a302-15b93f6acb3c,,,,f,TB_PBA_043,c4920869-42f0-4b89-bdde-2a905c24a4af,{},KHONG,,83,he_thong
d6750f32-6ba3-4fe3-b308-c8d62c676595,TB_NY44W524,Thiết bị cắt lọc sét 1 pha,660f73b4-1975-4bde-8c87-810a23ef6e2c,,Thiết bị cắt lọc sét 1 pha,nVent ERICO,,2236fe1c-6896-4157-a310-ae0e094233f6,d7faf284-1a3a-4e53-9433-8476900a66e7,,,1ce915ed-07e9-4b65-9209-2652ffd9b681,8b408897-b25d-4ece-91ba-d97dfacec283,Trạm 27,"Ra soat 2026-07-11, file nguon: PLK_IMS",,,,,2026-07-11 09:50:09.894644+00,2026-08-11 04:37:10.204448+00,2e05f201-8ee7-4f2d-afe5-963dc6d94500,,e96be350-6615-441a-91f5-53ad976e91b3,"TB_NY44W524 Thiet bi cat loc set 1 pha  Thiet bi cat loc set 1 pha nVent ERICO  Tram 27 Ra soat 2026-07-11, file nguon: PLK_IMS","'-07':24 '-11':25 '1':8,15 '2026':23 '27':20 'bi':4,11 'cat':5,12 'erico':18 'file':26 'ims':29 'loc':6,13 'nguon':27 'nvent':17 'ny44w524':2 'pha':9,16 'plk':28 'ra':21 'set':7,14 'soat':22 'tb':1 'thiet':3,10 'tram':19",AWOS IMS,DT230020R,,,8b408897-b25d-4ece-91ba-d97dfacec283,,Cắt lọc sét,PLK,,,,,,,,,,,,,,,,,,,,,,,san_sang,,f024c88e-8702-49c8-a302-15b93f6acb3c,,,,f,TB_PLK_023,993b7ac7-3317-4c1f-8040-32fe7a14c010,{},KHONG,,83,he_thong
7976ae21-2126-4dd9-99d9-81ff3937de71,TB_NWFEGB7B,Nhiệt ẩm biểu,98c88d39-bf0f-43c7-83a2-ca5d266ba54f,TCT,Nhiệt ẩm biểu,,,ce27df84-7054-4032-bfe7-efdb0bd119f4,d7faf284-1a3a-4e53-9433-8476900a66e7,,,1ce915ed-07e9-4b65-9209-2652ffd9b681,581d9350-905f-46da-b45e-c2d8aba4d868,Lều khí tượng,"Ra soat 2026-07-11, file nguon: PBA_AWOS900",,,,,2026-07-11 09:50:09.894644+00,2026-08-11 04:37:10.204448+00,,,e96be350-6615-441a-91f5-53ad976e91b3,"TB_NWFEGB7B Nhiet am bieu TCT Nhiet am bieu   Leu khi tuong Ra soat 2026-07-11, file nguon: PBA_AWOS900","'-07':16 '-11':17 '2026':15 'am':4,8 'awos900':21 'bieu':5,9 'file':18 'khi':11 'leu':10 'nguon':19 'nhiet':3,7 'nwfegb7b':2 'pba':20 'ra':13 'soat':14 'tb':1 'tct':6 'tuong':12",Thiết bị đo đạc quan trắc thông dụng,HY-KKT01,,,581d9350-905f-46da-b45e-c2d8aba4d868,,Cảm biến,PBA,,,,,,,,,,,,,,,,,,,,,,,san_sang,,f024c88e-8702-49c8-a302-15b93f6acb3c,,,,f,TB_PBA_074,d809a910-9b0d-4e66-afb7-6c6004d6a1a9,{},KHONG,,100,he_thong
07ed4935-9a5d-4372-81b1-1485119dc845,TB_PVWEQA57,"CPU core i3 13100, 3.4Ghz, RAM 8GB",83e7d93e-2f76-4d4f-a6bc-08926383aba1,C49YKW3,"CPU core i3 13100, 3.4Ghz, RAM 8GB",Dell Technologies,,4fbd5536-e530-4f9b-97d3-d194186c33de,d7faf284-1a3a-4e53-9433-8476900a66e7,,,1ce915ed-07e9-4b65-9209-2652ffd9b681,141337b4-f2fa-4438-808f-0d10cfeedb85,Phòng MET - Đài KSKL CHU LAI,"Ra soat 2026-07-11, file nguon: CLA_IMS",,,,,2026-07-11 09:50:09.894644+00,2026-08-11 04:37:10.204448+00,f9bb034d-e32b-4595-b6a6-e5136105dc19,,9a6b88fa-8dcb-422b-9b9e-a029e372a564,"TB_PVWEQA57 CPU core i3 13100, 3.4Ghz, RAM 8GB C49YKW3 CPU core i3 13100, 3.4Ghz, RAM 8GB Dell Technologies  Phong MET - Dai KSKL CHU LAI Ra soat 2026-07-11, file nguon: CLA_IMS","'-07':31 '-11':32 '13100':6,15 '2026':30 '3.4':7,16 '8gb':10,19 'c49ykw3':11 'chu':26 'cla':35 'core':4,13 'cpu':3,12 'dai':24 'dell':20 'file':33 'ghz':8,17 'i3':5,14 'ims':36 'kskl':25 'lai':27 'met':23 'nguon':34 'phong':22 'pvweqa57':2 'ra':28 'ram':9,18 'soat':29 'tb':1 'technologies':21",AWOS IMS,INSPIRON 3020,,,141337b4-f2fa-4438-808f-0d10cfeedb85,,Xử lý trung tâm,CLA,,,,,,,,,,,,,,,,,,,,,,,san_sang,,f024c88e-8702-49c8-a302-15b93f6acb3c,,,,f,TB_CLA_083,6c9f84cf-ff6a-4b55-b023-8f387e6408dc,{},KHONG,,100,he_thong
fce10eb0-4660-4804-94b1-c836cc38d7ac,TB_FAJHCXJK,"Thiết bị đo độ cao chân mây (kèm theo phụ kiện lắp đặt, cáp tín hiệu, cáp bảo trì tiêu chuẩn).",1ef69ec2-6298-4c48-b931-aea3fa48c0fc,,"Thiết bị đo độ cao chân mây (kèm theo phụ kiện lắp đặt, cáp tín hiệu, cáp bảo trì tiêu chuẩn)",Vaisala,,a13f3116-f74d-4435-b248-5b458d9fead4,d7faf284-1a3a-4e53-9433-8476900a66e7,,,1ce915ed-07e9-4b65-9209-2652ffd9b681,f59bf0bd-520b-4245-80db-dc71b7187bf1,,Đề xuất: Khi có sự cố thì xuất kho Cty QLBMT thay thế sửa chữa | Hỏng hóc: 0 lần | VTDP: không | Niên hạn: Không,,,,,2026-07-11 09:50:09.894644+00,2026-08-11 04:37:10.204448+00,79b069cc-810c-41ab-9b03-9032c1804a5f,,e96be350-6615-441a-91f5-53ad976e91b3,"TB_FAJHCXJK Thiet bi do do cao chan may (kem theo phu kien lap dat, cap tin hieu, cap bao tri tieu chuan).  Thiet bi do do cao chan may (kem theo phu kien lap dat, cap tin hieu, cap bao tri tieu chuan) Vaisala   De xuat: Khi co su co thi xuat kho Cty QLBMT thay the sua chua | Hong hoc: 0 lan | VTDP: khong | Nien han: Khong","'0':63 'bao':20,41 'bi':4,25 'cao':7,28 'cap':16,19,37,40 'chan':8,29 'chua':60 'chuan':23,44 'co':49,51 'cty':55 'dat':15,36 'de':46 'do':5,6,26,27 'fajhcxjk':2 'han':68 'hieu':18,39 'hoc':62 'hong':61 'kem':10,31 'khi':48 'kho':54 'khong':66,69 'kien':13,34 'lan':64 'lap':14,35 'may':9,30 'nien':67 'phu':12,33 'qlbmt':56 'su':50 'sua':59 'tb':1 'thay':57 'the':58 'theo':11,32 'thi':52 'thiet':3,24 'tieu':22,43 'tin':17,38 'tri':21,42 'vaisala':45 'vtdp':65 'xuat':47,53",,CL31,2024,2025,f59bf0bd-520b-4245-80db-dc71b7187bf1,,,CR,,,,0.067,,,,,,,,,,,,,,,,,,,san_sang,,f024c88e-8702-49c8-a302-15b93f6acb3c,,,,f,TB_N1_AWOS_0059,ea627eb0-ef66-4fe6-8e23-e1bc7e36a7bd,{},KHONG,,83,he_thong
976c3df2-2c85-4780-92a3-232790cb887d,TB_07EDF68V,"Thiết bị đo độ cao chân mây (kèm theo phụ kiện lắp đặt, cáp tín hiệu, cáp bảo trì tiêu chuẩn).",1ef69ec2-6298-4c48-b931-aea3fa48c0fc,X1323864 / X1323861,"Thiết bị đo độ cao chân mây (kèm theo phụ kiện lắp đặt, cáp tín hiệu, cáp bảo trì tiêu chuẩn)",Vaisala,,a13f3116-f74d-4435-b248-5b458d9fead4,d7faf284-1a3a-4e53-9433-8476900a66e7,,,1ce915ed-07e9-4b65-9209-2652ffd9b681,f59bf0bd-520b-4245-80db-dc71b7187bf1,,Đề xuất: Khi có sự cố thì xuất kho Cty QLBMT thay thế sửa chữa | Hỏng hóc: 0 lần | VTDP: không | Niên hạn: Không,,,,,2026-07-11 09:50:09.894644+00,2026-08-11 04:37:10.204448+00,79b069cc-810c-41ab-9b03-9032c1804a5f,,e96be350-6615-441a-91f5-53ad976e91b3,"TB_07EDF68V Thiet bi do do cao chan may (kem theo phu kien lap dat, cap tin hieu, cap bao tri tieu chuan). X1323864 / X1323861 Thiet bi do do cao chan may (kem theo phu kien lap dat, cap tin hieu, cap bao tri tieu chuan) Vaisala   De xuat: Khi co su co thi xuat kho Cty QLBMT thay the sua chua | Hong hoc: 0 lan | VTDP: khong | Nien han: Khong","'0':65 '07edf68v':2 'bao':20,43 'bi':4,27 'cao':7,30 'cap':16,19,39,42 'chan':8,31 'chua':62 'chuan':23,46 'co':51,53 'cty':57 'dat':15,38 'de':48 'do':5,6,28,29 'han':70 'hieu':18,41 'hoc':64 'hong':63 'kem':10,33 'khi':50 'kho':56 'khong':68,71 'kien':13,36 'lan':66 'lap':14,37 'may':9,32 'nien':69 'phu':12,35 'qlbmt':58 'su':52 'sua':61 'tb':1 'thay':59 'the':60 'theo':11,34 'thi':54 'thiet':3,26 'tieu':22,45 'tin':17,40 'tri':21,44 'vaisala':47 'vtdp':67 'x1323861':25 'x1323864':24 'xuat':49,55",,CL31,2025,2025,f59bf0bd-520b-4245-80db-dc71b7187bf1,,,CR,,,,0.067,,,,,,,,,,,,,,,,,,,san_sang,,f024c88e-8702-49c8-a302-15b93f6acb3c,,,,f,TB_N1_AWOS_0060,ea627eb0-ef66-4fe6-8e23-e1bc7e36a7bd,{},KHONG,,100,he_thong
a59820ef-583d-4eab-8548-daf844d5f7e9,TB_44YJ2H0J,AC/DC converter,accf1740-4c18-4b9a-895f-59d85ba593b5,,Bộ chuyển đổi AC/DC,MeanWell,,ce27df84-7054-4032-bfe7-efdb0bd119f4,d7faf284-1a3a-4e53-9433-8476900a66e7,,,1ce915ed-07e9-4b65-9209-2652ffd9b681,581d9350-905f-46da-b45e-c2d8aba4d868,09,"Ra soat 2026-07-11, file nguon: PBA_AWOS900",,,,,2026-07-11 09:50:09.894644+00,2026-08-11 04:37:10.204448+00,0e8dbaf8-aa3e-4d9d-bab2-99b08381f6f9,,e96be350-6615-441a-91f5-53ad976e91b3,"TB_44YJ2H0J AC/DC converter  Bo chuyen doi AC/DC MeanWell  09 Ra soat 2026-07-11, file nguon: PBA_AWOS900","'-07':14 '-11':15 '09':10 '2026':13 '44yj2h0j':2 'ac/dc':3,8 'awos900':19 'bo':5 'chuyen':6 'converter':4 'doi':7 'file':16 'meanwell':9 'nguon':17 'pba':18 'ra':11 'soat':12 'tb':1",AWOS-900,AD-155A,,,581d9350-905f-46da-b45e-c2d8aba4d868,,Nguồn DC,PBA,,,,,,,,,,,,,,,,,,,,,,,san_sang,,f024c88e-8702-49c8-a302-15b93f6acb3c,,,,f,TB_PBA_044,c4920869-42f0-4b89-bdde-2a905c24a4af,{},KHONG,,83,he_thong
6cb8131a-2894-4fb8-b212-32e55fe7b7a1,TB_SPA79AVZ,AC/DC converter,accf1740-4c18-4b9a-895f-59d85ba593b5,,Bộ chuyển đổi AC/DC,MeanWell,,ce27df84-7054-4032-bfe7-efdb0bd119f4,d7faf284-1a3a-4e53-9433-8476900a66e7,,,1ce915ed-07e9-4b65-9209-2652ffd9b681,581d9350-905f-46da-b45e-c2d8aba4d868,27,"Ra soat 2026-07-11, file nguon: PBA_AWOS900",,,,,2026-07-11 09:50:09.894644+00,2026-08-11 04:37:10.204448+00,0e8dbaf8-aa3e-4d9d-bab2-99b08381f6f9,,e96be350-6615-441a-91f5-53ad976e91b3,"TB_SPA79AVZ AC/DC converter  Bo chuyen doi AC/DC MeanWell  27 Ra soat 2026-07-11, file nguon: PBA_AWOS900","'-07':14 '-11':15 '2026':13 '27':10 'ac/dc':3,8 'awos900':19 'bo':5 'chuyen':6 'converter':4 'doi':7 'file':16 'meanwell':9 'nguon':17 'pba':18 'ra':11 'soat':12 'spa79avz':2 'tb':1",AWOS-900,AD-155A,,,581d9350-905f-46da-b45e-c2d8aba4d868,,Nguồn DC,PBA,,,,,,,,,,,,,,,,,,,,,,,san_sang,,f024c88e-8702-49c8-a302-15b93f6acb3c,,,,f,TB_PBA_045,c4920869-42f0-4b89-bdde-2a905c24a4af,{},KHONG,,83,he_thong
89b0eac0-d99f-42c2-9f4c-beaba2f23fab,TB_YWMJ7SRG,Radio Modem MR400,ae03f513-6763-46f8-913d-91a103966947,,Radio Modem MR400,RACOM,,2236fe1c-6896-4157-a310-ae0e094233f6,d7faf284-1a3a-4e53-9433-8476900a66e7,,,1ce915ed-07e9-4b65-9209-2652ffd9b681,8b408897-b25d-4ece-91ba-d97dfacec283,Trạm 27 Celio,"Ra soat 2026-07-11, file nguon: PLK_IMS",,,,,2026-07-11 09:50:09.894644+00,2026-08-11 04:37:10.204448+00,ca029628-203c-4008-b4bc-89b0746a39c6,,e96be350-6615-441a-91f5-53ad976e91b3,"TB_YWMJ7SRG Radio Modem MR400  Radio Modem MR400 RACOM  Tram 27 Celio Ra soat 2026-07-11, file nguon: PLK_IMS","'-07':16 '-11':17 '2026':15 '27':11 'celio':12 'file':18 'ims':21 'modem':4,7 'mr400':5,8 'nguon':19 'plk':20 'ra':13 'racom':9 'radio':3,6 'soat':14 'tb':1 'tram':10 'ywmj7srg':2",AWOS IMS,MR400LIGHT,,,8b408897-b25d-4ece-91ba-d97dfacec283,,Truyền dẫn,PLK,,,,,,,,,,,,,,,,,,,,,,,san_sang,,f024c88e-8702-49c8-a302-15b93f6acb3c,,,,f,TB_PLK_002,2fb6f338-4535-4c98-9332-1487b9c18d5f,{},KHONG,,83,he_thong
004ee92a-4c3f-468a-ab96-619ffdc6ec18,TB_1R57VMCH,Bộ Charger -UHF,accf1740-4c18-4b9a-895f-59d85ba593b5,SC49OWO561,Nguồn AC/DC,MeanWell,,4fbd5536-e530-4f9b-97d3-d194186c33de,d7faf284-1a3a-4e53-9433-8476900a66e7,,,1ce915ed-07e9-4b65-9209-2652ffd9b681,141337b4-f2fa-4438-808f-0d10cfeedb85,Trạm  32,"Ra soat 2026-07-11, file nguon: CLA_IMS",,,,,2026-07-11 09:50:09.894644+00,2026-08-11 04:37:10.204448+00,0e8dbaf8-aa3e-4d9d-bab2-99b08381f6f9,,e96be350-6615-441a-91f5-53ad976e91b3,"TB_1R57VMCH Bo Charger -UHF SC49OWO561 Nguon AC/DC MeanWell  Tram  32 Ra soat 2026-07-11, file nguon: CLA_IMS","'-07':15 '-11':16 '1r57vmch':2 '2026':14 '32':11 'ac/dc':8 'bo':3 'charger':4 'cla':19 'file':17 'ims':20 'meanwell':9 'nguon':7,18 'ra':12 'sc49owo561':6 'soat':13 'tb':1 'tram':10 'uhf':5",AWOS IMS,PSC-100A-C,,,141337b4-f2fa-4438-808f-0d10cfeedb85,,Thiết bị nguồn,CLA,,,,,,,,,,,,,,,,,,,,,,,san_sang,,f024c88e-8702-49c8-a302-15b93f6acb3c,,,,f,TB_CLA_020,1f788dea-eb1c-47ba-9505-1b9eac11eea7,{},KHONG,,100,he_thong
10b94cec-f201-4c96-82ea-0efb9981a6ed,TB_JMHW09Q3,Adapter AC/DC 12V MDR-60-12,accf1740-4c18-4b9a-895f-59d85ba593b5,,Adapter AC/DC 12V MDR-60-12,MEAN WELL,,5ae20f2b-30dc-409c-95db-68b98b79c94e,d7faf284-1a3a-4e53-9433-8476900a66e7,,,1ce915ed-07e9-4b65-9209-2652ffd9b681,f59bf0bd-520b-4245-80db-dc71b7187bf1,,Hỏng hóc: 0 lần | Tình trạng: Khai thác bình thường | VTDP: Không có VTDP | Niên hạn: Không,,,,,2026-07-11 09:50:09.894644+00,2026-08-11 04:37:10.204448+00,0e8dbaf8-aa3e-4d9d-bab2-99b08381f6f9,,e96be350-6615-441a-91f5-53ad976e91b3,TB_JMHW09Q3 Adapter AC/DC 12V MDR-60-12  Adapter AC/DC 12V MDR-60-12 MEAN WELL   Hong hoc: 0 lan | Tinh trang: Khai thac binh thuong | VTDP: Khong co VTDP | Nien han: Khong,"'-12':8,14 '-60':7,13 '0':19 '12v':5,11 'ac/dc':4,10 'adapter':3,9 'binh':25 'co':29 'han':32 'hoc':18 'hong':17 'jmhw09q3':2 'khai':23 'khong':28,33 'lan':20 'mdr':6,12 'mean':15 'nien':31 'tb':1 'thac':24 'thuong':26 'tinh':21 'trang':22 'vtdp':27,30 'well':16",,MDR-60-12,2023,2024,f59bf0bd-520b-4245-80db-dc71b7187bf1,,,CR,,,,0.133,,,,,,,,,,,,,,,,,,,san_sang,,f024c88e-8702-49c8-a302-15b93f6acb3c,,,,f,TB_N1_AWOS_0085,17d36617-fde4-4c42-99bb-12101325d257,{},KHONG,,83,he_thong
0ee7e1a3-c6b3-47b4-a20e-3788d29d3fa3,TB_2B5DSX2T,AC/DC converter,accf1740-4c18-4b9a-895f-59d85ba593b5,Tủ DC,Bộ chuyển đổi AC/DC,MeanWell,,ce27df84-7054-4032-bfe7-efdb0bd119f4,d7faf284-1a3a-4e53-9433-8476900a66e7,,,1ce915ed-07e9-4b65-9209-2652ffd9b681,581d9350-905f-46da-b45e-c2d8aba4d868,Mid,"Ra soat 2026-07-11, file nguon: PBA_AWOS900",,,,,2026-07-11 09:50:09.894644+00,2026-08-11 04:37:10.204448+00,0e8dbaf8-aa3e-4d9d-bab2-99b08381f6f9,,e96be350-6615-441a-91f5-53ad976e91b3,"TB_2B5DSX2T AC/DC converter Tu DC Bo chuyen doi AC/DC MeanWell  Mid Ra soat 2026-07-11, file nguon: PBA_AWOS900","'-07':16 '-11':17 '2026':15 '2b5dsx2t':2 'ac/dc':3,10 'awos900':21 'bo':7 'chuyen':8 'converter':4 'dc':6 'doi':9 'file':18 'meanwell':11 'mid':12 'nguon':19 'pba':20 'ra':13 'soat':14 'tb':1 'tu':5",AWOS-900,AD-155A,,,581d9350-905f-46da-b45e-c2d8aba4d868,,Nguồn DC,PBA,,,,,,,,,,,,,,,,,,,,,,,san_sang,,f024c88e-8702-49c8-a302-15b93f6acb3c,,,,f,TB_PBA_046,c4920869-42f0-4b89-bdde-2a905c24a4af,{},KHONG,,100,he_thong
51d68109-a592-41c8-9f0a-00ca6838140c,TB_5B375DBP,Chống sét đường tín hiệu RS232,660f73b4-1975-4bde-8c87-810a23ef6e2c,,Chống sét đường tín hiệu RS232,Citel,,ce27df84-7054-4032-bfe7-efdb0bd119f4,d7faf284-1a3a-4e53-9433-8476900a66e7,,,1ce915ed-07e9-4b65-9209-2652ffd9b681,581d9350-905f-46da-b45e-c2d8aba4d868,09,"Ra soat 2026-07-11, file nguon: PBA_AWOS900",,,,,2026-07-11 09:50:09.894644+00,2026-08-11 04:37:10.204448+00,80666d25-731c-4de5-8d64-08488037258a,,e96be350-6615-441a-91f5-53ad976e91b3,"TB_5B375DBP Chong set duong tin hieu RS232  Chong set duong tin hieu RS232 Citel  09 Ra soat 2026-07-11, file nguon: PBA_AWOS900","'-07':20 '-11':21 '09':16 '2026':19 '5b375dbp':2 'awos900':25 'chong':3,9 'citel':15 'duong':5,11 'file':22 'hieu':7,13 'nguon':23 'pba':24 'ra':17 'rs232':8,14 'set':4,10 'soat':18 'tb':1 'tin':6,12",AWOS-900,DLA2-12D3,,,581d9350-905f-46da-b45e-c2d8aba4d868,,Chống sét,PBA,,,,,,,,,,,,,,,,,,,,,,,san_sang,,f024c88e-8702-49c8-a302-15b93f6acb3c,,,,f,TB_PBA_047,bead90c6-a65d-4305-90bc-b59f8d19d38e,{},KHONG,,83,he_thong
2f3561d8-5c56-4749-ada3-a51e3966273f,TB_FG0HQKEA,Chống sét đường tín hiệu RS232,660f73b4-1975-4bde-8c87-810a23ef6e2c,,Chống sét đường tín hiệu RS232,Citel,,ce27df84-7054-4032-bfe7-efdb0bd119f4,d7faf284-1a3a-4e53-9433-8476900a66e7,,,1ce915ed-07e9-4b65-9209-2652ffd9b681,581d9350-905f-46da-b45e-c2d8aba4d868,27,"Ra soat 2026-07-11, file nguon: PBA_AWOS900",,,,,2026-07-11 09:50:09.894644+00,2026-08-11 04:37:10.204448+00,80666d25-731c-4de5-8d64-08488037258a,,e96be350-6615-441a-91f5-53ad976e91b3,"TB_FG0HQKEA Chong set duong tin hieu RS232  Chong set duong tin hieu RS232 Citel  27 Ra soat 2026-07-11, file nguon: PBA_AWOS900","'-07':20 '-11':21 '2026':19 '27':16 'awos900':25 'chong':3,9 'citel':15 'duong':5,11 'fg0hqkea':2 'file':22 'hieu':7,13 'nguon':23 'pba':24 'ra':17 'rs232':8,14 'set':4,10 'soat':18 'tb':1 'tin':6,12",AWOS-900,DLA2-12D3,,,581d9350-905f-46da-b45e-c2d8aba4d868,,Chống sét,PBA,,,,,,,,,,,,,,,,,,,,,,,san_sang,,f024c88e-8702-49c8-a302-15b93f6acb3c,,,,f,TB_PBA_048,bead90c6-a65d-4305-90bc-b59f8d19d38e,{},KHONG,,83,he_thong
e1bda835-d0ab-4789-9646-ea8ac75154f3,TB_J83EWMN5,Adapter AC/DC 12V MDR-60-12,accf1740-4c18-4b9a-895f-59d85ba593b5,,Adapter AC/DC 12V MDR-60-12,MEAN WELL,,5ae20f2b-30dc-409c-95db-68b98b79c94e,d7faf284-1a3a-4e53-9433-8476900a66e7,,,1ce915ed-07e9-4b65-9209-2652ffd9b681,f59bf0bd-520b-4245-80db-dc71b7187bf1,,Hỏng hóc: 0 lần | Tình trạng: Khai thác bình thường | VTDP: Không có VTDP | Niên hạn: Không,,,,,2026-07-11 09:50:09.894644+00,2026-08-11 04:37:10.204448+00,0e8dbaf8-aa3e-4d9d-bab2-99b08381f6f9,,e96be350-6615-441a-91f5-53ad976e91b3,TB_J83EWMN5 Adapter AC/DC 12V MDR-60-12  Adapter AC/DC 12V MDR-60-12 MEAN WELL   Hong hoc: 0 lan | Tinh trang: Khai thac binh thuong | VTDP: Khong co VTDP | Nien han: Khong,"'-12':8,14 '-60':7,13 '0':19 '12v':5,11 'ac/dc':4,10 'adapter':3,9 'binh':25 'co':29 'han':32 'hoc':18 'hong':17 'j83ewmn5':2 'khai':23 'khong':28,33 'lan':20 'mdr':6,12 'mean':15 'nien':31 'tb':1 'thac':24 'thuong':26 'tinh':21 'trang':22 'vtdp':27,30 'well':16",,MDR-60-12,2023,2024,f59bf0bd-520b-4245-80db-dc71b7187bf1,,,CR,,,,0.250,,,,,,,,,,,,,,,,,,,san_sang,,f024c88e-8702-49c8-a302-15b93f6acb3c,,,,f,TB_N1_AWOS_0086,17d36617-fde4-4c42-99bb-12101325d257,{},KHONG,,83,he_thong
09a1959a-cc5e-44e2-8fd0-ef6786dbd91a,TB_85YJTNJ6,Hub 3Onedata,ae03f513-6763-46f8-913d-91a103966947,,Hub 3Onedata,3Onedata,,a0625061-0c6d-4e0b-b438-d696787ad746,d7faf284-1a3a-4e53-9433-8476900a66e7,,,1ce915ed-07e9-4b65-9209-2652ffd9b681,65ac5e26-b0a7-487e-a72d-3f0dfc3facc2,Trạm MID,"Ra soat 2026-07-11, file nguon: BDKT_OPTIMET",,,,,2026-07-11 09:50:09.894644+00,2026-08-11 04:37:10.204448+00,7c809d84-88ee-4505-9e8e-d5f291ec5afd,,e96be350-6615-441a-91f5-53ad976e91b3,"TB_85YJTNJ6 Hub 3Onedata  Hub 3Onedata 3Onedata  Tram MID Ra soat 2026-07-11, file nguon: BDKT_OPTIMET","'-07':13 '-11':14 '2026':12 '3onedata':4,6,7 '85yjtnj6':2 'bdkt':17 'file':15 'hub':3,5 'mid':9 'nguon':16 'optimet':18 'ra':10 'soat':11 'tb':1 'tram':8",Optimet,IES318,,,65ac5e26-b0a7-487e-a72d-3f0dfc3facc2,,Truyền dẫn,BDKT-KTKT,,,,,,,,,,,,,,,,,,,,,,,san_sang,,f024c88e-8702-49c8-a302-15b93f6acb3c,,,,f,TB_BDKT_KTKT_022,bbddb877-fc01-480b-b5a3-fbb571c2a74d,{},KHONG,,83,he_thong
322c5b01-9e65-4a6b-adbe-db654306ec68,TB_CS2WMHPH,Chống sét đường tín hiệu RS232,660f73b4-1975-4bde-8c87-810a23ef6e2c,,Chống sét đường tín hiệu RS232,Citel,,ce27df84-7054-4032-bfe7-efdb0bd119f4,d7faf284-1a3a-4e53-9433-8476900a66e7,,,1ce915ed-07e9-4b65-9209-2652ffd9b681,581d9350-905f-46da-b45e-c2d8aba4d868,Mid,"Ra soat 2026-07-11, file nguon: PBA_AWOS900",,,,,2026-07-11 09:50:09.894644+00,2026-08-11 04:37:10.204448+00,80666d25-731c-4de5-8d64-08488037258a,,e96be350-6615-441a-91f5-53ad976e91b3,"TB_CS2WMHPH Chong set duong tin hieu RS232  Chong set duong tin hieu RS232 Citel  Mid Ra soat 2026-07-11, file nguon: PBA_AWOS900","'-07':20 '-11':21 '2026':19 'awos900':25 'chong':3,9 'citel':15 'cs2wmhph':2 'duong':5,11 'file':22 'hieu':7,13 'mid':16 'nguon':23 'pba':24 'ra':17 'rs232':8,14 'set':4,10 'soat':18 'tb':1 'tin':6,12",AWOS-900,DLA2-12D3,,,581d9350-905f-46da-b45e-c2d8aba4d868,,Chống sét,PBA,,,,,,,,,,,,,,,,,,,,,,,san_sang,,f024c88e-8702-49c8-a302-15b93f6acb3c,,,,f,TB_PBA_049,bead90c6-a65d-4305-90bc-b59f8d19d38e,{},KHONG,,83,he_thong
fb920c61-c016-4c2c-a19c-876ccf15ebc8,TB_ZBVX6KHX,Thiết bị Serial to Ethernet,ae03f513-6763-46f8-913d-91a103966947,,Converter Nport IA5250,Moxa,,ebc4a136-c5e7-4f7d-abfc-e3ddea655b8c,d7faf284-1a3a-4e53-9433-8476900a66e7,,,1ce915ed-07e9-4b65-9209-2652ffd9b681,46e84da7-5a8b-4a79-aa46-2fb4bae1ff26,QUANG-15,"Ra soat 2026-07-11, file nguon: PCA_IMS",,,,,2026-07-11 09:50:09.894644+00,2026-08-11 04:37:10.204448+00,a5454b1e-b677-4fd8-8494-b4c080de867d,,e96be350-6615-441a-91f5-53ad976e91b3,"TB_ZBVX6KHX Thiet bi Serial to Ethernet  Converter Nport IA5250 Moxa  QUANG-15 Ra soat 2026-07-11, file nguon: PCA_IMS",'-07':17 '-11':18 '-15':13 '2026':16 'bi':4 'converter':8 'ethernet':7 'file':19 'ia5250':10 'ims':22 'moxa':11 'nguon':20 'nport':9 'pca':21 'quang':12 'ra':14 'serial':5 'soat':15 'tb':1 'thiet':3 'to':6 'zbvx6khx':2,AWOS-IMS,IA5250,,,46e84da7-5a8b-4a79-aa46-2fb4bae1ff26,,Truyền dẫn,PCA,,,,,,,,,,,,,,,,,,,,,,,san_sang,,f024c88e-8702-49c8-a302-15b93f6acb3c,,,,f,TB_PCA_069,a16ee536-405c-41aa-8c3e-e2a64c300364,{},KHONG,,83,he_thong
ae49f502-cb34-4eb0-8355-72a8a1fa3712,TB_1TYTR10D,Switch,ae03f513-6763-46f8-913d-91a103966947,,Switch tích hợp cổng quang,Moxa,,ebc4a136-c5e7-4f7d-abfc-e3ddea655b8c,d7faf284-1a3a-4e53-9433-8476900a66e7,,,1ce915ed-07e9-4b65-9209-2652ffd9b681,46e84da7-5a8b-4a79-aa46-2fb4bae1ff26,UHF-15,"Ra soat 2026-07-11, file nguon: PCA_IMS",,,,,2026-07-11 09:50:09.894644+00,2026-08-11 04:37:10.204448+00,a5454b1e-b677-4fd8-8494-b4c080de867d,,e96be350-6615-441a-91f5-53ad976e91b3,"TB_1TYTR10D Switch  Switch tich hop cong quang Moxa  UHF-15 Ra soat 2026-07-11, file nguon: PCA_IMS","'-07':15 '-11':16 '-15':11 '1tytr10d':2 '2026':14 'cong':7 'file':17 'hop':6 'ims':20 'moxa':9 'nguon':18 'pca':19 'quang':8 'ra':12 'soat':13 'switch':3,4 'tb':1 'tich':5 'uhf':10",AWOS-IMS,EDS-208A,,,46e84da7-5a8b-4a79-aa46-2fb4bae1ff26,,Truyền dẫn,PCA,,,,,,,,,,,,,,,,,,,,,,,san_sang,,f024c88e-8702-49c8-a302-15b93f6acb3c,,,,f,TB_PCA_085,9fc5b9f4-c81a-4994-b98c-570785b37e5a,{},KHONG,,83,he_thong
caa46e54-5e6b-4baf-9060-06478560a13a,TB_RWRNXBH8,Switch,ae03f513-6763-46f8-913d-91a103966947,,Switch tích hợp cổng quang,Moxa,,ebc4a136-c5e7-4f7d-abfc-e3ddea655b8c,d7faf284-1a3a-4e53-9433-8476900a66e7,,,1ce915ed-07e9-4b65-9209-2652ffd9b681,46e84da7-5a8b-4a79-aa46-2fb4bae1ff26,UHF-33,"Ra soat 2026-07-11, file nguon: PCA_IMS",,,,,2026-07-11 09:50:09.894644+00,2026-08-11 04:37:10.204448+00,a5454b1e-b677-4fd8-8494-b4c080de867d,,e96be350-6615-441a-91f5-53ad976e91b3,"TB_RWRNXBH8 Switch  Switch tich hop cong quang Moxa  UHF-33 Ra soat 2026-07-11, file nguon: PCA_IMS","'-07':15 '-11':16 '-33':11 '2026':14 'cong':7 'file':17 'hop':6 'ims':20 'moxa':9 'nguon':18 'pca':19 'quang':8 'ra':12 'rwrnxbh8':2 'soat':13 'switch':3,4 'tb':1 'tich':5 'uhf':10",AWOS-IMS,EDS-208A,,,46e84da7-5a8b-4a79-aa46-2fb4bae1ff26,,Truyền dẫn,PCA,,,,,,,,,,,,,,,,,,,,,,,san_sang,,f024c88e-8702-49c8-a302-15b93f6acb3c,,,,f,TB_PCA_086,9fc5b9f4-c81a-4994-b98c-570785b37e5a,{},KHONG,,83,he_thong
7a43bdca-f080-4274-8c6f-9fcd5a94f50d,TB_Q93PW4JB,Media Converter,ae03f513-6763-46f8-913d-91a103966947,,Media Converter,Moxa,,ce27df84-7054-4032-bfe7-efdb0bd119f4,d7faf284-1a3a-4e53-9433-8476900a66e7,,,1ce915ed-07e9-4b65-9209-2652ffd9b681,581d9350-905f-46da-b45e-c2d8aba4d868,Ceilo 09,"Ra soat 2026-07-11, file nguon: PBA_AWOS900",,,,,2026-07-11 09:50:09.894644+00,2026-08-11 04:37:10.204448+00,a5454b1e-b677-4fd8-8494-b4c080de867d,,e96be350-6615-441a-91f5-53ad976e91b3,"TB_Q93PW4JB Media Converter  Media Converter Moxa  Ceilo 09 Ra soat 2026-07-11, file nguon: PBA_AWOS900","'-07':13 '-11':14 '09':9 '2026':12 'awos900':18 'ceilo':8 'converter':4,6 'file':15 'media':3,5 'moxa':7 'nguon':16 'pba':17 'q93pw4jb':2 'ra':10 'soat':11 'tb':1",AWOS-900,TCF-142-S,,,581d9350-905f-46da-b45e-c2d8aba4d868,,Truyền dẫn,PBA,,,,,,,,,,,,,,,,,,,,,,,san_sang,,f024c88e-8702-49c8-a302-15b93f6acb3c,,,,f,TB_PBA_011,59726500-96ec-4bb6-b155-aa865356f1c5,{},KHONG,,83,he_thong
44e423d2-1f78-4620-8f9d-96c1419efcab,TB_CD7TAH0J,Media Converter,ae03f513-6763-46f8-913d-91a103966947,Tủ DC(DCP-Server),Media Converter,Moxa,,ce27df84-7054-4032-bfe7-efdb0bd119f4,d7faf284-1a3a-4e53-9433-8476900a66e7,,,1ce915ed-07e9-4b65-9209-2652ffd9b681,581d9350-905f-46da-b45e-c2d8aba4d868,09,"Ra soat 2026-07-11, file nguon: PBA_AWOS900",,,,,2026-07-11 09:50:09.894644+00,2026-08-11 04:37:10.204448+00,a5454b1e-b677-4fd8-8494-b4c080de867d,,e96be350-6615-441a-91f5-53ad976e91b3,"TB_CD7TAH0J Media Converter Tu DC(DCP-Server) Media Converter Moxa  09 Ra soat 2026-07-11, file nguon: PBA_AWOS900","'-07':17 '-11':18 '09':13 '2026':16 'awos900':22 'cd7tah0j':2 'converter':4,11 'dc':6 'dcp':8 'dcp-server':7 'file':19 'media':3,10 'moxa':12 'nguon':20 'pba':21 'ra':14 'server':9 'soat':15 'tb':1 'tu':5",AWOS-900,TCF-142-S,,,581d9350-905f-46da-b45e-c2d8aba4d868,,Truyền dẫn,PBA,,,,,,,,,,,,,,,,,,,,,,,san_sang,,f024c88e-8702-49c8-a302-15b93f6acb3c,,,,f,TB_PBA_012,59726500-96ec-4bb6-b155-aa865356f1c5,{},KHONG,,100,he_thong
9c7f7445-ad3e-430e-92ad-2416b0ec101e,TB_W3YB7DAZ,Bộ chuyển đổi tín hiệu RS232-Fiber,ae03f513-6763-46f8-913d-91a103966947,,Bộ chuyển đổi tín hiệu RS232-Fiber,Moxa,,2236fe1c-6896-4157-a310-ae0e094233f6,d7faf284-1a3a-4e53-9433-8476900a66e7,,,1ce915ed-07e9-4b65-9209-2652ffd9b681,8b408897-b25d-4ece-91ba-d97dfacec283,Trạm 27,"Ra soat 2026-07-11, file nguon: PLK_IMS",,,,,2026-07-11 09:50:09.894644+00,2026-08-11 04:37:10.204448+00,a5454b1e-b677-4fd8-8494-b4c080de867d,,e96be350-6615-441a-91f5-53ad976e91b3,"TB_W3YB7DAZ Bo chuyen doi tin hieu RS232-Fiber  Bo chuyen doi tin hieu RS232-Fiber Moxa  Tram 27 Ra soat 2026-07-11, file nguon: PLK_IMS","'-07':25 '-11':26 '2026':24 '27':21 'bo':3,11 'chuyen':4,12 'doi':5,13 'fiber':10,18 'file':27 'hieu':7,15 'ims':30 'moxa':19 'nguon':28 'plk':29 'ra':22 'rs232':9,17 'rs232-fiber':8,16 'soat':23 'tb':1 'tin':6,14 'tram':20 'w3yb7daz':2",AWOS IMS,TCF-142,,,8b408897-b25d-4ece-91ba-d97dfacec283,,Truyền dẫn,PLK,,,,,,,,,,,,,,,,,,,,,,,san_sang,,f024c88e-8702-49c8-a302-15b93f6acb3c,,,,f,TB_PLK_014,342e8166-8425-426c-9d6e-9ccab64f9418,{},KHONG,,83,he_thong
717d63a6-0f61-45f3-8f59-49defc94cb5d,TB_XXBMZZKM,Cảm biến ánh sáng nền,98c88d39-bf0f-43c7-83a2-ca5d266ba54f,,Cảm biến đo ánh sáng nền,Biral,,2236fe1c-6896-4157-a310-ae0e094233f6,d7faf284-1a3a-4e53-9433-8476900a66e7,,,1ce915ed-07e9-4b65-9209-2652ffd9b681,8b408897-b25d-4ece-91ba-d97dfacec283,Trạm 27,"Ra soat 2026-07-11, file nguon: PLK_IMS",,,,,2026-07-11 09:50:09.894644+00,2026-08-11 04:37:10.204448+00,b7f4a9b7-d8ca-434b-b11c-5e4a13a35ad1,,e96be350-6615-441a-91f5-53ad976e91b3,"TB_XXBMZZKM Cam bien anh sang nen  Cam bien do anh sang nen Biral  Tram 27 Ra soat 2026-07-11, file nguon: PLK_IMS","'-07':20 '-11':21 '2026':19 '27':16 'anh':5,11 'bien':4,9 'biral':14 'cam':3,8 'do':10 'file':22 'ims':25 'nen':7,13 'nguon':23 'plk':24 'ra':17 'sang':6,12 'soat':18 'tb':1 'tram':15 'xxbmzzkm':2",AWOS IMS,ALS-2,,,8b408897-b25d-4ece-91ba-d97dfacec283,,Cảm biến,PLK,,,,,,,,,,,,,,,,,,,,,,,san_sang,,f024c88e-8702-49c8-a302-15b93f6acb3c,,,,f,TB_PLK_012,5b400d04-826b-4049-a257-df1f3c61c619,{},KHONG,,83,he_thong
0935036d-08ac-4da3-b51d-c0a3a521edde,TB_ZCT73347,Bộ chuyển đổi tín hiệu RS232-Fiber,ae03f513-6763-46f8-913d-91a103966947,,Bộ chuyển đổi tín hiệu RS232-Fiber,Moxa,,2236fe1c-6896-4157-a310-ae0e094233f6,d7faf284-1a3a-4e53-9433-8476900a66e7,,,1ce915ed-07e9-4b65-9209-2652ffd9b681,8b408897-b25d-4ece-91ba-d97dfacec283,Trạm 27,"Ra soat 2026-07-11, file nguon: PLK_IMS",,,,,2026-07-11 09:50:09.894644+00,2026-08-11 04:37:10.204448+00,a5454b1e-b677-4fd8-8494-b4c080de867d,,e96be350-6615-441a-91f5-53ad976e91b3,"TB_ZCT73347 Bo chuyen doi tin hieu RS232-Fiber  Bo chuyen doi tin hieu RS232-Fiber Moxa  Tram 27 Ra soat 2026-07-11, file nguon: PLK_IMS","'-07':25 '-11':26 '2026':24 '27':21 'bo':3,11 'chuyen':4,12 'doi':5,13 'fiber':10,18 'file':27 'hieu':7,15 'ims':30 'moxa':19 'nguon':28 'plk':29 'ra':22 'rs232':9,17 'rs232-fiber':8,16 'soat':23 'tb':1 'tin':6,14 'tram':20 'zct73347':2",AWOS IMS,TCF-142,,,8b408897-b25d-4ece-91ba-d97dfacec283,,Truyền dẫn,PLK,,,,,,,,,,,,,,,,,,,,,,,san_sang,,f024c88e-8702-49c8-a302-15b93f6acb3c,,,,f,TB_PLK_015,342e8166-8425-426c-9d6e-9ccab64f9418,{},KHONG,,83,he_thong
3ed7b0a6-ff84-4520-8a14-78b2aa13ddc1,TB_AXAHS7JV,Bộ chuyển đổi tín hiệu RS232-Fiber,ae03f513-6763-46f8-913d-91a103966947,,Bộ chuyển đổi tín hiệu RS232-Fiber,Moxa,,2236fe1c-6896-4157-a310-ae0e094233f6,d7faf284-1a3a-4e53-9433-8476900a66e7,,,1ce915ed-07e9-4b65-9209-2652ffd9b681,8b408897-b25d-4ece-91ba-d97dfacec283,Trạm MID,"Ra soat 2026-07-11, file nguon: PLK_IMS",,,,,2026-07-11 09:50:09.894644+00,2026-08-11 04:37:10.204448+00,a5454b1e-b677-4fd8-8494-b4c080de867d,,e96be350-6615-441a-91f5-53ad976e91b3,"TB_AXAHS7JV Bo chuyen doi tin hieu RS232-Fiber  Bo chuyen doi tin hieu RS232-Fiber Moxa  Tram MID Ra soat 2026-07-11, file nguon: PLK_IMS","'-07':25 '-11':26 '2026':24 'axahs7jv':2 'bo':3,11 'chuyen':4,12 'doi':5,13 'fiber':10,18 'file':27 'hieu':7,15 'ims':30 'mid':21 'moxa':19 'nguon':28 'plk':29 'ra':22 'rs232':9,17 'rs232-fiber':8,16 'soat':23 'tb':1 'tin':6,14 'tram':20",AWOS IMS,TCF-142,,,8b408897-b25d-4ece-91ba-d97dfacec283,,Truyền dẫn,PLK,,,,,,,,,,,,,,,,,,,,,,,san_sang,,f024c88e-8702-49c8-a302-15b93f6acb3c,,,,f,TB_PLK_031,342e8166-8425-426c-9d6e-9ccab64f9418,{},KHONG,,83,he_thong
7d34abeb-96c8-4dfd-ae1e-57e6734be3f8,TB_QADKKBFF,Bộ chuyển đổi tín hiệu RS232-Fiber,ae03f513-6763-46f8-913d-91a103966947,,Bộ chuyển đổi tín hiệu RS232-Fiber,Moxa,,2236fe1c-6896-4157-a310-ae0e094233f6,d7faf284-1a3a-4e53-9433-8476900a66e7,,,1ce915ed-07e9-4b65-9209-2652ffd9b681,8b408897-b25d-4ece-91ba-d97dfacec283,Trạm MID,"Ra soat 2026-07-11, file nguon: PLK_IMS",,,,,2026-07-11 09:50:09.894644+00,2026-08-11 04:37:10.204448+00,a5454b1e-b677-4fd8-8494-b4c080de867d,,e96be350-6615-441a-91f5-53ad976e91b3,"TB_QADKKBFF Bo chuyen doi tin hieu RS232-Fiber  Bo chuyen doi tin hieu RS232-Fiber Moxa  Tram MID Ra soat 2026-07-11, file nguon: PLK_IMS","'-07':25 '-11':26 '2026':24 'bo':3,11 'chuyen':4,12 'doi':5,13 'fiber':10,18 'file':27 'hieu':7,15 'ims':30 'mid':21 'moxa':19 'nguon':28 'plk':29 'qadkkbff':2 'ra':22 'rs232':9,17 'rs232-fiber':8,16 'soat':23 'tb':1 'tin':6,14 'tram':20",AWOS IMS,TCF-142,,,8b408897-b25d-4ece-91ba-d97dfacec283,,Truyền dẫn,PLK,,,,,,,,,,,,,,,,,,,,,,,san_sang,,f024c88e-8702-49c8-a302-15b93f6acb3c,,,,f,TB_PLK_032,342e8166-8425-426c-9d6e-9ccab64f9418,{},KHONG,,83,he_thong
6db46895-01d3-43fe-a1ae-8d15460e4c4e,TB_33ZZSEYS,Bộ chuyển đổi tín hiệu RS232-Fiber,ae03f513-6763-46f8-913d-91a103966947,,Bộ chuyển đổi tín hiệu RS232-Fiber,Moxa,,2236fe1c-6896-4157-a310-ae0e094233f6,d7faf284-1a3a-4e53-9433-8476900a66e7,,,1ce915ed-07e9-4b65-9209-2652ffd9b681,8b408897-b25d-4ece-91ba-d97dfacec283,Trạm MID,"Ra soat 2026-07-11, file nguon: PLK_IMS",,,,,2026-07-11 09:50:09.894644+00,2026-08-11 04:37:10.204448+00,a5454b1e-b677-4fd8-8494-b4c080de867d,,e96be350-6615-441a-91f5-53ad976e91b3,"TB_33ZZSEYS Bo chuyen doi tin hieu RS232-Fiber  Bo chuyen doi tin hieu RS232-Fiber Moxa  Tram MID Ra soat 2026-07-11, file nguon: PLK_IMS","'-07':25 '-11':26 '2026':24 '33zzseys':2 'bo':3,11 'chuyen':4,12 'doi':5,13 'fiber':10,18 'file':27 'hieu':7,15 'ims':30 'mid':21 'moxa':19 'nguon':28 'plk':29 'ra':22 'rs232':9,17 'rs232-fiber':8,16 'soat':23 'tb':1 'tin':6,14 'tram':20",AWOS IMS,TCF-142,,,8b408897-b25d-4ece-91ba-d97dfacec283,,Truyền dẫn,PLK,,,,,,,,,,,,,,,,,,,,,,,san_sang,,f024c88e-8702-49c8-a302-15b93f6acb3c,,,,f,TB_PLK_033,342e8166-8425-426c-9d6e-9ccab64f9418,{},KHONG,,83,he_thong
7d41d81d-7866-412f-9b8f-3aa98d74192d,TB_EH5F5W13,Bộ chuyển đổi tín hiệu RS232-Fiber,ae03f513-6763-46f8-913d-91a103966947,,Bộ chuyển đổi tín hiệu RS232-Fiber,Moxa,,2236fe1c-6896-4157-a310-ae0e094233f6,d7faf284-1a3a-4e53-9433-8476900a66e7,,,1ce915ed-07e9-4b65-9209-2652ffd9b681,8b408897-b25d-4ece-91ba-d97dfacec283,Trạm MID,"Ra soat 2026-07-11, file nguon: PLK_IMS",,,,,2026-07-11 09:50:09.894644+00,2026-08-11 04:37:10.204448+00,a5454b1e-b677-4fd8-8494-b4c080de867d,,e96be350-6615-441a-91f5-53ad976e91b3,"TB_EH5F5W13 Bo chuyen doi tin hieu RS232-Fiber  Bo chuyen doi tin hieu RS232-Fiber Moxa  Tram MID Ra soat 2026-07-11, file nguon: PLK_IMS","'-07':25 '-11':26 '2026':24 'bo':3,11 'chuyen':4,12 'doi':5,13 'eh5f5w13':2 'fiber':10,18 'file':27 'hieu':7,15 'ims':30 'mid':21 'moxa':19 'nguon':28 'plk':29 'ra':22 'rs232':9,17 'rs232-fiber':8,16 'soat':23 'tb':1 'tin':6,14 'tram':20",AWOS IMS,TCF-142,,,8b408897-b25d-4ece-91ba-d97dfacec283,,Truyền dẫn,PLK,,,,,,,,,,,,,,,,,,,,,,,san_sang,,f024c88e-8702-49c8-a302-15b93f6acb3c,,,,f,TB_PLK_040,342e8166-8425-426c-9d6e-9ccab64f9418,{},KHONG,,83,he_thong
97a3d6fe-e8e9-46f8-9e30-eb681f9db0b8,TB_WGE8HSHX,Bộ chuyển đổi tín hiệu RS232-Fiber,ae03f513-6763-46f8-913d-91a103966947,,Bộ chuyển đổi tín hiệu RS232-Fiber,Moxa,,2236fe1c-6896-4157-a310-ae0e094233f6,d7faf284-1a3a-4e53-9433-8476900a66e7,,,1ce915ed-07e9-4b65-9209-2652ffd9b681,8b408897-b25d-4ece-91ba-d97dfacec283,Trạm MID,"Ra soat 2026-07-11, file nguon: PLK_IMS",,,,,2026-07-11 09:50:09.894644+00,2026-08-11 04:37:10.204448+00,a5454b1e-b677-4fd8-8494-b4c080de867d,,e96be350-6615-441a-91f5-53ad976e91b3,"TB_WGE8HSHX Bo chuyen doi tin hieu RS232-Fiber  Bo chuyen doi tin hieu RS232-Fiber Moxa  Tram MID Ra soat 2026-07-11, file nguon: PLK_IMS","'-07':25 '-11':26 '2026':24 'bo':3,11 'chuyen':4,12 'doi':5,13 'fiber':10,18 'file':27 'hieu':7,15 'ims':30 'mid':21 'moxa':19 'nguon':28 'plk':29 'ra':22 'rs232':9,17 'rs232-fiber':8,16 'soat':23 'tb':1 'tin':6,14 'tram':20 'wge8hshx':2",AWOS IMS,TCF-142,,,8b408897-b25d-4ece-91ba-d97dfacec283,,Truyền dẫn,PLK,,,,,,,,,,,,,,,,,,,,,,,san_sang,,f024c88e-8702-49c8-a302-15b93f6acb3c,,,,f,TB_PLK_054,342e8166-8425-426c-9d6e-9ccab64f9418,{},KHONG,,83,he_thong
993ca794-8c07-4fa6-8807-9fd30526bbf1,TB_000ZM3XS,Bộ chuyển đổi tín hiệu RS232-Fiber,ae03f513-6763-46f8-913d-91a103966947,,Bộ chuyển đổi tín hiệu RS232-Fiber,Moxa,,2236fe1c-6896-4157-a310-ae0e094233f6,d7faf284-1a3a-4e53-9433-8476900a66e7,,,1ce915ed-07e9-4b65-9209-2652ffd9b681,8b408897-b25d-4ece-91ba-d97dfacec283,Trạm 09,"Ra soat 2026-07-11, file nguon: PLK_IMS",,,,,2026-07-11 09:50:09.894644+00,2026-08-11 04:37:10.204448+00,a5454b1e-b677-4fd8-8494-b4c080de867d,,e96be350-6615-441a-91f5-53ad976e91b3,"TB_000ZM3XS Bo chuyen doi tin hieu RS232-Fiber  Bo chuyen doi tin hieu RS232-Fiber Moxa  Tram 09 Ra soat 2026-07-11, file nguon: PLK_IMS","'-07':25 '-11':26 '000zm3xs':2 '09':21 '2026':24 'bo':3,11 'chuyen':4,12 'doi':5,13 'fiber':10,18 'file':27 'hieu':7,15 'ims':30 'moxa':19 'nguon':28 'plk':29 'ra':22 'rs232':9,17 'rs232-fiber':8,16 'soat':23 'tb':1 'tin':6,14 'tram':20",AWOS IMS,TCF-142,,,8b408897-b25d-4ece-91ba-d97dfacec283,,Truyền dẫn,PLK,,,,,,,,,,,,,,,,,,,,,,,san_sang,,f024c88e-8702-49c8-a302-15b93f6acb3c,,,,f,TB_PLK_070,342e8166-8425-426c-9d6e-9ccab64f9418,{},KHONG,,83,he_thong
87b8ed93-b121-4a27-8b9b-222e653be45e,TB_XAYAQ67A,Bộ chuyển đổi tín hiệu RS232-Fiber,ae03f513-6763-46f8-913d-91a103966947,,Bộ chuyển đổi tín hiệu RS232-Fiber,Moxa,,2236fe1c-6896-4157-a310-ae0e094233f6,d7faf284-1a3a-4e53-9433-8476900a66e7,,,1ce915ed-07e9-4b65-9209-2652ffd9b681,8b408897-b25d-4ece-91ba-d97dfacec283,Trạm 09,"Ra soat 2026-07-11, file nguon: PLK_IMS",,,,,2026-07-11 09:50:09.894644+00,2026-08-11 04:37:10.204448+00,a5454b1e-b677-4fd8-8494-b4c080de867d,,e96be350-6615-441a-91f5-53ad976e91b3,"TB_XAYAQ67A Bo chuyen doi tin hieu RS232-Fiber  Bo chuyen doi tin hieu RS232-Fiber Moxa  Tram 09 Ra soat 2026-07-11, file nguon: PLK_IMS","'-07':25 '-11':26 '09':21 '2026':24 'bo':3,11 'chuyen':4,12 'doi':5,13 'fiber':10,18 'file':27 'hieu':7,15 'ims':30 'moxa':19 'nguon':28 'plk':29 'ra':22 'rs232':9,17 'rs232-fiber':8,16 'soat':23 'tb':1 'tin':6,14 'tram':20 'xayaq67a':2",AWOS IMS,TCF-142,,,8b408897-b25d-4ece-91ba-d97dfacec283,,Truyền dẫn,PLK,,,,,,,,,,,,,,,,,,,,,,,san_sang,,f024c88e-8702-49c8-a302-15b93f6acb3c,,,,f,TB_PLK_071,342e8166-8425-426c-9d6e-9ccab64f9418,{},KHONG,,83,he_thong
a93ed061-1b2b-47da-9e7a-7fb193d583c1,TB_MY9D6X0Z,Khí áp kế,98c88d39-bf0f-43c7-83a2-ca5d266ba54f,V0821322,Cảm biến đo khí áp,Vaisala,,4fbd5536-e530-4f9b-97d3-d194186c33de,d7faf284-1a3a-4e53-9433-8476900a66e7,,,1ce915ed-07e9-4b65-9209-2652ffd9b681,141337b4-f2fa-4438-808f-0d10cfeedb85,TWR - Đài KSKL CHU LAI,"Ra soat 2026-07-11, file nguon: CLA_IMS",,,,,2026-07-11 09:50:09.894644+00,2026-08-11 04:37:10.204448+00,79b069cc-810c-41ab-9b03-9032c1804a5f,,e96be350-6615-441a-91f5-53ad976e91b3,"TB_MY9D6X0Z Khi ap ke V0821322 Cam bien do khi ap Vaisala  TWR - Dai KSKL CHU LAI Ra soat 2026-07-11, file nguon: CLA_IMS","'-07':21 '-11':22 '2026':20 'ap':4,11 'bien':8 'cam':7 'chu':16 'cla':25 'dai':14 'do':9 'file':23 'ims':26 'ke':5 'khi':3,10 'kskl':15 'lai':17 'my9d6x0z':2 'nguon':24 'ra':18 'soat':19 'tb':1 'twr':13 'v0821322':6 'vaisala':12",THIẾT BỊ QUAN TRẮC THÔNG DỤNG,PTB330,,,141337b4-f2fa-4438-808f-0d10cfeedb85,,Cảm biến,CLA,,,,,,,,,,,,,,,,,,,,,,,san_sang,,f024c88e-8702-49c8-a302-15b93f6acb3c,,,,f,TB_CLA_092,d61e21eb-ca7b-4dba-96ac-5f4be0bf3c81,{},KHONG,,100,he_thong
cc555ae4-7eab-496c-92b1-636ff454f3b2,TB_RY5FFQKE,Cắt lọc sét nguồn AC,660f73b4-1975-4bde-8c87-810a23ef6e2c,,Cắt lọc sét nguồn AC,Phoenix Contact,,a0625061-0c6d-4e0b-b438-d696787ad746,d7faf284-1a3a-4e53-9433-8476900a66e7,,,1ce915ed-07e9-4b65-9209-2652ffd9b681,65ac5e26-b0a7-487e-a72d-3f0dfc3facc2,Trạm 35,"Ra soat 2026-07-11, file nguon: BDKT_OPTIMET",,,,,2026-07-11 09:50:09.894644+00,2026-08-11 04:37:10.204448+00,86f5add6-5fcf-4fca-b430-79f8306fb1f5,,3f302563-bdbb-443d-911f-b0058e38db42,"TB_RY5FFQKE Cat loc set nguon AC  Cat loc set nguon AC Phoenix Contact  Tram 35 Ra soat 2026-07-11, file nguon: BDKT_OPTIMET","'-07':20 '-11':21 '2026':19 '35':16 'ac':7,12 'bdkt':24 'cat':3,8 'contact':14 'file':22 'loc':4,9 'nguon':6,11,23 'optimet':25 'phoenix':13 'ra':17 'ry5ffqke':2 'set':5,10 'soat':18 'tb':1 'tram':15",Optimet,VAL-SEC-T2-1S-350-FM,,,65ac5e26-b0a7-487e-a72d-3f0dfc3facc2,,Cắt lọc sét,BDKT-KTKT,,,,,,,,,,,,,,,,,,,,,,,san_sang,,f024c88e-8702-49c8-a302-15b93f6acb3c,,,,f,TB_BDKT_KTKT_049,500f56a6-5c9d-4482-bfa1-6fede7ded405,{},KHONG,,83,he_thong
f63c4bc3-5869-46f3-b3d2-d0e26a6fb0e5,TB_88589TCK,Thiết bị mạng kết nối các máy chủ và các máy tính đầu cuối (gồm 02 bộ Switch),ae03f513-6763-46f8-913d-91a103966947,- DNI285102JC (T22) / - DNI274502AC (T22),Thiết bị mạng kết nối các máy chủ và các máy tính đầu cuối (gồm 02 bộ Switch),,,a13f3116-f74d-4435-b248-5b458d9fead4,d7faf284-1a3a-4e53-9433-8476900a66e7,,,1ce915ed-07e9-4b65-9209-2652ffd9b681,f59bf0bd-520b-4245-80db-dc71b7187bf1,,Đề xuất: Khi có sự cố thì xuất kho Cty QLBMT thay thế sửa chữa | Hỏng hóc: 0 lần | VTDP: không | Niên hạn: Không,,,,,2026-07-11 09:50:09.894644+00,2026-08-11 04:37:10.204448+00,,,e96be350-6615-441a-91f5-53ad976e91b3,TB_88589TCK Thiet bi mang ket noi cac may chu va cac may tinh dau cuoi (gom 02 bo Switch) - DNI285102JC (T22) / - DNI274502AC (T22) Thiet bi mang ket noi cac may chu va cac may tinh dau cuoi (gom 02 bo Switch)    De xuat: Khi co su co thi xuat kho Cty QLBMT thay the sua chua | Hong hoc: 0 lan | VTDP: khong | Nien han: Khong,"'0':60 '02':18,40 '88589tck':2 'bi':4,26 'bo':19,41 'cac':8,12,30,34 'chu':10,32 'chua':57 'co':46,48 'cty':52 'cuoi':16,38 'dau':15,37 'de':43 'dni274502ac':23 'dni285102jc':21 'gom':17,39 'han':65 'hoc':59 'hong':58 'ket':6,28 'khi':45 'kho':51 'khong':63,66 'lan':61 'mang':5,27 'may':9,13,31,35 'nien':64 'noi':7,29 'qlbmt':53 'su':47 'sua':56 'switch':20,42 't22':22,24 'tb':1 'thay':54 'the':55 'thi':49 'thiet':3,25 'tinh':14,36 'va':11,33 'vtdp':62 'xuat':44,50",,"Mỹ, C1000-24T-4G-L, Cisco",2025,2025,f59bf0bd-520b-4245-80db-dc71b7187bf1,,,CR,,,,0.067,,,,,,,,,,,,,,,,,,,san_sang,,f024c88e-8702-49c8-a302-15b93f6acb3c,,,,f,TB_N1_AWOS_0057,101d521f-3c3f-4610-b0d8-15f428c94dc7,{},KHONG,,100,he_thong
9c2b16c6-fd4b-455e-9b81-80cc54201db0,TB_2QWYTS3A,Thiết bị chuyển đổi Serial/Fiber,ae03f513-6763-46f8-913d-91a103966947,TBZCE1047688,Thiết bị chuyển đổi Serial/Fiber,Moxa,,4fbd5536-e530-4f9b-97d3-d194186c33de,d7faf284-1a3a-4e53-9433-8476900a66e7,,,1ce915ed-07e9-4b65-9209-2652ffd9b681,141337b4-f2fa-4438-808f-0d10cfeedb85,Trạm 32-TN,"Ra soat 2026-07-11, file nguon: CLA_IMS",,,,,2026-07-11 09:50:09.894644+00,2026-08-11 04:37:10.204448+00,a5454b1e-b677-4fd8-8494-b4c080de867d,,f099f53a-5ef4-4039-ba41-1ea298f0ae5d,"TB_2QWYTS3A Thiet bi chuyen doi Serial/Fiber TBZCE1047688 Thiet bi chuyen doi Serial/Fiber Moxa  Tram 32-TN Ra soat 2026-07-11, file nguon: CLA_IMS","'-07':21 '-11':22 '2026':20 '2qwyts3a':2 '32':16 'bi':4,10 'chuyen':5,11 'cla':25 'doi':6,12 'file':23 'ims':26 'moxa':14 'nguon':24 'ra':18 'serial/fiber':7,13 'soat':19 'tb':1 'tbzce1047688':8 'thiet':3,9 'tn':17 'tram':15",AWOS IMS,TCF-142-S-SC,,,141337b4-f2fa-4438-808f-0d10cfeedb85,,Truyền dẫn,CLA,,,,,,,,,,,,,,,,,,,,,,,san_sang,,f024c88e-8702-49c8-a302-15b93f6acb3c,,,,f,TB_CLA_010,ed490fd6-a6a7-4d29-b46c-2ab989316d71,{},KHONG,,100,he_thong
609a968c-4311-433a-bc08-3f08f86b99f5,TB_KHKFTJFV,"CPU core i5 10500, 3.1Ghz, RAM 8GB",83e7d93e-2f76-4d4f-a6bc-08926383aba1,4CE1203V2T,"CPU core i5 10500, 3.1Ghz, RAM 8GB",HP,,4fbd5536-e530-4f9b-97d3-d194186c33de,d7faf284-1a3a-4e53-9433-8476900a66e7,,,1ce915ed-07e9-4b65-9209-2652ffd9b681,141337b4-f2fa-4438-808f-0d10cfeedb85,TWR - Đài KSKL CHU LAI,"Ra soat 2026-07-11, file nguon: CLA_IMS",,,,,2026-07-11 09:50:09.894644+00,2026-08-11 04:37:10.204448+00,f3ac5754-f684-4ba1-8fd4-dd0a2242dad2,,e96be350-6615-441a-91f5-53ad976e91b3,"TB_KHKFTJFV CPU core i5 10500, 3.1Ghz, RAM 8GB 4CE1203V2T CPU core i5 10500, 3.1Ghz, RAM 8GB HP  TWR - Dai KSKL CHU LAI Ra soat 2026-07-11, file nguon: CLA_IMS","'-07':29 '-11':30 '10500':6,15 '2026':28 '3.1':7,16 '4ce1203v2t':11 '8gb':10,19 'chu':24 'cla':33 'core':4,13 'cpu':3,12 'dai':22 'file':31 'ghz':8,17 'hp':20 'i5':5,14 'ims':34 'khkftjfv':2 'kskl':23 'lai':25 'nguon':32 'ra':26 'ram':9,18 'soat':27 'tb':1 'twr':21",AWOS IMS,Z2 SFF G5,,,141337b4-f2fa-4438-808f-0d10cfeedb85,,Xử lý trung tâm,CLA,,,,,,,,,,,,,,,,,,,,,,,san_sang,,f024c88e-8702-49c8-a302-15b93f6acb3c,,,,f,TB_CLA_081,304a0cb6-e787-4241-a6eb-2f9eda644b32,{},KHONG,,100,he_thong
d9293cec-c8ae-4f4a-9815-e0658ed52d26,TB_YSQ9CERV,"CPU core i5 8400, 2.8Ghz, RAM 4GB",83e7d93e-2f76-4d4f-a6bc-08926383aba1,,"CPU core i5 8400, 2.8Ghz, RAM 4GB",HP,,4fbd5536-e530-4f9b-97d3-d194186c33de,d7faf284-1a3a-4e53-9433-8476900a66e7,,,1ce915ed-07e9-4b65-9209-2652ffd9b681,141337b4-f2fa-4438-808f-0d10cfeedb85,TWR - Đài KSKL CHU LAI,"Ra soat 2026-07-11, file nguon: CLA_IMS",,,,,2026-07-11 09:50:09.894644+00,2026-08-11 04:37:10.204448+00,f3ac5754-f684-4ba1-8fd4-dd0a2242dad2,,e96be350-6615-441a-91f5-53ad976e91b3,"TB_YSQ9CERV CPU core i5 8400, 2.8Ghz, RAM 4GB  CPU core i5 8400, 2.8Ghz, RAM 4GB HP  TWR - Dai KSKL CHU LAI Ra soat 2026-07-11, file nguon: CLA_IMS","'-07':28 '-11':29 '2.8':7,15 '2026':27 '4gb':10,18 '8400':6,14 'chu':23 'cla':32 'core':4,12 'cpu':3,11 'dai':21 'file':30 'ghz':8,16 'hp':19 'i5':5,13 'ims':33 'kskl':22 'lai':24 'nguon':31 'ra':25 'ram':9,17 'soat':26 'tb':1 'twr':20 'ysq9cerv':2",AWOS IMS,,,,141337b4-f2fa-4438-808f-0d10cfeedb85,,Xử lý trung tâm,CLA,,,,,,,,,,,,,,,,,,,,,,,san_sang,,f024c88e-8702-49c8-a302-15b93f6acb3c,,,,f,TB_CLA_082,0f1fc0ea-4533-45fe-b437-b803043f51a5,{},KHONG,,83,he_thong
caa69f48-89d2-4f5d-b3dd-307b1dbc27f1,TB_JZMMCHYA,Màn hình hiển thị số liệu gió,83e7d93e-2f76-4d4f-a6bc-08926383aba1,14000002948,Màn hình hiển thị số liệu gió,Observator,,4fbd5536-e530-4f9b-97d3-d194186c33de,d7faf284-1a3a-4e53-9433-8476900a66e7,,,1ce915ed-07e9-4b65-9209-2652ffd9b681,141337b4-f2fa-4438-808f-0d10cfeedb85,TWR - Đài KSKL CHU LAI,"Ra soat 2026-07-11, file nguon: CLA_IMS",,,,,2026-07-11 09:50:09.894644+00,2026-08-11 04:37:10.204448+00,1f8c6a88-4da8-4cff-bf77-616d07522c3c,,e96be350-6615-441a-91f5-53ad976e91b3,"TB_JZMMCHYA Man hinh hien thi so lieu gio 14000002948 Man hinh hien thi so lieu gio Observator  TWR - Dai KSKL CHU LAI Ra soat 2026-07-11, file nguon: CLA_IMS","'-07':27 '-11':28 '14000002948':10 '2026':26 'chu':22 'cla':31 'dai':20 'file':29 'gio':9,17 'hien':5,13 'hinh':4,12 'ims':32 'jzmmchya':2 'kskl':21 'lai':23 'lieu':8,16 'man':3,11 'nguon':30 'observator':18 'ra':24 'so':7,15 'soat':25 'tb':1 'thi':6,14 'twr':19",THIẾT BỊ QUAN TRẮC THÔNG DỤNG,OCM-140,,,141337b4-f2fa-4438-808f-0d10cfeedb85,,Xử lý trung tâm,CLA,,,,,,,,,,,,,,,,,,,,,,,san_sang,,f024c88e-8702-49c8-a302-15b93f6acb3c,,,,f,TB_CLA_085,b63cae62-2dbf-4b84-ae97-c6526954dfa5,{},KHONG,,100,he_thong
f3b9aeeb-8b21-4e11-a8b8-217cafea92b2,TB_VEX1G8MB,Thiết bị chuyển đổi Serial/Fiber,ae03f513-6763-46f8-913d-91a103966947,YBC0325000468,Thiết bị chuyển đổi Serial/Fiber,3Onedata,,4fbd5536-e530-4f9b-97d3-d194186c33de,d7faf284-1a3a-4e53-9433-8476900a66e7,,,1ce915ed-07e9-4b65-9209-2652ffd9b681,141337b4-f2fa-4438-808f-0d10cfeedb85,TWR - Đài KSKL CHU LAI,"Ra soat 2026-07-11, file nguon: CLA_IMS",,,,,2026-07-11 09:50:09.894644+00,2026-08-11 04:37:10.204448+00,7c809d84-88ee-4505-9e8e-d5f291ec5afd,,e96be350-6615-441a-91f5-53ad976e91b3,"TB_VEX1G8MB Thiet bi chuyen doi Serial/Fiber YBC0325000468 Thiet bi chuyen doi Serial/Fiber 3Onedata  TWR - Dai KSKL CHU LAI Ra soat 2026-07-11, file nguon: CLA_IMS","'-07':23 '-11':24 '2026':22 '3onedata':14 'bi':4,10 'chu':18 'chuyen':5,11 'cla':27 'dai':16 'doi':6,12 'file':25 'ims':28 'kskl':17 'lai':19 'nguon':26 'ra':20 'serial/fiber':7,13 'soat':21 'tb':1 'thiet':3,9 'twr':15 'vex1g8mb':2 'ybc0325000468':8",THIẾT BỊ QUAN TRẮC THÔNG DỤNG,MODEL277-SS-SC-20KM-1310T/1550RNM,,,141337b4-f2fa-4438-808f-0d10cfeedb85,,Truyền dẫn,CLA,,,,,,,,,,,,,,,,,,,,,,,san_sang,,f024c88e-8702-49c8-a302-15b93f6acb3c,,,,f,TB_CLA_088,65bcff7f-a305-4847-b824-b02409df3513,{},KHONG,,100,he_thong
ec46b67d-1711-446b-b3b1-467b683e0dde,TB_GMTEJZW6,Cắt lọc sét nguồn AC,660f73b4-1975-4bde-8c87-810a23ef6e2c,,Cắt lọc sét nguồn AC,Schneider,,ebc4a136-c5e7-4f7d-abfc-e3ddea655b8c,d7faf284-1a3a-4e53-9433-8476900a66e7,,,1ce915ed-07e9-4b65-9209-2652ffd9b681,46e84da7-5a8b-4a79-aa46-2fb4bae1ff26,AWS-33,"Ra soat 2026-07-11, file nguon: PCA_IMS",,,,,2026-07-11 09:50:09.894644+00,2026-08-11 04:37:10.204448+00,1dfd07b4-a9da-41a0-aa04-7b64b3f5862e,,e96be350-6615-441a-91f5-53ad976e91b3,"TB_GMTEJZW6 Cat loc set nguon AC  Cat loc set nguon AC Schneider  AWS-33 Ra soat 2026-07-11, file nguon: PCA_IMS","'-07':19 '-11':20 '-33':15 '2026':18 'ac':7,12 'aws':14 'cat':3,8 'file':21 'gmtejzw6':2 'ims':24 'loc':4,9 'nguon':6,11,22 'pca':23 'ra':16 'schneider':13 'set':5,10 'soat':17 'tb':1",AWOS-IMS,AL15692,,,46e84da7-5a8b-4a79-aa46-2fb4bae1ff26,,Cắt lọc sét,PCA,,,,,,,,,,,,,,,,,,,,,,,san_sang,,f024c88e-8702-49c8-a302-15b93f6acb3c,,,,f,TB_PCA_037,618e583b-7894-434b-ab29-5e93d1cb9973,{},KHONG,,83,he_thong
c5843656-37c6-43a6-92ba-013e2c4a6f83,TB_EARTYKKK,Chống sét đường tín hiệu RS232,660f73b4-1975-4bde-8c87-810a23ef6e2c,,Chống sét đường tín hiệu RS232,Citel,,ce27df84-7054-4032-bfe7-efdb0bd119f4,d7faf284-1a3a-4e53-9433-8476900a66e7,,,1ce915ed-07e9-4b65-9209-2652ffd9b681,581d9350-905f-46da-b45e-c2d8aba4d868,09,"Ra soat 2026-07-11, file nguon: PBA_AWOS900",,,,,2026-07-11 09:50:09.894644+00,2026-08-11 04:37:10.204448+00,80666d25-731c-4de5-8d64-08488037258a,,e96be350-6615-441a-91f5-53ad976e91b3,"TB_EARTYKKK Chong set duong tin hieu RS232  Chong set duong tin hieu RS232 Citel  09 Ra soat 2026-07-11, file nguon: PBA_AWOS900","'-07':20 '-11':21 '09':16 '2026':19 'awos900':25 'chong':3,9 'citel':15 'duong':5,11 'eartykkk':2 'file':22 'hieu':7,13 'nguon':23 'pba':24 'ra':17 'rs232':8,14 'set':4,10 'soat':18 'tb':1 'tin':6,12",AWOS-900,DLA2-12D3,,,581d9350-905f-46da-b45e-c2d8aba4d868,,Chống sét,PBA,,,,,,,,,,,,,,,,,,,,,,,san_sang,,f024c88e-8702-49c8-a302-15b93f6acb3c,,,,f,TB_PBA_050,bead90c6-a65d-4305-90bc-b59f8d19d38e,{},KHONG,,83,he_thong
ef58f3a9-49bf-49f1-842c-bc9e8a9220e6,TB_RVC93GEH,Kèm theo bộ chắn bức xạ,ae03f513-6763-46f8-913d-91a103966947,,Kèm theo bộ chắn bức xạ,,,a13f3116-f74d-4435-b248-5b458d9fead4,d7faf284-1a3a-4e53-9433-8476900a66e7,,,1ce915ed-07e9-4b65-9209-2652ffd9b681,f59bf0bd-520b-4245-80db-dc71b7187bf1,,Đề xuất: Khi có sự cố thì xuất kho Cty QLBMT thay thế sửa chữa | Hỏng hóc: 0 lần | VTDP: không | Niên hạn: Không,,,,,2026-07-11 09:50:09.894644+00,2026-08-11 04:37:10.204448+00,,,e96be350-6615-441a-91f5-53ad976e91b3,TB_RVC93GEH Kem theo bo chan buc xa  Kem theo bo chan buc xa    De xuat: Khi co su co thi xuat kho Cty QLBMT thay the sua chua | Hong hoc: 0 lan | VTDP: khong | Nien han: Khong,"'0':32 'bo':5,11 'buc':7,13 'chan':6,12 'chua':29 'co':18,20 'cty':24 'de':15 'han':37 'hoc':31 'hong':30 'kem':3,9 'khi':17 'kho':23 'khong':35,38 'lan':33 'nien':36 'qlbmt':25 'rvc93geh':2 'su':19 'sua':28 'tb':1 'thay':26 'the':27 'theo':4,10 'thi':21 'vtdp':34 'xa':8,14 'xuat':16,22",,,,2025,f59bf0bd-520b-4245-80db-dc71b7187bf1,,,CR,,,,0.067,,,,,,,,,,,,,,,,,,,san_sang,,f024c88e-8702-49c8-a302-15b93f6acb3c,,,,f,TB_N1_AWOS_0047,22af799f-6b8f-4501-bed7-6262c5178fe0,{},KHONG,,83,he_thong
0498f40c-4b8d-43b1-aeac-d32bc08f52d1,TB_F8TNPA8Q,Bộ Charger,accf1740-4c18-4b9a-895f-59d85ba593b5,,Bộ Charger,MeanWell,,4fbd5536-e530-4f9b-97d3-d194186c33de,d7faf284-1a3a-4e53-9433-8476900a66e7,,,1ce915ed-07e9-4b65-9209-2652ffd9b681,141337b4-f2fa-4438-808f-0d10cfeedb85,Trạm 32,"Ra soat 2026-07-11, file nguon: CLA_IMS",,,,,2026-07-11 09:50:09.894644+00,2026-08-11 04:37:10.204448+00,0e8dbaf8-aa3e-4d9d-bab2-99b08381f6f9,,f099f53a-5ef4-4039-ba41-1ea298f0ae5d,"TB_F8TNPA8Q Bo Charger  Bo Charger MeanWell  Tram 32 Ra soat 2026-07-11, file nguon: CLA_IMS","'-07':13 '-11':14 '2026':12 '32':9 'bo':3,5 'charger':4,6 'cla':17 'f8tnpa8q':2 'file':15 'ims':18 'meanwell':7 'nguon':16 'ra':10 'soat':11 'tb':1 'tram':8",AWOS IMS,SCP-50-12,,,141337b4-f2fa-4438-808f-0d10cfeedb85,,Thiết bị nguồn,CLA,,,,,,,,,,,,,,,,,,,,,,,san_sang,,f024c88e-8702-49c8-a302-15b93f6acb3c,,,,f,TB_CLA_019,6052b1d7-f4f7-4376-8e06-b20635498e81,{},KHONG,,83,he_thong
aff2da3d-3a45-4557-a5d4-e613232f4ff7,TB_GYWQTWHE,Chống sét đường tín hiệu RS232,660f73b4-1975-4bde-8c87-810a23ef6e2c,,Chống sét đường tín hiệu RS232,Citel,,ce27df84-7054-4032-bfe7-efdb0bd119f4,d7faf284-1a3a-4e53-9433-8476900a66e7,,,1ce915ed-07e9-4b65-9209-2652ffd9b681,581d9350-905f-46da-b45e-c2d8aba4d868,27,"Ra soat 2026-07-11, file nguon: PBA_AWOS900",,,,,2026-07-11 09:50:09.894644+00,2026-08-11 04:37:10.204448+00,80666d25-731c-4de5-8d64-08488037258a,,e96be350-6615-441a-91f5-53ad976e91b3,"TB_GYWQTWHE Chong set duong tin hieu RS232  Chong set duong tin hieu RS232 Citel  27 Ra soat 2026-07-11, file nguon: PBA_AWOS900","'-07':20 '-11':21 '2026':19 '27':16 'awos900':25 'chong':3,9 'citel':15 'duong':5,11 'file':22 'gywqtwhe':2 'hieu':7,13 'nguon':23 'pba':24 'ra':17 'rs232':8,14 'set':4,10 'soat':18 'tb':1 'tin':6,12",AWOS-900,DLA2-12D3,,,581d9350-905f-46da-b45e-c2d8aba4d868,,Chống sét,PBA,,,,,,,,,,,,,,,,,,,,,,,san_sang,,f024c88e-8702-49c8-a302-15b93f6acb3c,,,,f,TB_PBA_051,bead90c6-a65d-4305-90bc-b59f8d19d38e,{},KHONG,,83,he_thong
dcbd11c4-8594-4fcc-8723-6e45471ed93d,TB_VEYPE6ES,Máy chủ Rawdata,83e7d93e-2f76-4d4f-a6bc-08926383aba1,,Máy chủ Rawdata,Dell Technologies,,a0625061-0c6d-4e0b-b438-d696787ad746,d7faf284-1a3a-4e53-9433-8476900a66e7,,,1ce915ed-07e9-4b65-9209-2652ffd9b681,65ac5e26-b0a7-487e-a72d-3f0dfc3facc2,P.TBTT,"Ra soat 2026-07-11, file nguon: BDKT_OPTIMET",,,,,2026-07-11 09:50:09.894644+00,2026-08-11 04:37:10.204448+00,f9bb034d-e32b-4595-b6a6-e5136105dc19,,3b1c9f72-6395-4ad0-a387-c7630195267a,"TB_VEYPE6ES May chu Rawdata  May chu Rawdata Dell Technologies  P.TBTT Ra soat 2026-07-11, file nguon: BDKT_OPTIMET","'-07':15 '-11':16 '2026':14 'bdkt':19 'chu':4,7 'dell':9 'file':17 'may':3,6 'nguon':18 'optimet':20 'p.tbtt':11 'ra':12 'rawdata':5,8 'soat':13 'tb':1 'technologies':10 'veype6es':2",Optimet,Optiplex 755,,,65ac5e26-b0a7-487e-a72d-3f0dfc3facc2,,Xử lý Trung Tâm,BDKT-KTKT,,,,,,,,,,,,,,,,,,,,,,,san_sang,,f024c88e-8702-49c8-a302-15b93f6acb3c,,,,f,TB_BDKT_KTKT_034,17de944c-cae8-4cfc-b7ed-0b549d7d10b3,{},KHONG,,83,he_thong
21b2835f-1606-4680-9a0e-0f78c28b5e4d,TB_TJ26T62A,Thiết bị chuyển đổi Serial/Fiber,ae03f513-6763-46f8-913d-91a103966947,TBZCE1047817,Thiết bị chuyển đổi Serial/Fiber,Moxa,,4fbd5536-e530-4f9b-97d3-d194186c33de,d7faf284-1a3a-4e53-9433-8476900a66e7,,,1ce915ed-07e9-4b65-9209-2652ffd9b681,141337b4-f2fa-4438-808f-0d10cfeedb85,Trạm 32-GIÔNG,"Ra soat 2026-07-11, file nguon: CLA_IMS",,,,,2026-07-11 09:50:09.894644+00,2026-08-11 04:37:10.204448+00,a5454b1e-b677-4fd8-8494-b4c080de867d,,f099f53a-5ef4-4039-ba41-1ea298f0ae5d,"TB_TJ26T62A Thiet bi chuyen doi Serial/Fiber TBZCE1047817 Thiet bi chuyen doi Serial/Fiber Moxa  Tram 32-GIONG Ra soat 2026-07-11, file nguon: CLA_IMS","'-07':21 '-11':22 '2026':20 '32':16 'bi':4,10 'chuyen':5,11 'cla':25 'doi':6,12 'file':23 'giong':17 'ims':26 'moxa':14 'nguon':24 'ra':18 'serial/fiber':7,13 'soat':19 'tb':1 'tbzce1047817':8 'thiet':3,9 'tj26t62a':2 'tram':15",AWOS IMS,TCF-142-S-SC,,,141337b4-f2fa-4438-808f-0d10cfeedb85,,Truyền dẫn,CLA,,,,,,,,,,,,,,,,,,,,,,,san_sang,,f024c88e-8702-49c8-a302-15b93f6acb3c,,,,f,TB_CLA_014,ed490fd6-a6a7-4d29-b46c-2ab989316d71,{},KHONG,,100,he_thong
d39fd925-30aa-4536-a6a7-2314e11b232f,TB_1VZ7MB6X,Thiết bị chuyển đổi Serial/Fiber,ae03f513-6763-46f8-913d-91a103966947,TBZCE1047814,Thiết bị chuyển đổi Serial/Fiber,Moxa,,4fbd5536-e530-4f9b-97d3-d194186c33de,d7faf284-1a3a-4e53-9433-8476900a66e7,,,1ce915ed-07e9-4b65-9209-2652ffd9b681,141337b4-f2fa-4438-808f-0d10cfeedb85,Trạm 32-AMS,"Ra soat 2026-07-11, file nguon: CLA_IMS",,,,,2026-07-11 09:50:09.894644+00,2026-08-11 04:37:10.204448+00,a5454b1e-b677-4fd8-8494-b4c080de867d,,f099f53a-5ef4-4039-ba41-1ea298f0ae5d,"TB_1VZ7MB6X Thiet bi chuyen doi Serial/Fiber TBZCE1047814 Thiet bi chuyen doi Serial/Fiber Moxa  Tram 32-AMS Ra soat 2026-07-11, file nguon: CLA_IMS","'-07':21 '-11':22 '1vz7mb6x':2 '2026':20 '32':16 'ams':17 'bi':4,10 'chuyen':5,11 'cla':25 'doi':6,12 'file':23 'ims':26 'moxa':14 'nguon':24 'ra':18 'serial/fiber':7,13 'soat':19 'tb':1 'tbzce1047814':8 'thiet':3,9 'tram':15",AWOS IMS,TCF-142-S-SC,,,141337b4-f2fa-4438-808f-0d10cfeedb85,,Truyền dẫn,CLA,,,,,,,,,,,,,,,,,,,,,,,san_sang,,f024c88e-8702-49c8-a302-15b93f6acb3c,,,,f,TB_CLA_012,ed490fd6-a6a7-4d29-b46c-2ab989316d71,{},KHONG,,100,he_thong
75c57efc-96a0-48f5-9c5d-c4113721ec7f,TB_BZ5E62GE,Thiết bị chuyển đổi Serial/Fiber,ae03f513-6763-46f8-913d-91a103966947,TBZCE1047696,Thiết bị chuyển đổi Serial/Fiber,Moxa,,4fbd5536-e530-4f9b-97d3-d194186c33de,d7faf284-1a3a-4e53-9433-8476900a66e7,,,1ce915ed-07e9-4b65-9209-2652ffd9b681,141337b4-f2fa-4438-808f-0d10cfeedb85,Trạm trần mây 32,"Ra soat 2026-07-11, file nguon: CLA_IMS",,,,,2026-07-11 09:50:09.894644+00,2026-08-11 04:37:10.204448+00,a5454b1e-b677-4fd8-8494-b4c080de867d,,66b78574-4d8b-4d58-8ca7-67b06ef335b2,"TB_BZ5E62GE Thiet bi chuyen doi Serial/Fiber TBZCE1047696 Thiet bi chuyen doi Serial/Fiber Moxa  Tram tran may 32 Ra soat 2026-07-11, file nguon: CLA_IMS","'-07':22 '-11':23 '2026':21 '32':18 'bi':4,10 'bz5e62ge':2 'chuyen':5,11 'cla':26 'doi':6,12 'file':24 'ims':27 'may':17 'moxa':14 'nguon':25 'ra':19 'serial/fiber':7,13 'soat':20 'tb':1 'tbzce1047696':8 'thiet':3,9 'tram':15 'tran':16",AWOS IMS,TCF-142-S-SC,,,141337b4-f2fa-4438-808f-0d10cfeedb85,,Truyền dẫn,CLA,,,,,,,,,,,,,,,,,,,,,,,san_sang,,f024c88e-8702-49c8-a302-15b93f6acb3c,,,,f,TB_CLA_027,ed490fd6-a6a7-4d29-b46c-2ab989316d71,{},KHONG,,100,he_thong
45be0060-59b5-4023-92fe-100e00f593c7,TB_6C5ZJNEP,Thiết bị cắt lọc sét 1 pha,660f73b4-1975-4bde-8c87-810a23ef6e2c,,Thiết bị cắt lọc sét 1 pha,nVent ERICO,,2236fe1c-6896-4157-a310-ae0e094233f6,d7faf284-1a3a-4e53-9433-8476900a66e7,,,1ce915ed-07e9-4b65-9209-2652ffd9b681,8b408897-b25d-4ece-91ba-d97dfacec283,Trạm 27,"Ra soat 2026-07-11, file nguon: PLK_IMS",,,,,2026-07-11 09:50:09.894644+00,2026-08-11 04:37:10.204448+00,2e05f201-8ee7-4f2d-afe5-963dc6d94500,,e96be350-6615-441a-91f5-53ad976e91b3,"TB_6C5ZJNEP Thiet bi cat loc set 1 pha  Thiet bi cat loc set 1 pha nVent ERICO  Tram 27 Ra soat 2026-07-11, file nguon: PLK_IMS","'-07':24 '-11':25 '1':8,15 '2026':23 '27':20 '6c5zjnep':2 'bi':4,11 'cat':5,12 'erico':18 'file':26 'ims':29 'loc':6,13 'nguon':27 'nvent':17 'pha':9,16 'plk':28 'ra':21 'set':7,14 'soat':22 'tb':1 'thiet':3,10 'tram':19",AWOS IMS,TSF20A240V,,,8b408897-b25d-4ece-91ba-d97dfacec283,,Cắt lọc sét,PLK,,,,,,,,,,,,,,,,,,,,,,,san_sang,,f024c88e-8702-49c8-a302-15b93f6acb3c,,,,f,TB_PLK_024,a3eebddd-df65-414d-9e50-90fc3fa745aa,{},KHONG,,83,he_thong
44a69345-9d26-4700-a63d-3ffe11e5cfd8,TB_KEFDKF9H,Thiết bị chuyển đổi Serial/Ethernet,ae03f513-6763-46f8-913d-91a103966947,TBCBB1068647,Thiết bị chuyển đổi Serial/Ethernet,Moxa,,7f40beb2-5d47-4f4a-b7df-35cd1cca56ae,d7faf284-1a3a-4e53-9433-8476900a66e7,,,1ce915ed-07e9-4b65-9209-2652ffd9b681,e43c5d4b-3c3c-4486-89da-73e9ac747ab4,Trạm 21,"Ra soat 2026-07-11, file nguon: THA_DAW21",,,,,2026-07-11 09:50:09.894644+00,2026-08-11 04:37:10.204448+00,a5454b1e-b677-4fd8-8494-b4c080de867d,,e96be350-6615-441a-91f5-53ad976e91b3,"TB_KEFDKF9H Thiet bi chuyen doi Serial/Ethernet TBCBB1068647 Thiet bi chuyen doi Serial/Ethernet Moxa  Tram 21 Ra soat 2026-07-11, file nguon: THA_DAW21","'-07':20 '-11':21 '2026':19 '21':16 'bi':4,10 'chuyen':5,11 'daw21':25 'doi':6,12 'file':22 'kefdkf9h':2 'moxa':14 'nguon':23 'ra':17 'serial/ethernet':7,13 'soat':18 'tb':1 'tbcbb1068647':8 'tha':24 'thiet':3,9 'tram':15",AWOS D-AW21,NPort 5210-T,,,e43c5d4b-3c3c-4486-89da-73e9ac747ab4,,Truyền dẫn,THA,,,,,,,,,,,,,,,,,,,,,,,san_sang,,f024c88e-8702-49c8-a302-15b93f6acb3c,,,,f,TB_THA_043,63b7f44d-333f-4dcb-b51f-76a1fe2941c6,{},KHONG,,100,he_thong
26575e59-cb14-44b9-a7f7-b31a02f9a62e,TB_ZAGKNJ4Y,Thiết bị chuyển đổi Serial/Fiber,ae03f513-6763-46f8-913d-91a103966947,TBZCE1047830,Thiết bị chuyển đổi Serial/Fiber,Moxa,,4fbd5536-e530-4f9b-97d3-d194186c33de,d7faf284-1a3a-4e53-9433-8476900a66e7,,,1ce915ed-07e9-4b65-9209-2652ffd9b681,141337b4-f2fa-4438-808f-0d10cfeedb85,Trạm 14 TN,"Ra soat 2026-07-11, file nguon: CLA_IMS",,,,,2026-07-11 09:50:09.894644+00,2026-08-11 04:37:10.204448+00,a5454b1e-b677-4fd8-8494-b4c080de867d,,38e5eeb4-1688-47ea-ac85-5fd68d617ea5,"TB_ZAGKNJ4Y Thiet bi chuyen doi Serial/Fiber TBZCE1047830 Thiet bi chuyen doi Serial/Fiber Moxa  Tram 14 TN Ra soat 2026-07-11, file nguon: CLA_IMS","'-07':21 '-11':22 '14':16 '2026':20 'bi':4,10 'chuyen':5,11 'cla':25 'doi':6,12 'file':23 'ims':26 'moxa':14 'nguon':24 'ra':18 'serial/fiber':7,13 'soat':19 'tb':1 'tbzce1047830':8 'thiet':3,9 'tn':17 'tram':15 'zagknj4y':2",AWOS IMS,TCF-142-S-SC,,,141337b4-f2fa-4438-808f-0d10cfeedb85,,Truyền dẫn,CLA,,,,,,,,,,,,,,,,,,,,,,,san_sang,,f024c88e-8702-49c8-a302-15b93f6acb3c,,,,f,TB_CLA_043,ed490fd6-a6a7-4d29-b46c-2ab989316d71,{},KHONG,,100,he_thong
0d3fc887-ad79-4e34-a019-1546b2303516,TB_6PYTV6G1,Thiết bị chuyển mạch quang,ae03f513-6763-46f8-913d-91a103966947,"Tủ Datalogger: TBCGB1004631
Tủ thiết bị: TBCGB1004617",Thiết bị chuyển mạch quang,Moxa,,7f40beb2-5d47-4f4a-b7df-35cd1cca56ae,d7faf284-1a3a-4e53-9433-8476900a66e7,,,1ce915ed-07e9-4b65-9209-2652ffd9b681,e43c5d4b-3c3c-4486-89da-73e9ac747ab4,Trạm 21,"Ra soat 2026-07-11, file nguon: THA_DAW21",,,,,2026-07-11 09:50:09.894644+00,2026-08-11 04:37:10.204448+00,a5454b1e-b677-4fd8-8494-b4c080de867d,,e96be350-6615-441a-91f5-53ad976e91b3,"TB_6PYTV6G1 Thiet bi chuyen mach quang Tu Datalogger: TBCGB1004631
Tu thiet bi: TBCGB1004617 Thiet bi chuyen mach quang Moxa  Tram 21 Ra soat 2026-07-11, file nguon: THA_DAW21","'-07':26 '-11':27 '2026':25 '21':22 '6pytv6g1':2 'bi':4,13,16 'chuyen':5,17 'datalogger':9 'daw21':31 'file':28 'mach':6,18 'moxa':20 'nguon':29 'quang':7,19 'ra':23 'soat':24 'tb':1 'tbcgb1004617':14 'tbcgb1004631':10 'tha':30 'thiet':3,12,15 'tram':21 'tu':8,11",AWOS D-AW21,EDS-205A-S-SC,,,e43c5d4b-3c3c-4486-89da-73e9ac747ab4,,Truyền dẫn,THA,,,,,,,,,,,,,,,,,,,,,,,san_sang,,f024c88e-8702-49c8-a302-15b93f6acb3c,,,,f,TB_THA_042,0c8f877e-25cd-4ced-9058-0ccbae7ad803,{},KHONG,,100,he_thong
288a51c6-715f-46df-b42c-e7ff062b8f33,TB_6FQBHJKS,01 bộ thu đồng hồ chuẩn GPS,ae03f513-6763-46f8-913d-91a103966947,- 153570,thu đồng hồ chuẩn GPS,,,a13f3116-f74d-4435-b248-5b458d9fead4,d7faf284-1a3a-4e53-9433-8476900a66e7,,,1ce915ed-07e9-4b65-9209-2652ffd9b681,f59bf0bd-520b-4245-80db-dc71b7187bf1,,Đề xuất: Khi có sự cố thì xuất kho Cty QLBMT thay thế sửa chữa | Hỏng hóc: 0 lần | VTDP: không | Niên hạn: Không,,,,,2026-07-11 09:50:09.894644+00,2026-08-11 04:37:10.204448+00,,,e96be350-6615-441a-91f5-53ad976e91b3,TB_6FQBHJKS 01 bo thu dong ho chuan GPS - 153570 thu dong ho chuan GPS    De xuat: Khi co su co thi xuat kho Cty QLBMT thay the sua chua | Hong hoc: 0 lan | VTDP: khong | Nien han: Khong,"'0':33 '01':3 '153570':10 '6fqbhjks':2 'bo':4 'chua':30 'chuan':8,14 'co':19,21 'cty':25 'de':16 'dong':6,12 'gps':9,15 'han':38 'ho':7,13 'hoc':32 'hong':31 'khi':18 'kho':24 'khong':36,39 'lan':34 'nien':37 'qlbmt':26 'su':20 'sua':29 'tb':1 'thay':27 'the':28 'thi':22 'thu':5,11 'vtdp':35 'xuat':17,23",,"TTM 01-G, Tekron",2025,2025,f59bf0bd-520b-4245-80db-dc71b7187bf1,,,CR,,,,0.067,,,,,,,,,,,,,,,,,,,san_sang,,f024c88e-8702-49c8-a302-15b93f6acb3c,,,,f,TB_N1_AWOS_0001,465b364b-ad53-4f5e-9da8-25d557a513ea,{},KHONG,,100,he_thong
b7823a2e-7d69-4815-8c52-91591220af8d,TB_Y75AM75Y,Chống sét đường tín hiệu RS232,660f73b4-1975-4bde-8c87-810a23ef6e2c,,Chống sét đường tín hiệu RS232,Citel,,ce27df84-7054-4032-bfe7-efdb0bd119f4,d7faf284-1a3a-4e53-9433-8476900a66e7,,,1ce915ed-07e9-4b65-9209-2652ffd9b681,581d9350-905f-46da-b45e-c2d8aba4d868,Mid,"Ra soat 2026-07-11, file nguon: PBA_AWOS900",,,,,2026-07-11 09:50:09.894644+00,2026-08-11 04:37:10.204448+00,80666d25-731c-4de5-8d64-08488037258a,,e96be350-6615-441a-91f5-53ad976e91b3,"TB_Y75AM75Y Chong set duong tin hieu RS232  Chong set duong tin hieu RS232 Citel  Mid Ra soat 2026-07-11, file nguon: PBA_AWOS900","'-07':20 '-11':21 '2026':19 'awos900':25 'chong':3,9 'citel':15 'duong':5,11 'file':22 'hieu':7,13 'mid':16 'nguon':23 'pba':24 'ra':17 'rs232':8,14 'set':4,10 'soat':18 'tb':1 'tin':6,12 'y75am75y':2",AWOS-900,DLA2-12D3,,,581d9350-905f-46da-b45e-c2d8aba4d868,,Chống sét,PBA,,,,,,,,,,,,,,,,,,,,,,,san_sang,,f024c88e-8702-49c8-a302-15b93f6acb3c,,,,f,TB_PBA_052,bead90c6-a65d-4305-90bc-b59f8d19d38e,{},KHONG,,83,he_thong
58cdf91a-ed63-409f-be04-918fcbbefa4a,TB_TQRDGKXQ,Anten định hướng,ae03f513-6763-46f8-913d-91a103966947,09062348402,Anten định hướng,CompleTech,,7f40beb2-5d47-4f4a-b7df-35cd1cca56ae,d7faf284-1a3a-4e53-9433-8476900a66e7,,,1ce915ed-07e9-4b65-9209-2652ffd9b681,e43c5d4b-3c3c-4486-89da-73e9ac747ab4,Trạm giữa,"Ra soat 2026-07-11, file nguon: THA_DAW21",,,,,2026-07-11 09:50:09.894644+00,2026-08-11 04:37:10.204448+00,9e1e0f0c-c9e2-449b-bacb-19bd361646f2,,5f93c2d7-9b77-4f40-bc2f-17b835588de6,"TB_TQRDGKXQ Anten dinh huong 09062348402 Anten dinh huong CompleTech  Tram giua Ra soat 2026-07-11, file nguon: THA_DAW21","'-07':16 '-11':17 '09062348402':6 '2026':15 'anten':3,7 'completech':10 'daw21':21 'dinh':4,8 'file':18 'giua':12 'huong':5,9 'nguon':19 'ra':13 'soat':14 'tb':1 'tha':20 'tqrdgkxq':2 'tram':11",AWOS D-AW21,CA420Y,,,e43c5d4b-3c3c-4486-89da-73e9ac747ab4,,Truyền dẫn,THA,,,,,,,,,,,,,,,,,,,,,,,san_sang,,f024c88e-8702-49c8-a302-15b93f6acb3c,,,,f,TB_THA_032,91e90915-09c3-46ae-8efc-3b8d5ab8610b,{},KHONG,,100,he_thong
780abcce-5301-4009-91c5-79997e135fc4,TB_7MEXMJFF,RLSI,ae03f513-6763-46f8-913d-91a103966947,,RLSI,MicroStep-MIS,,2236fe1c-6896-4157-a310-ae0e094233f6,d7faf284-1a3a-4e53-9433-8476900a66e7,,,1ce915ed-07e9-4b65-9209-2652ffd9b681,8b408897-b25d-4ece-91ba-d97dfacec283,Nhà VOLTAGE CHK,"Ra soat 2026-07-11, file nguon: PLK_IMS",,,,,2026-07-11 09:50:09.894644+00,2026-08-11 04:37:10.204448+00,54e09535-2d7f-4319-812f-aee0a4916ed6,,e96be350-6615-441a-91f5-53ad976e91b3,"TB_7MEXMJFF RLSI  RLSI MicroStep-MIS  Nha VOLTAGE CHK Ra soat 2026-07-11, file nguon: PLK_IMS","'-07':14 '-11':15 '2026':13 '7mexmjff':2 'chk':10 'file':16 'ims':19 'microstep':6 'microstep-mis':5 'mis':7 'nguon':17 'nha':8 'plk':18 'ra':11 'rlsi':3,4 'soat':12 'tb':1 'voltage':9",AWOS IMS,IMS/RLSI,,,8b408897-b25d-4ece-91ba-d97dfacec283,,Thiết bị thu thập dữ liệu,PLK,,,,,,,,,,,,,,,,,,,,,,,san_sang,,f024c88e-8702-49c8-a302-15b93f6acb3c,,,,f,TB_PLK_102,26b2c91d-c75b-42ea-8651-afc6dfc140e4,{},KHONG,,83,he_thong
b593b260-606c-4eda-a2fb-39de5619e7bf,TB_1P6TQE85,Chống sét RF,660f73b4-1975-4bde-8c87-810a23ef6e2c,,Chống sét RF,Citel,,ce27df84-7054-4032-bfe7-efdb0bd119f4,d7faf284-1a3a-4e53-9433-8476900a66e7,,,1ce915ed-07e9-4b65-9209-2652ffd9b681,581d9350-905f-46da-b45e-c2d8aba4d868,27,"Ra soat 2026-07-11, file nguon: PBA_AWOS900",,,,,2026-07-11 09:50:09.894644+00,2026-08-11 04:37:10.204448+00,80666d25-731c-4de5-8d64-08488037258a,,e96be350-6615-441a-91f5-53ad976e91b3,"TB_1P6TQE85 Chong set RF  Chong set RF Citel  27 Ra soat 2026-07-11, file nguon: PBA_AWOS900","'-07':14 '-11':15 '1p6tqe85':2 '2026':13 '27':10 'awos900':19 'chong':3,6 'citel':9 'file':16 'nguon':17 'pba':18 'ra':11 'rf':5,8 'set':4,7 'soat':12 'tb':1",AWOS-900,P8AX09-N/MF,,,581d9350-905f-46da-b45e-c2d8aba4d868,,Chống sét,PBA,,,,,,,,,,,,,,,,,,,,,,,san_sang,,f024c88e-8702-49c8-a302-15b93f6acb3c,,,,f,TB_PBA_055,6e945e40-d2ca-43af-9048-72ff995a4c14,{},KHONG,,83,he_thong
cbffe487-597c-4faa-9353-237f8e3e5e54,TB_3SWT55F3,Chống sét RF,660f73b4-1975-4bde-8c87-810a23ef6e2c,,Chống sét RF,Citel,,ce27df84-7054-4032-bfe7-efdb0bd119f4,d7faf284-1a3a-4e53-9433-8476900a66e7,,,1ce915ed-07e9-4b65-9209-2652ffd9b681,581d9350-905f-46da-b45e-c2d8aba4d868,Mid,"Ra soat 2026-07-11, file nguon: PBA_AWOS900",,,,,2026-07-11 09:50:09.894644+00,2026-08-11 04:37:10.204448+00,80666d25-731c-4de5-8d64-08488037258a,,e96be350-6615-441a-91f5-53ad976e91b3,"TB_3SWT55F3 Chong set RF  Chong set RF Citel  Mid Ra soat 2026-07-11, file nguon: PBA_AWOS900","'-07':14 '-11':15 '2026':13 '3swt55f3':2 'awos900':19 'chong':3,6 'citel':9 'file':16 'mid':10 'nguon':17 'pba':18 'ra':11 'rf':5,8 'set':4,7 'soat':12 'tb':1",AWOS-900,P8AX09-N/MF,,,581d9350-905f-46da-b45e-c2d8aba4d868,,Chống sét,PBA,,,,,,,,,,,,,,,,,,,,,,,san_sang,,f024c88e-8702-49c8-a302-15b93f6acb3c,,,,f,TB_PBA_056,6e945e40-d2ca-43af-9048-72ff995a4c14,{},KHONG,,83,he_thong
9ed98dca-f125-4de7-a1b0-3cebc0db291c,TB_AQV4YR6J,Chống sét RF,660f73b4-1975-4bde-8c87-810a23ef6e2c,,Chống sét RF,Citel,,a0625061-0c6d-4e0b-b438-d696787ad746,d7faf284-1a3a-4e53-9433-8476900a66e7,,,1ce915ed-07e9-4b65-9209-2652ffd9b681,65ac5e26-b0a7-487e-a72d-3f0dfc3facc2,Trạm 35,"Ra soat 2026-07-11, file nguon: BDKT_OPTIMET",,,,,2026-07-11 09:50:09.894644+00,2026-08-11 04:37:10.204448+00,80666d25-731c-4de5-8d64-08488037258a,,3f302563-bdbb-443d-911f-b0058e38db42,"TB_AQV4YR6J Chong set RF  Chong set RF Citel  Tram 35 Ra soat 2026-07-11, file nguon: BDKT_OPTIMET","'-07':15 '-11':16 '2026':14 '35':11 'aqv4yr6j':2 'bdkt':19 'chong':3,6 'citel':9 'file':17 'nguon':18 'optimet':20 'ra':12 'rf':5,8 'set':4,7 'soat':13 'tb':1 'tram':10",Optimet,P8AX09-N/FF,,,65ac5e26-b0a7-487e-a72d-3f0dfc3facc2,,Cắt lọc sét,BDKT-KTKT,,,,,,,,,,,,,,,,,,,,,,,san_sang,,f024c88e-8702-49c8-a302-15b93f6acb3c,,,,f,TB_BDKT_KTKT_050,735e9092-8583-4a95-a954-78469ec81046,{},KHONG,,83,he_thong
920f4d3c-578d-40be-9488-d27cd2917d3e,TB_KGAQ7B77,HUB modem Main,ae03f513-6763-46f8-913d-91a103966947,Ripex2-4-N-E,HUB modem Main,RACOM,,5ae20f2b-30dc-409c-95db-68b98b79c94e,d7faf284-1a3a-4e53-9433-8476900a66e7,,,1ce915ed-07e9-4b65-9209-2652ffd9b681,f59bf0bd-520b-4245-80db-dc71b7187bf1,,Đề xuất: Mua sắm VTDP sử dụng chung cho Cam Ranh và Tuy Hòa | Hỏng hóc: 0 lần | Tình trạng: Hoạt động bình thường | VTDP: Không | Niên hạn: Không,,,,,2026-07-11 09:50:09.894644+00,2026-08-11 04:37:10.204448+00,ca029628-203c-4008-b4bc-89b0746a39c6,,e96be350-6615-441a-91f5-53ad976e91b3,TB_KGAQ7B77 HUB modem Main Ripex2-4-N-E HUB modem Main RACOM   De xuat: Mua sam VTDP su dung chung cho Cam Ranh va Tuy Hoa | Hong hoc: 0 lan | Tinh trang: Hoat dong binh thuong | VTDP: Khong | Nien han: Khong,"'-4':7 '0':31 'binh':37 'cam':24 'cho':23 'chung':22 'de':15 'dong':36 'dung':21 'e':10 'han':42 'hoa':28 'hoat':35 'hoc':30 'hong':29 'hub':3,11 'kgaq7b77':2 'khong':40,43 'lan':32 'main':5,13 'modem':4,12 'mua':17 'n':9 'n-e':8 'nien':41 'racom':14 'ranh':25 'ripex2':6 'sam':18 'su':20 'tb':1 'thuong':38 'tinh':33 'trang':34 'tuy':27 'va':26 'vtdp':19,39 'xuat':16",,,2023,2023,f59bf0bd-520b-4245-80db-dc71b7187bf1,,,CR,,,,0.200,,,,,,,,,,,,,,,,,,,san_sang,,f024c88e-8702-49c8-a302-15b93f6acb3c,,,,f,TB_N1_AWOS_0131,33f26772-b734-4dd0-a743-72205cc0502f,{},KHONG,,100,he_thong
c1160520-3258-4783-8b2a-730881e3b263,TB_4YWS8QSM,Bộ thu thập số liệu (Data logger) / Phụ kiện lắp đặt: / + Cáp bảo trì / + Bộ hiển thị LCD,ae03f513-6763-46f8-913d-91a103966947,,Data logger,MicroStep-MIS,,a13f3116-f74d-4435-b248-5b458d9fead4,d7faf284-1a3a-4e53-9433-8476900a66e7,,,1ce915ed-07e9-4b65-9209-2652ffd9b681,f59bf0bd-520b-4245-80db-dc71b7187bf1,,Đề xuất: Khi có sự cố thì xuất kho Cty QLBMT thay thế sửa chữa | Hỏng hóc: 0 lần | VTDP: Có | Niên hạn: Không,,,,,2026-07-11 09:50:09.894644+00,2026-08-11 04:37:10.204448+00,54e09535-2d7f-4319-812f-aee0a4916ed6,,e96be350-6615-441a-91f5-53ad976e91b3,TB_4YWS8QSM Bo thu thap so lieu (Data logger) / Phu kien lap dat: / + Cap bao tri / + Bo hien thi LCD  Data logger MicroStep-MIS   De xuat: Khi co su co thi xuat kho Cty QLBMT thay the sua chua | Hong hoc: 0 lan | VTDP: Co | Nien han: Khong,"'0':43 '4yws8qsm':2 'bao':15 'bo':3,17 'cap':14 'chua':40 'co':29,31,46 'cty':35 'dat':13 'data':8,21 'de':26 'han':48 'hien':18 'hoc':42 'hong':41 'khi':28 'kho':34 'khong':49 'kien':11 'lan':44 'lap':12 'lcd':20 'lieu':7 'logger':9,22 'microstep':24 'microstep-mis':23 'mis':25 'nien':47 'phu':10 'qlbmt':36 'so':6 'su':30 'sua':39 'tb':1 'thap':5 'thay':37 'the':38 'thi':19,32 'thu':4 'tri':16 'vtdp':45 'xuat':27,33",,,,2025,f59bf0bd-520b-4245-80db-dc71b7187bf1,,,CR,,,,0.067,,,,,,,,,,,,,,,,,,,san_sang,,f024c88e-8702-49c8-a302-15b93f6acb3c,,,,f,TB_N1_AWOS_0007,b6f2490d-e847-4dbe-8884-3b2dcc37f7dc,{},KHONG,,83,he_thong
2587ba37-c89e-4896-a64c-567aeb26163a,TB_972D8BKP,Thiết bị cắt lọc sét 1 pha,660f73b4-1975-4bde-8c87-810a23ef6e2c,,Thiết bị cắt lọc sét 1 pha,nVent ERICO,,2236fe1c-6896-4157-a310-ae0e094233f6,d7faf284-1a3a-4e53-9433-8476900a66e7,,,1ce915ed-07e9-4b65-9209-2652ffd9b681,8b408897-b25d-4ece-91ba-d97dfacec283,Trạm 27,"Ra soat 2026-07-11, file nguon: PLK_IMS",,,,,2026-07-11 09:50:09.894644+00,2026-08-11 04:37:10.204448+00,2e05f201-8ee7-4f2d-afe5-963dc6d94500,,e96be350-6615-441a-91f5-53ad976e91b3,"TB_972D8BKP Thiet bi cat loc set 1 pha  Thiet bi cat loc set 1 pha nVent ERICO  Tram 27 Ra soat 2026-07-11, file nguon: PLK_IMS","'-07':24 '-11':25 '1':8,15 '2026':23 '27':20 '972d8bkp':2 'bi':4,11 'cat':5,12 'erico':18 'file':26 'ims':29 'loc':6,13 'nguon':27 'nvent':17 'pha':9,16 'plk':28 'ra':21 'set':7,14 'soat':22 'tb':1 'thiet':3,10 'tram':19",AWOS IMS,TSF20A240V,,,8b408897-b25d-4ece-91ba-d97dfacec283,,Cắt lọc sét,PLK,,,,,,,,,,,,,,,,,,,,,,,san_sang,,f024c88e-8702-49c8-a302-15b93f6acb3c,,,,f,TB_PLK_025,a3eebddd-df65-414d-9e50-90fc3fa745aa,{},KHONG,,83,he_thong
619d44f8-5037-4ae3-9944-146563cecea3,TB_KHFNWJN6,Thiết bị thu phát vô tuyến,ae03f513-6763-46f8-913d-91a103966947,A100865923,Thiết bị thu phát vô tuyến,Ritron,,7f40beb2-5d47-4f4a-b7df-35cd1cca56ae,d7faf284-1a3a-4e53-9433-8476900a66e7,,,1ce915ed-07e9-4b65-9209-2652ffd9b681,e43c5d4b-3c3c-4486-89da-73e9ac747ab4,Trạm khí tượng giữa (cột AW11),"Ra soat 2026-07-11, file nguon: THA_DAW21",,,,,2026-07-11 09:50:09.894644+00,2026-08-11 04:37:10.204448+00,ceeef1ba-894d-4e04-9fb3-6efefba20836,,e96be350-6615-441a-91f5-53ad976e91b3,"TB_KHFNWJN6 Thiet bi thu phat vo tuyen A100865923 Thiet bi thu phat vo tuyen Ritron  Tram khi tuong giua (cot AW11) Ra soat 2026-07-11, file nguon: THA_DAW21","'-07':26 '-11':27 '2026':25 'a100865923':9 'aw11':22 'bi':4,11 'cot':21 'daw21':31 'file':28 'giua':20 'khfnwjn6':2 'khi':18 'nguon':29 'phat':6,13 'ra':23 'ritron':16 'soat':24 'tb':1 'tha':30 'thiet':3,10 'thu':5,12 'tram':17 'tuong':19 'tuyen':8,15 'vo':7,14",THIẾT BỊ QUAN TRẮC THÔNG DỤNG,DTXM-460-O,,,e43c5d4b-3c3c-4486-89da-73e9ac747ab4,,Truyền dẫn,THA,,,,,,,,,,,,,,,,,,,,,,,san_sang,,f024c88e-8702-49c8-a302-15b93f6acb3c,,,,f,TB_THA_097,517578e4-2091-47dd-b2c1-e6d44dc9ce8c,{},KHONG,,100,he_thong
6d747bbf-da6d-47a3-8c45-ad8100791723,TB_GY8SECF7,Bộ thu thập số liệu (Data logger) / Phụ kiện lắp đặt: / + Cáp bảo trì / + Bộ hiển thị LCD,ae03f513-6763-46f8-913d-91a103966947,,Data logger,MicroStep-MIS,,a13f3116-f74d-4435-b248-5b458d9fead4,d7faf284-1a3a-4e53-9433-8476900a66e7,,,1ce915ed-07e9-4b65-9209-2652ffd9b681,f59bf0bd-520b-4245-80db-dc71b7187bf1,,Đề xuất: Khi có sự cố thì xuất kho Cty QLBMT thay thế sửa chữa | Hỏng hóc: 0 lần | VTDP: Có | Niên hạn: Không,,,,,2026-07-11 09:50:09.894644+00,2026-08-11 04:37:10.204448+00,54e09535-2d7f-4319-812f-aee0a4916ed6,,e96be350-6615-441a-91f5-53ad976e91b3,TB_GY8SECF7 Bo thu thap so lieu (Data logger) / Phu kien lap dat: / + Cap bao tri / + Bo hien thi LCD  Data logger MicroStep-MIS   De xuat: Khi co su co thi xuat kho Cty QLBMT thay the sua chua | Hong hoc: 0 lan | VTDP: Co | Nien han: Khong,"'0':43 'bao':15 'bo':3,17 'cap':14 'chua':40 'co':29,31,46 'cty':35 'dat':13 'data':8,21 'de':26 'gy8secf7':2 'han':48 'hien':18 'hoc':42 'hong':41 'khi':28 'kho':34 'khong':49 'kien':11 'lan':44 'lap':12 'lcd':20 'lieu':7 'logger':9,22 'microstep':24 'microstep-mis':23 'mis':25 'nien':47 'phu':10 'qlbmt':36 'so':6 'su':30 'sua':39 'tb':1 'thap':5 'thay':37 'the':38 'thi':19,32 'thu':4 'tri':16 'vtdp':45 'xuat':27,33",,,,2025,f59bf0bd-520b-4245-80db-dc71b7187bf1,,,CR,,,,0.067,,,,,,,,,,,,,,,,,,,san_sang,,f024c88e-8702-49c8-a302-15b93f6acb3c,,,,f,TB_N1_AWOS_0008,b6f2490d-e847-4dbe-8884-3b2dcc37f7dc,{},KHONG,,83,he_thong
0c3610d4-4b43-404d-9aa3-1e5c9c00aee5,TB_WVE5BKRW,Nguồn AC/DC,accf1740-4c18-4b9a-895f-59d85ba593b5,,Nguồn AC/DC,MeanWell,,7f40beb2-5d47-4f4a-b7df-35cd1cca56ae,d7faf284-1a3a-4e53-9433-8476900a66e7,,,1ce915ed-07e9-4b65-9209-2652ffd9b681,e43c5d4b-3c3c-4486-89da-73e9ac747ab4,Cabin - Đài KSKL TUY HÒA,"Ra soat 2026-07-11, file nguon: THA_DAW21",,,,,2026-07-11 09:50:09.894644+00,2026-08-11 04:37:10.204448+00,0e8dbaf8-aa3e-4d9d-bab2-99b08381f6f9,,e96be350-6615-441a-91f5-53ad976e91b3,"TB_WVE5BKRW Nguon AC/DC  Nguon AC/DC MeanWell  Cabin - Dai KSKL TUY HOA Ra soat 2026-07-11, file nguon: THA_DAW21","'-07':16 '-11':17 '2026':15 'ac/dc':4,6 'cabin':8 'dai':9 'daw21':21 'file':18 'hoa':12 'kskl':10 'meanwell':7 'nguon':3,5,19 'ra':13 'soat':14 'tb':1 'tha':20 'tuy':11 'wve5bkrw':2",THIẾT BỊ QUAN TRẮC THÔNG DỤNG,MDR-60-12,,,e43c5d4b-3c3c-4486-89da-73e9ac747ab4,,Thiết bị nguồn,THA,,,,,,,,,,,,,,,,,,,,,,,san_sang,,f024c88e-8702-49c8-a302-15b93f6acb3c,,,,f,TB_THA_110,dd7d4f7a-f771-4b27-b4f0-338067668a88,{},KHONG,,83,he_thong
dcbefc3c-40cc-4742-98e3-e38dad3fa69f,TB_BSHTQBWD,Cảm biến đo độ cao chân mây,98c88d39-bf0f-43c7-83a2-ca5d266ba54f,,Cảm biến đo độ cao chân mây,Vaisala,,a0625061-0c6d-4e0b-b438-d696787ad746,d7faf284-1a3a-4e53-9433-8476900a66e7,,,1ce915ed-07e9-4b65-9209-2652ffd9b681,65ac5e26-b0a7-487e-a72d-3f0dfc3facc2,Trạm trần mây 35 Optimet,"Ra soat 2026-07-11, file nguon: BDKT_OPTIMET",,,,,2026-07-11 09:50:09.894644+00,2026-08-11 04:37:10.204448+00,79b069cc-810c-41ab-9b03-9032c1804a5f,,941ee24b-58b8-4e10-ae03-5d02a456ecf4,"TB_BSHTQBWD Cam bien do do cao chan may  Cam bien do do cao chan may Vaisala  Tram tran may 35 Optimet Ra soat 2026-07-11, file nguon: BDKT_OPTIMET","'-07':26 '-11':27 '2026':25 '35':21 'bdkt':30 'bien':4,11 'bshtqbwd':2 'cam':3,10 'cao':7,14 'chan':8,15 'do':5,6,12,13 'file':28 'may':9,16,20 'nguon':29 'optimet':22,31 'ra':23 'soat':24 'tb':1 'tram':18 'tran':19 'vaisala':17",Optimet,CL31,,,65ac5e26-b0a7-487e-a72d-3f0dfc3facc2,,Cảm biến,BDKT-KTKT,,,,,,,,,,,,,,,,,,,,,,,san_sang,,f024c88e-8702-49c8-a302-15b93f6acb3c,,,,f,TB_BDKT_KTKT_007,b3ca57f1-5cff-449b-ac21-a229109917dd,{},KHONG,,83,he_thong
4e1a1763-cbcb-4c19-9a08-b084a168b4dc,TB_4QT2HB9H,Thiết bị chuyển đổi Serial/Ethernet,ae03f513-6763-46f8-913d-91a103966947,,Converter Nport IA5250,Moxa,,4fbd5536-e530-4f9b-97d3-d194186c33de,d7faf284-1a3a-4e53-9433-8476900a66e7,,,1ce915ed-07e9-4b65-9209-2652ffd9b681,141337b4-f2fa-4438-808f-0d10cfeedb85,Trạm trần mây 14,"Ra soat 2026-07-11, file nguon: CLA_IMS",,,,,2026-07-11 09:50:09.894644+00,2026-08-11 04:37:10.204448+00,a5454b1e-b677-4fd8-8494-b4c080de867d,,ffd5b794-82b9-4fd3-9057-3579b9140d1d,"TB_4QT2HB9H Thiet bi chuyen doi Serial/Ethernet  Converter Nport IA5250 Moxa  Tram tran may 14 Ra soat 2026-07-11, file nguon: CLA_IMS",'-07':19 '-11':20 '14':15 '2026':18 '4qt2hb9h':2 'bi':4 'chuyen':5 'cla':23 'converter':8 'doi':6 'file':21 'ia5250':10 'ims':24 'may':14 'moxa':11 'nguon':22 'nport':9 'ra':16 'serial/ethernet':7 'soat':17 'tb':1 'thiet':3 'tram':12 'tran':13,AWOS IMS,IA5250,,,141337b4-f2fa-4438-808f-0d10cfeedb85,,Truyền dẫn,CLA,,,,,,,,,,,,,,,,,,,,,,,san_sang,,f024c88e-8702-49c8-a302-15b93f6acb3c,,,,f,TB_CLA_060,a16ee536-405c-41aa-8c3e-e2a64c300364,{},KHONG,,83,he_thong
f43ebd6a-782d-4d54-84bf-0f9028e191ec,TB_BG5A5N5H,Bộ thu thập số liệu (Data logger) / Phụ kiện lắp đặt: / + Cáp bảo trì / + Bộ hiển thị LCD,ae03f513-6763-46f8-913d-91a103966947,,Data logger,MicroStep-MIS,,a13f3116-f74d-4435-b248-5b458d9fead4,d7faf284-1a3a-4e53-9433-8476900a66e7,,,1ce915ed-07e9-4b65-9209-2652ffd9b681,f59bf0bd-520b-4245-80db-dc71b7187bf1,,Đề xuất: Khi có sự cố thì xuất kho Cty QLBMT thay thế sửa chữa | Hỏng hóc: 0 lần | VTDP: Có | Niên hạn: Không,,,,,2026-07-11 09:50:09.894644+00,2026-08-11 04:37:10.204448+00,54e09535-2d7f-4319-812f-aee0a4916ed6,,e96be350-6615-441a-91f5-53ad976e91b3,TB_BG5A5N5H Bo thu thap so lieu (Data logger) / Phu kien lap dat: / + Cap bao tri / + Bo hien thi LCD  Data logger MicroStep-MIS   De xuat: Khi co su co thi xuat kho Cty QLBMT thay the sua chua | Hong hoc: 0 lan | VTDP: Co | Nien han: Khong,"'0':43 'bao':15 'bg5a5n5h':2 'bo':3,17 'cap':14 'chua':40 'co':29,31,46 'cty':35 'dat':13 'data':8,21 'de':26 'han':48 'hien':18 'hoc':42 'hong':41 'khi':28 'kho':34 'khong':49 'kien':11 'lan':44 'lap':12 'lcd':20 'lieu':7 'logger':9,22 'microstep':24 'microstep-mis':23 'mis':25 'nien':47 'phu':10 'qlbmt':36 'so':6 'su':30 'sua':39 'tb':1 'thap':5 'thay':37 'the':38 'thi':19,32 'thu':4 'tri':16 'vtdp':45 'xuat':27,33",,,,2025,f59bf0bd-520b-4245-80db-dc71b7187bf1,,,CR,,,,0.067,,,,,,,,,,,,,,,,,,,san_sang,,f024c88e-8702-49c8-a302-15b93f6acb3c,,,,f,TB_N1_AWOS_0009,b6f2490d-e847-4dbe-8884-3b2dcc37f7dc,{},KHONG,,83,he_thong
a1fb224f-b2f8-4d46-ac10-b0d7fad35151,TB_V3X6D61W,Thiết bị chuyển đổi Serial/Fiber,ae03f513-6763-46f8-913d-91a103966947,TBZCE1047811,Thiết bị chuyển đổi Serial/Fiber,Moxa,,4fbd5536-e530-4f9b-97d3-d194186c33de,d7faf284-1a3a-4e53-9433-8476900a66e7,,,1ce915ed-07e9-4b65-9209-2652ffd9b681,141337b4-f2fa-4438-808f-0d10cfeedb85,Trạm trần mây 14,"Ra soat 2026-07-11, file nguon: CLA_IMS",,,,,2026-07-11 09:50:09.894644+00,2026-08-11 04:37:10.204448+00,a5454b1e-b677-4fd8-8494-b4c080de867d,,ffd5b794-82b9-4fd3-9057-3579b9140d1d,"TB_V3X6D61W Thiet bi chuyen doi Serial/Fiber TBZCE1047811 Thiet bi chuyen doi Serial/Fiber Moxa  Tram tran may 14 Ra soat 2026-07-11, file nguon: CLA_IMS","'-07':22 '-11':23 '14':18 '2026':21 'bi':4,10 'chuyen':5,11 'cla':26 'doi':6,12 'file':24 'ims':27 'may':17 'moxa':14 'nguon':25 'ra':19 'serial/fiber':7,13 'soat':20 'tb':1 'tbzce1047811':8 'thiet':3,9 'tram':15 'tran':16 'v3x6d61w':2",AWOS IMS,TCF-142-S-SC,,,141337b4-f2fa-4438-808f-0d10cfeedb85,,Truyền dẫn,CLA,,,,,,,,,,,,,,,,,,,,,,,san_sang,,f024c88e-8702-49c8-a302-15b93f6acb3c,,,,f,TB_CLA_058,ed490fd6-a6a7-4d29-b46c-2ab989316d71,{},KHONG,,100,he_thong
b5b79a80-dd8e-4453-bc35-680211a64680,TB_0P6K7PPY,Chống sét đường tín hiệu RS485,660f73b4-1975-4bde-8c87-810a23ef6e2c,,Chống sét đường tín hiệu RS232,Citel,,ce27df84-7054-4032-bfe7-efdb0bd119f4,d7faf284-1a3a-4e53-9433-8476900a66e7,,,1ce915ed-07e9-4b65-9209-2652ffd9b681,581d9350-905f-46da-b45e-c2d8aba4d868,09,"Ra soat 2026-07-11, file nguon: PBA_AWOS900",,,,,2026-07-11 09:50:09.894644+00,2026-08-11 04:37:10.204448+00,80666d25-731c-4de5-8d64-08488037258a,,e96be350-6615-441a-91f5-53ad976e91b3,"TB_0P6K7PPY Chong set duong tin hieu RS485  Chong set duong tin hieu RS232 Citel  09 Ra soat 2026-07-11, file nguon: PBA_AWOS900","'-07':20 '-11':21 '09':16 '0p6k7ppy':2 '2026':19 'awos900':25 'chong':3,9 'citel':15 'duong':5,11 'file':22 'hieu':7,13 'nguon':23 'pba':24 'ra':17 'rs232':14 'rs485':8 'set':4,10 'soat':18 'tb':1 'tin':6,12",AWOS-900,DLA2-12D3,,,581d9350-905f-46da-b45e-c2d8aba4d868,,Chống sét,PBA,,,,,,,,,,,,,,,,,,,,,,,san_sang,,f024c88e-8702-49c8-a302-15b93f6acb3c,,,,f,TB_PBA_064,bead90c6-a65d-4305-90bc-b59f8d19d38e,{},KHONG,,83,he_thong
2adbf6b5-b0af-449d-a582-ed31f55bd4f8,TB_WRT9CG67,Chống sét đường tín hiệu RS485,660f73b4-1975-4bde-8c87-810a23ef6e2c,Tủ DCP,Chống sét đường tín hiệu RS232,Citel,,ce27df84-7054-4032-bfe7-efdb0bd119f4,d7faf284-1a3a-4e53-9433-8476900a66e7,,,1ce915ed-07e9-4b65-9209-2652ffd9b681,581d9350-905f-46da-b45e-c2d8aba4d868,27,"Ra soat 2026-07-11, file nguon: PBA_AWOS900",,,,,2026-07-11 09:50:09.894644+00,2026-08-11 04:37:10.204448+00,80666d25-731c-4de5-8d64-08488037258a,,e96be350-6615-441a-91f5-53ad976e91b3,"TB_WRT9CG67 Chong set duong tin hieu RS485 Tu DCP Chong set duong tin hieu RS232 Citel  27 Ra soat 2026-07-11, file nguon: PBA_AWOS900","'-07':22 '-11':23 '2026':21 '27':18 'awos900':27 'chong':3,11 'citel':17 'dcp':10 'duong':5,13 'file':24 'hieu':7,15 'nguon':25 'pba':26 'ra':19 'rs232':16 'rs485':8 'set':4,12 'soat':20 'tb':1 'tin':6,14 'tu':9 'wrt9cg67':2",AWOS-900,DLA2-12D3,,,581d9350-905f-46da-b45e-c2d8aba4d868,,Chống sét,PBA,,,,,,,,,,,,,,,,,,,,,,,san_sang,,f024c88e-8702-49c8-a302-15b93f6acb3c,,,,f,TB_PBA_065,bead90c6-a65d-4305-90bc-b59f8d19d38e,{},KHONG,,100,he_thong
1c97bb57-d538-43fb-8704-6caa8bd1d8c2,TB_QDC8CBJE,Thiết bị Serial to Ethernet,ae03f513-6763-46f8-913d-91a103966947,,Converter Nport IA5250,Moxa,,a0625061-0c6d-4e0b-b438-d696787ad746,d7faf284-1a3a-4e53-9433-8476900a66e7,,,1ce915ed-07e9-4b65-9209-2652ffd9b681,65ac5e26-b0a7-487e-a72d-3f0dfc3facc2,Trạm MID,"Ra soat 2026-07-11, file nguon: BDKT_OPTIMET",,,,,2026-07-11 09:50:09.894644+00,2026-08-11 04:37:10.204448+00,a5454b1e-b677-4fd8-8494-b4c080de867d,,e96be350-6615-441a-91f5-53ad976e91b3,"TB_QDC8CBJE Thiet bi Serial to Ethernet  Converter Nport IA5250 Moxa  Tram MID Ra soat 2026-07-11, file nguon: BDKT_OPTIMET",'-07':17 '-11':18 '2026':16 'bdkt':21 'bi':4 'converter':8 'ethernet':7 'file':19 'ia5250':10 'mid':13 'moxa':11 'nguon':20 'nport':9 'optimet':22 'qdc8cbje':2 'ra':14 'serial':5 'soat':15 'tb':1 'thiet':3 'to':6 'tram':12,Optimet,IA5250,,,65ac5e26-b0a7-487e-a72d-3f0dfc3facc2,,Truyền dẫn,BDKT-KTKT,,,,,,,,,,,,,,,,,,,,,,,san_sang,,f024c88e-8702-49c8-a302-15b93f6acb3c,,,,f,TB_BDKT_KTKT_019,a16ee536-405c-41aa-8c3e-e2a64c300364,{},KHONG,,83,he_thong
e53e878c-a364-4d02-9c42-75b4b6de36c2,TB_5EQ7GM5T,Thiết bị cắt lọc sét 1 pha,660f73b4-1975-4bde-8c87-810a23ef6e2c,,Thiết bị cắt lọc sét 1 pha,nVent ERICO,,2236fe1c-6896-4157-a310-ae0e094233f6,d7faf284-1a3a-4e53-9433-8476900a66e7,,,1ce915ed-07e9-4b65-9209-2652ffd9b681,8b408897-b25d-4ece-91ba-d97dfacec283,Trạm MID,"Ra soat 2026-07-11, file nguon: PLK_IMS",,,,,2026-07-11 09:50:09.894644+00,2026-08-11 04:37:10.204448+00,2e05f201-8ee7-4f2d-afe5-963dc6d94500,,e96be350-6615-441a-91f5-53ad976e91b3,"TB_5EQ7GM5T Thiet bi cat loc set 1 pha  Thiet bi cat loc set 1 pha nVent ERICO  Tram MID Ra soat 2026-07-11, file nguon: PLK_IMS","'-07':24 '-11':25 '1':8,15 '2026':23 '5eq7gm5t':2 'bi':4,11 'cat':5,12 'erico':18 'file':26 'ims':29 'loc':6,13 'mid':20 'nguon':27 'nvent':17 'pha':9,16 'plk':28 'ra':21 'set':7,14 'soat':22 'tb':1 'thiet':3,10 'tram':19",AWOS IMS,TSF20A240V,,,8b408897-b25d-4ece-91ba-d97dfacec283,,Cắt lọc sét,PLK,,,,,,,,,,,,,,,,,,,,,,,san_sang,,f024c88e-8702-49c8-a302-15b93f6acb3c,,,,f,TB_PLK_057,a3eebddd-df65-414d-9e50-90fc3fa745aa,{},KHONG,,83,he_thong
62c02aec-8b62-40c9-8f91-09afb80c348c,TB_G4V2WRXZ,Bộ chuyển đổi tín hiệu  16 cổng RS232/485/422 sang Ethernet,ae03f513-6763-46f8-913d-91a103966947,,Thiết bị Serial to Ethernet,Moxa,,4fbd5536-e530-4f9b-97d3-d194186c33de,d7faf284-1a3a-4e53-9433-8476900a66e7,,,1ce915ed-07e9-4b65-9209-2652ffd9b681,141337b4-f2fa-4438-808f-0d10cfeedb85,PTB Đài KSKL CHU LAI,"Ra soat 2026-07-11, file nguon: CLA_IMS",,,,,2026-07-11 09:50:09.894644+00,2026-08-11 04:37:10.204448+00,a5454b1e-b677-4fd8-8494-b4c080de867d,,86ab1273-d507-4143-8f2d-b2e86dd8cf01,"TB_G4V2WRXZ Bo chuyen doi tin hieu  16 cong RS232/485/422 sang Ethernet  Thiet bi Serial to Ethernet Moxa  PTB Dai KSKL CHU LAI Ra soat 2026-07-11, file nguon: CLA_IMS","'-07':27 '-11':28 '16':8 '2026':26 'bi':14 'bo':3 'chu':22 'chuyen':4 'cla':31 'cong':9 'dai':20 'doi':5 'ethernet':12,17 'file':29 'g4v2wrxz':2 'hieu':7 'ims':32 'kskl':21 'lai':23 'moxa':18 'nguon':30 'ptb':19 'ra':24 'rs232/485/422':10 'sang':11 'serial':15 'soat':25 'tb':1 'thiet':13 'tin':6 'to':16",AWOS IMS,NPort 5650-16,,,141337b4-f2fa-4438-808f-0d10cfeedb85,,Truyền dẫn,CLA,,,,,,,,,,,,,,,,,,,,,,,san_sang,,f024c88e-8702-49c8-a302-15b93f6acb3c,,,,f,TB_CLA_072,9fbd34c3-1044-49fc-b068-864d19584ac9,{},KHONG,,83,he_thong
03c6b5a6-0e5f-4be0-affe-152f47788b7d,TB_CNB4ZYXX,Thiết bị chuyển đổi Serial/Fiber ( 7 PCS),ae03f513-6763-46f8-913d-91a103966947,,Thiết bị chuyển đổi Serial/Fiber ( 7 PCS),Moxa,,4fbd5536-e530-4f9b-97d3-d194186c33de,d7faf284-1a3a-4e53-9433-8476900a66e7,,,1ce915ed-07e9-4b65-9209-2652ffd9b681,141337b4-f2fa-4438-808f-0d10cfeedb85,PTB Đài KSKL CHU LAI,"Ra soat 2026-07-11, file nguon: CLA_IMS",,,,,2026-07-11 09:50:09.894644+00,2026-08-11 04:37:10.204448+00,a5454b1e-b677-4fd8-8494-b4c080de867d,,86ab1273-d507-4143-8f2d-b2e86dd8cf01,"TB_CNB4ZYXX Thiet bi chuyen doi Serial/Fiber ( 7 PCS)  Thiet bi chuyen doi Serial/Fiber ( 7 PCS) Moxa  PTB Dai KSKL CHU LAI Ra soat 2026-07-11, file nguon: CLA_IMS","'-07':26 '-11':27 '2026':25 '7':8,15 'bi':4,11 'chu':21 'chuyen':5,12 'cla':30 'cnb4zyxx':2 'dai':19 'doi':6,13 'file':28 'ims':31 'kskl':20 'lai':22 'moxa':17 'nguon':29 'pcs':9,16 'ptb':18 'ra':23 'serial/fiber':7,14 'soat':24 'tb':1 'thiet':3,10",AWOS IMS,TCF-142-M-ST-RM,,,141337b4-f2fa-4438-808f-0d10cfeedb85,,Truyền dẫn,CLA,,,,,,,,,,,,,,,,,,,,,,,san_sang,,f024c88e-8702-49c8-a302-15b93f6acb3c,,,,f,TB_CLA_073,b8811495-7cf9-4cdc-a6ee-76929c968c59,{},KHONG,,83,he_thong
c828bfec-f248-4d9e-80eb-11b59739e625,TB_SKA82F87,Modem Moxa 16 port,ae03f513-6763-46f8-913d-91a103966947,,Thiết bị Serial to Ethernet,Moxa,,2236fe1c-6896-4157-a310-ae0e094233f6,d7faf284-1a3a-4e53-9433-8476900a66e7,,,1ce915ed-07e9-4b65-9209-2652ffd9b681,8b408897-b25d-4ece-91ba-d97dfacec283,Phòng thiết bị,"Ra soat 2026-07-11, file nguon: PLK_IMS",,,,,2026-07-11 09:50:09.894644+00,2026-08-11 04:37:10.204448+00,a5454b1e-b677-4fd8-8494-b4c080de867d,,c6b9108a-b830-42a6-b3b8-9e6dd5196202,"TB_SKA82F87 Modem Moxa 16 port  Thiet bi Serial to Ethernet Moxa  Phong thiet bi Ra soat 2026-07-11, file nguon: PLK_IMS","'-07':19 '-11':20 '16':5 '2026':18 'bi':8,15 'ethernet':11 'file':21 'ims':24 'modem':3 'moxa':4,12 'nguon':22 'phong':13 'plk':23 'port':6 'ra':16 'serial':9 'ska82f87':2 'soat':17 'tb':1 'thiet':7,14 'to':10",AWOS IMS,NPort 5650-16,,,8b408897-b25d-4ece-91ba-d97dfacec283,,Thiết bị thu thập dữ liệu,PLK,,,,,,,,,,,,,,,,,,,,,,,san_sang,,f024c88e-8702-49c8-a302-15b93f6acb3c,,,,f,TB_PLK_099,9fbd34c3-1044-49fc-b068-864d19584ac9,{},KHONG,,83,he_thong
b54e3446-df59-4e20-8137-e223041971da,TB_0QSR5QFX,Modem Moxa 8 port,ae03f513-6763-46f8-913d-91a103966947,,Modem Moxa 8 port,Moxa,,2236fe1c-6896-4157-a310-ae0e094233f6,d7faf284-1a3a-4e53-9433-8476900a66e7,,,1ce915ed-07e9-4b65-9209-2652ffd9b681,8b408897-b25d-4ece-91ba-d97dfacec283,Phòng thiết bị,"Ra soat 2026-07-11, file nguon: PLK_IMS",,,,,2026-07-11 09:50:09.894644+00,2026-08-11 04:37:10.204448+00,a5454b1e-b677-4fd8-8494-b4c080de867d,,c6b9108a-b830-42a6-b3b8-9e6dd5196202,"TB_0QSR5QFX Modem Moxa 8 port  Modem Moxa 8 port Moxa  Phong thiet bi Ra soat 2026-07-11, file nguon: PLK_IMS","'-07':18 '-11':19 '0qsr5qfx':2 '2026':17 '8':5,9 'bi':14 'file':20 'ims':23 'modem':3,7 'moxa':4,8,11 'nguon':21 'phong':12 'plk':22 'port':6,10 'ra':15 'soat':16 'tb':1 'thiet':13",AWOS IMS,CN2610-8-2AC,,,8b408897-b25d-4ece-91ba-d97dfacec283,,Thiết bị thu thập dữ liệu,PLK,,,,,,,,,,,,,,,,,,,,,,,san_sang,,f024c88e-8702-49c8-a302-15b93f6acb3c,,,,f,TB_PLK_098,82dc57c5-7d04-4fb8-a3b3-969c9dc39db7,{},KHONG,,83,he_thong
6e0d1218-a2fc-4735-be36-23c0b3310269,TB_81RBX2E1,Chống sét đường tín hiệu,660f73b4-1975-4bde-8c87-810a23ef6e2c,,Chống sét đường tín hiệu,AT3W,,2236fe1c-6896-4157-a310-ae0e094233f6,d7faf284-1a3a-4e53-9433-8476900a66e7,,,1ce915ed-07e9-4b65-9209-2652ffd9b681,8b408897-b25d-4ece-91ba-d97dfacec283,Phòng thiết bị,"Ra soat 2026-07-11, file nguon: PLK_IMS",,,,,2026-07-11 09:50:09.894644+00,2026-08-11 04:37:10.204448+00,9d09c5d7-4aa9-40a6-b47b-4e1899c9956f,,c6b9108a-b830-42a6-b3b8-9e6dd5196202,"TB_81RBX2E1 Chong set duong tin hieu  Chong set duong tin hieu AT3W  Phong thiet bi Ra soat 2026-07-11, file nguon: PLK_IMS","'-07':20 '-11':21 '2026':19 '81rbx2e1':2 'at3w':13 'bi':16 'chong':3,8 'duong':5,10 'file':22 'hieu':7,12 'ims':25 'nguon':23 'phong':14 'plk':24 'ra':17 'set':4,9 'soat':18 'tb':1 'thiet':15 'tin':6,11",AWOS IMS,AT-2300,,,8b408897-b25d-4ece-91ba-d97dfacec283,,Cắt lọc sét,PLK,,,,,,,,,,,,,,,,,,,,,,,san_sang,,f024c88e-8702-49c8-a302-15b93f6acb3c,,,,f,TB_PLK_112,0afefb1d-ad24-474a-9810-5e665bc08366,{},KHONG,,83,he_thong
4e7b4e06-8f44-4bc0-bdac-4736adeea387,TB_BSGBM1WB,Media Converter,ae03f513-6763-46f8-913d-91a103966947,,Media Converter,3Onedata,,ce27df84-7054-4032-bfe7-efdb0bd119f4,d7faf284-1a3a-4e53-9433-8476900a66e7,,,1ce915ed-07e9-4b65-9209-2652ffd9b681,581d9350-905f-46da-b45e-c2d8aba4d868,27,"Ra soat 2026-07-11, file nguon: PBA_AWOS900",,,,,2026-07-11 09:50:09.894644+00,2026-08-11 04:37:10.204448+00,7c809d84-88ee-4505-9e8e-d5f291ec5afd,,e96be350-6615-441a-91f5-53ad976e91b3,"TB_BSGBM1WB Media Converter  Media Converter 3Onedata  27 Ra soat 2026-07-11, file nguon: PBA_AWOS900","'-07':12 '-11':13 '2026':11 '27':8 '3onedata':7 'awos900':17 'bsgbm1wb':2 'converter':4,6 'file':14 'media':3,5 'nguon':15 'pba':16 'ra':9 'soat':10 'tb':1",Thiết bị đo đạc quan trắc thông dụng,,,,581d9350-905f-46da-b45e-c2d8aba4d868,,Truyền dẫn,PBA,,,,,,,,,,,,,,,,,,,,,,,san_sang,,f024c88e-8702-49c8-a302-15b93f6acb3c,,,,f,TB_PBA_069,3c562884-545d-4c16-9a5e-ef9b5854b6f9,{},KHONG,,83,he_thong
0707acc8-a793-4e95-85bf-c80a201786af,TB_A4C522PY,Converter IA5250,ae03f513-6763-46f8-913d-91a103966947,IA5250,Converter Nport IA5250,MOXA,,5ae20f2b-30dc-409c-95db-68b98b79c94e,d7faf284-1a3a-4e53-9433-8476900a66e7,,,1ce915ed-07e9-4b65-9209-2652ffd9b681,f59bf0bd-520b-4245-80db-dc71b7187bf1,,Đề xuất: Đề nghị mua thêm VTDP để sử dụng chung cho các hệ thống AWOS | Hỏng hóc: không | Tình trạng: Hoạt động bình thường | VTDP: Còn 1 bộ dự phòng trong kho Công ty | Niên hạn: Không,,,,,2026-07-11 09:50:09.894644+00,2026-08-11 04:37:10.204448+00,a5454b1e-b677-4fd8-8494-b4c080de867d,,e96be350-6615-441a-91f5-53ad976e91b3,TB_A4C522PY Converter IA5250 IA5250 Converter Nport IA5250 MOXA   De xuat: De nghi mua them VTDP de su dung chung cho cac he thong AWOS | Hong hoc: khong | Tinh trang: Hoat dong binh thuong | VTDP: Con 1 bo du phong trong kho Cong ty | Nien han: Khong,"'1':37 'a4c522py':2 'awos':25 'binh':33 'bo':38 'cac':22 'cho':21 'chung':20 'con':36 'cong':43 'converter':3,6 'de':10,12,17 'dong':32 'du':39 'dung':19 'han':46 'he':23 'hoat':31 'hoc':27 'hong':26 'ia5250':4,5,8 'kho':42 'khong':28,47 'moxa':9 'mua':14 'nghi':13 'nien':45 'nport':7 'phong':40 'su':18 'tb':1 'them':15 'thong':24 'thuong':34 'tinh':29 'trang':30 'trong':41 'ty':44 'vtdp':16,35 'xuat':11",,IA5250,2023,2023,f59bf0bd-520b-4245-80db-dc71b7187bf1,,,CR,,,,0.200,,,,,,,,,,,,,,,,,,,san_sang,,f024c88e-8702-49c8-a302-15b93f6acb3c,,,,f,TB_N1_AWOS_0116,a16ee536-405c-41aa-8c3e-e2a64c300364,{},KHONG,,100,he_thong
a3ebf102-0923-42b4-bb44-31c21553f94f,TB_8Z3QE3RV,Thiết bị giao tiếp đường truyền Nport IA5250A-T,ae03f513-6763-46f8-913d-91a103966947,BBKE1044701,Converter Nport IA5250,MOXA,,5ae20f2b-30dc-409c-95db-68b98b79c94e,d7faf284-1a3a-4e53-9433-8476900a66e7,,,1ce915ed-07e9-4b65-9209-2652ffd9b681,f59bf0bd-520b-4245-80db-dc71b7187bf1,,Nguồn: dùng để chuyển đổi và ghép nối tín hiệu từ máy đo tầm nhìn vào thiết bị đường truyền quang hiện có | Đề xuất: Đề nghị mua thêm VTDP để sử dụng chung cho các hệ thống AWOS | Hỏng hóc: không | Tình trạng: Hoạt động bình thường | VTDP: Còn 1 bộ dự phòng trong kho Công ty | Niên hạn: Không,,,,,2026-07-11 09:50:09.894644+00,2026-08-11 04:37:10.204448+00,a5454b1e-b677-4fd8-8494-b4c080de867d,,e96be350-6615-441a-91f5-53ad976e91b3,TB_8Z3QE3RV Thiet bi giao tiep duong truyen Nport IA5250A-T BBKE1044701 Converter Nport IA5250 MOXA   Nguon: dung de chuyen doi va ghep noi tin hieu tu may do tam nhin vao thiet bi duong truyen quang hien co | De xuat: De nghi mua them VTDP de su dung chung cho cac he thong AWOS | Hong hoc: khong | Tinh trang: Hoat dong binh thuong | VTDP: Con 1 bo du phong trong kho Cong ty | Nien han: Khong,"'1':68 '8z3qe3rv':2 'awos':56 'bbke1044701':13 'bi':4,35 'binh':64 'bo':69 'cac':53 'cho':52 'chung':51 'chuyen':21 'co':40 'con':67 'cong':74 'converter':14 'de':20,41,43,48 'do':30 'doi':22 'dong':63 'du':70 'dung':19,50 'duong':7,36 'ghep':24 'giao':5 'han':77 'he':54 'hien':39 'hieu':27 'hoat':62 'hoc':58 'hong':57 'ia5250':16 'ia5250a':11 'ia5250a-t':10 'kho':73 'khong':59,78 'may':29 'moxa':17 'mua':45 'nghi':44 'nguon':18 'nhin':32 'nien':76 'noi':25 'nport':9,15 'phong':71 'quang':38 'su':49 't':12 'tam':31 'tb':1 'them':46 'thiet':3,34 'thong':55 'thuong':65 'tiep':6 'tin':26 'tinh':60 'trang':61 'trong':72 'truyen':8,37 'tu':28 'ty':75 'va':23 'vao':33 'vtdp':47,66 'xuat':42",,IA5250,2022,2023,f59bf0bd-520b-4245-80db-dc71b7187bf1,,,CR,,,,0.200,,,,,,,,,,,,,,,,,,,san_sang,,f024c88e-8702-49c8-a302-15b93f6acb3c,,,,f,TB_N1_AWOS_0188,a16ee536-405c-41aa-8c3e-e2a64c300364,{},KHONG,,100,he_thong
cbb6ca1c-aab3-4aa7-9d40-8c7798eb6325,TB_TKAG9CXC,Thiết bị giao tiếp đường truyền Nport IA5250A-T,ae03f513-6763-46f8-913d-91a103966947,TBBKE1044666,Converter Nport IA5250,MOXA,,5ae20f2b-30dc-409c-95db-68b98b79c94e,d7faf284-1a3a-4e53-9433-8476900a66e7,,,1ce915ed-07e9-4b65-9209-2652ffd9b681,f59bf0bd-520b-4245-80db-dc71b7187bf1,,Nguồn: dùng để chuyển đổi và ghép nối tín hiệu từ máy đo tầm nhìn vào thiết bị đường truyền quang hiện có | Đề xuất: Đề nghị mua thêm VTDP để sử dụng chung cho các hệ thống AWOS | Hỏng hóc: không | Tình trạng: Hoạt động bình thường | VTDP: Còn 1 bộ dự phòng trong kho Công ty | Niên hạn: Không,,,,,2026-07-11 09:50:09.894644+00,2026-08-11 04:37:10.204448+00,a5454b1e-b677-4fd8-8494-b4c080de867d,,e96be350-6615-441a-91f5-53ad976e91b3,TB_TKAG9CXC Thiet bi giao tiep duong truyen Nport IA5250A-T TBBKE1044666 Converter Nport IA5250 MOXA   Nguon: dung de chuyen doi va ghep noi tin hieu tu may do tam nhin vao thiet bi duong truyen quang hien co | De xuat: De nghi mua them VTDP de su dung chung cho cac he thong AWOS | Hong hoc: khong | Tinh trang: Hoat dong binh thuong | VTDP: Con 1 bo du phong trong kho Cong ty | Nien han: Khong,"'1':68 'awos':56 'bi':4,35 'binh':64 'bo':69 'cac':53 'cho':52 'chung':51 'chuyen':21 'co':40 'con':67 'cong':74 'converter':14 'de':20,41,43,48 'do':30 'doi':22 'dong':63 'du':70 'dung':19,50 'duong':7,36 'ghep':24 'giao':5 'han':77 'he':54 'hien':39 'hieu':27 'hoat':62 'hoc':58 'hong':57 'ia5250':16 'ia5250a':11 'ia5250a-t':10 'kho':73 'khong':59,78 'may':29 'moxa':17 'mua':45 'nghi':44 'nguon':18 'nhin':32 'nien':76 'noi':25 'nport':9,15 'phong':71 'quang':38 'su':49 't':12 'tam':31 'tb':1 'tbbke1044666':13 'them':46 'thiet':3,34 'thong':55 'thuong':65 'tiep':6 'tin':26 'tinh':60 'tkag9cxc':2 'trang':61 'trong':72 'truyen':8,37 'tu':28 'ty':75 'va':23 'vao':33 'vtdp':47,66 'xuat':42",,IA5250,2022,2023,f59bf0bd-520b-4245-80db-dc71b7187bf1,,,CR,,,,0.200,,,,,,,,,,,,,,,,,,,san_sang,,f024c88e-8702-49c8-a302-15b93f6acb3c,,,,f,TB_N1_AWOS_0189,a16ee536-405c-41aa-8c3e-e2a64c300364,{},KHONG,,100,he_thong
3744eb10-95e8-4765-ad19-dd79ff5200cb,TB_EHJ5RH7R,Nguồn AC/DC,accf1740-4c18-4b9a-895f-59d85ba593b5,,Bộ chuyển đổi AC/DC,MeanWell,,ebc4a136-c5e7-4f7d-abfc-e3ddea655b8c,d7faf284-1a3a-4e53-9433-8476900a66e7,,,1ce915ed-07e9-4b65-9209-2652ffd9b681,46e84da7-5a8b-4a79-aa46-2fb4bae1ff26,VIS-15,"Ra soat 2026-07-11, file nguon: PCA_IMS",,,,,2026-07-11 09:50:09.894644+00,2026-08-11 04:37:10.204448+00,0e8dbaf8-aa3e-4d9d-bab2-99b08381f6f9,,e96be350-6615-441a-91f5-53ad976e91b3,"TB_EHJ5RH7R Nguon AC/DC  Bo chuyen doi AC/DC MeanWell  VIS-15 Ra soat 2026-07-11, file nguon: PCA_IMS","'-07':15 '-11':16 '-15':11 '2026':14 'ac/dc':4,8 'bo':5 'chuyen':6 'doi':7 'ehj5rh7r':2 'file':17 'ims':20 'meanwell':9 'nguon':3,18 'pca':19 'ra':12 'soat':13 'tb':1 'vis':10",AWOS-IMS,AD-155A,,,46e84da7-5a8b-4a79-aa46-2fb4bae1ff26,,Thiết bị nguồn,PCA,,,,,,,,,,,,,,,,,,,,,,,san_sang,,f024c88e-8702-49c8-a302-15b93f6acb3c,,,,f,TB_PCA_045,c4920869-42f0-4b89-bdde-2a905c24a4af,{},KHONG,,83,he_thong
9ba5f247-4207-4378-99f2-bdb2ab04dfb7,TB_SS3AJ11C,Cảm biến đo nhiệt độ Thies 1.1006.54.080,98c88d39-bf0f-43c7-83a2-ca5d266ba54f,,Cảm biến đo nhiệt độ Thies 1.1006.54.080,Thies Clima,,5ae20f2b-30dc-409c-95db-68b98b79c94e,d7faf284-1a3a-4e53-9433-8476900a66e7,,,1ce915ed-07e9-4b65-9209-2652ffd9b681,f59bf0bd-520b-4245-80db-dc71b7187bf1,,Hỏng hóc: 0 lần | Tình trạng: Khai thác bình thường | VTDP: Không có VTDP | Niên hạn: Không,,,,,2026-07-11 09:50:09.894644+00,2026-08-11 04:37:10.204448+00,f0c86184-a2a8-4ba2-b3e2-87283fbcf190,,e96be350-6615-441a-91f5-53ad976e91b3,TB_SS3AJ11C Cam bien do nhiet do Thies 1.1006.54.080  Cam bien do nhiet do Thies 1.1006.54.080 Thies Clima   Hong hoc: 0 lan | Tinh trang: Khai thac binh thuong | VTDP: Khong co VTDP | Nien han: Khong,"'0':21 '1.1006.54.080':9,16 'bien':4,11 'binh':27 'cam':3,10 'clima':18 'co':31 'do':5,7,12,14 'han':34 'hoc':20 'hong':19 'khai':25 'khong':30,35 'lan':22 'nhiet':6,13 'nien':33 'ss3aj11c':2 'tb':1 'thac':26 'thies':8,15,17 'thuong':28 'tinh':23 'trang':24 'vtdp':29,32",,1.1006.54.080,2023,2023,f59bf0bd-520b-4245-80db-dc71b7187bf1,,,CR,,,,0.375,,,,,,,,,,,,,,,,,,,san_sang,,f024c88e-8702-49c8-a302-15b93f6acb3c,,,,f,TB_N1_AWOS_0122,5eb8f669-8af7-4cf8-872b-1c9b3a98f491,{},KHONG,,83,he_thong
173191da-b2c9-4b08-8de3-bbe2cdac5249,TB_XFTTDR9P,Thiết bị giao tiếp đường truyền Nport IA5250A-T,ae03f513-6763-46f8-913d-91a103966947,TBBKE1044764,Converter Nport IA5250,MOXA,,5ae20f2b-30dc-409c-95db-68b98b79c94e,d7faf284-1a3a-4e53-9433-8476900a66e7,,,1ce915ed-07e9-4b65-9209-2652ffd9b681,f59bf0bd-520b-4245-80db-dc71b7187bf1,,Nguồn: dùng để chuyển đổi và ghép nối tín hiệu từ máy đo tầm nhìn vào thiết bị đường truyền quang hiện có | Đề xuất: Đề nghị mua thêm VTDP để sử dụng chung cho các hệ thống AWOS | Hỏng hóc: không | Tình trạng: Hoạt động bình thường | VTDP: Còn 1 bộ dự phòng trong kho Công ty | Niên hạn: Không,,,,,2026-07-11 09:50:09.894644+00,2026-08-11 04:37:10.204448+00,a5454b1e-b677-4fd8-8494-b4c080de867d,,e96be350-6615-441a-91f5-53ad976e91b3,TB_XFTTDR9P Thiet bi giao tiep duong truyen Nport IA5250A-T TBBKE1044764 Converter Nport IA5250 MOXA   Nguon: dung de chuyen doi va ghep noi tin hieu tu may do tam nhin vao thiet bi duong truyen quang hien co | De xuat: De nghi mua them VTDP de su dung chung cho cac he thong AWOS | Hong hoc: khong | Tinh trang: Hoat dong binh thuong | VTDP: Con 1 bo du phong trong kho Cong ty | Nien han: Khong,"'1':68 'awos':56 'bi':4,35 'binh':64 'bo':69 'cac':53 'cho':52 'chung':51 'chuyen':21 'co':40 'con':67 'cong':74 'converter':14 'de':20,41,43,48 'do':30 'doi':22 'dong':63 'du':70 'dung':19,50 'duong':7,36 'ghep':24 'giao':5 'han':77 'he':54 'hien':39 'hieu':27 'hoat':62 'hoc':58 'hong':57 'ia5250':16 'ia5250a':11 'ia5250a-t':10 'kho':73 'khong':59,78 'may':29 'moxa':17 'mua':45 'nghi':44 'nguon':18 'nhin':32 'nien':76 'noi':25 'nport':9,15 'phong':71 'quang':38 'su':49 't':12 'tam':31 'tb':1 'tbbke1044764':13 'them':46 'thiet':3,34 'thong':55 'thuong':65 'tiep':6 'tin':26 'tinh':60 'trang':61 'trong':72 'truyen':8,37 'tu':28 'ty':75 'va':23 'vao':33 'vtdp':47,66 'xfttdr9p':2 'xuat':42",,IA5250,2022,2023,f59bf0bd-520b-4245-80db-dc71b7187bf1,,,CR,,,,0.200,,,,,,,,,,,,,,,,,,,san_sang,,f024c88e-8702-49c8-a302-15b93f6acb3c,,,,f,TB_N1_AWOS_0191,a16ee536-405c-41aa-8c3e-e2a64c300364,{},KHONG,,100,he_thong
8c4ae8d4-cc26-465f-9c45-7370a1daaa65,TB_R1KKBJW9,Thiết bị giao tiếp đường truyền Nport IA5250A-T,ae03f513-6763-46f8-913d-91a103966947,TBCEE1014110,Converter Nport IA5250,MOXA,,5ae20f2b-30dc-409c-95db-68b98b79c94e,d7faf284-1a3a-4e53-9433-8476900a66e7,,,1ce915ed-07e9-4b65-9209-2652ffd9b681,f59bf0bd-520b-4245-80db-dc71b7187bf1,,Nguồn: dùng để chuyển đổi và ghép nối tín hiệu từ máy đo tầm nhìn vào thiết bị đường truyền quang hiện có | Đề xuất: Đề nghị mua thêm VTDP để sử dụng chung cho các hệ thống AWOS | Hỏng hóc: không | Tình trạng: Hoạt động bình thường | VTDP: Còn 1 bộ dự phòng trong kho Công ty | Niên hạn: Không,,,,,2026-07-11 09:50:09.894644+00,2026-08-11 04:37:10.204448+00,a5454b1e-b677-4fd8-8494-b4c080de867d,,e96be350-6615-441a-91f5-53ad976e91b3,TB_R1KKBJW9 Thiet bi giao tiep duong truyen Nport IA5250A-T TBCEE1014110 Converter Nport IA5250 MOXA   Nguon: dung de chuyen doi va ghep noi tin hieu tu may do tam nhin vao thiet bi duong truyen quang hien co | De xuat: De nghi mua them VTDP de su dung chung cho cac he thong AWOS | Hong hoc: khong | Tinh trang: Hoat dong binh thuong | VTDP: Con 1 bo du phong trong kho Cong ty | Nien han: Khong,"'1':68 'awos':56 'bi':4,35 'binh':64 'bo':69 'cac':53 'cho':52 'chung':51 'chuyen':21 'co':40 'con':67 'cong':74 'converter':14 'de':20,41,43,48 'do':30 'doi':22 'dong':63 'du':70 'dung':19,50 'duong':7,36 'ghep':24 'giao':5 'han':77 'he':54 'hien':39 'hieu':27 'hoat':62 'hoc':58 'hong':57 'ia5250':16 'ia5250a':11 'ia5250a-t':10 'kho':73 'khong':59,78 'may':29 'moxa':17 'mua':45 'nghi':44 'nguon':18 'nhin':32 'nien':76 'noi':25 'nport':9,15 'phong':71 'quang':38 'r1kkbjw9':2 'su':49 't':12 'tam':31 'tb':1 'tbcee1014110':13 'them':46 'thiet':3,34 'thong':55 'thuong':65 'tiep':6 'tin':26 'tinh':60 'trang':61 'trong':72 'truyen':8,37 'tu':28 'ty':75 'va':23 'vao':33 'vtdp':47,66 'xuat':42",,IA5250,2023,2023,f59bf0bd-520b-4245-80db-dc71b7187bf1,,,CR,,,,0.200,,,,,,,,,,,,,,,,,,,san_sang,,f024c88e-8702-49c8-a302-15b93f6acb3c,,,,f,TB_N1_AWOS_0192,a16ee536-405c-41aa-8c3e-e2a64c300364,{},KHONG,,100,he_thong
c9f2718b-4eac-4ba8-b81c-fac182625125,TB_ZGFGNEKA,Thiết bị serial to Ethernet,ae03f513-6763-46f8-913d-91a103966947,,Converter Nport IA5250,Moxa,,ebc4a136-c5e7-4f7d-abfc-e3ddea655b8c,d7faf284-1a3a-4e53-9433-8476900a66e7,,,1ce915ed-07e9-4b65-9209-2652ffd9b681,46e84da7-5a8b-4a79-aa46-2fb4bae1ff26,CEILO-15,"Ra soat 2026-07-11, file nguon: PCA_IMS",,,,,2026-07-11 09:50:09.894644+00,2026-08-11 04:37:10.204448+00,a5454b1e-b677-4fd8-8494-b4c080de867d,,e96be350-6615-441a-91f5-53ad976e91b3,"TB_ZGFGNEKA Thiet bi serial to Ethernet  Converter Nport IA5250 Moxa  CEILO-15 Ra soat 2026-07-11, file nguon: PCA_IMS",'-07':17 '-11':18 '-15':13 '2026':16 'bi':4 'ceilo':12 'converter':8 'ethernet':7 'file':19 'ia5250':10 'ims':22 'moxa':11 'nguon':20 'nport':9 'pca':21 'ra':14 'serial':5 'soat':15 'tb':1 'thiet':3 'to':6 'zgfgneka':2,AWOS-IMS,IA5250,,,46e84da7-5a8b-4a79-aa46-2fb4bae1ff26,,Truyền dẫn,PCA,,,,,,,,,,,,,,,,,,,,,,,san_sang,,f024c88e-8702-49c8-a302-15b93f6acb3c,,,,f,TB_PCA_071,a16ee536-405c-41aa-8c3e-e2a64c300364,{},KHONG,,83,he_thong
e045d5a5-47da-4cb1-8af9-ad2d350b5663,TB_9757HFWV,Thiết bị Serial to Ethernet,ae03f513-6763-46f8-913d-91a103966947,,Converter Nport IA5250,Moxa,,ebc4a136-c5e7-4f7d-abfc-e3ddea655b8c,d7faf284-1a3a-4e53-9433-8476900a66e7,,,1ce915ed-07e9-4b65-9209-2652ffd9b681,46e84da7-5a8b-4a79-aa46-2fb4bae1ff26,AWS-33,"Ra soat 2026-07-11, file nguon: PCA_IMS",,,,,2026-07-11 09:50:09.894644+00,2026-08-11 04:37:10.204448+00,a5454b1e-b677-4fd8-8494-b4c080de867d,,e96be350-6615-441a-91f5-53ad976e91b3,"TB_9757HFWV Thiet bi Serial to Ethernet  Converter Nport IA5250 Moxa  AWS-33 Ra soat 2026-07-11, file nguon: PCA_IMS",'-07':17 '-11':18 '-33':13 '2026':16 '9757hfwv':2 'aws':12 'bi':4 'converter':8 'ethernet':7 'file':19 'ia5250':10 'ims':22 'moxa':11 'nguon':20 'nport':9 'pca':21 'ra':14 'serial':5 'soat':15 'tb':1 'thiet':3 'to':6,AWOS-IMS,IA5250,,,46e84da7-5a8b-4a79-aa46-2fb4bae1ff26,,Truyền dẫn,PCA,,,,,,,,,,,,,,,,,,,,,,,san_sang,,f024c88e-8702-49c8-a302-15b93f6acb3c,,,,f,TB_PCA_072,a16ee536-405c-41aa-8c3e-e2a64c300364,{},KHONG,,83,he_thong
6a10593c-5697-464d-a6ff-74c0c21f2440,TB_WESNJPHP,Thiết bị serial to Ethernet,ae03f513-6763-46f8-913d-91a103966947,,Converter Nport IA5250,Moxa,,ebc4a136-c5e7-4f7d-abfc-e3ddea655b8c,d7faf284-1a3a-4e53-9433-8476900a66e7,,,1ce915ed-07e9-4b65-9209-2652ffd9b681,46e84da7-5a8b-4a79-aa46-2fb4bae1ff26,VIS-33,"Ra soat 2026-07-11, file nguon: PCA_IMS",,,,,2026-07-11 09:50:09.894644+00,2026-08-11 04:37:10.204448+00,a5454b1e-b677-4fd8-8494-b4c080de867d,,e96be350-6615-441a-91f5-53ad976e91b3,"TB_WESNJPHP Thiet bi serial to Ethernet  Converter Nport IA5250 Moxa  VIS-33 Ra soat 2026-07-11, file nguon: PCA_IMS",'-07':17 '-11':18 '-33':13 '2026':16 'bi':4 'converter':8 'ethernet':7 'file':19 'ia5250':10 'ims':22 'moxa':11 'nguon':20 'nport':9 'pca':21 'ra':14 'serial':5 'soat':15 'tb':1 'thiet':3 'to':6 'vis':12 'wesnjphp':2,AWOS-IMS,IA5250,,,46e84da7-5a8b-4a79-aa46-2fb4bae1ff26,,Truyền dẫn,PCA,,,,,,,,,,,,,,,,,,,,,,,san_sang,,f024c88e-8702-49c8-a302-15b93f6acb3c,,,,f,TB_PCA_073,a16ee536-405c-41aa-8c3e-e2a64c300364,{},KHONG,,83,he_thong
0806ef4f-eda1-4100-8b9e-974334e49113,TB_9ARW5DVE,Thiết bị serial to Ethernet,ae03f513-6763-46f8-913d-91a103966947,,Converter Nport IA5250,Moxa,,ebc4a136-c5e7-4f7d-abfc-e3ddea655b8c,d7faf284-1a3a-4e53-9433-8476900a66e7,,,1ce915ed-07e9-4b65-9209-2652ffd9b681,46e84da7-5a8b-4a79-aa46-2fb4bae1ff26,TST-33,"Ra soat 2026-07-11, file nguon: PCA_IMS",,,,,2026-07-11 09:50:09.894644+00,2026-08-11 04:37:10.204448+00,a5454b1e-b677-4fd8-8494-b4c080de867d,,e96be350-6615-441a-91f5-53ad976e91b3,"TB_9ARW5DVE Thiet bi serial to Ethernet  Converter Nport IA5250 Moxa  TST-33 Ra soat 2026-07-11, file nguon: PCA_IMS",'-07':17 '-11':18 '-33':13 '2026':16 '9arw5dve':2 'bi':4 'converter':8 'ethernet':7 'file':19 'ia5250':10 'ims':22 'moxa':11 'nguon':20 'nport':9 'pca':21 'ra':14 'serial':5 'soat':15 'tb':1 'thiet':3 'to':6 'tst':12,AWOS-IMS,IA5250,,,46e84da7-5a8b-4a79-aa46-2fb4bae1ff26,,Truyền dẫn,PCA,,,,,,,,,,,,,,,,,,,,,,,san_sang,,f024c88e-8702-49c8-a302-15b93f6acb3c,,,,f,TB_PCA_074,a16ee536-405c-41aa-8c3e-e2a64c300364,{},KHONG,,83,he_thong
a589d35c-7c31-44fd-8268-844ca27e4025,TB_G146DJR2,Thiết bị bảo vệ quá áp,accf1740-4c18-4b9a-895f-59d85ba593b5,,Thiết bị bảo vệ quá áp,MicroStep-MIS,,2236fe1c-6896-4157-a310-ae0e094233f6,d7faf284-1a3a-4e53-9433-8476900a66e7,,,1ce915ed-07e9-4b65-9209-2652ffd9b681,8b408897-b25d-4ece-91ba-d97dfacec283,Trạm 27 Celio,"Ra soat 2026-07-11, file nguon: PLK_IMS",,,,,2026-07-11 09:50:09.894644+00,2026-08-11 04:37:10.204448+00,54e09535-2d7f-4319-812f-aee0a4916ed6,,e96be350-6615-441a-91f5-53ad976e91b3,"TB_G146DJR2 Thiet bi bao ve qua ap  Thiet bi bao ve qua ap MicroStep-MIS  Tram 27 Celio Ra soat 2026-07-11, file nguon: PLK_IMS","'-07':24 '-11':25 '2026':23 '27':19 'ap':8,14 'bao':5,11 'bi':4,10 'celio':20 'file':26 'g146djr2':2 'ims':29 'microstep':16 'microstep-mis':15 'mis':17 'nguon':27 'plk':28 'qua':7,13 'ra':21 'soat':22 'tb':1 'thiet':3,9 'tram':18 've':6,12",AWOS IMS,OVP Phone 160v,,,8b408897-b25d-4ece-91ba-d97dfacec283,,Thiết bị nguồn,PLK,,,,,,,,,,,,,,,,,,,,,,,san_sang,,f024c88e-8702-49c8-a302-15b93f6acb3c,,,,f,TB_PLK_009,c52b5941-93e7-492d-9026-87e6d38f79f4,{},KHONG,,83,he_thong
babfcb32-567e-443c-88f2-55a705e03e42,TB_0JR0HX7Q,Thiết bị serial to Ethernet,ae03f513-6763-46f8-913d-91a103966947,,Converter Nport IA5250,Moxa,,ebc4a136-c5e7-4f7d-abfc-e3ddea655b8c,d7faf284-1a3a-4e53-9433-8476900a66e7,,,1ce915ed-07e9-4b65-9209-2652ffd9b681,46e84da7-5a8b-4a79-aa46-2fb4bae1ff26,QUANG-CEILO-33,"Ra soat 2026-07-11, file nguon: PCA_IMS",,,,,2026-07-11 09:50:09.894644+00,2026-08-11 04:37:10.204448+00,a5454b1e-b677-4fd8-8494-b4c080de867d,,e96be350-6615-441a-91f5-53ad976e91b3,"TB_0JR0HX7Q Thiet bi serial to Ethernet  Converter Nport IA5250 Moxa  QUANG-CEILO-33 Ra soat 2026-07-11, file nguon: PCA_IMS",'-07':19 '-11':20 '0jr0hx7q':2 '2026':18 '33':15 'bi':4 'ceilo':14 'converter':8 'ethernet':7 'file':21 'ia5250':10 'ims':24 'moxa':11 'nguon':22 'nport':9 'pca':23 'quang':13 'quang-ceilo':12 'ra':16 'serial':5 'soat':17 'tb':1 'thiet':3 'to':6,AWOS-IMS,IA5250,,,46e84da7-5a8b-4a79-aa46-2fb4bae1ff26,,Truyền dẫn,PCA,,,,,,,,,,,,,,,,,,,,,,,san_sang,,f024c88e-8702-49c8-a302-15b93f6acb3c,,,,f,TB_PCA_075,a16ee536-405c-41aa-8c3e-e2a64c300364,{},KHONG,,83,he_thong
3f6eefb9-ee48-4db1-b593-2d999b7dac34,TB_JN3WVGCR,Bộ chuyển đổi tín hiệu RS232-Fiber,ae03f513-6763-46f8-913d-91a103966947,,Bộ chuyển đổi tín hiệu RS232-Fiber,Moxa,,2236fe1c-6896-4157-a310-ae0e094233f6,d7faf284-1a3a-4e53-9433-8476900a66e7,,,1ce915ed-07e9-4b65-9209-2652ffd9b681,8b408897-b25d-4ece-91ba-d97dfacec283,Trạm 27 Celio,"Ra soat 2026-07-11, file nguon: PLK_IMS",,,,,2026-07-11 09:50:09.894644+00,2026-08-11 04:37:10.204448+00,a5454b1e-b677-4fd8-8494-b4c080de867d,,e96be350-6615-441a-91f5-53ad976e91b3,"TB_JN3WVGCR Bo chuyen doi tin hieu RS232-Fiber  Bo chuyen doi tin hieu RS232-Fiber Moxa  Tram 27 Celio Ra soat 2026-07-11, file nguon: PLK_IMS","'-07':26 '-11':27 '2026':25 '27':21 'bo':3,11 'celio':22 'chuyen':4,12 'doi':5,13 'fiber':10,18 'file':28 'hieu':7,15 'ims':31 'jn3wvgcr':2 'moxa':19 'nguon':29 'plk':30 'ra':23 'rs232':9,17 'rs232-fiber':8,16 'soat':24 'tb':1 'tin':6,14 'tram':20",AWOS IMS,TCF-142,,,8b408897-b25d-4ece-91ba-d97dfacec283,,Truyền dẫn,PLK,,,,,,,,,,,,,,,,,,,,,,,san_sang,,f024c88e-8702-49c8-a302-15b93f6acb3c,,,,f,TB_PLK_008,342e8166-8425-426c-9d6e-9ccab64f9418,{},KHONG,,83,he_thong
42d7d9d3-7b93-4d54-adc0-17c8bc745064,TB_PPX818Q2,Thiết bị đo trần mây,98c88d39-bf0f-43c7-83a2-ca5d266ba54f,,Cảm biến đo độ cao trần mây,Eliasson,,2236fe1c-6896-4157-a310-ae0e094233f6,d7faf284-1a3a-4e53-9433-8476900a66e7,,,1ce915ed-07e9-4b65-9209-2652ffd9b681,8b408897-b25d-4ece-91ba-d97dfacec283,Trạm 27 Celio,"Ra soat 2026-07-11, file nguon: PLK_IMS",,,,,2026-07-11 09:50:09.894644+00,2026-08-11 04:37:10.204448+00,719caddc-3d8b-41e3-9748-23158aa46077,,e96be350-6615-441a-91f5-53ad976e91b3,"TB_PPX818Q2 Thiet bi do tran may  Cam bien do do cao tran may Eliasson  Tram 27 Celio Ra soat 2026-07-11, file nguon: PLK_IMS","'-07':22 '-11':23 '2026':21 '27':17 'bi':4 'bien':9 'cam':8 'cao':12 'celio':18 'do':5,10,11 'eliasson':15 'file':24 'ims':27 'may':7,14 'nguon':25 'plk':26 'ppx818q2':2 'ra':19 'soat':20 'tb':1 'thiet':3 'tram':16 'tran':6,13",AWOS IMS,CBME 80B,,,8b408897-b25d-4ece-91ba-d97dfacec283,,Cảm biến,PLK,,,,,,,,,,,,,,,,,,,,,,,san_sang,,f024c88e-8702-49c8-a302-15b93f6acb3c,,,,f,TB_PLK_001,cfd09cd2-ac7e-48bd-9bf2-074905687e49,{},KHONG,,83,he_thong
0952afa5-6fe9-4d02-9309-b809814aa4cd,TB_EZPJVDMM,Bộ chuyển đổi AC/DC,accf1740-4c18-4b9a-895f-59d85ba593b5,,Bộ chuyển đổi AC/DC,MeanWell,,2236fe1c-6896-4157-a310-ae0e094233f6,d7faf284-1a3a-4e53-9433-8476900a66e7,,,1ce915ed-07e9-4b65-9209-2652ffd9b681,8b408897-b25d-4ece-91ba-d97dfacec283,Trạm 27 Celio,"Ra soat 2026-07-11, file nguon: PLK_IMS",,,,,2026-07-11 09:50:09.894644+00,2026-08-11 04:37:10.204448+00,0e8dbaf8-aa3e-4d9d-bab2-99b08381f6f9,,e96be350-6615-441a-91f5-53ad976e91b3,"TB_EZPJVDMM Bo chuyen doi AC/DC  Bo chuyen doi AC/DC MeanWell  Tram 27 Celio Ra soat 2026-07-11, file nguon: PLK_IMS","'-07':18 '-11':19 '2026':17 '27':13 'ac/dc':6,10 'bo':3,7 'celio':14 'chuyen':4,8 'doi':5,9 'ezpjvdmm':2 'file':20 'ims':23 'meanwell':11 'nguon':21 'plk':22 'ra':15 'soat':16 'tb':1 'tram':12",AWOS IMS,AD-155A,,,8b408897-b25d-4ece-91ba-d97dfacec283,,Thiết bị nguồn,PLK,,,,,,,,,,,,,,,,,,,,,,,san_sang,,f024c88e-8702-49c8-a302-15b93f6acb3c,,,,f,TB_PLK_003,c4920869-42f0-4b89-bdde-2a905c24a4af,{},KHONG,,83,he_thong
2ca21e2b-8c01-4613-964c-849a98d139df,TB_B7CDBVDF,Chống sét RF,660f73b4-1975-4bde-8c87-810a23ef6e2c,,Chống sét RF,RACOM,,2236fe1c-6896-4157-a310-ae0e094233f6,d7faf284-1a3a-4e53-9433-8476900a66e7,,,1ce915ed-07e9-4b65-9209-2652ffd9b681,8b408897-b25d-4ece-91ba-d97dfacec283,Trạm 27 Celio,"Ra soat 2026-07-11, file nguon: PLK_IMS",,,,,2026-07-11 09:50:09.894644+00,2026-08-11 04:37:10.204448+00,ca029628-203c-4008-b4bc-89b0746a39c6,,e96be350-6615-441a-91f5-53ad976e91b3,"TB_B7CDBVDF Chong set RF  Chong set RF RACOM  Tram 27 Celio Ra soat 2026-07-11, file nguon: PLK_IMS","'-07':16 '-11':17 '2026':15 '27':11 'b7cdbvdf':2 'celio':12 'chong':3,6 'file':18 'ims':21 'nguon':19 'plk':20 'ra':13 'racom':9 'rf':5,8 'set':4,7 'soat':14 'tb':1 'tram':10",AWOS IMS,HX090 F/RG,,,8b408897-b25d-4ece-91ba-d97dfacec283,,Cắt lọc sét,PLK,,,,,,,,,,,,,,,,,,,,,,,san_sang,,f024c88e-8702-49c8-a302-15b93f6acb3c,,,,f,TB_PLK_006,9a411ffd-9f0c-48c7-a7dd-d8b84d979089,{},KHONG,,83,he_thong
2fa98bdf-ee90-46e9-9120-c79a3c3acedb,TB_DMSVY84R,Thiết bị Serial to Ethernet,ae03f513-6763-46f8-913d-91a103966947,,Converter Nport IA5250,Moxa,,a0625061-0c6d-4e0b-b438-d696787ad746,d7faf284-1a3a-4e53-9433-8476900a66e7,,,1ce915ed-07e9-4b65-9209-2652ffd9b681,65ac5e26-b0a7-487e-a72d-3f0dfc3facc2,CEILO 35,"Ra soat 2026-07-11, file nguon: BDKT_OPTIMET",,,,,2026-07-11 09:50:09.894644+00,2026-08-11 04:37:10.204448+00,a5454b1e-b677-4fd8-8494-b4c080de867d,,941ee24b-58b8-4e10-ae03-5d02a456ecf4,"TB_DMSVY84R Thiet bi Serial to Ethernet  Converter Nport IA5250 Moxa  CEILO 35 Ra soat 2026-07-11, file nguon: BDKT_OPTIMET",'-07':17 '-11':18 '2026':16 '35':13 'bdkt':21 'bi':4 'ceilo':12 'converter':8 'dmsvy84r':2 'ethernet':7 'file':19 'ia5250':10 'moxa':11 'nguon':20 'nport':9 'optimet':22 'ra':14 'serial':5 'soat':15 'tb':1 'thiet':3 'to':6,Optimet,IA5250,,,65ac5e26-b0a7-487e-a72d-3f0dfc3facc2,,Truyền dẫn,BDKT-KTKT,,,,,,,,,,,,,,,,,,,,,,,san_sang,,f024c88e-8702-49c8-a302-15b93f6acb3c,,,,f,TB_BDKT_KTKT_008,a16ee536-405c-41aa-8c3e-e2a64c300364,{},KHONG,,83,he_thong
120f069c-4e47-44b7-9680-748128403bea,TB_WGVC1SP3,Đo nhiệt độ - độ ẩm - khí áp,98c88d39-bf0f-43c7-83a2-ca5d266ba54f,09230019,Cảm biến đo nhiệt độ Thies 1.1006.54.080,Thies Clima,,7f40beb2-5d47-4f4a-b7df-35cd1cca56ae,d7faf284-1a3a-4e53-9433-8476900a66e7,,,1ce915ed-07e9-4b65-9209-2652ffd9b681,e43c5d4b-3c3c-4486-89da-73e9ac747ab4,Phòng MET - Đài KSKL TUY HÒA,"Ra soat 2026-07-11, file nguon: THA_DAW21",,,,,2026-07-11 09:50:09.894644+00,2026-08-11 04:37:10.204448+00,f0c86184-a2a8-4ba2-b3e2-87283fbcf190,,e96be350-6615-441a-91f5-53ad976e91b3,"TB_WGVC1SP3 Do nhiet do - do am - khi ap 09230019 Cam bien do nhiet do Thies 1.1006.54.080 Thies Clima  Phong MET - Dai KSKL TUY HOA Ra soat 2026-07-11, file nguon: THA_DAW21","'-07':29 '-11':30 '09230019':10 '1.1006.54.080':17 '2026':28 'am':7 'ap':9 'bien':12 'cam':11 'clima':19 'dai':22 'daw21':34 'do':3,5,6,13,15 'file':31 'hoa':25 'khi':8 'kskl':23 'met':21 'nguon':32 'nhiet':4,14 'phong':20 'ra':26 'soat':27 'tb':1 'tha':33 'thies':16,18 'tuy':24 'wgvc1sp3':2",THIẾT BỊ QUAN TRẮC THÔNG DỤNG,1.1006.54.080,,,e43c5d4b-3c3c-4486-89da-73e9ac747ab4,,Cảm biến,THA,,,,,,,,,,,,,,,,,,,,,,,san_sang,,f024c88e-8702-49c8-a302-15b93f6acb3c,,,,f,TB_THA_104,5eb8f669-8af7-4cf8-872b-1c9b3a98f491,{},KHONG,,100,he_thong
c2fa52dc-2eb9-4340-af35-ff9fcd4616ad,TB_JKHK6FY2,Thiết bị đo gió Ultrasonic wind sensor 2D,98c88d39-bf0f-43c7-83a2-ca5d266ba54f,,Cảm biến đo hướng và tốc độ gió,Thies Clima,,2236fe1c-6896-4157-a310-ae0e094233f6,d7faf284-1a3a-4e53-9433-8476900a66e7,,,1ce915ed-07e9-4b65-9209-2652ffd9b681,8b408897-b25d-4ece-91ba-d97dfacec283,Trạm 27,"Ra soat 2026-07-11, file nguon: PLK_IMS",,,,,2026-07-11 09:50:09.894644+00,2026-08-11 04:37:10.204448+00,f0c86184-a2a8-4ba2-b3e2-87283fbcf190,,e96be350-6615-441a-91f5-53ad976e91b3,"TB_JKHK6FY2 Thiet bi do gio Ultrasonic wind sensor 2D  Cam bien do huong va toc do gio Thies Clima  Tram 27 Ra soat 2026-07-11, file nguon: PLK_IMS","'-07':26 '-11':27 '2026':25 '27':22 '2d':10 'bi':4 'bien':12 'cam':11 'clima':20 'do':5,13,17 'file':28 'gio':6,18 'huong':14 'ims':31 'jkhk6fy2':2 'nguon':29 'plk':30 'ra':23 'sensor':9 'soat':24 'tb':1 'thies':19 'thiet':3 'toc':16 'tram':21 'ultrasonic':7 'va':15 'wind':8",AWOS IMS,4.3820.00.300,,,8b408897-b25d-4ece-91ba-d97dfacec283,,Cảm biến,PLK,,,,,,,,,,,,,,,,,,,,,,,san_sang,,f024c88e-8702-49c8-a302-15b93f6acb3c,,,,f,TB_PLK_013,8aaa9362-24cd-4fe3-a9dd-81b685697f6c,{},KHONG,,83,he_thong
8b3ec36b-5052-4bc0-a81a-4f56f3cb3675,TB_BSVJ2BPQ,RS232/485 Converter,ae03f513-6763-46f8-913d-91a103966947,,RS232/485 Converter,Comergon,,2236fe1c-6896-4157-a310-ae0e094233f6,d7faf284-1a3a-4e53-9433-8476900a66e7,,,1ce915ed-07e9-4b65-9209-2652ffd9b681,8b408897-b25d-4ece-91ba-d97dfacec283,Trạm 27,"Ra soat 2026-07-11, file nguon: PLK_IMS",,,,,2026-07-11 09:50:09.894644+00,2026-08-11 04:37:10.204448+00,6842b45f-5020-4a54-9962-14b7ba723363,,e96be350-6615-441a-91f5-53ad976e91b3,"TB_BSVJ2BPQ RS232/485 Converter  RS232/485 Converter Comergon  Tram 27 Ra soat 2026-07-11, file nguon: PLK_IMS","'-07':13 '-11':14 '2026':12 '27':9 'bsvj2bpq':2 'comergon':7 'converter':4,6 'file':15 'ims':18 'nguon':16 'plk':17 'ra':10 'rs232/485':3,5 'soat':11 'tb':1 'tram':8",AWOS IMS,DIN2.1I485,,,8b408897-b25d-4ece-91ba-d97dfacec283,,Truyền dẫn,PLK,,,,,,,,,,,,,,,,,,,,,,,san_sang,,f024c88e-8702-49c8-a302-15b93f6acb3c,,,,f,TB_PLK_016,540b2762-68e8-4f52-b841-25f5652dce5d,{},KHONG,,83,he_thong
d1bb14e3-3a2a-4805-b55c-525f0e1d9fa8,TB_M8A15253,RS232/485 Converter,ae03f513-6763-46f8-913d-91a103966947,,RS232/485 Converter,Comergon,,2236fe1c-6896-4157-a310-ae0e094233f6,d7faf284-1a3a-4e53-9433-8476900a66e7,,,1ce915ed-07e9-4b65-9209-2652ffd9b681,8b408897-b25d-4ece-91ba-d97dfacec283,Trạm 27,"Ra soat 2026-07-11, file nguon: PLK_IMS",,,,,2026-07-11 09:50:09.894644+00,2026-08-11 04:37:10.204448+00,6842b45f-5020-4a54-9962-14b7ba723363,,e96be350-6615-441a-91f5-53ad976e91b3,"TB_M8A15253 RS232/485 Converter  RS232/485 Converter Comergon  Tram 27 Ra soat 2026-07-11, file nguon: PLK_IMS","'-07':13 '-11':14 '2026':12 '27':9 'comergon':7 'converter':4,6 'file':15 'ims':18 'm8a15253':2 'nguon':16 'plk':17 'ra':10 'rs232/485':3,5 'soat':11 'tb':1 'tram':8",AWOS IMS,DIN2.1I485,,,8b408897-b25d-4ece-91ba-d97dfacec283,,Truyền dẫn,PLK,,,,,,,,,,,,,,,,,,,,,,,san_sang,,f024c88e-8702-49c8-a302-15b93f6acb3c,,,,f,TB_PLK_017,540b2762-68e8-4f52-b841-25f5652dce5d,{},KHONG,,83,he_thong
9d996a61-883e-4cec-a058-d1b924f87b5e,TB_7B1Z8ZQH,Bộ chuyển đổi AC/DC,accf1740-4c18-4b9a-895f-59d85ba593b5,,Bộ chuyển đổi AC/DC,MeanWell,,2236fe1c-6896-4157-a310-ae0e094233f6,d7faf284-1a3a-4e53-9433-8476900a66e7,,,1ce915ed-07e9-4b65-9209-2652ffd9b681,8b408897-b25d-4ece-91ba-d97dfacec283,Trạm 27,"Ra soat 2026-07-11, file nguon: PLK_IMS",,,,,2026-07-11 09:50:09.894644+00,2026-08-11 04:37:10.204448+00,0e8dbaf8-aa3e-4d9d-bab2-99b08381f6f9,,e96be350-6615-441a-91f5-53ad976e91b3,"TB_7B1Z8ZQH Bo chuyen doi AC/DC  Bo chuyen doi AC/DC MeanWell  Tram 27 Ra soat 2026-07-11, file nguon: PLK_IMS","'-07':17 '-11':18 '2026':16 '27':13 '7b1z8zqh':2 'ac/dc':6,10 'bo':3,7 'chuyen':4,8 'doi':5,9 'file':19 'ims':22 'meanwell':11 'nguon':20 'plk':21 'ra':14 'soat':15 'tb':1 'tram':12",AWOS IMS,AD-155A,,,8b408897-b25d-4ece-91ba-d97dfacec283,,Thiết bị nguồn,PLK,,,,,,,,,,,,,,,,,,,,,,,san_sang,,f024c88e-8702-49c8-a302-15b93f6acb3c,,,,f,TB_PLK_018,c4920869-42f0-4b89-bdde-2a905c24a4af,{},KHONG,,83,he_thong
0fd5e0ae-9c73-4718-81cf-bb7bc62d6e58,TB_13591W9R,Bộ chuyển đổi AC/DC,accf1740-4c18-4b9a-895f-59d85ba593b5,,Bộ Charger,MeanWell,,2236fe1c-6896-4157-a310-ae0e094233f6,d7faf284-1a3a-4e53-9433-8476900a66e7,,,1ce915ed-07e9-4b65-9209-2652ffd9b681,8b408897-b25d-4ece-91ba-d97dfacec283,Trạm 27,"Ra soat 2026-07-11, file nguon: PLK_IMS",,,,,2026-07-11 09:50:09.894644+00,2026-08-11 04:37:10.204448+00,0e8dbaf8-aa3e-4d9d-bab2-99b08381f6f9,,e96be350-6615-441a-91f5-53ad976e91b3,"TB_13591W9R Bo chuyen doi AC/DC  Bo Charger MeanWell  Tram 27 Ra soat 2026-07-11, file nguon: PLK_IMS","'-07':15 '-11':16 '13591w9r':2 '2026':14 '27':11 'ac/dc':6 'bo':3,7 'charger':8 'chuyen':4 'doi':5 'file':17 'ims':20 'meanwell':9 'nguon':18 'plk':19 'ra':12 'soat':13 'tb':1 'tram':10",AWOS IMS,SCP-50-12,,,8b408897-b25d-4ece-91ba-d97dfacec283,,Thiết bị nguồn,PLK,,,,,,,,,,,,,,,,,,,,,,,san_sang,,f024c88e-8702-49c8-a302-15b93f6acb3c,,,,f,TB_PLK_019,6052b1d7-f4f7-4376-8e06-b20635498e81,{},KHONG,,83,he_thong
1a59fa3e-7076-48bc-b267-74c2292af424,TB_GQT5SSZB,Bộ chuyển đổi AC/DC,accf1740-4c18-4b9a-895f-59d85ba593b5,,Nguồn AC/DC,MeanWell,,2236fe1c-6896-4157-a310-ae0e094233f6,d7faf284-1a3a-4e53-9433-8476900a66e7,,,1ce915ed-07e9-4b65-9209-2652ffd9b681,8b408897-b25d-4ece-91ba-d97dfacec283,Trạm 27,"Ra soat 2026-07-11, file nguon: PLK_IMS",,,,,2026-07-11 09:50:09.894644+00,2026-08-11 04:37:10.204448+00,0e8dbaf8-aa3e-4d9d-bab2-99b08381f6f9,,e96be350-6615-441a-91f5-53ad976e91b3,"TB_GQT5SSZB Bo chuyen doi AC/DC  Nguon AC/DC MeanWell  Tram 27 Ra soat 2026-07-11, file nguon: PLK_IMS","'-07':15 '-11':16 '2026':14 '27':11 'ac/dc':6,8 'bo':3 'chuyen':4 'doi':5 'file':17 'gqt5sszb':2 'ims':20 'meanwell':9 'nguon':7,18 'plk':19 'ra':12 'soat':13 'tb':1 'tram':10",AWOS IMS,DRC-100A,,,8b408897-b25d-4ece-91ba-d97dfacec283,,Thiết bị nguồn,PLK,,,,,,,,,,,,,,,,,,,,,,,san_sang,,f024c88e-8702-49c8-a302-15b93f6acb3c,,,,f,TB_PLK_020,c939fdc4-38ff-4b16-a7cd-5cf428b638f7,{},KHONG,,83,he_thong
51e13d06-7fa4-44a4-acd1-50bee8f77aea,TB_SXMBNRGC,Bộ chia KVM,1ef69ec2-6298-4c48-b931-aea3fa48c0fc,8port combo KVM series,Bộ chia KVM,PLANET,,5ae20f2b-30dc-409c-95db-68b98b79c94e,d7faf284-1a3a-4e53-9433-8476900a66e7,,,1ce915ed-07e9-4b65-9209-2652ffd9b681,f59bf0bd-520b-4245-80db-dc71b7187bf1,,Hỏng hóc: 0 lần | Tình trạng: Hoạt động bình thường | VTDP: Không | Niên hạn: Không,,,,,2026-07-11 09:50:09.894644+00,2026-08-11 04:37:10.204448+00,a7ff6351-6b6d-4db4-aafa-1477b832427d,,e96be350-6615-441a-91f5-53ad976e91b3,TB_SXMBNRGC Bo chia KVM 8port combo KVM series Bo chia KVM PLANET   Hong hoc: 0 lan | Tinh trang: Hoat dong binh thuong | VTDP: Khong | Nien han: Khong,"'0':16 '8port':6 'binh':22 'bo':3,10 'chia':4,11 'combo':7 'dong':21 'han':27 'hoat':20 'hoc':15 'hong':14 'khong':25,28 'kvm':5,8,12 'lan':17 'nien':26 'planet':13 'series':9 'sxmbnrgc':2 'tb':1 'thuong':23 'tinh':18 'trang':19 'vtdp':24",,,2023,2023,f59bf0bd-520b-4245-80db-dc71b7187bf1,,,CR,,,,0.200,,,,,,,,,,,,,,,,,,,san_sang,,f024c88e-8702-49c8-a302-15b93f6acb3c,,,,f,TB_N1_AWOS_0095,f16ea0e5-dbec-4f42-8557-52ed20564f47,{},KHONG,,100,he_thong
19f9a5e9-d40b-41f3-9f4c-480c4fe47b2b,TB_JFD7J6XW,Thiết bị bảo vệ quá áp,accf1740-4c18-4b9a-895f-59d85ba593b5,,Thiết bị bảo vệ quá áp,MicroStep-MIS,,2236fe1c-6896-4157-a310-ae0e094233f6,d7faf284-1a3a-4e53-9433-8476900a66e7,,,1ce915ed-07e9-4b65-9209-2652ffd9b681,8b408897-b25d-4ece-91ba-d97dfacec283,Trạm 27,"Ra soat 2026-07-11, file nguon: PLK_IMS",,,,,2026-07-11 09:50:09.894644+00,2026-08-11 04:37:10.204448+00,54e09535-2d7f-4319-812f-aee0a4916ed6,,e96be350-6615-441a-91f5-53ad976e91b3,"TB_JFD7J6XW Thiet bi bao ve qua ap  Thiet bi bao ve qua ap MicroStep-MIS  Tram 27 Ra soat 2026-07-11, file nguon: PLK_IMS","'-07':23 '-11':24 '2026':22 '27':19 'ap':8,14 'bao':5,11 'bi':4,10 'file':25 'ims':28 'jfd7j6xw':2 'microstep':16 'microstep-mis':15 'mis':17 'nguon':26 'plk':27 'qua':7,13 'ra':20 'soat':21 'tb':1 'thiet':3,9 'tram':18 've':6,12",AWOS IMS,OVP Phone 160v,,,8b408897-b25d-4ece-91ba-d97dfacec283,,Thiết bị nguồn,PLK,,,,,,,,,,,,,,,,,,,,,,,san_sang,,f024c88e-8702-49c8-a302-15b93f6acb3c,,,,f,TB_PLK_026,c52b5941-93e7-492d-9026-87e6d38f79f4,{},KHONG,,83,he_thong
209e8ea0-1d29-45e4-a670-e8bb269ea7cf,TB_DJ1S1CGP,Cảm biến gió,98c88d39-bf0f-43c7-83a2-ca5d266ba54f,Tủ gió 27,Cảm biến gió,Gill,,ce27df84-7054-4032-bfe7-efdb0bd119f4,d7faf284-1a3a-4e53-9433-8476900a66e7,,,1ce915ed-07e9-4b65-9209-2652ffd9b681,581d9350-905f-46da-b45e-c2d8aba4d868,27,"Ra soat 2026-07-11, file nguon: PBA_AWOS900",,,,,2026-07-11 09:50:09.894644+00,2026-08-11 04:37:10.204448+00,8a078690-3935-478c-9d8c-92ed4818430f,,e96be350-6615-441a-91f5-53ad976e91b3,"TB_DJ1S1CGP Cam bien gio Tu gio 27 Cam bien gio Gill  27 Ra soat 2026-07-11, file nguon: PBA_AWOS900","'-07':17 '-11':18 '2026':16 '27':8,13 'awos900':22 'bien':4,10 'cam':3,9 'dj1s1cgp':2 'file':19 'gill':12 'gio':5,7,11 'nguon':20 'pba':21 'ra':14 'soat':15 'tb':1 'tu':6",Thiết bị đo đạc quan trắc thông dụng,WindObserver 65,,,581d9350-905f-46da-b45e-c2d8aba4d868,,Cảm biến,PBA,,,,,,,,,,,,,,,,,,,,,,,san_sang,,f024c88e-8702-49c8-a302-15b93f6acb3c,,,,f,TB_PBA_068,26238491-8211-4127-8438-897dfe275830,{},KHONG,,100,he_thong
66e200d3-5f85-4261-b9c6-7bbc2278a63f,TB_VQ7XZ82W,Converter Serial to Fiber(X3),ae03f513-6763-46f8-913d-91a103966947,,Media Converter,Moxa,,ebc4a136-c5e7-4f7d-abfc-e3ddea655b8c,d7faf284-1a3a-4e53-9433-8476900a66e7,,,1ce915ed-07e9-4b65-9209-2652ffd9b681,46e84da7-5a8b-4a79-aa46-2fb4bae1ff26,QUANG-33,"Ra soat 2026-07-11, file nguon: PCA_IMS",,,,,2026-07-11 09:50:09.894644+00,2026-08-11 04:37:10.204448+00,a5454b1e-b677-4fd8-8494-b4c080de867d,,e96be350-6615-441a-91f5-53ad976e91b3,"TB_VQ7XZ82W Converter Serial to Fiber(X3)  Media Converter Moxa  QUANG-33 Ra soat 2026-07-11, file nguon: PCA_IMS","'-07':16 '-11':17 '-33':12 '2026':15 'converter':3,9 'fiber':6 'file':18 'ims':21 'media':8 'moxa':10 'nguon':19 'pca':20 'quang':11 'ra':13 'serial':4 'soat':14 'tb':1 'to':5 'vq7xz82w':2 'x3':7",AWOS-IMS,TCF-142-S,,,46e84da7-5a8b-4a79-aa46-2fb4bae1ff26,,Truyền dẫn,PCA,,,,,,,,,,,,,,,,,,,,,,,san_sang,,f024c88e-8702-49c8-a302-15b93f6acb3c,,,,f,TB_PCA_064,59726500-96ec-4bb6-b155-aa865356f1c5,{},KHONG,,83,he_thong
618b1a76-096e-44db-92ed-8b1267e445e2,TB_DJAF67N7,Sensor đo trần mây 8339-G+,98c88d39-bf0f-43c7-83a2-ca5d266ba54f,1290,Sensor đo trần mây 8339-G+,"All Weather, Inc. (ADB SAFEGATE)",,5ae20f2b-30dc-409c-95db-68b98b79c94e,d7faf284-1a3a-4e53-9433-8476900a66e7,,,1ce915ed-07e9-4b65-9209-2652ffd9b681,f59bf0bd-520b-4245-80db-dc71b7187bf1,Trạm khí tượng,Nguồn: Đã gởi về Cty thực hiện sửa chữa | Đề xuất: Đề nghị nhanh chóng sử sửa chữa sensor hỏng. Mua sắm VTDP sử dụng chung cho hệ thống AWOS Optimet và AWOS 900 Phú Bài | Hỏng hóc: 1 lần 01.2026 | Tình trạng: Đang hỏng | VTDP: Không | Niên hạn: Không,,,,,2026-07-11 09:50:09.894644+00,2026-08-11 04:37:10.204448+00,8c53503a-8e6c-4698-bb44-06b929060b8a,,92aa329a-4ad2-4bf1-b2fe-c33ff194335c,"TB_DJAF67N7 Sensor do tran may 8339-G+ 1290 Sensor do tran may 8339-G+ All Weather, Inc. (ADB SAFEGATE)  Tram khi tuong Nguon: Da goi ve Cty thuc hien sua chua | De xuat: De nghi nhanh chong su sua chua sensor hong. Mua sam VTDP su dung chung cho he thong AWOS Optimet va AWOS 900 Phu Bai | Hong hoc: 1 lan 01.2026 | Tinh trang: Dang hong | VTDP: Khong | Nien han: Khong","'01.2026':64 '1':62 '1290':9 '8339':7,14 '900':57 'adb':19 'all':16 'awos':53,56 'bai':59 'cho':50 'chong':38 'chua':32,41 'chung':49 'cty':28 'da':25 'dang':67 'de':33,35 'djaf67n7':2 'do':4,11 'dung':48 'g':8,15 'goi':26 'han':72 'he':51 'hien':30 'hoc':61 'hong':43,60,68 'inc':18 'khi':22 'khong':70,73 'lan':63 'may':6,13 'mua':44 'nghi':36 'nguon':24 'nhanh':37 'nien':71 'optimet':54 'phu':58 'safegate':20 'sam':45 'sensor':3,10,42 'su':39,47 'sua':31,40 'tb':1 'thong':52 'thuc':29 'tinh':65 'tram':21 'tran':5,12 'trang':66 'tuong':23 'va':55 've':27 'vtdp':46,69 'weather':17 'xuat':34",,8339-G+,2023,2023,f59bf0bd-520b-4245-80db-dc71b7187bf1,,,CR,,,,0.200,,,,,,,,,,,,,,,,,,,san_sang,,f024c88e-8702-49c8-a302-15b93f6acb3c,,,,f,TB_N1_AWOS_0169,ff3315d1-63b6-43c4-914d-ab6be5d34577,{},KHONG,,100,he_thong
86823f86-f293-4249-8714-3d362ae75c63,TB_W83Q7NMK,Radio Modem MR400,ae03f513-6763-46f8-913d-91a103966947,,Radio Modem MR400,RACOM,,2236fe1c-6896-4157-a310-ae0e094233f6,d7faf284-1a3a-4e53-9433-8476900a66e7,,,1ce915ed-07e9-4b65-9209-2652ffd9b681,8b408897-b25d-4ece-91ba-d97dfacec283,Trạm MID,"Ra soat 2026-07-11, file nguon: PLK_IMS",,,,,2026-07-11 09:50:09.894644+00,2026-08-11 04:37:10.204448+00,ca029628-203c-4008-b4bc-89b0746a39c6,,e96be350-6615-441a-91f5-53ad976e91b3,"TB_W83Q7NMK Radio Modem MR400  Radio Modem MR400 RACOM  Tram MID Ra soat 2026-07-11, file nguon: PLK_IMS","'-07':15 '-11':16 '2026':14 'file':17 'ims':20 'mid':11 'modem':4,7 'mr400':5,8 'nguon':18 'plk':19 'ra':12 'racom':9 'radio':3,6 'soat':13 'tb':1 'tram':10 'w83q7nmk':2",AWOS IMS,MR400RS3,,,8b408897-b25d-4ece-91ba-d97dfacec283,,Truyền dẫn,PLK,,,,,,,,,,,,,,,,,,,,,,,san_sang,,f024c88e-8702-49c8-a302-15b93f6acb3c,,,,f,TB_PLK_030,253a4c31-fe79-48d4-933b-adc537087c40,{},KHONG,,83,he_thong
002b7589-738a-43c1-be4f-40b6485e2e73,TB_N38K9YHN,Data logger,ae03f513-6763-46f8-913d-91a103966947,,Data logger,MicroStep-MIS,,2236fe1c-6896-4157-a310-ae0e094233f6,d7faf284-1a3a-4e53-9433-8476900a66e7,,,1ce915ed-07e9-4b65-9209-2652ffd9b681,8b408897-b25d-4ece-91ba-d97dfacec283,Trạm 27,"Ra soat 2026-07-11, file nguon: PLK_IMS",,,,,2026-07-11 09:50:09.894644+00,2026-08-11 04:37:10.204448+00,54e09535-2d7f-4319-812f-aee0a4916ed6,,e96be350-6615-441a-91f5-53ad976e91b3,"TB_N38K9YHN Data logger  Data logger MicroStep-MIS  Tram 27 Ra soat 2026-07-11, file nguon: PLK_IMS","'-07':15 '-11':16 '2026':14 '27':11 'data':3,5 'file':17 'ims':20 'logger':4,6 'microstep':8 'microstep-mis':7 'mis':9 'n38k9yhn':2 'nguon':18 'plk':19 'ra':12 'soat':13 'tb':1 'tram':10",AWOS IMS,AMS 111 II,,,8b408897-b25d-4ece-91ba-d97dfacec283,,Thiết bị thu thập dữ liệu,PLK,,,,,,,,,,,,,,,,,,,,,,,san_sang,,f024c88e-8702-49c8-a302-15b93f6acb3c,,,,f,TB_PLK_029,6ad30d0c-14ff-4388-b6cb-0a55ecf33136,{},KHONG,,83,he_thong
ce587676-dbd8-4fee-a443-9811234fbd48,TB_SE1QXPCF,Cảm biến đo hướng và đo tốc độ gió,98c88d39-bf0f-43c7-83a2-ca5d266ba54f,,Cảm biến đo hướng và tốc độ gió,Thies Clima,,ebc4a136-c5e7-4f7d-abfc-e3ddea655b8c,d7faf284-1a3a-4e53-9433-8476900a66e7,,,1ce915ed-07e9-4b65-9209-2652ffd9b681,46e84da7-5a8b-4a79-aa46-2fb4bae1ff26,AWS-15,"Ra soat 2026-07-11, file nguon: PCA_IMS",,,,,2026-07-11 09:50:09.894644+00,2026-08-11 04:37:10.204448+00,f0c86184-a2a8-4ba2-b3e2-87283fbcf190,,e96be350-6615-441a-91f5-53ad976e91b3,"TB_SE1QXPCF Cam bien do huong va do toc do gio  Cam bien do huong va toc do gio Thies Clima  AWS-15 Ra soat 2026-07-11, file nguon: PCA_IMS","'-07':27 '-11':28 '-15':23 '2026':26 'aws':22 'bien':4,13 'cam':3,12 'clima':21 'do':5,8,10,14,18 'file':29 'gio':11,19 'huong':6,15 'ims':32 'nguon':30 'pca':31 'ra':24 'se1qxpcf':2 'soat':25 'tb':1 'thies':20 'toc':9,17 'va':7,16",AWOS-IMS,4.3820.00.300,,,46e84da7-5a8b-4a79-aa46-2fb4bae1ff26,,Cảm biến,PCA,,,,,,,,,,,,,,,,,,,,,,,san_sang,,f024c88e-8702-49c8-a302-15b93f6acb3c,,,,f,TB_PCA_001,8aaa9362-24cd-4fe3-a9dd-81b685697f6c,{},KHONG,,83,he_thong
e21274cd-cb48-40d2-b2a9-ab0631086d2f,TB_7QH0207X,Cảm biến tầm nhìn,98c88d39-bf0f-43c7-83a2-ca5d266ba54f,,Cảm biến tầm nhìn,Biral,,2236fe1c-6896-4157-a310-ae0e094233f6,d7faf284-1a3a-4e53-9433-8476900a66e7,,,1ce915ed-07e9-4b65-9209-2652ffd9b681,8b408897-b25d-4ece-91ba-d97dfacec283,Trạm MID,"Ra soat 2026-07-11, file nguon: PLK_IMS",,,,,2026-07-11 09:50:09.894644+00,2026-08-11 04:37:10.204448+00,b7f4a9b7-d8ca-434b-b11c-5e4a13a35ad1,,e96be350-6615-441a-91f5-53ad976e91b3,"TB_7QH0207X Cam bien tam nhin  Cam bien tam nhin Biral  Tram MID Ra soat 2026-07-11, file nguon: PLK_IMS","'-07':17 '-11':18 '2026':16 '7qh0207x':2 'bien':4,8 'biral':11 'cam':3,7 'file':19 'ims':22 'mid':13 'nguon':20 'nhin':6,10 'plk':21 'ra':14 'soat':15 'tam':5,9 'tb':1 'tram':12",AWOS IMS,SWS-050,,,8b408897-b25d-4ece-91ba-d97dfacec283,,Cảm biến,PLK,,,,,,,,,,,,,,,,,,,,,,,san_sang,,f024c88e-8702-49c8-a302-15b93f6acb3c,,,,f,TB_PLK_037,d7e4f72d-118f-42ad-ac6c-2aaaacd3076e,{},KHONG,,83,he_thong
356d0e2c-3143-4c4c-91ce-b1d293dab716,TB_EFDDJG67,Cảm biến ánh sáng nền,98c88d39-bf0f-43c7-83a2-ca5d266ba54f,,Cảm biến đo ánh sáng nền,Biral,,2236fe1c-6896-4157-a310-ae0e094233f6,d7faf284-1a3a-4e53-9433-8476900a66e7,,,1ce915ed-07e9-4b65-9209-2652ffd9b681,8b408897-b25d-4ece-91ba-d97dfacec283,Trạm MID,"Ra soat 2026-07-11, file nguon: PLK_IMS",,,,,2026-07-11 09:50:09.894644+00,2026-08-11 04:37:10.204448+00,b7f4a9b7-d8ca-434b-b11c-5e4a13a35ad1,,e96be350-6615-441a-91f5-53ad976e91b3,"TB_EFDDJG67 Cam bien anh sang nen  Cam bien do anh sang nen Biral  Tram MID Ra soat 2026-07-11, file nguon: PLK_IMS","'-07':20 '-11':21 '2026':19 'anh':5,11 'bien':4,9 'biral':14 'cam':3,8 'do':10 'efddjg67':2 'file':22 'ims':25 'mid':16 'nen':7,13 'nguon':23 'plk':24 'ra':17 'sang':6,12 'soat':18 'tb':1 'tram':15",AWOS IMS,ALS-2,,,8b408897-b25d-4ece-91ba-d97dfacec283,,Cảm biến,PLK,,,,,,,,,,,,,,,,,,,,,,,san_sang,,f024c88e-8702-49c8-a302-15b93f6acb3c,,,,f,TB_PLK_038,5b400d04-826b-4049-a257-df1f3c61c619,{},KHONG,,83,he_thong
a1411e83-86f7-4c77-87a2-ac051f11514e,TB_ZMY322E2,Cảm biến đo khí áp PTB330,98c88d39-bf0f-43c7-83a2-ca5d266ba54f,V0821325,Cảm biến đo khí áp PTB330,Vaisala,,5ae20f2b-30dc-409c-95db-68b98b79c94e,d7faf284-1a3a-4e53-9433-8476900a66e7,,,1ce915ed-07e9-4b65-9209-2652ffd9b681,f59bf0bd-520b-4245-80db-dc71b7187bf1,,Hỏng hóc: 0 lần | Tình trạng: Khai thác bình thường | VTDP: Không có VTDP | Niên hạn: Không,,,,,2026-07-11 09:50:09.894644+00,2026-08-11 04:37:10.204448+00,79b069cc-810c-41ab-9b03-9032c1804a5f,,e96be350-6615-441a-91f5-53ad976e91b3,TB_ZMY322E2 Cam bien do khi ap PTB330 V0821325 Cam bien do khi ap PTB330 Vaisala   Hong hoc: 0 lan | Tinh trang: Khai thac binh thuong | VTDP: Khong co VTDP | Nien han: Khong,"'0':19 'ap':7,14 'bien':4,11 'binh':25 'cam':3,10 'co':29 'do':5,12 'han':32 'hoc':18 'hong':17 'khai':23 'khi':6,13 'khong':28,33 'lan':20 'nien':31 'ptb330':8,15 'tb':1 'thac':24 'thuong':26 'tinh':21 'trang':22 'v0821325':9 'vaisala':16 'vtdp':27,30 'zmy322e2':2",,PTB330,2023,2024,f59bf0bd-520b-4245-80db-dc71b7187bf1,,,CR,,,,0.250,,,,,,,,,,,,,,,,,,,san_sang,,f024c88e-8702-49c8-a302-15b93f6acb3c,,,,f,TB_N1_AWOS_0119,7b27021e-1aaf-4c46-8772-54c40a6853e0,{},KHONG,,100,he_thong
00aed65a-f070-4f04-9a18-88fb3fa1dfe3,TB_DP63QHCP,Thiết bị đo gió Ultrasonic wind sensor 2D,98c88d39-bf0f-43c7-83a2-ca5d266ba54f,,Cảm biến đo hướng và tốc độ gió,Thies Clima,,2236fe1c-6896-4157-a310-ae0e094233f6,d7faf284-1a3a-4e53-9433-8476900a66e7,,,1ce915ed-07e9-4b65-9209-2652ffd9b681,8b408897-b25d-4ece-91ba-d97dfacec283,Trạm MID,"Ra soat 2026-07-11, file nguon: PLK_IMS",,,,,2026-07-11 09:50:09.894644+00,2026-08-11 04:37:10.204448+00,f0c86184-a2a8-4ba2-b3e2-87283fbcf190,,e96be350-6615-441a-91f5-53ad976e91b3,"TB_DP63QHCP Thiet bi do gio Ultrasonic wind sensor 2D  Cam bien do huong va toc do gio Thies Clima  Tram MID Ra soat 2026-07-11, file nguon: PLK_IMS","'-07':26 '-11':27 '2026':25 '2d':10 'bi':4 'bien':12 'cam':11 'clima':20 'do':5,13,17 'dp63qhcp':2 'file':28 'gio':6,18 'huong':14 'ims':31 'mid':22 'nguon':29 'plk':30 'ra':23 'sensor':9 'soat':24 'tb':1 'thies':19 'thiet':3 'toc':16 'tram':21 'ultrasonic':7 'va':15 'wind':8",AWOS IMS,4.3820.00.300,,,8b408897-b25d-4ece-91ba-d97dfacec283,,Cảm biến,PLK,,,,,,,,,,,,,,,,,,,,,,,san_sang,,f024c88e-8702-49c8-a302-15b93f6acb3c,,,,f,TB_PLK_039,8aaa9362-24cd-4fe3-a9dd-81b685697f6c,{},KHONG,,83,he_thong
a28808c3-3306-4763-8c63-1c2e49aa6eb0,TB_5E9SP9GV,Bộ chuyển đổi AC/DC,accf1740-4c18-4b9a-895f-59d85ba593b5,,Bộ chuyển đổi AC/DC,MeanWell,,2236fe1c-6896-4157-a310-ae0e094233f6,d7faf284-1a3a-4e53-9433-8476900a66e7,,,1ce915ed-07e9-4b65-9209-2652ffd9b681,8b408897-b25d-4ece-91ba-d97dfacec283,Trạm MID,"Ra soat 2026-07-11, file nguon: PLK_IMS",,,,,2026-07-11 09:50:09.894644+00,2026-08-11 04:37:10.204448+00,0e8dbaf8-aa3e-4d9d-bab2-99b08381f6f9,,e96be350-6615-441a-91f5-53ad976e91b3,"TB_5E9SP9GV Bo chuyen doi AC/DC  Bo chuyen doi AC/DC MeanWell  Tram MID Ra soat 2026-07-11, file nguon: PLK_IMS","'-07':18 '-11':19 '2026':17 '5e9':2 'ac/dc':7,11 'bo':4,8 'chuyen':5,9 'doi':6,10 'file':20 'ims':23 'meanwell':12 'mid':14 'nguon':21 'plk':22 'ra':15 'soat':16 'sp9gv':3 'tb':1 'tram':13",AWOS IMS,AD-155A,,,8b408897-b25d-4ece-91ba-d97dfacec283,,Thiết bị nguồn,PLK,,,,,,,,,,,,,,,,,,,,,,,san_sang,,f024c88e-8702-49c8-a302-15b93f6acb3c,,,,f,TB_PLK_041,c4920869-42f0-4b89-bdde-2a905c24a4af,{},KHONG,,83,he_thong
de48ff71-d576-4184-8cda-5e4df6b357f4,TB_J4SVRBVA,RS232/485 Converter,ae03f513-6763-46f8-913d-91a103966947,,RS232/485 Converter,Comergon,,2236fe1c-6896-4157-a310-ae0e094233f6,d7faf284-1a3a-4e53-9433-8476900a66e7,,,1ce915ed-07e9-4b65-9209-2652ffd9b681,8b408897-b25d-4ece-91ba-d97dfacec283,Trạm MID,"Ra soat 2026-07-11, file nguon: PLK_IMS",,,,,2026-07-11 09:50:09.894644+00,2026-08-11 04:37:10.204448+00,6842b45f-5020-4a54-9962-14b7ba723363,,e96be350-6615-441a-91f5-53ad976e91b3,"TB_J4SVRBVA RS232/485 Converter  RS232/485 Converter Comergon  Tram MID Ra soat 2026-07-11, file nguon: PLK_IMS","'-07':13 '-11':14 '2026':12 'comergon':7 'converter':4,6 'file':15 'ims':18 'j4svrbva':2 'mid':9 'nguon':16 'plk':17 'ra':10 'rs232/485':3,5 'soat':11 'tb':1 'tram':8",AWOS IMS,DIN2.1I485,,,8b408897-b25d-4ece-91ba-d97dfacec283,,Truyền dẫn,PLK,,,,,,,,,,,,,,,,,,,,,,,san_sang,,f024c88e-8702-49c8-a302-15b93f6acb3c,,,,f,TB_PLK_042,540b2762-68e8-4f52-b841-25f5652dce5d,{},KHONG,,83,he_thong
8005bd1d-b811-4ce4-b55f-d2d6905eae89,TB_HKNFG659,RS232/485 Converter,ae03f513-6763-46f8-913d-91a103966947,,RS232/485 Converter,Comergon,,2236fe1c-6896-4157-a310-ae0e094233f6,d7faf284-1a3a-4e53-9433-8476900a66e7,,,1ce915ed-07e9-4b65-9209-2652ffd9b681,8b408897-b25d-4ece-91ba-d97dfacec283,Trạm MID,"Ra soat 2026-07-11, file nguon: PLK_IMS",,,,,2026-07-11 09:50:09.894644+00,2026-08-11 04:37:10.204448+00,6842b45f-5020-4a54-9962-14b7ba723363,,e96be350-6615-441a-91f5-53ad976e91b3,"TB_HKNFG659 RS232/485 Converter  RS232/485 Converter Comergon  Tram MID Ra soat 2026-07-11, file nguon: PLK_IMS","'-07':13 '-11':14 '2026':12 'comergon':7 'converter':4,6 'file':15 'hknfg659':2 'ims':18 'mid':9 'nguon':16 'plk':17 'ra':10 'rs232/485':3,5 'soat':11 'tb':1 'tram':8",AWOS IMS,DIN2.1I485,,,8b408897-b25d-4ece-91ba-d97dfacec283,,Truyền dẫn,PLK,,,,,,,,,,,,,,,,,,,,,,,san_sang,,f024c88e-8702-49c8-a302-15b93f6acb3c,,,,f,TB_PLK_043,540b2762-68e8-4f52-b841-25f5652dce5d,{},KHONG,,83,he_thong
816f70c3-6b12-4ce4-bf66-4ed827c13a08,TB_WWHY379S,Bộ chuyển đổi tín hiệu RS232/485 Converter,ae03f513-6763-46f8-913d-91a103966947,,RS232/485 Converter,Comergon,,2236fe1c-6896-4157-a310-ae0e094233f6,d7faf284-1a3a-4e53-9433-8476900a66e7,,,1ce915ed-07e9-4b65-9209-2652ffd9b681,8b408897-b25d-4ece-91ba-d97dfacec283,Trạm MID,"Ra soat 2026-07-11, file nguon: PLK_IMS",,,,,2026-07-11 09:50:09.894644+00,2026-08-11 04:37:10.204448+00,6842b45f-5020-4a54-9962-14b7ba723363,,e96be350-6615-441a-91f5-53ad976e91b3,"TB_WWHY379S Bo chuyen doi tin hieu RS232/485 Converter  RS232/485 Converter Comergon  Tram MID Ra soat 2026-07-11, file nguon: PLK_IMS","'-07':18 '-11':19 '2026':17 'bo':3 'chuyen':4 'comergon':12 'converter':9,11 'doi':5 'file':20 'hieu':7 'ims':23 'mid':14 'nguon':21 'plk':22 'ra':15 'rs232/485':8,10 'soat':16 'tb':1 'tin':6 'tram':13 'wwhy379s':2",AWOS IMS,DIN2.1I485,,,8b408897-b25d-4ece-91ba-d97dfacec283,,Truyền dẫn,PLK,,,,,,,,,,,,,,,,,,,,,,,san_sang,,f024c88e-8702-49c8-a302-15b93f6acb3c,,,,f,TB_PLK_045,540b2762-68e8-4f52-b841-25f5652dce5d,{},KHONG,,83,he_thong
bab55a9d-99b0-4acb-900a-caef09507484,TB_C37NZ2SA,Bộ chuyển đổi AC/DC,accf1740-4c18-4b9a-895f-59d85ba593b5,,Bộ chuyển đổi AC/DC,MeanWell,,2236fe1c-6896-4157-a310-ae0e094233f6,d7faf284-1a3a-4e53-9433-8476900a66e7,,,1ce915ed-07e9-4b65-9209-2652ffd9b681,8b408897-b25d-4ece-91ba-d97dfacec283,Trạm MID,"Ra soat 2026-07-11, file nguon: PLK_IMS",,,,,2026-07-11 09:50:09.894644+00,2026-08-11 04:37:10.204448+00,0e8dbaf8-aa3e-4d9d-bab2-99b08381f6f9,,e96be350-6615-441a-91f5-53ad976e91b3,"TB_C37NZ2SA Bo chuyen doi AC/DC  Bo chuyen doi AC/DC MeanWell  Tram MID Ra soat 2026-07-11, file nguon: PLK_IMS","'-07':17 '-11':18 '2026':16 'ac/dc':6,10 'bo':3,7 'c37nz2sa':2 'chuyen':4,8 'doi':5,9 'file':19 'ims':22 'meanwell':11 'mid':13 'nguon':20 'plk':21 'ra':14 'soat':15 'tb':1 'tram':12",AWOS IMS,AD-155A,,,8b408897-b25d-4ece-91ba-d97dfacec283,,Thiết bị nguồn,PLK,,,,,,,,,,,,,,,,,,,,,,,san_sang,,f024c88e-8702-49c8-a302-15b93f6acb3c,,,,f,TB_PLK_046,c4920869-42f0-4b89-bdde-2a905c24a4af,{},KHONG,,83,he_thong
b13265b2-834b-496f-8fa7-327aa56ed5fd,TB_3ZG005ZJ,Bộ chuyển đổi AC/DC,accf1740-4c18-4b9a-895f-59d85ba593b5,,Bộ Charger,MeanWell,,2236fe1c-6896-4157-a310-ae0e094233f6,d7faf284-1a3a-4e53-9433-8476900a66e7,,,1ce915ed-07e9-4b65-9209-2652ffd9b681,8b408897-b25d-4ece-91ba-d97dfacec283,Trạm MID,"Ra soat 2026-07-11, file nguon: PLK_IMS",,,,,2026-07-11 09:50:09.894644+00,2026-08-11 04:37:10.204448+00,0e8dbaf8-aa3e-4d9d-bab2-99b08381f6f9,,e96be350-6615-441a-91f5-53ad976e91b3,"TB_3ZG005ZJ Bo chuyen doi AC/DC  Bo Charger MeanWell  Tram MID Ra soat 2026-07-11, file nguon: PLK_IMS","'-07':15 '-11':16 '2026':14 '3zg005zj':2 'ac/dc':6 'bo':3,7 'charger':8 'chuyen':4 'doi':5 'file':17 'ims':20 'meanwell':9 'mid':11 'nguon':18 'plk':19 'ra':12 'soat':13 'tb':1 'tram':10",AWOS IMS,SCP-50-12,,,8b408897-b25d-4ece-91ba-d97dfacec283,,Thiết bị nguồn,PLK,,,,,,,,,,,,,,,,,,,,,,,san_sang,,f024c88e-8702-49c8-a302-15b93f6acb3c,,,,f,TB_PLK_047,6052b1d7-f4f7-4376-8e06-b20635498e81,{},KHONG,,83,he_thong
9da6bc91-efe5-488d-a402-f5a03a34a372,TB_PKHRWJTE,Radio Modem MR400,ae03f513-6763-46f8-913d-91a103966947,,Radio Modem MR400,RACOM,,2236fe1c-6896-4157-a310-ae0e094233f6,d7faf284-1a3a-4e53-9433-8476900a66e7,,,1ce915ed-07e9-4b65-9209-2652ffd9b681,8b408897-b25d-4ece-91ba-d97dfacec283,Trạm MID,"Ra soat 2026-07-11, file nguon: PLK_IMS",,,,,2026-07-11 09:50:09.894644+00,2026-08-11 04:37:10.204448+00,ca029628-203c-4008-b4bc-89b0746a39c6,,e96be350-6615-441a-91f5-53ad976e91b3,"TB_PKHRWJTE Radio Modem MR400  Radio Modem MR400 RACOM  Tram MID Ra soat 2026-07-11, file nguon: PLK_IMS","'-07':15 '-11':16 '2026':14 'file':17 'ims':20 'mid':11 'modem':4,7 'mr400':5,8 'nguon':18 'pkhrwjte':2 'plk':19 'ra':12 'racom':9 'radio':3,6 'soat':13 'tb':1 'tram':10",AWOS IMS,MR400RS3,,,8b408897-b25d-4ece-91ba-d97dfacec283,,Thiết bị thu thập dữ liệu,PLK,,,,,,,,,,,,,,,,,,,,,,,san_sang,,f024c88e-8702-49c8-a302-15b93f6acb3c,,,,f,TB_PLK_048,253a4c31-fe79-48d4-933b-adc537087c40,{},KHONG,,83,he_thong
00a9be93-5ab6-43cb-8c34-bede03ad80c8,TB_QWBF6AVP,Data logger AMS 111,ae03f513-6763-46f8-913d-91a103966947,,Data logger,MicroStep-MIS,,2236fe1c-6896-4157-a310-ae0e094233f6,d7faf284-1a3a-4e53-9433-8476900a66e7,,,1ce915ed-07e9-4b65-9209-2652ffd9b681,8b408897-b25d-4ece-91ba-d97dfacec283,Trạm MID,"Ra soat 2026-07-11, file nguon: PLK_IMS",,,,,2026-07-11 09:50:09.894644+00,2026-08-11 04:37:10.204448+00,54e09535-2d7f-4319-812f-aee0a4916ed6,,e96be350-6615-441a-91f5-53ad976e91b3,"TB_QWBF6AVP Data logger AMS 111  Data logger MicroStep-MIS  Tram MID Ra soat 2026-07-11, file nguon: PLK_IMS","'-07':17 '-11':18 '111':6 '2026':16 'ams':5 'data':3,7 'file':19 'ims':22 'logger':4,8 'microstep':10 'microstep-mis':9 'mid':13 'mis':11 'nguon':20 'plk':21 'qwbf6avp':2 'ra':14 'soat':15 'tb':1 'tram':12",AWOS IMS,AMS 111 II,,,8b408897-b25d-4ece-91ba-d97dfacec283,,Thiết bị thu thập dữ liệu,PLK,,,,,,,,,,,,,,,,,,,,,,,san_sang,,f024c88e-8702-49c8-a302-15b93f6acb3c,,,,f,TB_PLK_044,6ad30d0c-14ff-4388-b6cb-0a55ecf33136,{},KHONG,,83,he_thong
6706a54d-b332-4a28-811c-96cca86ad524,TB_BBHWTC92,"Antenna  405-430 MHz, 5YAGI",accf1740-4c18-4b9a-895f-59d85ba593b5,,"Antenna  405-430 MHz, 5YAGI",RACOM,,2236fe1c-6896-4157-a310-ae0e094233f6,d7faf284-1a3a-4e53-9433-8476900a66e7,,,1ce915ed-07e9-4b65-9209-2652ffd9b681,8b408897-b25d-4ece-91ba-d97dfacec283,Trạm MID,"Ra soat 2026-07-11, file nguon: PLK_IMS",,,,,2026-07-11 09:50:09.894644+00,2026-08-11 04:37:10.204448+00,ca029628-203c-4008-b4bc-89b0746a39c6,,e96be350-6615-441a-91f5-53ad976e91b3,"TB_BBHWTC92 Antenna  405-430 MHz, 5YAGI  Antenna  405-430 MHz, 5YAGI RACOM  Tram MID Ra soat 2026-07-11, file nguon: PLK_IMS","'-07':19 '-11':20 '-430':5,10 '2026':18 '405':4,9 '5yagi':7,12 'antenna':3,8 'bbhwtc92':2 'file':21 'ims':24 'mhz':6,11 'mid':15 'nguon':22 'plk':23 'ra':16 'racom':13 'soat':17 'tb':1 'tram':14",AWOS IMS,SA401.5,,,8b408897-b25d-4ece-91ba-d97dfacec283,,Thiết bị nguồn,PLK,,,,,,,,,,,,,,,,,,,,,,,san_sang,,f024c88e-8702-49c8-a302-15b93f6acb3c,,,,f,TB_PLK_049,81f88bd9-e851-4a0a-8507-6d6d042ed85c,{},KHONG,,83,he_thong
5c23c5c0-466a-4081-ab76-f8ca06ebd203,TB_6MHCDGJS,Bộ chuyển đổi AC/DC,accf1740-4c18-4b9a-895f-59d85ba593b5,,Bộ Charger,MeanWell,,2236fe1c-6896-4157-a310-ae0e094233f6,d7faf284-1a3a-4e53-9433-8476900a66e7,,,1ce915ed-07e9-4b65-9209-2652ffd9b681,8b408897-b25d-4ece-91ba-d97dfacec283,Trạm MID,"Ra soat 2026-07-11, file nguon: PLK_IMS",,,,,2026-07-11 09:50:09.894644+00,2026-08-11 04:37:10.204448+00,0e8dbaf8-aa3e-4d9d-bab2-99b08381f6f9,,e96be350-6615-441a-91f5-53ad976e91b3,"TB_6MHCDGJS Bo chuyen doi AC/DC  Bo Charger MeanWell  Tram MID Ra soat 2026-07-11, file nguon: PLK_IMS","'-07':15 '-11':16 '2026':14 '6mhcdgjs':2 'ac/dc':6 'bo':3,7 'charger':8 'chuyen':4 'doi':5 'file':17 'ims':20 'meanwell':9 'mid':11 'nguon':18 'plk':19 'ra':12 'soat':13 'tb':1 'tram':10",AWOS IMS,SCP-50-12,,,8b408897-b25d-4ece-91ba-d97dfacec283,,Thiết bị nguồn,PLK,,,,,,,,,,,,,,,,,,,,,,,san_sang,,f024c88e-8702-49c8-a302-15b93f6acb3c,,,,f,TB_PLK_050,6052b1d7-f4f7-4376-8e06-b20635498e81,{},KHONG,,83,he_thong
36d7f02d-cee0-431e-bcff-b247795df36c,TB_H7T8XK6G,Cảm biến đo nhiệt độ và độ ẩm,98c88d39-bf0f-43c7-83a2-ca5d266ba54f,,Cảm biến đo nhiệt độ và độ ẩm,MicroStep-MIS,,2236fe1c-6896-4157-a310-ae0e094233f6,d7faf284-1a3a-4e53-9433-8476900a66e7,,,1ce915ed-07e9-4b65-9209-2652ffd9b681,8b408897-b25d-4ece-91ba-d97dfacec283,Trạm MID,"Ra soat 2026-07-11, file nguon: PLK_IMS",,,,,2026-07-11 09:50:09.894644+00,2026-08-11 04:37:10.204448+00,54e09535-2d7f-4319-812f-aee0a4916ed6,,e96be350-6615-441a-91f5-53ad976e91b3,"TB_H7T8XK6G Cam bien do nhiet do va do am  Cam bien do nhiet do va do am MicroStep-MIS  Tram MID Ra soat 2026-07-11, file nguon: PLK_IMS","'-07':27 '-11':28 '2026':26 'am':10,18 'bien':4,12 'cam':3,11 'do':5,7,9,13,15,17 'file':29 'h7t8xk6g':2 'ims':32 'microstep':20 'microstep-mis':19 'mid':23 'mis':21 'nguon':30 'nhiet':6,14 'plk':31 'ra':24 'soat':25 'tb':1 'tram':22 'va':8,16",AWOS IMS,RHT 175,,,8b408897-b25d-4ece-91ba-d97dfacec283,,Cảm biến,PLK,,,,,,,,,,,,,,,,,,,,,,,san_sang,,f024c88e-8702-49c8-a302-15b93f6acb3c,,,,f,TB_PLK_051,21149c45-6ce4-4eb7-b5cd-1d29d5b15e6f,{},KHONG,,83,he_thong
1828692b-0e6c-409c-9399-197b161081d9,TB_1G47NM17,Cảm biến đo mưa,98c88d39-bf0f-43c7-83a2-ca5d266ba54f,,Cảm biến đo mưa,MeteoServis,,2236fe1c-6896-4157-a310-ae0e094233f6,d7faf284-1a3a-4e53-9433-8476900a66e7,,,1ce915ed-07e9-4b65-9209-2652ffd9b681,8b408897-b25d-4ece-91ba-d97dfacec283,Trạm MID,"Ra soat 2026-07-11, file nguon: PLK_IMS",,,,,2026-07-11 09:50:09.894644+00,2026-08-11 04:37:10.204448+00,ccabe12e-a9a1-47c5-94e7-0867f318a20d,,e96be350-6615-441a-91f5-53ad976e91b3,"TB_1G47NM17 Cam bien do mua  Cam bien do mua MeteoServis  Tram MID Ra soat 2026-07-11, file nguon: PLK_IMS","'-07':17 '-11':18 '1g47nm17':2 '2026':16 'bien':4,8 'cam':3,7 'do':5,9 'file':19 'ims':22 'meteoservis':11 'mid':13 'mua':6,10 'nguon':20 'plk':21 'ra':14 'soat':15 'tb':1 'tram':12",AWOS IMS,MR2,,,8b408897-b25d-4ece-91ba-d97dfacec283,,Cảm biến,PLK,,,,,,,,,,,,,,,,,,,,,,,san_sang,,f024c88e-8702-49c8-a302-15b93f6acb3c,,,,f,TB_PLK_052,b7d643c0-7616-4050-8bdd-afc60f121a39,{},KHONG,,83,he_thong
0b311268-c094-4a59-9561-1537f03ccba3,TB_KC9YPEAM,Cảm biến đo Giông sét,98c88d39-bf0f-43c7-83a2-ca5d266ba54f,,Cảm biến đo Giông sét,MicroStep-MIS,,2236fe1c-6896-4157-a310-ae0e094233f6,d7faf284-1a3a-4e53-9433-8476900a66e7,,,1ce915ed-07e9-4b65-9209-2652ffd9b681,8b408897-b25d-4ece-91ba-d97dfacec283,Trạm MID,"Ra soat 2026-07-11, file nguon: PLK_IMS",,,,,2026-07-11 09:50:09.894644+00,2026-08-11 04:37:10.204448+00,54e09535-2d7f-4319-812f-aee0a4916ed6,,e96be350-6615-441a-91f5-53ad976e91b3,"TB_KC9YPEAM Cam bien do Giong set  Cam bien do Giong set MicroStep-MIS  Tram MID Ra soat 2026-07-11, file nguon: PLK_IMS","'-07':21 '-11':22 '2026':20 'bien':4,9 'cam':3,8 'do':5,10 'file':23 'giong':6,11 'ims':26 'kc9ypeam':2 'microstep':14 'microstep-mis':13 'mid':17 'mis':15 'nguon':24 'plk':25 'ra':18 'set':7,12 'soat':19 'tb':1 'tram':16",AWOS IMS,TSS-500,,,8b408897-b25d-4ece-91ba-d97dfacec283,,Cảm biến,PLK,,,,,,,,,,,,,,,,,,,,,,,san_sang,,f024c88e-8702-49c8-a302-15b93f6acb3c,,,,f,TB_PLK_055,168e82d7-8bf2-42ea-977f-5b0fa6cf7232,{},KHONG,,83,he_thong
08312da5-b207-4924-93c7-c16b27b7ea9f,TB_JVNJ39S7,Cảm biến đo khí áp,98c88d39-bf0f-43c7-83a2-ca5d266ba54f,,Cảm biến đo khí áp,MicroStep-MIS,,2236fe1c-6896-4157-a310-ae0e094233f6,d7faf284-1a3a-4e53-9433-8476900a66e7,,,1ce915ed-07e9-4b65-9209-2652ffd9b681,8b408897-b25d-4ece-91ba-d97dfacec283,Trạm MID,"Ra soat 2026-07-11, file nguon: PLK_IMS",,,,,2026-07-11 09:50:09.894644+00,2026-08-11 04:37:10.204448+00,54e09535-2d7f-4319-812f-aee0a4916ed6,,e96be350-6615-441a-91f5-53ad976e91b3,"TB_JVNJ39S7 Cam bien do khi ap  Cam bien do khi ap MicroStep-MIS  Tram MID Ra soat 2026-07-11, file nguon: PLK_IMS","'-07':21 '-11':22 '2026':20 'ap':7,12 'bien':4,9 'cam':3,8 'do':5,10 'file':23 'ims':26 'jvnj39s7':2 'khi':6,11 'microstep':14 'microstep-mis':13 'mid':17 'mis':15 'nguon':24 'plk':25 'ra':18 'soat':19 'tb':1 'tram':16",AWOS IMS,MIS MSB780,,,8b408897-b25d-4ece-91ba-d97dfacec283,,Cảm biến,PLK,,,,,,,,,,,,,,,,,,,,,,,san_sang,,f024c88e-8702-49c8-a302-15b93f6acb3c,,,,f,TB_PLK_053,8dc8e474-b130-4785-b3ed-9066c061cebb,{},KHONG,,83,he_thong
7efcfb6c-5998-495d-808c-c2e0e6e6f922,TB_5ZW669RT,"Bộ phận sấy, sưởi thiết bị (heater/blower) 83397-00",1ef69ec2-6298-4c48-b931-aea3fa48c0fc,0386,"Bộ phận sấy, sưởi thiết bị (heater/blower) 83397-00",,,5ae20f2b-30dc-409c-95db-68b98b79c94e,d7faf284-1a3a-4e53-9433-8476900a66e7,,,1ce915ed-07e9-4b65-9209-2652ffd9b681,f59bf0bd-520b-4245-80db-dc71b7187bf1,,Đề xuất: Đã đề xuất cho sensor trần mây | Hỏng hóc: 0 lần | Tình trạng: Hoạt động bình thường | VTDP: Không | Niên hạn: Không,,,,,2026-07-11 09:50:09.894644+00,2026-08-11 04:37:10.204448+00,,,e96be350-6615-441a-91f5-53ad976e91b3,"TB_5ZW669RT Bo phan say, suoi thiet bi (heater/blower) 83397-00 0386 Bo phan say, suoi thiet bi (heater/blower) 83397-00    De xuat: Da de xuat cho sensor tran may | Hong hoc: 0 lan | Tinh trang: Hoat dong binh thuong | VTDP: Khong | Nien han: Khong","'-00':11,21 '0':33 '0386':12 '5zw669rt':2 '83397':10,20 'bi':8,18 'binh':39 'bo':3,13 'cho':27 'da':24 'de':22,25 'dong':38 'han':44 'heater/blower':9,19 'hoat':37 'hoc':32 'hong':31 'khong':42,45 'lan':34 'may':30 'nien':43 'phan':4,14 'say':5,15 'sensor':28 'suoi':6,16 'tb':1 'thiet':7,17 'thuong':40 'tinh':35 'tran':29 'trang':36 'vtdp':41 'xuat':23,26",,,2022,2023,f59bf0bd-520b-4245-80db-dc71b7187bf1,,,CR,,,,0.200,,,,,,,,,,,,,,,,,,,san_sang,,f024c88e-8702-49c8-a302-15b93f6acb3c,,,,f,TB_N1_AWOS_0101,028884b4-8886-4201-907b-cd2bc066fbb2,{},KHONG,,100,he_thong
c5be6bf6-e7d0-40c3-8b67-1b73a029090a,TB_915AMMEQ,Thiết bị bảo vệ quá áp,accf1740-4c18-4b9a-895f-59d85ba593b5,,Thiết bị bảo vệ quá áp,MicroStep-MIS,,2236fe1c-6896-4157-a310-ae0e094233f6,d7faf284-1a3a-4e53-9433-8476900a66e7,,,1ce915ed-07e9-4b65-9209-2652ffd9b681,8b408897-b25d-4ece-91ba-d97dfacec283,Trạm MID,"Ra soat 2026-07-11, file nguon: PLK_IMS",,,,,2026-07-11 09:50:09.894644+00,2026-08-11 04:37:10.204448+00,54e09535-2d7f-4319-812f-aee0a4916ed6,,e96be350-6615-441a-91f5-53ad976e91b3,"TB_915AMMEQ Thiet bi bao ve qua ap  Thiet bi bao ve qua ap MicroStep-MIS  Tram MID Ra soat 2026-07-11, file nguon: PLK_IMS","'-07':23 '-11':24 '2026':22 '915ammeq':2 'ap':8,14 'bao':5,11 'bi':4,10 'file':25 'ims':28 'microstep':16 'microstep-mis':15 'mid':19 'mis':17 'nguon':26 'plk':27 'qua':7,13 'ra':20 'soat':21 'tb':1 'thiet':3,9 'tram':18 've':6,12",AWOS IMS,OVP Phone 160v,,,8b408897-b25d-4ece-91ba-d97dfacec283,,Thiết bị nguồn,PLK,,,,,,,,,,,,,,,,,,,,,,,san_sang,,f024c88e-8702-49c8-a302-15b93f6acb3c,,,,f,TB_PLK_061,c52b5941-93e7-492d-9026-87e6d38f79f4,{},KHONG,,83,he_thong
f0053b0c-3a16-47c5-9f22-e18d29d8119d,TB_YETC2NZY,Thiết bị bảo vệ quá áp,accf1740-4c18-4b9a-895f-59d85ba593b5,,Thiết bị bảo vệ quá áp,MicroStep-MIS,,2236fe1c-6896-4157-a310-ae0e094233f6,d7faf284-1a3a-4e53-9433-8476900a66e7,,,1ce915ed-07e9-4b65-9209-2652ffd9b681,8b408897-b25d-4ece-91ba-d97dfacec283,Trạm MID,"Ra soat 2026-07-11, file nguon: PLK_IMS",,,,,2026-07-11 09:50:09.894644+00,2026-08-11 04:37:10.204448+00,54e09535-2d7f-4319-812f-aee0a4916ed6,,e96be350-6615-441a-91f5-53ad976e91b3,"TB_YETC2NZY Thiet bi bao ve qua ap  Thiet bi bao ve qua ap MicroStep-MIS  Tram MID Ra soat 2026-07-11, file nguon: PLK_IMS","'-07':23 '-11':24 '2026':22 'ap':8,14 'bao':5,11 'bi':4,10 'file':25 'ims':28 'microstep':16 'microstep-mis':15 'mid':19 'mis':17 'nguon':26 'plk':27 'qua':7,13 'ra':20 'soat':21 'tb':1 'thiet':3,9 'tram':18 've':6,12 'yetc2nzy':2",AWOS IMS,OVP 485,,,8b408897-b25d-4ece-91ba-d97dfacec283,,Thiết bị nguồn,PLK,,,,,,,,,,,,,,,,,,,,,,,san_sang,,f024c88e-8702-49c8-a302-15b93f6acb3c,,,,f,TB_PLK_062,47d69c0d-0b8d-4a24-ac66-15e2960df369,{},KHONG,,83,he_thong
cad28685-3769-4e9e-8836-d719f0588153,TB_NCEYXRKC,Thiết bị bảo vệ quá áp,accf1740-4c18-4b9a-895f-59d85ba593b5,,Thiết bị bảo vệ quá áp,MicroStep-MIS,,2236fe1c-6896-4157-a310-ae0e094233f6,d7faf284-1a3a-4e53-9433-8476900a66e7,,,1ce915ed-07e9-4b65-9209-2652ffd9b681,8b408897-b25d-4ece-91ba-d97dfacec283,Trạm MID,"Ra soat 2026-07-11, file nguon: PLK_IMS",,,,,2026-07-11 09:50:09.894644+00,2026-08-11 04:37:10.204448+00,54e09535-2d7f-4319-812f-aee0a4916ed6,,e96be350-6615-441a-91f5-53ad976e91b3,"TB_NCEYXRKC Thiet bi bao ve qua ap  Thiet bi bao ve qua ap MicroStep-MIS  Tram MID Ra soat 2026-07-11, file nguon: PLK_IMS","'-07':23 '-11':24 '2026':22 'ap':8,14 'bao':5,11 'bi':4,10 'file':25 'ims':28 'microstep':16 'microstep-mis':15 'mid':19 'mis':17 'nceyxrkc':2 'nguon':26 'plk':27 'qua':7,13 'ra':20 'soat':21 'tb':1 'thiet':3,9 'tram':18 've':6,12",AWOS IMS,OVP 485,,,8b408897-b25d-4ece-91ba-d97dfacec283,,Thiết bị nguồn,PLK,,,,,,,,,,,,,,,,,,,,,,,san_sang,,f024c88e-8702-49c8-a302-15b93f6acb3c,,,,f,TB_PLK_063,47d69c0d-0b8d-4a24-ac66-15e2960df369,{},KHONG,,83,he_thong
5a726bc5-884b-48f1-8187-38de6e19e639,TB_WR685ZMV,Thiết bị bảo vệ quá áp,accf1740-4c18-4b9a-895f-59d85ba593b5,,Thiết bị bảo vệ quá áp,MicroStep-MIS,,2236fe1c-6896-4157-a310-ae0e094233f6,d7faf284-1a3a-4e53-9433-8476900a66e7,,,1ce915ed-07e9-4b65-9209-2652ffd9b681,8b408897-b25d-4ece-91ba-d97dfacec283,Trạm MID,"Ra soat 2026-07-11, file nguon: PLK_IMS",,,,,2026-07-11 09:50:09.894644+00,2026-08-11 04:37:10.204448+00,54e09535-2d7f-4319-812f-aee0a4916ed6,,e96be350-6615-441a-91f5-53ad976e91b3,"TB_WR685ZMV Thiet bi bao ve qua ap  Thiet bi bao ve qua ap MicroStep-MIS  Tram MID Ra soat 2026-07-11, file nguon: PLK_IMS","'-07':23 '-11':24 '2026':22 'ap':8,14 'bao':5,11 'bi':4,10 'file':25 'ims':28 'microstep':16 'microstep-mis':15 'mid':19 'mis':17 'nguon':26 'plk':27 'qua':7,13 'ra':20 'soat':21 'tb':1 'thiet':3,9 'tram':18 've':6,12 'wr685zmv':2",AWOS IMS,OVP 485,,,8b408897-b25d-4ece-91ba-d97dfacec283,,Thiết bị nguồn,PLK,,,,,,,,,,,,,,,,,,,,,,,san_sang,,f024c88e-8702-49c8-a302-15b93f6acb3c,,,,f,TB_PLK_064,47d69c0d-0b8d-4a24-ac66-15e2960df369,{},KHONG,,83,he_thong
64a39008-ecfb-482c-bd13-b471cbcf6c99,TB_CCR1BEVC,Thiết bị bảo vệ quá áp,accf1740-4c18-4b9a-895f-59d85ba593b5,,Thiết bị bảo vệ quá áp,MicroStep-MIS,,2236fe1c-6896-4157-a310-ae0e094233f6,d7faf284-1a3a-4e53-9433-8476900a66e7,,,1ce915ed-07e9-4b65-9209-2652ffd9b681,8b408897-b25d-4ece-91ba-d97dfacec283,Trạm MID,"Ra soat 2026-07-11, file nguon: PLK_IMS",,,,,2026-07-11 09:50:09.894644+00,2026-08-11 04:37:10.204448+00,54e09535-2d7f-4319-812f-aee0a4916ed6,,e96be350-6615-441a-91f5-53ad976e91b3,"TB_CCR1BEVC Thiet bi bao ve qua ap  Thiet bi bao ve qua ap MicroStep-MIS  Tram MID Ra soat 2026-07-11, file nguon: PLK_IMS","'-07':23 '-11':24 '2026':22 'ap':8,14 'bao':5,11 'bi':4,10 'ccr1bevc':2 'file':25 'ims':28 'microstep':16 'microstep-mis':15 'mid':19 'mis':17 'nguon':26 'plk':27 'qua':7,13 'ra':20 'soat':21 'tb':1 'thiet':3,9 'tram':18 've':6,12",AWOS IMS,OVP Phone 160v,,,8b408897-b25d-4ece-91ba-d97dfacec283,,Thiết bị nguồn,PLK,,,,,,,,,,,,,,,,,,,,,,,san_sang,,f024c88e-8702-49c8-a302-15b93f6acb3c,,,,f,TB_PLK_065,c52b5941-93e7-492d-9026-87e6d38f79f4,{},KHONG,,83,he_thong
12a1acdb-491b-403e-9a6d-cb8057d53b8b,TB_52ATC4VG,Radio Modem MR400,ae03f513-6763-46f8-913d-91a103966947,,Radio Modem MR400,RACOM,,2236fe1c-6896-4157-a310-ae0e094233f6,d7faf284-1a3a-4e53-9433-8476900a66e7,,,1ce915ed-07e9-4b65-9209-2652ffd9b681,8b408897-b25d-4ece-91ba-d97dfacec283,Trạm 09,"Ra soat 2026-07-11, file nguon: PLK_IMS",,,,,2026-07-11 09:50:09.894644+00,2026-08-11 04:37:10.204448+00,ca029628-203c-4008-b4bc-89b0746a39c6,,e96be350-6615-441a-91f5-53ad976e91b3,"TB_52ATC4VG Radio Modem MR400  Radio Modem MR400 RACOM  Tram 09 Ra soat 2026-07-11, file nguon: PLK_IMS","'-07':15 '-11':16 '09':11 '2026':14 '52atc4vg':2 'file':17 'ims':20 'modem':4,7 'mr400':5,8 'nguon':18 'plk':19 'ra':12 'racom':9 'radio':3,6 'soat':13 'tb':1 'tram':10",AWOS IMS,MR400RS3,,,8b408897-b25d-4ece-91ba-d97dfacec283,,Truyền dẫn,PLK,,,,,,,,,,,,,,,,,,,,,,,san_sang,,f024c88e-8702-49c8-a302-15b93f6acb3c,,,,f,TB_PLK_066,253a4c31-fe79-48d4-933b-adc537087c40,{},KHONG,,83,he_thong
0838a25c-1f82-44f8-b8d7-9d4cd53558cd,TB_SSQE6RQP,Cảm biến tầm nhìn,98c88d39-bf0f-43c7-83a2-ca5d266ba54f,,Cảm biến tầm nhìn,Biral,,2236fe1c-6896-4157-a310-ae0e094233f6,d7faf284-1a3a-4e53-9433-8476900a66e7,,,1ce915ed-07e9-4b65-9209-2652ffd9b681,8b408897-b25d-4ece-91ba-d97dfacec283,Trạm 09,"Ra soat 2026-07-11, file nguon: PLK_IMS",,,,,2026-07-11 09:50:09.894644+00,2026-08-11 04:37:10.204448+00,b7f4a9b7-d8ca-434b-b11c-5e4a13a35ad1,,e96be350-6615-441a-91f5-53ad976e91b3,"TB_SSQE6RQP Cam bien tam nhin  Cam bien tam nhin Biral  Tram 09 Ra soat 2026-07-11, file nguon: PLK_IMS","'-07':17 '-11':18 '09':13 '2026':16 'bien':4,8 'biral':11 'cam':3,7 'file':19 'ims':22 'nguon':20 'nhin':6,10 'plk':21 'ra':14 'soat':15 'ssqe6rqp':2 'tam':5,9 'tb':1 'tram':12",AWOS IMS,SWS-050,,,8b408897-b25d-4ece-91ba-d97dfacec283,,Truyền dẫn,PLK,,,,,,,,,,,,,,,,,,,,,,,san_sang,,f024c88e-8702-49c8-a302-15b93f6acb3c,,,,f,TB_PLK_067,d7e4f72d-118f-42ad-ac6c-2aaaacd3076e,{},KHONG,,83,he_thong
3cbbf8f0-a286-4310-b2d0-a59ae5ce1315,TB_RA4CK051,Cảm biến ánh sáng nền,98c88d39-bf0f-43c7-83a2-ca5d266ba54f,,Cảm biến đo ánh sáng nền,Biral,,2236fe1c-6896-4157-a310-ae0e094233f6,d7faf284-1a3a-4e53-9433-8476900a66e7,,,1ce915ed-07e9-4b65-9209-2652ffd9b681,8b408897-b25d-4ece-91ba-d97dfacec283,Trạm 09,"Ra soat 2026-07-11, file nguon: PLK_IMS",,,,,2026-07-11 09:50:09.894644+00,2026-08-11 04:37:10.204448+00,b7f4a9b7-d8ca-434b-b11c-5e4a13a35ad1,,e96be350-6615-441a-91f5-53ad976e91b3,"TB_RA4CK051 Cam bien anh sang nen  Cam bien do anh sang nen Biral  Tram 09 Ra soat 2026-07-11, file nguon: PLK_IMS","'-07':20 '-11':21 '09':16 '2026':19 'anh':5,11 'bien':4,9 'biral':14 'cam':3,8 'do':10 'file':22 'ims':25 'nen':7,13 'nguon':23 'plk':24 'ra':17 'ra4ck051':2 'sang':6,12 'soat':18 'tb':1 'tram':15",AWOS IMS,ALS-2,,,8b408897-b25d-4ece-91ba-d97dfacec283,,Cảm biến,PLK,,,,,,,,,,,,,,,,,,,,,,,san_sang,,f024c88e-8702-49c8-a302-15b93f6acb3c,,,,f,TB_PLK_068,5b400d04-826b-4049-a257-df1f3c61c619,{},KHONG,,83,he_thong
6c68fd52-0a1a-4cd9-a9d0-68d6eff52e5a,TB_DT874BTB,"Bộ phận sấy, sưởi thiết bị (heater/blower) 83397-00",1ef69ec2-6298-4c48-b931-aea3fa48c0fc,0387,"Bộ phận sấy, sưởi thiết bị (heater/blower) 83397-00",,,5ae20f2b-30dc-409c-95db-68b98b79c94e,d7faf284-1a3a-4e53-9433-8476900a66e7,,,1ce915ed-07e9-4b65-9209-2652ffd9b681,f59bf0bd-520b-4245-80db-dc71b7187bf1,,Đề xuất: Đã đề xuất cho sensor trần mây ở trên | Hỏng hóc: 0 lần | Tình trạng: Hoạt động bình thường | VTDP: Không | Niên hạn: Không,,,,,2026-07-11 09:50:09.894644+00,2026-08-11 04:37:10.204448+00,,,e96be350-6615-441a-91f5-53ad976e91b3,"TB_DT874BTB Bo phan say, suoi thiet bi (heater/blower) 83397-00 0387 Bo phan say, suoi thiet bi (heater/blower) 83397-00    De xuat: Da de xuat cho sensor tran may o tren | Hong hoc: 0 lan | Tinh trang: Hoat dong binh thuong | VTDP: Khong | Nien han: Khong","'-00':11,21 '0':35 '0387':12 '83397':10,20 'bi':8,18 'binh':41 'bo':3,13 'cho':27 'da':24 'de':22,25 'dong':40 'dt874btb':2 'han':46 'heater/blower':9,19 'hoat':39 'hoc':34 'hong':33 'khong':44,47 'lan':36 'may':30 'nien':45 'o':31 'phan':4,14 'say':5,15 'sensor':28 'suoi':6,16 'tb':1 'thiet':7,17 'thuong':42 'tinh':37 'tran':29 'trang':38 'tren':32 'vtdp':43 'xuat':23,26",,,2022,2023,f59bf0bd-520b-4245-80db-dc71b7187bf1,,,CR,,,,0.200,,,,,,,,,,,,,,,,,,,san_sang,,f024c88e-8702-49c8-a302-15b93f6acb3c,,,,f,TB_N1_AWOS_0102,028884b4-8886-4201-907b-cd2bc066fbb2,{},KHONG,,100,he_thong
a1e5128d-525e-4398-a099-3cc87cb9c089,TB_C6ERVRPT,Thiết bị đo gió Ultrasonic wind sensor 2D,98c88d39-bf0f-43c7-83a2-ca5d266ba54f,,Cảm biến đo hướng và tốc độ gió,Thies Clima,,2236fe1c-6896-4157-a310-ae0e094233f6,d7faf284-1a3a-4e53-9433-8476900a66e7,,,1ce915ed-07e9-4b65-9209-2652ffd9b681,8b408897-b25d-4ece-91ba-d97dfacec283,Trạm 09,"Ra soat 2026-07-11, file nguon: PLK_IMS",,,,,2026-07-11 09:50:09.894644+00,2026-08-11 04:37:10.204448+00,f0c86184-a2a8-4ba2-b3e2-87283fbcf190,,e96be350-6615-441a-91f5-53ad976e91b3,"TB_C6ERVRPT Thiet bi do gio Ultrasonic wind sensor 2D  Cam bien do huong va toc do gio Thies Clima  Tram 09 Ra soat 2026-07-11, file nguon: PLK_IMS","'-07':26 '-11':27 '09':22 '2026':25 '2d':10 'bi':4 'bien':12 'c6ervrpt':2 'cam':11 'clima':20 'do':5,13,17 'file':28 'gio':6,18 'huong':14 'ims':31 'nguon':29 'plk':30 'ra':23 'sensor':9 'soat':24 'tb':1 'thies':19 'thiet':3 'toc':16 'tram':21 'ultrasonic':7 'va':15 'wind':8",AWOS IMS,4.3820.00.300,,,8b408897-b25d-4ece-91ba-d97dfacec283,,Cảm biến,PLK,,,,,,,,,,,,,,,,,,,,,,,san_sang,,f024c88e-8702-49c8-a302-15b93f6acb3c,,,,f,TB_PLK_069,8aaa9362-24cd-4fe3-a9dd-81b685697f6c,{},KHONG,,83,he_thong
1c0c54b1-d8dd-4bc1-8834-7ebcf012cfaf,TB_544DFDPY,RS232/485 Converter,ae03f513-6763-46f8-913d-91a103966947,,RS232/485 Converter,Comergon,,2236fe1c-6896-4157-a310-ae0e094233f6,d7faf284-1a3a-4e53-9433-8476900a66e7,,,1ce915ed-07e9-4b65-9209-2652ffd9b681,8b408897-b25d-4ece-91ba-d97dfacec283,Trạm 09,"Ra soat 2026-07-11, file nguon: PLK_IMS",,,,,2026-07-11 09:50:09.894644+00,2026-08-11 04:37:10.204448+00,6842b45f-5020-4a54-9962-14b7ba723363,,e96be350-6615-441a-91f5-53ad976e91b3,"TB_544DFDPY RS232/485 Converter  RS232/485 Converter Comergon  Tram 09 Ra soat 2026-07-11, file nguon: PLK_IMS","'-07':13 '-11':14 '09':9 '2026':12 '544dfdpy':2 'comergon':7 'converter':4,6 'file':15 'ims':18 'nguon':16 'plk':17 'ra':10 'rs232/485':3,5 'soat':11 'tb':1 'tram':8",AWOS IMS,DIN2.1I485,,,8b408897-b25d-4ece-91ba-d97dfacec283,,Thiết bị nguồn,PLK,,,,,,,,,,,,,,,,,,,,,,,san_sang,,f024c88e-8702-49c8-a302-15b93f6acb3c,,,,f,TB_PLK_072,540b2762-68e8-4f52-b841-25f5652dce5d,{},KHONG,,83,he_thong
26cde9c2-c968-491f-a927-165933e31ce1,TB_6DQWNQAV,RS232/485 Converter,ae03f513-6763-46f8-913d-91a103966947,,RS232/485 Converter,Comergon,,2236fe1c-6896-4157-a310-ae0e094233f6,d7faf284-1a3a-4e53-9433-8476900a66e7,,,1ce915ed-07e9-4b65-9209-2652ffd9b681,8b408897-b25d-4ece-91ba-d97dfacec283,Trạm 09,"Ra soat 2026-07-11, file nguon: PLK_IMS",,,,,2026-07-11 09:50:09.894644+00,2026-08-11 04:37:10.204448+00,6842b45f-5020-4a54-9962-14b7ba723363,,e96be350-6615-441a-91f5-53ad976e91b3,"TB_6DQWNQAV RS232/485 Converter  RS232/485 Converter Comergon  Tram 09 Ra soat 2026-07-11, file nguon: PLK_IMS","'-07':13 '-11':14 '09':9 '2026':12 '6dqwnqav':2 'comergon':7 'converter':4,6 'file':15 'ims':18 'nguon':16 'plk':17 'ra':10 'rs232/485':3,5 'soat':11 'tb':1 'tram':8",AWOS IMS,DIN2.1I485,,,8b408897-b25d-4ece-91ba-d97dfacec283,,Truyền dẫn,PLK,,,,,,,,,,,,,,,,,,,,,,,san_sang,,f024c88e-8702-49c8-a302-15b93f6acb3c,,,,f,TB_PLK_073,540b2762-68e8-4f52-b841-25f5652dce5d,{},KHONG,,83,he_thong
4aa18001-06a8-4517-b482-02654b902455,TB_KFYNBV26,Bộ chuyển đổi AC/DC,accf1740-4c18-4b9a-895f-59d85ba593b5,,Bộ chuyển đổi AC/DC,MeanWell,,2236fe1c-6896-4157-a310-ae0e094233f6,d7faf284-1a3a-4e53-9433-8476900a66e7,,,1ce915ed-07e9-4b65-9209-2652ffd9b681,8b408897-b25d-4ece-91ba-d97dfacec283,Trạm 09,"Ra soat 2026-07-11, file nguon: PLK_IMS",,,,,2026-07-11 09:50:09.894644+00,2026-08-11 04:37:10.204448+00,0e8dbaf8-aa3e-4d9d-bab2-99b08381f6f9,,e96be350-6615-441a-91f5-53ad976e91b3,"TB_KFYNBV26 Bo chuyen doi AC/DC  Bo chuyen doi AC/DC MeanWell  Tram 09 Ra soat 2026-07-11, file nguon: PLK_IMS","'-07':17 '-11':18 '09':13 '2026':16 'ac/dc':6,10 'bo':3,7 'chuyen':4,8 'doi':5,9 'file':19 'ims':22 'kfynbv26':2 'meanwell':11 'nguon':20 'plk':21 'ra':14 'soat':15 'tb':1 'tram':12",AWOS IMS,AD-155A,,,8b408897-b25d-4ece-91ba-d97dfacec283,,Truyền dẫn,PLK,,,,,,,,,,,,,,,,,,,,,,,san_sang,,f024c88e-8702-49c8-a302-15b93f6acb3c,,,,f,TB_PLK_074,c4920869-42f0-4b89-bdde-2a905c24a4af,{},KHONG,,83,he_thong
ecb21811-ead7-4bac-9947-7d7413622138,TB_1FWJEAKF,Bộ chuyển đổi AC/DC,accf1740-4c18-4b9a-895f-59d85ba593b5,,Bộ Charger,MeanWell,,2236fe1c-6896-4157-a310-ae0e094233f6,d7faf284-1a3a-4e53-9433-8476900a66e7,,,1ce915ed-07e9-4b65-9209-2652ffd9b681,8b408897-b25d-4ece-91ba-d97dfacec283,Trạm 09,"Ra soat 2026-07-11, file nguon: PLK_IMS",,,,,2026-07-11 09:50:09.894644+00,2026-08-11 04:37:10.204448+00,0e8dbaf8-aa3e-4d9d-bab2-99b08381f6f9,,e96be350-6615-441a-91f5-53ad976e91b3,"TB_1FWJEAKF Bo chuyen doi AC/DC  Bo Charger MeanWell  Tram 09 Ra soat 2026-07-11, file nguon: PLK_IMS","'-07':15 '-11':16 '09':11 '1fwjeakf':2 '2026':14 'ac/dc':6 'bo':3,7 'charger':8 'chuyen':4 'doi':5 'file':17 'ims':20 'meanwell':9 'nguon':18 'plk':19 'ra':12 'soat':13 'tb':1 'tram':10",AWOS IMS,SCP-50-12,,,8b408897-b25d-4ece-91ba-d97dfacec283,,Truyền dẫn,PLK,,,,,,,,,,,,,,,,,,,,,,,san_sang,,f024c88e-8702-49c8-a302-15b93f6acb3c,,,,f,TB_PLK_075,6052b1d7-f4f7-4376-8e06-b20635498e81,{},KHONG,,83,he_thong
a8913ed5-0ddb-4eb1-b6fc-aa80f5535b4e,TB_4XP7RSEX,Bộ chuyển đổi AC/DC,accf1740-4c18-4b9a-895f-59d85ba593b5,,Nguồn AC/DC,MeanWell,,2236fe1c-6896-4157-a310-ae0e094233f6,d7faf284-1a3a-4e53-9433-8476900a66e7,,,1ce915ed-07e9-4b65-9209-2652ffd9b681,8b408897-b25d-4ece-91ba-d97dfacec283,Trạm 09,"Ra soat 2026-07-11, file nguon: PLK_IMS",,,,,2026-07-11 09:50:09.894644+00,2026-08-11 04:37:10.204448+00,0e8dbaf8-aa3e-4d9d-bab2-99b08381f6f9,,e96be350-6615-441a-91f5-53ad976e91b3,"TB_4XP7RSEX Bo chuyen doi AC/DC  Nguon AC/DC MeanWell  Tram 09 Ra soat 2026-07-11, file nguon: PLK_IMS","'-07':15 '-11':16 '09':11 '2026':14 '4xp7rsex':2 'ac/dc':6,8 'bo':3 'chuyen':4 'doi':5 'file':17 'ims':20 'meanwell':9 'nguon':7,18 'plk':19 'ra':12 'soat':13 'tb':1 'tram':10",AWOS IMS,DRC-100A,,,8b408897-b25d-4ece-91ba-d97dfacec283,,Thiết bị nguồn,PLK,,,,,,,,,,,,,,,,,,,,,,,san_sang,,f024c88e-8702-49c8-a302-15b93f6acb3c,,,,f,TB_PLK_076,c939fdc4-38ff-4b16-a7cd-5cf428b638f7,{},KHONG,,83,he_thong
8123fafb-e089-4aa3-b4f4-4030587cfca0,TB_GAHEQFG3,Converter Serial to Fiber,ae03f513-6763-46f8-913d-91a103966947,,Media Converter,Moxa,,ebc4a136-c5e7-4f7d-abfc-e3ddea655b8c,d7faf284-1a3a-4e53-9433-8476900a66e7,,,1ce915ed-07e9-4b65-9209-2652ffd9b681,46e84da7-5a8b-4a79-aa46-2fb4bae1ff26,QUANG-CEILO-33,"Ra soat 2026-07-11, file nguon: PCA_IMS",,,,,2026-07-11 09:50:09.894644+00,2026-08-11 04:37:10.204448+00,a5454b1e-b677-4fd8-8494-b4c080de867d,,e96be350-6615-441a-91f5-53ad976e91b3,"TB_GAHEQFG3 Converter Serial to Fiber  Media Converter Moxa  QUANG-CEILO-33 Ra soat 2026-07-11, file nguon: PCA_IMS","'-07':17 '-11':18 '2026':16 '33':13 'ceilo':12 'converter':3,8 'fiber':6 'file':19 'gaheqfg3':2 'ims':22 'media':7 'moxa':9 'nguon':20 'pca':21 'quang':11 'quang-ceilo':10 'ra':14 'serial':4 'soat':15 'tb':1 'to':5",AWOS-IMS,TCF-142-S,,,46e84da7-5a8b-4a79-aa46-2fb4bae1ff26,,Truyền dẫn,PCA,,,,,,,,,,,,,,,,,,,,,,,san_sang,,f024c88e-8702-49c8-a302-15b93f6acb3c,,,,f,TB_PCA_065,59726500-96ec-4bb6-b155-aa865356f1c5,{},KHONG,,83,he_thong
133b94c6-1546-44a2-86db-d9cff3b6a9f5,TB_KP9YEE8Z,Chống sét RF,660f73b4-1975-4bde-8c87-810a23ef6e2c,,Chống sét RF,RACOM,,2236fe1c-6896-4157-a310-ae0e094233f6,d7faf284-1a3a-4e53-9433-8476900a66e7,,,1ce915ed-07e9-4b65-9209-2652ffd9b681,8b408897-b25d-4ece-91ba-d97dfacec283,Trạm 09,"Ra soat 2026-07-11, file nguon: PLK_IMS",,,,,2026-07-11 09:50:09.894644+00,2026-08-11 04:37:10.204448+00,ca029628-203c-4008-b4bc-89b0746a39c6,,e96be350-6615-441a-91f5-53ad976e91b3,"TB_KP9YEE8Z Chong set RF  Chong set RF RACOM  Tram 09 Ra soat 2026-07-11, file nguon: PLK_IMS","'-07':15 '-11':16 '09':11 '2026':14 'chong':3,6 'file':17 'ims':20 'kp9yee8z':2 'nguon':18 'plk':19 'ra':12 'racom':9 'rf':5,8 'set':4,7 'soat':13 'tb':1 'tram':10",AWOS IMS,HX090 F/RG,,,8b408897-b25d-4ece-91ba-d97dfacec283,,Cắt lọc sét,PLK,,,,,,,,,,,,,,,,,,,,,,,san_sang,,f024c88e-8702-49c8-a302-15b93f6acb3c,,,,f,TB_PLK_077,9a411ffd-9f0c-48c7-a7dd-d8b84d979089,{},KHONG,,83,he_thong
e0e88821-acc5-4978-a262-2a1216d9e58b,TB_N660QJAB,Data logger AMS 111 II,ae03f513-6763-46f8-913d-91a103966947,,Data logger,MicroStep-MIS,,2236fe1c-6896-4157-a310-ae0e094233f6,d7faf284-1a3a-4e53-9433-8476900a66e7,,,1ce915ed-07e9-4b65-9209-2652ffd9b681,8b408897-b25d-4ece-91ba-d97dfacec283,Trạm 09,"Ra soat 2026-07-11, file nguon: PLK_IMS",,,,,2026-07-11 09:50:09.894644+00,2026-08-11 04:37:10.204448+00,54e09535-2d7f-4319-812f-aee0a4916ed6,,e96be350-6615-441a-91f5-53ad976e91b3,"TB_N660QJAB Data logger AMS 111 II  Data logger MicroStep-MIS  Tram 09 Ra soat 2026-07-11, file nguon: PLK_IMS","'-07':18 '-11':19 '09':14 '111':6 '2026':17 'ams':5 'data':3,8 'file':20 'ii':7 'ims':23 'logger':4,9 'microstep':11 'microstep-mis':10 'mis':12 'n660qjab':2 'nguon':21 'plk':22 'ra':15 'soat':16 'tb':1 'tram':13",AWOS IMS,AMS 111 II,,,8b408897-b25d-4ece-91ba-d97dfacec283,,Thiết bị thu thập dữ liệu,PLK,,,,,,,,,,,,,,,,,,,,,,,san_sang,,f024c88e-8702-49c8-a302-15b93f6acb3c,,,,f,TB_PLK_085,6ad30d0c-14ff-4388-b6cb-0a55ecf33136,{},KHONG,,83,he_thong
8eccf570-dc65-4f41-bb04-3fbd7b463ae4,TB_E6BNN7GC,Thiết bị bảo vệ quá áp,accf1740-4c18-4b9a-895f-59d85ba593b5,,Thiết bị bảo vệ quá áp,MicroStep-MIS,,2236fe1c-6896-4157-a310-ae0e094233f6,d7faf284-1a3a-4e53-9433-8476900a66e7,,,1ce915ed-07e9-4b65-9209-2652ffd9b681,8b408897-b25d-4ece-91ba-d97dfacec283,Trạm 09,"Ra soat 2026-07-11, file nguon: PLK_IMS",,,,,2026-07-11 09:50:09.894644+00,2026-08-11 04:37:10.204448+00,54e09535-2d7f-4319-812f-aee0a4916ed6,,e96be350-6615-441a-91f5-53ad976e91b3,"TB_E6BNN7GC Thiet bi bao ve qua ap  Thiet bi bao ve qua ap MicroStep-MIS  Tram 09 Ra soat 2026-07-11, file nguon: PLK_IMS","'-07':23 '-11':24 '09':19 '2026':22 'ap':8,14 'bao':5,11 'bi':4,10 'e6bnn7gc':2 'file':25 'ims':28 'microstep':16 'microstep-mis':15 'mis':17 'nguon':26 'plk':27 'qua':7,13 'ra':20 'soat':21 'tb':1 'thiet':3,9 'tram':18 've':6,12",AWOS IMS,OVP Phone 160v,,,8b408897-b25d-4ece-91ba-d97dfacec283,,Thiết bị nguồn,PLK,,,,,,,,,,,,,,,,,,,,,,,san_sang,,f024c88e-8702-49c8-a302-15b93f6acb3c,,,,f,TB_PLK_082,c52b5941-93e7-492d-9026-87e6d38f79f4,{},KHONG,,83,he_thong
e2cbf2f4-88d1-44c4-b8cd-3a60e78ae577,TB_7P29AGWB,Thiết bị bảo vệ quá áp,accf1740-4c18-4b9a-895f-59d85ba593b5,,Thiết bị bảo vệ quá áp,MicroStep-MIS,,2236fe1c-6896-4157-a310-ae0e094233f6,d7faf284-1a3a-4e53-9433-8476900a66e7,,,1ce915ed-07e9-4b65-9209-2652ffd9b681,8b408897-b25d-4ece-91ba-d97dfacec283,Trạm 09 Ceilo,"Ra soat 2026-07-11, file nguon: PLK_IMS",,,,,2026-07-11 09:50:09.894644+00,2026-08-11 04:37:10.204448+00,54e09535-2d7f-4319-812f-aee0a4916ed6,,e96be350-6615-441a-91f5-53ad976e91b3,"TB_7P29AGWB Thiet bi bao ve qua ap  Thiet bi bao ve qua ap MicroStep-MIS  Tram 09 Ceilo Ra soat 2026-07-11, file nguon: PLK_IMS","'-07':24 '-11':25 '09':19 '2026':23 '7p29agwb':2 'ap':8,14 'bao':5,11 'bi':4,10 'ceilo':20 'file':26 'ims':29 'microstep':16 'microstep-mis':15 'mis':17 'nguon':27 'plk':28 'qua':7,13 'ra':21 'soat':22 'tb':1 'thiet':3,9 'tram':18 've':6,12",AWOS IMS,OVP Phone 160v,,,8b408897-b25d-4ece-91ba-d97dfacec283,,Thiết bị nguồn,PLK,,,,,,,,,,,,,,,,,,,,,,,san_sang,,f024c88e-8702-49c8-a302-15b93f6acb3c,,,,f,TB_PLK_095,c52b5941-93e7-492d-9026-87e6d38f79f4,{},KHONG,,83,he_thong
4803727e-dfd9-47ad-bfaa-ba6108c5902e,TB_FA00KM5B,Cảm biến đo nhiệt độ Thies 1.1006.54.080,98c88d39-bf0f-43c7-83a2-ca5d266ba54f,09230014,Cảm biến đo nhiệt độ Thies 1.1006.54.080,Thies Clima,,5ae20f2b-30dc-409c-95db-68b98b79c94e,d7faf284-1a3a-4e53-9433-8476900a66e7,,,1ce915ed-07e9-4b65-9209-2652ffd9b681,f59bf0bd-520b-4245-80db-dc71b7187bf1,2023,Hỏng hóc: 0 lần | Tình trạng: Khai thác bình thường | VTDP: Không có VTDP | Niên hạn: Không,,,,,2026-07-11 09:50:09.894644+00,2026-08-11 04:37:10.204448+00,f0c86184-a2a8-4ba2-b3e2-87283fbcf190,,2b0a43bb-0add-4ef6-8830-898890900c6d,TB_FA00KM5B Cam bien do nhiet do Thies 1.1006.54.080 09230014 Cam bien do nhiet do Thies 1.1006.54.080 Thies Clima  2023 Hong hoc: 0 lan | Tinh trang: Khai thac binh thuong | VTDP: Khong co VTDP | Nien han: Khong,"'0':23 '09230014':10 '1.1006.54.080':9,17 '2023':20 'bien':4,12 'binh':29 'cam':3,11 'clima':19 'co':33 'do':5,7,13,15 'fa00km5b':2 'han':36 'hoc':22 'hong':21 'khai':27 'khong':32,37 'lan':24 'nhiet':6,14 'nien':35 'tb':1 'thac':28 'thies':8,16,18 'thuong':30 'tinh':25 'trang':26 'vtdp':31,34",2023,1.1006.54.080,2023,2023,f59bf0bd-520b-4245-80db-dc71b7187bf1,,,CR,,,,0.375,,,,,,,,,,,,,,,,,,,san_sang,,f024c88e-8702-49c8-a302-15b93f6acb3c,,,,f,TB_N1_AWOS_0123,5eb8f669-8af7-4cf8-872b-1c9b3a98f491,{},KHONG,,100,he_thong
9261b2ab-e07c-4b89-8372-9e5580c55ddd,TB_A4XFA8KD,KVM 19inch,83e7d93e-2f76-4d4f-a6bc-08926383aba1,XL1908-X3V723B0022,KVM 19inch,Kinan,,7f40beb2-5d47-4f4a-b7df-35cd1cca56ae,d7faf284-1a3a-4e53-9433-8476900a66e7,,,1ce915ed-07e9-4b65-9209-2652ffd9b681,e43c5d4b-3c3c-4486-89da-73e9ac747ab4,PTB Đài KSKL TUY HÒA,"Ra soat 2026-07-11, file nguon: THA_DAW21",,,,,2026-07-11 09:50:09.894644+00,2026-08-11 04:37:10.204448+00,986ba52f-6288-4a7d-8709-48a2af4bd36c,,e96be350-6615-441a-91f5-53ad976e91b3,"TB_A4XFA8KD KVM 19inch XL1908-X3V723B0022 KVM 19inch Kinan  PTB Dai KSKL TUY HOA Ra soat 2026-07-11, file nguon: THA_DAW21","'-07':19 '-11':20 '19inch':4,9 '2026':18 'a4xfa8kd':2 'dai':12 'daw21':24 'file':21 'hoa':15 'kinan':10 'kskl':13 'kvm':3,8 'nguon':22 'ptb':11 'ra':16 'soat':17 'tb':1 'tha':23 'tuy':14 'x3v723b0022':7 'xl1908':6 'xl1908-x3v723b0022':5",AWOS D-AW21,XL1908,,,e43c5d4b-3c3c-4486-89da-73e9ac747ab4,,Xử lý trung tâm,THA,,,,,,,,,,,,,,,,,,,,,,,san_sang,,f024c88e-8702-49c8-a302-15b93f6acb3c,,,,f,TB_THA_063,13544c20-3b96-4fd1-9a51-067fc42f7091,{},KHONG,,100,he_thong
e59f5a30-5253-424e-b446-b29e7cb8311a,TB_6D68H7TM,Thiết bị đo trần mây,98c88d39-bf0f-43c7-83a2-ca5d266ba54f,,Cảm biến đo độ cao trần mây,Eliasson,,2236fe1c-6896-4157-a310-ae0e094233f6,d7faf284-1a3a-4e53-9433-8476900a66e7,,,1ce915ed-07e9-4b65-9209-2652ffd9b681,8b408897-b25d-4ece-91ba-d97dfacec283,Trạm 09 Ceilo,"Ra soat 2026-07-11, file nguon: PLK_IMS",,,,,2026-07-11 09:50:09.894644+00,2026-08-11 04:37:10.204448+00,719caddc-3d8b-41e3-9748-23158aa46077,,e96be350-6615-441a-91f5-53ad976e91b3,"TB_6D68H7TM Thiet bi do tran may  Cam bien do do cao tran may Eliasson  Tram 09 Ceilo Ra soat 2026-07-11, file nguon: PLK_IMS","'-07':22 '-11':23 '09':17 '2026':21 '6d68h7tm':2 'bi':4 'bien':9 'cam':8 'cao':12 'ceilo':18 'do':5,10,11 'eliasson':15 'file':24 'ims':27 'may':7,14 'nguon':25 'plk':26 'ra':19 'soat':20 'tb':1 'thiet':3 'tram':16 'tran':6,13",AWOS IMS,CBME 80B,,,8b408897-b25d-4ece-91ba-d97dfacec283,,Cảm biến,PLK,,,,,,,,,,,,,,,,,,,,,,,san_sang,,f024c88e-8702-49c8-a302-15b93f6acb3c,,,,f,TB_PLK_086,cfd09cd2-ac7e-48bd-9bf2-074905687e49,{},KHONG,,83,he_thong
6975545c-11de-40c2-b5e8-ca65526edf68,TB_PKJP9MPK,Radio Modem MR400,ae03f513-6763-46f8-913d-91a103966947,,Radio Modem MR400,RACOM,,2236fe1c-6896-4157-a310-ae0e094233f6,d7faf284-1a3a-4e53-9433-8476900a66e7,,,1ce915ed-07e9-4b65-9209-2652ffd9b681,8b408897-b25d-4ece-91ba-d97dfacec283,Trạm 09 Ceilo,"Ra soat 2026-07-11, file nguon: PLK_IMS",,,,,2026-07-11 09:50:09.894644+00,2026-08-11 04:37:10.204448+00,ca029628-203c-4008-b4bc-89b0746a39c6,,e96be350-6615-441a-91f5-53ad976e91b3,"TB_PKJP9MPK Radio Modem MR400  Radio Modem MR400 RACOM  Tram 09 Ceilo Ra soat 2026-07-11, file nguon: PLK_IMS","'-07':16 '-11':17 '09':11 '2026':15 'ceilo':12 'file':18 'ims':21 'modem':4,7 'mr400':5,8 'nguon':19 'pkjp9mpk':2 'plk':20 'ra':13 'racom':9 'radio':3,6 'soat':14 'tb':1 'tram':10",AWOS IMS,MR400LIGHT,,,8b408897-b25d-4ece-91ba-d97dfacec283,,Truyền dẫn,PLK,,,,,,,,,,,,,,,,,,,,,,,san_sang,,f024c88e-8702-49c8-a302-15b93f6acb3c,,,,f,TB_PLK_087,2fb6f338-4535-4c98-9332-1487b9c18d5f,{},KHONG,,83,he_thong
e5e3e1d9-0c13-4812-bbaf-2a4b11948173,TB_4EPBB7SN,"Antenna  405-430 MHz, 5YAGI",accf1740-4c18-4b9a-895f-59d85ba593b5,,"Antenna  405-430 MHz, 5YAGI",RACOM,,2236fe1c-6896-4157-a310-ae0e094233f6,d7faf284-1a3a-4e53-9433-8476900a66e7,,,1ce915ed-07e9-4b65-9209-2652ffd9b681,8b408897-b25d-4ece-91ba-d97dfacec283,Trạm 09 Ceilo,"Ra soat 2026-07-11, file nguon: PLK_IMS",,,,,2026-07-11 09:50:09.894644+00,2026-08-11 04:37:10.204448+00,ca029628-203c-4008-b4bc-89b0746a39c6,,e96be350-6615-441a-91f5-53ad976e91b3,"TB_4EPBB7SN Antenna  405-430 MHz, 5YAGI  Antenna  405-430 MHz, 5YAGI RACOM  Tram 09 Ceilo Ra soat 2026-07-11, file nguon: PLK_IMS","'-07':20 '-11':21 '-430':5,10 '09':15 '2026':19 '405':4,9 '4epbb7sn':2 '5yagi':7,12 'antenna':3,8 'ceilo':16 'file':22 'ims':25 'mhz':6,11 'nguon':23 'plk':24 'ra':17 'racom':13 'soat':18 'tb':1 'tram':14",AWOS IMS,SA401.5,,,8b408897-b25d-4ece-91ba-d97dfacec283,,Truyền dẫn,PLK,,,,,,,,,,,,,,,,,,,,,,,san_sang,,f024c88e-8702-49c8-a302-15b93f6acb3c,,,,f,TB_PLK_088,81f88bd9-e851-4a0a-8507-6d6d042ed85c,{},KHONG,,83,he_thong
b8788c4f-d4ee-4842-b639-835c97e478dc,TB_ZHSBW2JS,Bộ chuyển đổi AC/DC,accf1740-4c18-4b9a-895f-59d85ba593b5,,Bộ chuyển đổi AC/DC,MeanWell,,2236fe1c-6896-4157-a310-ae0e094233f6,d7faf284-1a3a-4e53-9433-8476900a66e7,,,1ce915ed-07e9-4b65-9209-2652ffd9b681,8b408897-b25d-4ece-91ba-d97dfacec283,Trạm 09 Ceilo,"Ra soat 2026-07-11, file nguon: PLK_IMS",,,,,2026-07-11 09:50:09.894644+00,2026-08-11 04:37:10.204448+00,0e8dbaf8-aa3e-4d9d-bab2-99b08381f6f9,,e96be350-6615-441a-91f5-53ad976e91b3,"TB_ZHSBW2JS Bo chuyen doi AC/DC  Bo chuyen doi AC/DC MeanWell  Tram 09 Ceilo Ra soat 2026-07-11, file nguon: PLK_IMS","'-07':18 '-11':19 '09':13 '2026':17 'ac/dc':6,10 'bo':3,7 'ceilo':14 'chuyen':4,8 'doi':5,9 'file':20 'ims':23 'meanwell':11 'nguon':21 'plk':22 'ra':15 'soat':16 'tb':1 'tram':12 'zhsbw2js':2",AWOS IMS,AD-155A,,,8b408897-b25d-4ece-91ba-d97dfacec283,,Thiết bị nguồn,PLK,,,,,,,,,,,,,,,,,,,,,,,san_sang,,f024c88e-8702-49c8-a302-15b93f6acb3c,,,,f,TB_PLK_089,c4920869-42f0-4b89-bdde-2a905c24a4af,{},KHONG,,83,he_thong
15d72013-ae22-49f7-9742-f77332caa6f5,TB_RE16FH68,Chassis Etherwan,1ef69ec2-6298-4c48-b931-aea3fa48c0fc,EMC1600,Chassis Etherwan,ETHEWAN,,5ae20f2b-30dc-409c-95db-68b98b79c94e,d7faf284-1a3a-4e53-9433-8476900a66e7,,,1ce915ed-07e9-4b65-9209-2652ffd9b681,f59bf0bd-520b-4245-80db-dc71b7187bf1,,Hỏng hóc: 0 lần | Tình trạng: Hoạt động bình thường | VTDP: Không | Niên hạn: Quá 2/3,,,,,2026-07-11 09:50:09.894644+00,2026-08-11 04:37:10.204448+00,d587f701-fb92-4a71-934e-aa75a3f071f3,,e96be350-6615-441a-91f5-53ad976e91b3,TB_RE16FH68 Chassis Etherwan EMC1600 Chassis Etherwan ETHEWAN   Hong hoc: 0 lan | Tinh trang: Hoat dong binh thuong | VTDP: Khong | Nien han: Qua 2/3,"'0':11 '2/3':24 'binh':17 'chassis':3,6 'dong':16 'emc1600':5 'etherwan':4,7 'ethewan':8 'han':22 'hoat':15 'hoc':10 'hong':9 'khong':20 'lan':12 'nien':21 'qua':23 're16fh68':2 'tb':1 'thuong':18 'tinh':13 'trang':14 'vtdp':19",,,2012,2013,f59bf0bd-520b-4245-80db-dc71b7187bf1,,,CR,,,,0.867,,,,,,,,,,,,,,,,,,,san_sang,,f024c88e-8702-49c8-a302-15b93f6acb3c,,,,f,TB_N1_AWOS_0107,58ca6e19-bf8c-4a66-a3a5-d972b7886858,{},KHONG,,100,he_thong
323fd78e-4546-4494-855d-1d0ef8ef8bb0,TB_8BP2DBYN,Switch trung tâm,83e7d93e-2f76-4d4f-a6bc-08926383aba1,FOC27181ZM9,Switch trung tâm,Cisco,,7f40beb2-5d47-4f4a-b7df-35cd1cca56ae,d7faf284-1a3a-4e53-9433-8476900a66e7,,,1ce915ed-07e9-4b65-9209-2652ffd9b681,e43c5d4b-3c3c-4486-89da-73e9ac747ab4,PTB Đài KSKL TUY HÒA,"Ra soat 2026-07-11, file nguon: THA_DAW21",,,,,2026-07-11 09:50:09.894644+00,2026-08-11 04:37:10.204448+00,ce41dcc3-9d54-4a7b-99fd-5a4a97a95447,,e96be350-6615-441a-91f5-53ad976e91b3,"TB_8BP2DBYN Switch trung tam FOC27181ZM9 Switch trung tam Cisco  PTB Dai KSKL TUY HOA Ra soat 2026-07-11, file nguon: THA_DAW21","'-07':19 '-11':20 '2026':18 '8bp2dbyn':2 'cisco':10 'dai':12 'daw21':24 'file':21 'foc27181zm9':6 'hoa':15 'kskl':13 'nguon':22 'ptb':11 'ra':16 'soat':17 'switch':3,7 'tam':5,9 'tb':1 'tha':23 'trung':4,8 'tuy':14",AWOS D-AW21,C9200L-24T-4G-E,,,e43c5d4b-3c3c-4486-89da-73e9ac747ab4,,Xử lý trung tâm,THA,,,,,,,,,,,,,,,,,,,,,,,san_sang,,f024c88e-8702-49c8-a302-15b93f6acb3c,,,,f,TB_THA_062,dc48c794-5cb1-43c7-bc55-2ae5b5d1e6b0,{},KHONG,,100,he_thong
fee7f6bf-b32c-40fc-80c0-5d2a10fef0f0,TB_501WDDNT,Máy chủ Standby,83e7d93e-2f76-4d4f-a6bc-08926383aba1,4NC3QY3,Máy chủ Main,Dell Technologies,,7f40beb2-5d47-4f4a-b7df-35cd1cca56ae,d7faf284-1a3a-4e53-9433-8476900a66e7,,,1ce915ed-07e9-4b65-9209-2652ffd9b681,e43c5d4b-3c3c-4486-89da-73e9ac747ab4,PTB Đài KSKL TUY HÒA,"Ra soat 2026-07-11, file nguon: THA_DAW21",,,,,2026-07-11 09:50:09.894644+00,2026-08-11 04:37:10.204448+00,f9bb034d-e32b-4595-b6a6-e5136105dc19,,e96be350-6615-441a-91f5-53ad976e91b3,"TB_501WDDNT May chu Standby 4NC3QY3 May chu Main Dell Technologies  PTB Dai KSKL TUY HOA Ra soat 2026-07-11, file nguon: THA_DAW21","'-07':20 '-11':21 '2026':19 '4nc3qy3':6 '501wddnt':2 'chu':4,8 'dai':13 'daw21':25 'dell':10 'file':22 'hoa':16 'kskl':14 'main':9 'may':3,7 'nguon':23 'ptb':12 'ra':17 'soat':18 'standby':5 'tb':1 'technologies':11 'tha':24 'tuy':15",AWOS D-AW21,PowerEdge R250,,,e43c5d4b-3c3c-4486-89da-73e9ac747ab4,,Xử lý trung tâm,THA,,,,,,,,,,,,,,,,,,,,,,,san_sang,,f024c88e-8702-49c8-a302-15b93f6acb3c,,,,f,TB_THA_061,d1bed5c2-d375-4278-b798-08d2081af4a1,{},KHONG,,100,he_thong
e48c1352-846a-4bfd-932a-1140e93fe7d8,TB_6E25NRY4,Chống sét đường tín hiệu,660f73b4-1975-4bde-8c87-810a23ef6e2c,,Chống sét đường tín hiệu,Phoenix Contact,,a0625061-0c6d-4e0b-b438-d696787ad746,d7faf284-1a3a-4e53-9433-8476900a66e7,,,1ce915ed-07e9-4b65-9209-2652ffd9b681,65ac5e26-b0a7-487e-a72d-3f0dfc3facc2,Trạm 35,"Ra soat 2026-07-11, file nguon: BDKT_OPTIMET",,,,,2026-07-11 09:50:09.894644+00,2026-08-11 04:37:10.204448+00,86f5add6-5fcf-4fca-b430-79f8306fb1f5,,3f302563-bdbb-443d-911f-b0058e38db42,"TB_6E25NRY4 Chong set duong tin hieu  Chong set duong tin hieu Phoenix Contact  Tram 35 Ra soat 2026-07-11, file nguon: BDKT_OPTIMET","'-07':21 '-11':22 '2026':20 '35':17 '6e25':2 'bdkt':25 'chong':4,9 'contact':15 'duong':6,11 'file':23 'hieu':8,13 'nguon':24 'nry4':3 'optimet':26 'phoenix':14 'ra':18 'set':5,10 'soat':19 'tb':1 'tin':7,12 'tram':16",Optimet,PT 3-HF-12DC-ST,,,65ac5e26-b0a7-487e-a72d-3f0dfc3facc2,,Cắt lọc sét,BDKT-KTKT,,,,,,,,,,,,,,,,,,,,,,,san_sang,,f024c88e-8702-49c8-a302-15b93f6acb3c,,,,f,TB_BDKT_KTKT_051,a0a086f5-187f-4c44-a826-bcf9cf3049ea,{},KHONG,,83,he_thong
d89bf712-7b13-4d1e-8c5e-e95985a94560,TB_HH7Z71WN,Converter IA5250,ae03f513-6763-46f8-913d-91a103966947,,Converter Nport IA5250,MOXA,,5ae20f2b-30dc-409c-95db-68b98b79c94e,d7faf284-1a3a-4e53-9433-8476900a66e7,,,1ce915ed-07e9-4b65-9209-2652ffd9b681,f59bf0bd-520b-4245-80db-dc71b7187bf1,,Đề xuất: Đề nghị mua thêm VTDP để sử dụng chung cho các hệ thống AWOS | Hỏng hóc: không | Tình trạng: Hoạt động bình thường | VTDP: Còn 1 bộ dự phòng trong kho Công ty | Niên hạn: Không,,,,,2026-07-11 09:50:09.894644+00,2026-08-11 04:37:10.204448+00,a5454b1e-b677-4fd8-8494-b4c080de867d,,e96be350-6615-441a-91f5-53ad976e91b3,TB_HH7Z71WN Converter IA5250  Converter Nport IA5250 MOXA   De xuat: De nghi mua them VTDP de su dung chung cho cac he thong AWOS | Hong hoc: khong | Tinh trang: Hoat dong binh thuong | VTDP: Con 1 bo du phong trong kho Cong ty | Nien han: Khong,"'1':36 'awos':24 'binh':32 'bo':37 'cac':21 'cho':20 'chung':19 'con':35 'cong':42 'converter':3,5 'de':9,11,16 'dong':31 'du':38 'dung':18 'han':45 'he':22 'hh7z71wn':2 'hoat':30 'hoc':26 'hong':25 'ia5250':4,7 'kho':41 'khong':27,46 'moxa':8 'mua':13 'nghi':12 'nien':44 'nport':6 'phong':39 'su':17 'tb':1 'them':14 'thong':23 'thuong':33 'tinh':28 'trang':29 'trong':40 'ty':43 'vtdp':15,34 'xuat':10",,IA5250,2023,2023,f59bf0bd-520b-4245-80db-dc71b7187bf1,,,CR,,,,0.200,,,,,,,,,,,,,,,,,,,san_sang,,f024c88e-8702-49c8-a302-15b93f6acb3c,,,,f,TB_N1_AWOS_0115,a16ee536-405c-41aa-8c3e-e2a64c300364,{},KHONG,,83,he_thong
5523ddfb-3e97-4857-a7d1-6ce96c682dd0,TB_9TQDY2NR,Cảm biến đo khí áp Thies 1.1006.54.080,98c88d39-bf0f-43c7-83a2-ca5d266ba54f,,Cảm biến đo nhiệt độ Thies 1.1006.54.080,Thies Clima,,5ae20f2b-30dc-409c-95db-68b98b79c94e,d7faf284-1a3a-4e53-9433-8476900a66e7,,,1ce915ed-07e9-4b65-9209-2652ffd9b681,f59bf0bd-520b-4245-80db-dc71b7187bf1,,Hỏng hóc: 0 lần | Tình trạng: Khai thác bình thường | VTDP: Không có VTDP | Niên hạn: Không,,,,,2026-07-11 09:50:09.894644+00,2026-08-11 04:37:10.204448+00,f0c86184-a2a8-4ba2-b3e2-87283fbcf190,,e96be350-6615-441a-91f5-53ad976e91b3,TB_9TQDY2NR Cam bien do khi ap Thies 1.1006.54.080  Cam bien do nhiet do Thies 1.1006.54.080 Thies Clima   Hong hoc: 0 lan | Tinh trang: Khai thac binh thuong | VTDP: Khong co VTDP | Nien han: Khong,"'0':21 '1.1006.54.080':9,16 '9tqdy2nr':2 'ap':7 'bien':4,11 'binh':27 'cam':3,10 'clima':18 'co':31 'do':5,12,14 'han':34 'hoc':20 'hong':19 'khai':25 'khi':6 'khong':30,35 'lan':22 'nhiet':13 'nien':33 'tb':1 'thac':26 'thies':8,15,17 'thuong':28 'tinh':23 'trang':24 'vtdp':29,32",,1.1006.54.080,2023,2023,f59bf0bd-520b-4245-80db-dc71b7187bf1,,,CR,,,,0.375,,,,,,,,,,,,,,,,,,,san_sang,,f024c88e-8702-49c8-a302-15b93f6acb3c,,,,f,TB_N1_AWOS_0120,5eb8f669-8af7-4cf8-872b-1c9b3a98f491,{},KHONG,,83,he_thong
7176bd59-ac20-46a7-9883-66671d5351ae,TB_AATE96K8,Lều Khí tượng HY-LKT01,1ef69ec2-6298-4c48-b931-aea3fa48c0fc,,Lều Khí tượng HY-LKT01,,,5ae20f2b-30dc-409c-95db-68b98b79c94e,d7faf284-1a3a-4e53-9433-8476900a66e7,,,1ce915ed-07e9-4b65-9209-2652ffd9b681,f59bf0bd-520b-4245-80db-dc71b7187bf1,,Hỏng hóc: 0 lần | Tình trạng: Khai thác bình thường | VTDP: Không có VTDP | Niên hạn: Không,,,,,2026-07-11 09:50:09.894644+00,2026-08-11 04:37:10.204448+00,,,e96be350-6615-441a-91f5-53ad976e91b3,TB_AATE96K8 Leu Khi tuong HY-LKT01  Leu Khi tuong HY-LKT01    Hong hoc: 0 lan | Tinh trang: Khai thac binh thuong | VTDP: Khong co VTDP | Nien han: Khong,"'0':17 'aate96k8':2 'binh':23 'co':27 'han':30 'hoc':16 'hong':15 'hy':7,13 'hy-lkt01':6,12 'khai':21 'khi':4,10 'khong':26,31 'lan':18 'leu':3,9 'lkt01':8,14 'nien':29 'tb':1 'thac':22 'thuong':24 'tinh':19 'trang':20 'tuong':5,11 'vtdp':25,28",,,2023,2024,f59bf0bd-520b-4245-80db-dc71b7187bf1,,,CR,,,,0.133,,,,,,,,,,,,,,,,,,,san_sang,,f024c88e-8702-49c8-a302-15b93f6acb3c,,,,f,TB_N1_AWOS_0136,970394ab-be78-40e3-814f-493f200d7353,{},KHONG,,83,he_thong
751a428a-a3fd-4974-9038-1dbab5677d5a,TB_RBQBJSMG,Cảm biến đo độ ẩm Thies 1.1006.54.080,98c88d39-bf0f-43c7-83a2-ca5d266ba54f,,Cảm biến đo nhiệt độ Thies 1.1006.54.080,Thies Clima,,5ae20f2b-30dc-409c-95db-68b98b79c94e,d7faf284-1a3a-4e53-9433-8476900a66e7,,,1ce915ed-07e9-4b65-9209-2652ffd9b681,f59bf0bd-520b-4245-80db-dc71b7187bf1,2023,Đề xuất: Mua sắm VTDP sử dụng chung cho các sân bay | Hỏng hóc: 0 lần | Tình trạng: Khai thác bình thường | VTDP: Không có VTDP | Niên hạn: Quá niên hạn,,,,,2026-07-11 09:50:09.894644+00,2026-08-11 04:37:10.204448+00,f0c86184-a2a8-4ba2-b3e2-87283fbcf190,,2b0a43bb-0add-4ef6-8830-898890900c6d,TB_RBQBJSMG Cam bien do do am Thies 1.1006.54.080  Cam bien do nhiet do Thies 1.1006.54.080 Thies Clima  2023 De xuat: Mua sam VTDP su dung chung cho cac san bay | Hong hoc: 0 lan | Tinh trang: Khai thac binh thuong | VTDP: Khong co VTDP | Nien han: Qua nien han,"'0':34 '1.1006.54.080':9,16 '2023':19 'am':7 'bay':31 'bien':4,11 'binh':40 'cac':29 'cam':3,10 'cho':28 'chung':27 'clima':18 'co':44 'de':20 'do':5,6,12,14 'dung':26 'han':47,50 'hoc':33 'hong':32 'khai':38 'khong':43 'lan':35 'mua':22 'nhiet':13 'nien':46,49 'qua':48 'rbqbjsmg':2 'sam':23 'san':30 'su':25 'tb':1 'thac':39 'thies':8,15,17 'thuong':41 'tinh':36 'trang':37 'vtdp':24,42,45 'xuat':21",2023,1.1006.54.080,2023,2023,f59bf0bd-520b-4245-80db-dc71b7187bf1,,,CR,,,,1.000,,,,,,,,,,,,,,,,,,,san_sang,,f024c88e-8702-49c8-a302-15b93f6acb3c,,,,f,TB_N1_AWOS_0126,5eb8f669-8af7-4cf8-872b-1c9b3a98f491,{},KHONG,,83,he_thong
f7058a32-3c99-4400-b532-01d1d5d5e053,TB_F4KBGYQG,KVM AMHS,1ef69ec2-6298-4c48-b931-aea3fa48c0fc,,KVM AMHS,,,5ae20f2b-30dc-409c-95db-68b98b79c94e,d7faf284-1a3a-4e53-9433-8476900a66e7,,,1ce915ed-07e9-4b65-9209-2652ffd9b681,f59bf0bd-520b-4245-80db-dc71b7187bf1,,Đề xuất: Khi có sự cố thì xuất kho Cty QLBMT thay thế sửa chữa | Hỏng hóc: 0 lần | Tình trạng: Hoạt động bình thường | VTDP: Không,,,,,2026-07-11 09:50:09.894644+00,2026-08-11 04:37:10.204448+00,,,e96be350-6615-441a-91f5-53ad976e91b3,TB_F4KBGYQG KVM AMHS  KVM AMHS    De xuat: Khi co su co thi xuat kho Cty QLBMT thay the sua chua | Hong hoc: 0 lan | Tinh trang: Hoat dong binh thuong | VTDP: Khong,"'0':24 'amhs':4,6 'binh':30 'chua':21 'co':10,12 'cty':16 'de':7 'dong':29 'f4kbgyqg':2 'hoat':28 'hoc':23 'hong':22 'khi':9 'kho':15 'khong':33 'kvm':3,5 'lan':25 'qlbmt':17 'su':11 'sua':20 'tb':1 'thay':18 'the':19 'thi':13 'thuong':31 'tinh':26 'trang':27 'vtdp':32 'xuat':8,14",,,2024,2024,f59bf0bd-520b-4245-80db-dc71b7187bf1,,,CR,,,,0.133,,,,,,,,,,,,,,,,,,,san_sang,,f024c88e-8702-49c8-a302-15b93f6acb3c,,,,f,TB_N1_AWOS_0134,354ca296-10a2-4209-a6e4-cd702737c78c,{},KHONG,,83,he_thong
e194f782-6dd9-4b3f-836c-22c6baf29779,TB_7YG5X2R3,KVM AMHS,1ef69ec2-6298-4c48-b931-aea3fa48c0fc,,KVM AMHS,,,5ae20f2b-30dc-409c-95db-68b98b79c94e,d7faf284-1a3a-4e53-9433-8476900a66e7,,,1ce915ed-07e9-4b65-9209-2652ffd9b681,f59bf0bd-520b-4245-80db-dc71b7187bf1,,Đề xuất: Khi có sự cố thì xuất kho Cty QLBMT thay thế sửa chữa | Hỏng hóc: 0 lần | Tình trạng: Hoạt động bình thường | VTDP: Không,,,,,2026-07-11 09:50:09.894644+00,2026-08-11 04:37:10.204448+00,,,e96be350-6615-441a-91f5-53ad976e91b3,TB_7YG5X2R3 KVM AMHS  KVM AMHS    De xuat: Khi co su co thi xuat kho Cty QLBMT thay the sua chua | Hong hoc: 0 lan | Tinh trang: Hoat dong binh thuong | VTDP: Khong,"'0':24 '7yg5x2r3':2 'amhs':4,6 'binh':30 'chua':21 'co':10,12 'cty':16 'de':7 'dong':29 'hoat':28 'hoc':23 'hong':22 'khi':9 'kho':15 'khong':33 'kvm':3,5 'lan':25 'qlbmt':17 'su':11 'sua':20 'tb':1 'thay':18 'the':19 'thi':13 'thuong':31 'tinh':26 'trang':27 'vtdp':32 'xuat':8,14",,,2024,2024,f59bf0bd-520b-4245-80db-dc71b7187bf1,,,CR,,,,0.133,,,,,,,,,,,,,,,,,,,san_sang,,f024c88e-8702-49c8-a302-15b93f6acb3c,,,,f,TB_N1_AWOS_0135,354ca296-10a2-4209-a6e4-cd702737c78c,{},KHONG,,83,he_thong
0e285115-cbbd-439a-8bf0-f6fdfa46d139,TB_SX5QP6GW,Chống sét LAN,660f73b4-1975-4bde-8c87-810a23ef6e2c,,Chống sét LAN,APC,,a0625061-0c6d-4e0b-b438-d696787ad746,d7faf284-1a3a-4e53-9433-8476900a66e7,,,1ce915ed-07e9-4b65-9209-2652ffd9b681,65ac5e26-b0a7-487e-a72d-3f0dfc3facc2,Trạm 35,"Ra soat 2026-07-11, file nguon: BDKT_OPTIMET",,,,,2026-07-11 09:50:09.894644+00,2026-08-11 04:37:10.204448+00,85b16a8e-84ee-4408-ac50-81b3e2aa7ca6,,3f302563-bdbb-443d-911f-b0058e38db42,"TB_SX5QP6GW Chong set LAN  Chong set LAN APC  Tram 35 Ra soat 2026-07-11, file nguon: BDKT_OPTIMET","'-07':15 '-11':16 '2026':14 '35':11 'apc':9 'bdkt':19 'chong':3,6 'file':17 'lan':5,8 'nguon':18 'optimet':20 'ra':12 'set':4,7 'soat':13 'sx5qp6gw':2 'tb':1 'tram':10",Optimet,PNET1G,,,65ac5e26-b0a7-487e-a72d-3f0dfc3facc2,,Cắt lọc sét,BDKT-KTKT,,,,,,,,,,,,,,,,,,,,,,,san_sang,,f024c88e-8702-49c8-a302-15b93f6acb3c,,,,f,TB_BDKT_KTKT_053,329793f9-7a1e-4010-b17a-974df9ad37ad,{},KHONG,,83,he_thong
4039f2b0-3bf2-466a-91b7-2310bc5add8a,TB_G45FD57W,PC OPT-APP1,1ef69ec2-6298-4c48-b931-aea3fa48c0fc,,PC OPT-APP1,,,5ae20f2b-30dc-409c-95db-68b98b79c94e,d7faf284-1a3a-4e53-9433-8476900a66e7,,,1ce915ed-07e9-4b65-9209-2652ffd9b681,f59bf0bd-520b-4245-80db-dc71b7187bf1,,Đề xuất: Đề nghị mua HĐH Windows bản quyền sử dụng chung cho các đầu cuối | Hỏng hóc: không | Tình trạng: Hoạt động bình thường | VTDP: Có 2 CPU (HP Z2) dự phòng trong kho dự phòng nhưng phải mua HĐH Windows để cài đặt,,,,,2026-07-11 09:50:09.894644+00,2026-08-11 04:37:10.204448+00,,,e96be350-6615-441a-91f5-53ad976e91b3,TB_G45FD57W PC OPT-APP1  PC OPT-APP1    De xuat: De nghi mua HDH Windows ban quyen su dung chung cho cac dau cuoi | Hong hoc: khong | Tinh trang: Hoat dong binh thuong | VTDP: Co 2 CPU (HP Z2) du phong trong kho du phong nhung phai mua HDH Windows de cai dat,"'2':38 'app1':6,10 'ban':18 'binh':34 'cac':24 'cai':54 'cho':23 'chung':22 'co':37 'cpu':39 'cuoi':26 'dat':55 'dau':25 'de':11,13,53 'dong':33 'du':42,46 'dung':21 'g45fd57w':2 'hdh':16,51 'hoat':32 'hoc':28 'hong':27 'hp':40 'kho':45 'khong':29 'mua':15,50 'nghi':14 'nhung':48 'opt':5,9 'opt-app1':4,8 'pc':3,7 'phai':49 'phong':43,47 'quyen':19 'su':20 'tb':1 'thuong':35 'tinh':30 'trang':31 'trong':44 'vtdp':36 'windows':17,52 'xuat':12 'z2':41",,,2018,2018,f59bf0bd-520b-4245-80db-dc71b7187bf1,,,CR,,,,0.800,,,,,,,,,,,,,,,,,,,san_sang,,f024c88e-8702-49c8-a302-15b93f6acb3c,,,,f,TB_N1_AWOS_0145,c8872738-60fc-4640-8d0c-98f33fd28f83,{},KHONG,,83,he_thong
6df6d73c-0bec-4888-9938-8a30d7930e35,TB_J31TASMK,Bộ chuyển đổi tín hiệu 485/fiber,ae03f513-6763-46f8-913d-91a103966947,,Bộ chuyển đổi tín hiệu 485/fiber,3Onedata,,2236fe1c-6896-4157-a310-ae0e094233f6,d7faf284-1a3a-4e53-9433-8476900a66e7,,,1ce915ed-07e9-4b65-9209-2652ffd9b681,8b408897-b25d-4ece-91ba-d97dfacec283,Trạm MID,"Ra soat 2026-07-11, file nguon: PLK_IMS",,,,,2026-07-11 09:50:09.894644+00,2026-08-11 04:37:10.204448+00,7c809d84-88ee-4505-9e8e-d5f291ec5afd,,e96be350-6615-441a-91f5-53ad976e91b3,"TB_J31TASMK Bo chuyen doi tin hieu 485/fiber  Bo chuyen doi tin hieu 485/fiber 3Onedata  Tram MID Ra soat 2026-07-11, file nguon: PLK_IMS","'-07':21 '-11':22 '2026':20 '3onedata':15 '485/fiber':8,14 'bo':3,9 'chuyen':4,10 'doi':5,11 'file':23 'hieu':7,13 'ims':26 'j31tasmk':2 'mid':17 'nguon':24 'plk':25 'ra':18 'soat':19 'tb':1 'tin':6,12 'tram':16",TB quan trắc thông dựng dự phòng TCT,277,,,8b408897-b25d-4ece-91ba-d97dfacec283,,Truyền dẫn,PLK,,,,,,,,,,,,,,,,,,,,,,,san_sang,,f024c88e-8702-49c8-a302-15b93f6acb3c,,,,f,TB_PLK_115,522cb203-7e1c-487e-ba49-85e8e13fa611,{},KHONG,,83,he_thong
7ba8a743-6c9f-4f68-9a15-18368f318502,TB_CH7XMRKT,PC OPT-APP2,1ef69ec2-6298-4c48-b931-aea3fa48c0fc,,PC OPT-APP2,,,5ae20f2b-30dc-409c-95db-68b98b79c94e,d7faf284-1a3a-4e53-9433-8476900a66e7,,,1ce915ed-07e9-4b65-9209-2652ffd9b681,f59bf0bd-520b-4245-80db-dc71b7187bf1,,Đề xuất: Đề nghị mua HĐH Windows bản quyền sử dụng chung cho các đầu cuối | Hỏng hóc: không | Tình trạng: Hoạt động bình thường | VTDP: Có 2 CPU (HP Z2) dự phòng trong kho dự phòng nhưng phải mua HĐH Windows để cài đặt,,,,,2026-07-11 09:50:09.894644+00,2026-08-11 04:37:10.204448+00,,,e96be350-6615-441a-91f5-53ad976e91b3,TB_CH7XMRKT PC OPT-APP2  PC OPT-APP2    De xuat: De nghi mua HDH Windows ban quyen su dung chung cho cac dau cuoi | Hong hoc: khong | Tinh trang: Hoat dong binh thuong | VTDP: Co 2 CPU (HP Z2) du phong trong kho du phong nhung phai mua HDH Windows de cai dat,"'2':38 'app2':6,10 'ban':18 'binh':34 'cac':24 'cai':54 'ch7xmrkt':2 'cho':23 'chung':22 'co':37 'cpu':39 'cuoi':26 'dat':55 'dau':25 'de':11,13,53 'dong':33 'du':42,46 'dung':21 'hdh':16,51 'hoat':32 'hoc':28 'hong':27 'hp':40 'kho':45 'khong':29 'mua':15,50 'nghi':14 'nhung':48 'opt':5,9 'opt-app2':4,8 'pc':3,7 'phai':49 'phong':43,47 'quyen':19 'su':20 'tb':1 'thuong':35 'tinh':30 'trang':31 'trong':44 'vtdp':36 'windows':17,52 'xuat':12 'z2':41",,,2018,2018,f59bf0bd-520b-4245-80db-dc71b7187bf1,,,CR,,,,0.800,,,,,,,,,,,,,,,,,,,san_sang,,f024c88e-8702-49c8-a302-15b93f6acb3c,,,,f,TB_N1_AWOS_0146,ead675aa-e315-4f5b-9e71-0d27d96d21c1,{},KHONG,,83,he_thong
cd8d41a3-59cd-4e94-a0fe-5e4e93788a81,TB_SQERQQH5,PC OPT-OBS 1,1ef69ec2-6298-4c48-b931-aea3fa48c0fc,,PC OPT-OBS 1,,,5ae20f2b-30dc-409c-95db-68b98b79c94e,d7faf284-1a3a-4e53-9433-8476900a66e7,,,1ce915ed-07e9-4b65-9209-2652ffd9b681,f59bf0bd-520b-4245-80db-dc71b7187bf1,,Đề xuất: Đề nghị mua HĐH Windows bản quyền sử dụng chung cho các đầu cuối | Hỏng hóc: không | Tình trạng: Hoạt động bình thường | VTDP: Có 2 CPU (HP Z2) dự phòng trong kho dự phòng nhưng phải mua HĐH Windows để cài đặt,,,,,2026-07-11 09:50:09.894644+00,2026-08-11 04:37:10.204448+00,,,e96be350-6615-441a-91f5-53ad976e91b3,TB_SQERQQH5 PC OPT-OBS 1  PC OPT-OBS 1    De xuat: De nghi mua HDH Windows ban quyen su dung chung cho cac dau cuoi | Hong hoc: khong | Tinh trang: Hoat dong binh thuong | VTDP: Co 2 CPU (HP Z2) du phong trong kho du phong nhung phai mua HDH Windows de cai dat,"'1':7,12 '2':40 'ban':20 'binh':36 'cac':26 'cai':56 'cho':25 'chung':24 'co':39 'cpu':41 'cuoi':28 'dat':57 'dau':27 'de':13,15,55 'dong':35 'du':44,48 'dung':23 'hdh':18,53 'hoat':34 'hoc':30 'hong':29 'hp':42 'kho':47 'khong':31 'mua':17,52 'nghi':16 'nhung':50 'obs':6,11 'opt':5,10 'opt-obs':4,9 'pc':3,8 'phai':51 'phong':45,49 'quyen':21 'sqerqqh5':2 'su':22 'tb':1 'thuong':37 'tinh':32 'trang':33 'trong':46 'vtdp':38 'windows':19,54 'xuat':14 'z2':43",,,2017,2017,f59bf0bd-520b-4245-80db-dc71b7187bf1,,,CR,,,,0.900,,,,,,,,,,,,,,,,,,,san_sang,,f024c88e-8702-49c8-a302-15b93f6acb3c,,,,f,TB_N1_AWOS_0147,08c106ea-3b4a-47a1-9573-e039690e89ec,{},KHONG,,83,he_thong
f35aec85-de10-489f-bde1-eab1854e12c9,TB_9RSMG7Q6,Cảm biến đo độ cao chân mây,98c88d39-bf0f-43c7-83a2-ca5d266ba54f,,Cảm biến đo độ cao trần mây,Eliasson,,ebc4a136-c5e7-4f7d-abfc-e3ddea655b8c,d7faf284-1a3a-4e53-9433-8476900a66e7,,,1ce915ed-07e9-4b65-9209-2652ffd9b681,46e84da7-5a8b-4a79-aa46-2fb4bae1ff26,CEILO-33,"Ra soat 2026-07-11, file nguon: PCA_IMS",,,,,2026-07-11 09:50:09.894644+00,2026-08-11 04:37:10.204448+00,719caddc-3d8b-41e3-9748-23158aa46077,,e96be350-6615-441a-91f5-53ad976e91b3,"TB_9RSMG7Q6 Cam bien do do cao chan may  Cam bien do do cao tran may Eliasson  CEILO-33 Ra soat 2026-07-11, file nguon: PCA_IMS","'-07':23 '-11':24 '-33':19 '2026':22 '9rsmg7q6':2 'bien':4,11 'cam':3,10 'cao':7,14 'ceilo':18 'chan':8 'do':5,6,12,13 'eliasson':17 'file':25 'ims':28 'may':9,16 'nguon':26 'pca':27 'ra':20 'soat':21 'tb':1 'tran':15",AWOS-IMS,CBME 80B,,,46e84da7-5a8b-4a79-aa46-2fb4bae1ff26,,Cảm biến,PCA,,,,,,,,,,,,,,,,,,,,,,,san_sang,,f024c88e-8702-49c8-a302-15b93f6acb3c,,,,f,TB_PCA_012,cfd09cd2-ac7e-48bd-9bf2-074905687e49,{},KHONG,,83,he_thong
bc775d77-82db-44dd-8e96-908790cddc66,TB_3AZ57PFM,Cắt lọc sét AC đèn cao không,660f73b4-1975-4bde-8c87-810a23ef6e2c,,Cắt lọc sét AC đèn cao không,nVent ERICO,,a0625061-0c6d-4e0b-b438-d696787ad746,d7faf284-1a3a-4e53-9433-8476900a66e7,,,1ce915ed-07e9-4b65-9209-2652ffd9b681,65ac5e26-b0a7-487e-a72d-3f0dfc3facc2,Trạm MID,"Ra soat 2026-07-11, file nguon: BDKT_OPTIMET",,,,,2026-07-11 09:50:09.894644+00,2026-08-11 04:37:10.204448+00,2e05f201-8ee7-4f2d-afe5-963dc6d94500,,e96be350-6615-441a-91f5-53ad976e91b3,"TB_3AZ57PFM Cat loc set AC den cao khong  Cat loc set AC den cao khong nVent ERICO  Tram MID Ra soat 2026-07-11, file nguon: BDKT_OPTIMET","'-07':24 '-11':25 '2026':23 '3az57pfm':2 'ac':6,13 'bdkt':28 'cao':8,15 'cat':3,10 'den':7,14 'erico':18 'file':26 'khong':9,16 'loc':4,11 'mid':20 'nguon':27 'nvent':17 'optimet':29 'ra':21 'set':5,12 'soat':22 'tb':1 'tram':19",Optimet,DT230011R,,,65ac5e26-b0a7-487e-a72d-3f0dfc3facc2,,Cắt lọc sét,BDKT-KTKT,,,,,,,,,,,,,,,,,,,,,,,san_sang,,f024c88e-8702-49c8-a302-15b93f6acb3c,,,,f,TB_BDKT_KTKT_063,b53a7f78-396e-4bfe-bacf-66f11cc6959d,{},KHONG,,83,he_thong
1f5a33f2-9e5e-4877-beac-84af73547d58,TB_TNNR8EPA,Cắt lọc sét nguồn AC,660f73b4-1975-4bde-8c87-810a23ef6e2c,,Cắt lọc sét nguồn AC,Phoenix Contact,,a0625061-0c6d-4e0b-b438-d696787ad746,d7faf284-1a3a-4e53-9433-8476900a66e7,,,1ce915ed-07e9-4b65-9209-2652ffd9b681,65ac5e26-b0a7-487e-a72d-3f0dfc3facc2,Trạm 17,"Ra soat 2026-07-11, file nguon: BDKT_OPTIMET",,,,,2026-07-11 09:50:09.894644+00,2026-08-11 04:37:10.204448+00,86f5add6-5fcf-4fca-b430-79f8306fb1f5,,7edb2f00-60da-46ad-8aed-873d4708393d,"TB_TNNR8EPA Cat loc set nguon AC  Cat loc set nguon AC Phoenix Contact  Tram 17 Ra soat 2026-07-11, file nguon: BDKT_OPTIMET","'-07':20 '-11':21 '17':16 '2026':19 'ac':7,12 'bdkt':24 'cat':3,8 'contact':14 'file':22 'loc':4,9 'nguon':6,11,23 'optimet':25 'phoenix':13 'ra':17 'set':5,10 'soat':18 'tb':1 'tnnr8epa':2 'tram':15",Optimet,VAL-MS 230/1+1-FM,,,65ac5e26-b0a7-487e-a72d-3f0dfc3facc2,,Cắt lọc sét,BDKT-KTKT,,,,,,,,,,,,,,,,,,,,,,,san_sang,,f024c88e-8702-49c8-a302-15b93f6acb3c,,,,f,TB_BDKT_KTKT_071,864681dd-abdd-4870-915a-654b4e7fff90,{},KHONG,,83,he_thong
ef64c3ca-8f9f-4356-9087-cc0d3649a613,TB_1P2QT83V,HUB modem STB,ae03f513-6763-46f8-913d-91a103966947,Ripex2-HS-A-A,HUB modem STB,RACOM,,5ae20f2b-30dc-409c-95db-68b98b79c94e,d7faf284-1a3a-4e53-9433-8476900a66e7,,,1ce915ed-07e9-4b65-9209-2652ffd9b681,f59bf0bd-520b-4245-80db-dc71b7187bf1,,Đề xuất: Mua sắm VTDP sử dụng chung cho Cam Ranh và Tuy Hòa | Hỏng hóc: 0 lần | Tình trạng: Hoạt động bình thường | VTDP: Không | Niên hạn: Không,,,,,2026-07-11 09:50:09.894644+00,2026-08-11 04:37:10.204448+00,ca029628-203c-4008-b4bc-89b0746a39c6,,e96be350-6615-441a-91f5-53ad976e91b3,TB_1P2QT83V HUB modem STB Ripex2-HS-A-A HUB modem STB RACOM   De xuat: Mua sam VTDP su dung chung cho Cam Ranh va Tuy Hoa | Hong hoc: 0 lan | Tinh trang: Hoat dong binh thuong | VTDP: Khong | Nien han: Khong,"'0':31 '1p2qt83v':2 'a':9,10 'binh':37 'cam':24 'cho':23 'chung':22 'de':15 'dong':36 'dung':21 'han':42 'hoa':28 'hoat':35 'hoc':30 'hong':29 'hs':8 'hub':3,11 'khong':40,43 'lan':32 'modem':4,12 'mua':17 'nien':41 'racom':14 'ranh':25 'ripex2':7 'ripex2-hs-a-a':6 'sam':18 'stb':5,13 'su':20 'tb':1 'thuong':38 'tinh':33 'trang':34 'tuy':27 'va':26 'vtdp':19,39 'xuat':16",,,2023,2023,f59bf0bd-520b-4245-80db-dc71b7187bf1,,,CR,,,,0.200,,,,,,,,,,,,,,,,,,,san_sang,,f024c88e-8702-49c8-a302-15b93f6acb3c,,,,f,TB_N1_AWOS_0132,771a5112-b4d2-4154-8857-9c0a9bca7ebc,{},KHONG,,100,he_thong
ba3b381a-b6d8-4cae-a830-44fe0a7dc606,TB_CAWTAWTA,Bộ chuyển đổi AC/DC,accf1740-4c18-4b9a-895f-59d85ba593b5,,Nguồn AC/DC,MeanWell,,2236fe1c-6896-4157-a310-ae0e094233f6,d7faf284-1a3a-4e53-9433-8476900a66e7,,,1ce915ed-07e9-4b65-9209-2652ffd9b681,8b408897-b25d-4ece-91ba-d97dfacec283,Trạm MID,"Ra soat 2026-07-11, file nguon: PLK_IMS",,,,,2026-07-11 09:50:09.894644+00,2026-08-11 04:37:10.204448+00,0e8dbaf8-aa3e-4d9d-bab2-99b08381f6f9,,e96be350-6615-441a-91f5-53ad976e91b3,"TB_CAWTAWTA Bo chuyen doi AC/DC  Nguon AC/DC MeanWell  Tram MID Ra soat 2026-07-11, file nguon: PLK_IMS","'-07':15 '-11':16 '2026':14 'ac/dc':6,8 'bo':3 'cawtawta':2 'chuyen':4 'doi':5 'file':17 'ims':20 'meanwell':9 'mid':11 'nguon':7,18 'plk':19 'ra':12 'soat':13 'tb':1 'tram':10",TB quan trắc thông dựng dự phòng TCT,DRC-100A,,,8b408897-b25d-4ece-91ba-d97dfacec283,,Thiết bị nguồn,PLK,,,,,,,,,,,,,,,,,,,,,,,san_sang,,f024c88e-8702-49c8-a302-15b93f6acb3c,,,,f,TB_PLK_116,c939fdc4-38ff-4b16-a7cd-5cf428b638f7,{},KHONG,,83,he_thong
541ad069-7ccd-4c41-a3fd-22890f47d436,TB_TBR8TDTK,Cảm biến gió,98c88d39-bf0f-43c7-83a2-ca5d266ba54f,,Cảm biến gió,Gill,,2236fe1c-6896-4157-a310-ae0e094233f6,d7faf284-1a3a-4e53-9433-8476900a66e7,,,1ce915ed-07e9-4b65-9209-2652ffd9b681,8b408897-b25d-4ece-91ba-d97dfacec283,Trạm MID,"Ra soat 2026-07-11, file nguon: PLK_IMS",,,,,2026-07-11 09:50:09.894644+00,2026-08-11 04:37:10.204448+00,8a078690-3935-478c-9d8c-92ed4818430f,,e96be350-6615-441a-91f5-53ad976e91b3,"TB_TBR8TDTK Cam bien gio  Cam bien gio Gill  Tram MID Ra soat 2026-07-11, file nguon: PLK_IMS","'-07':15 '-11':16 '2026':14 'bien':4,7 'cam':3,6 'file':17 'gill':9 'gio':5,8 'ims':20 'mid':11 'nguon':18 'plk':19 'ra':12 'soat':13 'tb':1 'tbr8tdtk':2 'tram':10",TB quan trắc thông dựng dự phòng TCT,WindObserver 65,,,8b408897-b25d-4ece-91ba-d97dfacec283,,Cảm biến,PLK,,,,,,,,,,,,,,,,,,,,,,,san_sang,,f024c88e-8702-49c8-a302-15b93f6acb3c,,,,f,TB_PLK_117,26238491-8211-4127-8438-897dfe275830,{},KHONG,,83,he_thong
f87233bc-9a00-4493-89b6-12292520e6ca,TB_8Y0CPKQY,"Thiết bị điện tử đo nhiệt độ, độ ẩm, khí áp",98c88d39-bf0f-43c7-83a2-ca5d266ba54f,,Cảm biến đo nhiệt độ Thies 1.1006.54.080,Thies Clima,,2236fe1c-6896-4157-a310-ae0e094233f6,d7faf284-1a3a-4e53-9433-8476900a66e7,,,1ce915ed-07e9-4b65-9209-2652ffd9b681,8b408897-b25d-4ece-91ba-d97dfacec283,Chân Đài,"Ra soat 2026-07-11, file nguon: PLK_IMS",,,,,2026-07-11 09:50:09.894644+00,2026-08-11 04:37:10.204448+00,f0c86184-a2a8-4ba2-b3e2-87283fbcf190,,e96be350-6615-441a-91f5-53ad976e91b3,"TB_8Y0CPKQY Thiet bi dien tu do nhiet do, do am, khi ap  Cam bien do nhiet do Thies 1.1006.54.080 Thies Clima  Chan Dai Ra soat 2026-07-11, file nguon: PLK_IMS","'-07':28 '-11':29 '1.1006.54.080':20 '2026':27 '8y0cpkqy':2 'am':11 'ap':13 'bi':4 'bien':15 'cam':14 'chan':23 'clima':22 'dai':24 'dien':5 'do':7,9,10,16,18 'file':30 'ims':33 'khi':12 'nguon':31 'nhiet':8,17 'plk':32 'ra':25 'soat':26 'tb':1 'thies':19,21 'thiet':3 'tu':6",TB Quan trắc thông dụng dự phòng CT,1.1006.54.080,,,8b408897-b25d-4ece-91ba-d97dfacec283,,Cảm biến,PLK,,,,,,,,,,,,,,,,,,,,,,,san_sang,,f024c88e-8702-49c8-a302-15b93f6acb3c,,,,f,TB_PLK_124,5eb8f669-8af7-4cf8-872b-1c9b3a98f491,{},KHONG,,83,he_thong
fb4560ce-9faa-4a89-83e1-8252716e76a0,TB_T8M2DABG,"Đo nhiệt độ, độ ẩm",98c88d39-bf0f-43c7-83a2-ca5d266ba54f,,"Đo nhiệt độ, độ ẩm",Việt Nam,,2236fe1c-6896-4157-a310-ae0e094233f6,d7faf284-1a3a-4e53-9433-8476900a66e7,,,1ce915ed-07e9-4b65-9209-2652ffd9b681,8b408897-b25d-4ece-91ba-d97dfacec283,Lều khí tượng,"Ra soat 2026-07-11, file nguon: PLK_IMS",,,,,2026-07-11 09:50:09.894644+00,2026-08-11 04:37:10.204448+00,d99cc44e-5957-4b9b-bb01-329a6e86ba4b,,e96be350-6615-441a-91f5-53ad976e91b3,"TB_T8M2DABG Do nhiet do, do am  Do nhiet do, do am Viet Nam  Leu khi tuong Ra soat 2026-07-11, file nguon: PLK_IMS","'-07':21 '-11':22 '2026':20 'am':7,12 'do':3,5,6,8,10,11 'file':23 'ims':26 'khi':16 'leu':15 'nam':14 'nguon':24 'nhiet':4,9 'plk':25 'ra':18 'soat':19 't8m2dabg':2 'tb':1 'tuong':17 'viet':13",TB quan trắc thông dựng dự phòng TCT,HY-LKT01,,,8b408897-b25d-4ece-91ba-d97dfacec283,,Cảm biến,PLK,,,,,,,,,,,,,,,,,,,,,,,san_sang,,f024c88e-8702-49c8-a302-15b93f6acb3c,,,,f,TB_PLK_120,68ae2dda-7804-4e5d-8167-98c9adc8d6b7,{},KHONG,,83,he_thong
7437650f-6b48-4b3d-880a-22d7f69eb174,TB_8XPGME8S,Sensor đo tầm nhìn 6498-V,98c88d39-bf0f-43c7-83a2-ca5d266ba54f,E3696,Sensor đo tầm nhìn 6498-V,"All Weather, Inc. (ADB SAFEGATE)",,5ae20f2b-30dc-409c-95db-68b98b79c94e,d7faf284-1a3a-4e53-9433-8476900a66e7,,,1ce915ed-07e9-4b65-9209-2652ffd9b681,f59bf0bd-520b-4245-80db-dc71b7187bf1,Trạm khí tượng,Nguồn: Sensor đo tầm nhìn 5000-200 EMOR s/n: 2011-11883 | Đề xuất: Không | Hỏng hóc: 0 lần | Tình trạng: Hoạt động bình thường | VTDP: Có dự phòng trong kho | Niên hạn: Không,,,,,2026-07-11 09:50:09.894644+00,2026-08-11 04:37:10.204448+00,8c53503a-8e6c-4698-bb44-06b929060b8a,,92aa329a-4ad2-4bf1-b2fe-c33ff194335c,"TB_8XPGME8S Sensor do tam nhin 6498-V E3696 Sensor do tam nhin 6498-V All Weather, Inc. (ADB SAFEGATE)  Tram khi tuong Nguon: Sensor do tam nhin 5000-200 EMOR s/n: 2011-11883 | De xuat: Khong | Hong hoc: 0 lan | Tinh trang: Hoat dong binh thuong | VTDP: Co du phong trong kho | Nien han: Khong","'-11883':34 '-200':30 '0':40 '2011':33 '5000':29 '6498':7,14 '8xpgme8s':2 'adb':19 'all':16 'binh':46 'co':49 'de':35 'do':4,11,26 'dong':45 'du':50 'e3696':9 'emor':31 'han':55 'hoat':44 'hoc':39 'hong':38 'inc':18 'khi':22 'kho':53 'khong':37,56 'lan':41 'nguon':24 'nhin':6,13,28 'nien':54 'phong':51 's/n':32 'safegate':20 'sensor':3,10,25 'tam':5,12,27 'tb':1 'thuong':47 'tinh':42 'tram':21 'trang':43 'trong':52 'tuong':23 'v':8,15 'vtdp':48 'weather':17 'xuat':36",,6498-V,2023,2023,f59bf0bd-520b-4245-80db-dc71b7187bf1,,,CR,,,,0.375,,,,,,,,,,,,,,,,,,,san_sang,,f024c88e-8702-49c8-a302-15b93f6acb3c,,,,f,TB_N1_AWOS_0171,a951db15-19c1-4853-951d-5f1cdfcbed19,{},KHONG,,100,he_thong
bd8f78fb-dc91-4538-826d-1fc7cdab56a4,TB_1QEJ5699,Chống sét tín hiệu RS232(X3),660f73b4-1975-4bde-8c87-810a23ef6e2c,,Chống sét đường tín hiệu,AT3W,,ebc4a136-c5e7-4f7d-abfc-e3ddea655b8c,d7faf284-1a3a-4e53-9433-8476900a66e7,,,1ce915ed-07e9-4b65-9209-2652ffd9b681,46e84da7-5a8b-4a79-aa46-2fb4bae1ff26,QUANG-33,"Ra soat 2026-07-11, file nguon: PCA_IMS",,,,,2026-07-11 09:50:09.894644+00,2026-08-11 04:37:10.204448+00,9d09c5d7-4aa9-40a6-b47b-4e1899c9956f,,e96be350-6615-441a-91f5-53ad976e91b3,"TB_1QEJ5699 Chong set tin hieu RS232(X3)  Chong set duong tin hieu AT3W  QUANG-33 Ra soat 2026-07-11, file nguon: PCA_IMS","'-07':20 '-11':21 '-33':16 '1qej5699':2 '2026':19 'at3w':14 'chong':3,9 'duong':11 'file':22 'hieu':6,13 'ims':25 'nguon':23 'pca':24 'quang':15 'ra':17 'rs232':7 'set':4,10 'soat':18 'tb':1 'tin':5,12 'x3':8",AWOS-IMS,AT-2300,,,46e84da7-5a8b-4a79-aa46-2fb4bae1ff26,,Cắt lọc sét,PCA,,,,,,,,,,,,,,,,,,,,,,,san_sang,,f024c88e-8702-49c8-a302-15b93f6acb3c,,,,f,TB_PCA_061,0afefb1d-ad24-474a-9810-5e665bc08366,{},KHONG,,83,he_thong
ff9524b4-0aad-4761-8dab-2d76a8208aee,TB_JH8VM95Y,Cảm biến đo khí áp,98c88d39-bf0f-43c7-83a2-ca5d266ba54f,MSB780X-1.0-1508,Cảm biến đo khí áp,MicroStep-MIS,,ebc4a136-c5e7-4f7d-abfc-e3ddea655b8c,d7faf284-1a3a-4e53-9433-8476900a66e7,,,1ce915ed-07e9-4b65-9209-2652ffd9b681,46e84da7-5a8b-4a79-aa46-2fb4bae1ff26,AWS-33,"Ra soat 2026-07-11, file nguon: PCA_IMS",,,,,2026-07-11 09:50:09.894644+00,2026-08-11 04:37:10.204448+00,54e09535-2d7f-4319-812f-aee0a4916ed6,,e96be350-6615-441a-91f5-53ad976e91b3,"TB_JH8VM95Y Cam bien do khi ap MSB780X-1.0-1508 Cam bien do khi ap MicroStep-MIS  AWS-33 Ra soat 2026-07-11, file nguon: PCA_IMS","'-07':24 '-1.0':9 '-11':25 '-1508':10 '-33':20 '2026':23 'ap':7,15 'aws':19 'bien':4,12 'cam':3,11 'do':5,13 'file':26 'ims':29 'jh8vm95y':2 'khi':6,14 'microstep':17 'microstep-mis':16 'mis':18 'msb780x':8 'nguon':27 'pca':28 'ra':21 'soat':22 'tb':1",AWOS-IMS,MIS MSB780,,,46e84da7-5a8b-4a79-aa46-2fb4bae1ff26,,Cảm biến,PCA,,,,,,,,,,,,,,,,,,,,,,,san_sang,,f024c88e-8702-49c8-a302-15b93f6acb3c,,,,f,TB_PCA_005,8dc8e474-b130-4785-b3ed-9066c061cebb,{},KHONG,,100,he_thong
654124c9-3774-4f07-bdc9-07f94008d03e,TB_0FBBN8P9,Sensor đo gió 4.3820.00.300,98c88d39-bf0f-43c7-83a2-ca5d266ba54f,08240187,Cảm biến đo hướng và tốc độ gió,Thies Clima,,5ae20f2b-30dc-409c-95db-68b98b79c94e,d7faf284-1a3a-4e53-9433-8476900a66e7,,,1ce915ed-07e9-4b65-9209-2652ffd9b681,f59bf0bd-520b-4245-80db-dc71b7187bf1,Trạm khí tượng,Đề xuất: Đề nghị mua sắm sử dụng chung cho các sân bay | Tình trạng: Hoạt động bình thường | VTDP: Hiện nay chỉ còn 1 sensor gió dự phòng tại Phú Bài | Niên hạn: Không,,,,,2026-07-11 09:50:09.894644+00,2026-08-11 04:37:10.204448+00,f0c86184-a2a8-4ba2-b3e2-87283fbcf190,,92aa329a-4ad2-4bf1-b2fe-c33ff194335c,TB_0FBBN8P9 Sensor do gio 4.3820.00.300 08240187 Cam bien do huong va toc do gio Thies Clima  Tram khi tuong De xuat: De nghi mua sam su dung chung cho cac san bay | Tinh trang: Hoat dong binh thuong | VTDP: Hien nay chi con 1 sensor gio du phong tai Phu Bai | Nien han: Khong,"'08240187':7 '0fbbn8p9':2 '1':45 '4.3820.00.300':6 'bai':52 'bay':33 'bien':9 'binh':38 'cac':31 'cam':8 'chi':43 'cho':30 'chung':29 'clima':17 'con':44 'de':21,23 'do':4,10,14 'dong':37 'du':48 'dung':28 'gio':5,15,47 'han':54 'hien':41 'hoat':36 'huong':11 'khi':19 'khong':55 'mua':25 'nay':42 'nghi':24 'nien':53 'phong':49 'phu':51 'sam':26 'san':32 'sensor':3,46 'su':27 'tai':50 'tb':1 'thies':16 'thuong':39 'tinh':34 'toc':13 'tram':18 'trang':35 'tuong':20 'va':12 'vtdp':40 'xuat':22",,4.3820.00.300,2024,2024,f59bf0bd-520b-4245-80db-dc71b7187bf1,,,CR,,,,0.250,,,,,,,,,,,,,,,,,,,san_sang,,f024c88e-8702-49c8-a302-15b93f6acb3c,,,,f,TB_N1_AWOS_0163,8aaa9362-24cd-4fe3-a9dd-81b685697f6c,{},KHONG,,100,he_thong
b2f59425-458c-4078-aa1f-123779a935a9,TB_XX3ZFMM3,Switch 1,ae03f513-6763-46f8-913d-91a103966947,,Switch 1,Cisco,,ebc4a136-c5e7-4f7d-abfc-e3ddea655b8c,d7faf284-1a3a-4e53-9433-8476900a66e7,,,1ce915ed-07e9-4b65-9209-2652ffd9b681,46e84da7-5a8b-4a79-aa46-2fb4bae1ff26,P. THIẾT BỊ,"Ra soat 2026-07-11, file nguon: PCA_IMS",,,,,2026-07-11 09:50:09.894644+00,2026-08-11 04:37:10.204448+00,ce41dcc3-9d54-4a7b-99fd-5a4a97a95447,,e96be350-6615-441a-91f5-53ad976e91b3,"TB_XX3ZFMM3 Switch 1  Switch 1 Cisco  P. THIET BI Ra soat 2026-07-11, file nguon: PCA_IMS","'-07':14 '-11':15 '1':4,6 '2026':13 'bi':10 'cisco':7 'file':16 'ims':19 'nguon':17 'p':8 'pca':18 'ra':11 'soat':12 'switch':3,5 'tb':1 'thiet':9 'xx3zfmm3':2",AWOS-IMS,Catalyst 3650 24,,,46e84da7-5a8b-4a79-aa46-2fb4bae1ff26,,Truyền dẫn,PCA,,,,,,,,,,,,,,,,,,,,,,,san_sang,,f024c88e-8702-49c8-a302-15b93f6acb3c,,,,f,TB_PCA_016,606ce3db-517b-4f07-94eb-88cd5f41286c,{},KHONG,,83,he_thong
b5500c9f-59ac-4f5b-a769-8b910cdec040,TB_J385CB8Q,Switch 2,ae03f513-6763-46f8-913d-91a103966947,,Switch 1,Cisco,,ebc4a136-c5e7-4f7d-abfc-e3ddea655b8c,d7faf284-1a3a-4e53-9433-8476900a66e7,,,1ce915ed-07e9-4b65-9209-2652ffd9b681,46e84da7-5a8b-4a79-aa46-2fb4bae1ff26,P. THIẾT BỊ,"Ra soat 2026-07-11, file nguon: PCA_IMS",,,,,2026-07-11 09:50:09.894644+00,2026-08-11 04:37:10.204448+00,ce41dcc3-9d54-4a7b-99fd-5a4a97a95447,,e96be350-6615-441a-91f5-53ad976e91b3,"TB_J385CB8Q Switch 2  Switch 1 Cisco  P. THIET BI Ra soat 2026-07-11, file nguon: PCA_IMS","'-07':14 '-11':15 '1':6 '2':4 '2026':13 'bi':10 'cisco':7 'file':16 'ims':19 'j385cb8q':2 'nguon':17 'p':8 'pca':18 'ra':11 'soat':12 'switch':3,5 'tb':1 'thiet':9",AWOS-IMS,Catalyst 3650 24,,,46e84da7-5a8b-4a79-aa46-2fb4bae1ff26,,Truyền dẫn,PCA,,,,,,,,,,,,,,,,,,,,,,,san_sang,,f024c88e-8702-49c8-a302-15b93f6acb3c,,,,f,TB_PCA_017,606ce3db-517b-4f07-94eb-88cd5f41286c,{},KHONG,,83,he_thong
dfb30d6a-9874-443e-9001-b6dd562cc16e,TB_7109VNRM,Switch 1,83e7d93e-2f76-4d4f-a6bc-08926383aba1,,Switch 1,Cisco,,a0625061-0c6d-4e0b-b438-d696787ad746,d7faf284-1a3a-4e53-9433-8476900a66e7,,,1ce915ed-07e9-4b65-9209-2652ffd9b681,65ac5e26-b0a7-487e-a72d-3f0dfc3facc2,P.TBTT,"Ra soat 2026-07-11, file nguon: BDKT_OPTIMET",,,,,2026-07-11 09:50:09.894644+00,2026-08-11 04:37:10.204448+00,ce41dcc3-9d54-4a7b-99fd-5a4a97a95447,,3b1c9f72-6395-4ad0-a387-c7630195267a,"TB_7109VNRM Switch 1  Switch 1 Cisco  P.TBTT Ra soat 2026-07-11, file nguon: BDKT_OPTIMET","'-07':12 '-11':13 '1':4,6 '2026':11 '7109vnrm':2 'bdkt':16 'cisco':7 'file':14 'nguon':15 'optimet':17 'p.tbtt':8 'ra':9 'soat':10 'switch':3,5 'tb':1",Optimet,SF300-24,,,65ac5e26-b0a7-487e-a72d-3f0dfc3facc2,,Xử lý Trung Tâm,BDKT-KTKT,,,,,,,,,,,,,,,,,,,,,,,san_sang,,f024c88e-8702-49c8-a302-15b93f6acb3c,,,,f,TB_BDKT_KTKT_035,9d006110-4d60-4b9d-acc5-b554f5199069,{},KHONG,,83,he_thong
00a1938a-7101-4fa6-acb3-495c544e26cd,TB_DPPAXZFW,Switch 2,83e7d93e-2f76-4d4f-a6bc-08926383aba1,,Switch 1,Cisco,,a0625061-0c6d-4e0b-b438-d696787ad746,d7faf284-1a3a-4e53-9433-8476900a66e7,,,1ce915ed-07e9-4b65-9209-2652ffd9b681,65ac5e26-b0a7-487e-a72d-3f0dfc3facc2,P.TBTT,"Ra soat 2026-07-11, file nguon: BDKT_OPTIMET",,,,,2026-07-11 09:50:09.894644+00,2026-08-11 04:37:10.204448+00,ce41dcc3-9d54-4a7b-99fd-5a4a97a95447,,3b1c9f72-6395-4ad0-a387-c7630195267a,"TB_DPPAXZFW Switch 2  Switch 1 Cisco  P.TBTT Ra soat 2026-07-11, file nguon: BDKT_OPTIMET","'-07':12 '-11':13 '1':6 '2':4 '2026':11 'bdkt':16 'cisco':7 'dppaxzfw':2 'file':14 'nguon':15 'optimet':17 'p.tbtt':8 'ra':9 'soat':10 'switch':3,5 'tb':1",Optimet,SF300-24,,,65ac5e26-b0a7-487e-a72d-3f0dfc3facc2,,Xử lý Trung Tâm,BDKT-KTKT,,,,,,,,,,,,,,,,,,,,,,,san_sang,,f024c88e-8702-49c8-a302-15b93f6acb3c,,,,f,TB_BDKT_KTKT_036,9d006110-4d60-4b9d-acc5-b554f5199069,{},KHONG,,83,he_thong
98d35a9d-a8b7-4ae1-9aa0-93621d7e7eee,TB_K3C0XZ18,Switch trunk 1,ae03f513-6763-46f8-913d-91a103966947,,Switch trunk 1,Cisco,,a0625061-0c6d-4e0b-b438-d696787ad746,d7faf284-1a3a-4e53-9433-8476900a66e7,,,1ce915ed-07e9-4b65-9209-2652ffd9b681,65ac5e26-b0a7-487e-a72d-3f0dfc3facc2,P.TBTT,"Ra soat 2026-07-11, file nguon: BDKT_OPTIMET",,,,,2026-07-11 09:50:09.894644+00,2026-08-11 04:37:10.204448+00,ce41dcc3-9d54-4a7b-99fd-5a4a97a95447,,3b1c9f72-6395-4ad0-a387-c7630195267a,"TB_K3C0XZ18 Switch trunk 1  Switch trunk 1 Cisco  P.TBTT Ra soat 2026-07-11, file nguon: BDKT_OPTIMET","'-07':14 '-11':15 '1':5,8 '2026':13 'bdkt':18 'cisco':9 'file':16 'k3c0xz18':2 'nguon':17 'optimet':19 'p.tbtt':10 'ra':11 'soat':12 'switch':3,6 'tb':1 'trunk':4,7",Optimet,WS-C3650-24TS,,,65ac5e26-b0a7-487e-a72d-3f0dfc3facc2,,Truyền dẫn,BDKT-KTKT,,,,,,,,,,,,,,,,,,,,,,,san_sang,,f024c88e-8702-49c8-a302-15b93f6acb3c,,,,f,TB_BDKT_KTKT_039,723c0355-fedf-466a-8b1e-ce08ceec75fd,{},KHONG,,83,he_thong
bb354b14-3835-4577-aaa2-edca6523b7da,TB_M2E7843T,Switch trunk 2,ae03f513-6763-46f8-913d-91a103966947,,Switch trunk 1,Cisco,,a0625061-0c6d-4e0b-b438-d696787ad746,d7faf284-1a3a-4e53-9433-8476900a66e7,,,1ce915ed-07e9-4b65-9209-2652ffd9b681,65ac5e26-b0a7-487e-a72d-3f0dfc3facc2,P.TBTT,"Ra soat 2026-07-11, file nguon: BDKT_OPTIMET",,,,,2026-07-11 09:50:09.894644+00,2026-08-11 04:37:10.204448+00,ce41dcc3-9d54-4a7b-99fd-5a4a97a95447,,3b1c9f72-6395-4ad0-a387-c7630195267a,"TB_M2E7843T Switch trunk 2  Switch trunk 1 Cisco  P.TBTT Ra soat 2026-07-11, file nguon: BDKT_OPTIMET","'-07':14 '-11':15 '1':8 '2':5 '2026':13 'bdkt':18 'cisco':9 'file':16 'm2e7843t':2 'nguon':17 'optimet':19 'p.tbtt':10 'ra':11 'soat':12 'switch':3,6 'tb':1 'trunk':4,7",Optimet,WS-C3650-24TS,,,65ac5e26-b0a7-487e-a72d-3f0dfc3facc2,,Truyền dẫn,BDKT-KTKT,,,,,,,,,,,,,,,,,,,,,,,san_sang,,f024c88e-8702-49c8-a302-15b93f6acb3c,,,,f,TB_BDKT_KTKT_040,723c0355-fedf-466a-8b1e-ce08ceec75fd,{},KHONG,,83,he_thong
20ab8bd4-71b8-4567-a170-7ac7e9a9e6b9,TB_W92ECENX,Trạm đo trần mây đầu 02,1ef69ec2-6298-4c48-b931-aea3fa48c0fc,,Trạm đo trần mây đầu 02,,,5ae20f2b-30dc-409c-95db-68b98b79c94e,d7faf284-1a3a-4e53-9433-8476900a66e7,,,1ce915ed-07e9-4b65-9209-2652ffd9b681,f59bf0bd-520b-4245-80db-dc71b7187bf1,Trạm khí tượng,Niên hạn: Không,,,,,2026-07-11 09:50:09.894644+00,2026-08-11 04:37:10.204448+00,,,92aa329a-4ad2-4bf1-b2fe-c33ff194335c,TB_W92ECENX Tram do tran may dau 02  Tram do tran may dau 02   Tram khi tuong Nien han: Khong,"'02':8,14 'dau':7,13 'do':4,10 'han':19 'khi':16 'khong':20 'may':6,12 'nien':18 'tb':1 'tram':3,9,15 'tran':5,11 'tuong':17 'w92ecenx':2",,,,2013,f59bf0bd-520b-4245-80db-dc71b7187bf1,,,CR,,,,,,,,,,,,,,,,,,,,,,,san_sang,,f024c88e-8702-49c8-a302-15b93f6acb3c,,,,f,TB_N1_AWOS_0196,a46390a1-6c2c-412b-a212-a3a906e3b033,{},KHONG,,83,he_thong
24292dd5-267d-44a9-9d48-e6e01186d24e,TB_6S3HKX48,Sensor đo gió siêu âm,98c88d39-bf0f-43c7-83a2-ca5d266ba54f,07220066,Sensor đo gió siêu âm,Thies Clima,,5ae20f2b-30dc-409c-95db-68b98b79c94e,d7faf284-1a3a-4e53-9433-8476900a66e7,,,1ce915ed-07e9-4b65-9209-2652ffd9b681,f59bf0bd-520b-4245-80db-dc71b7187bf1,Trạm khí tượng,Đề xuất: Đề nghị mua sắm sử dụng chung cho các sân bay | Tình trạng: Hoạt động bình thường | VTDP: Hiện nay chỉ còn 1 sensor gió dự phòng tại Phú Bài | Niên hạn: Không,,,,,2026-07-11 09:50:09.894644+00,2026-08-11 04:37:10.204448+00,f0c86184-a2a8-4ba2-b3e2-87283fbcf190,,92aa329a-4ad2-4bf1-b2fe-c33ff194335c,TB_6S3HKX48 Sensor do gio sieu am 07220066 Sensor do gio sieu am Thies Clima  Tram khi tuong De xuat: De nghi mua sam su dung chung cho cac san bay | Tinh trang: Hoat dong binh thuong | VTDP: Hien nay chi con 1 sensor gio du phong tai Phu Bai | Nien han: Khong,"'07220066':8 '1':43 '6s3hkx48':2 'am':7,13 'bai':50 'bay':31 'binh':36 'cac':29 'chi':41 'cho':28 'chung':27 'clima':15 'con':42 'de':19,21 'do':4,10 'dong':35 'du':46 'dung':26 'gio':5,11,45 'han':52 'hien':39 'hoat':34 'khi':17 'khong':53 'mua':23 'nay':40 'nghi':22 'nien':51 'phong':47 'phu':49 'sam':24 'san':30 'sensor':3,9,44 'sieu':6,12 'su':25 'tai':48 'tb':1 'thies':14 'thuong':37 'tinh':32 'tram':16 'trang':33 'tuong':18 'vtdp':38 'xuat':20",,,2023,2023,f59bf0bd-520b-4245-80db-dc71b7187bf1,,,CR,,,,0.375,,,,,,,,,,,,,,,,,,,san_sang,,f024c88e-8702-49c8-a302-15b93f6acb3c,,,,f,TB_N1_AWOS_0164,11d1973c-0530-4371-9cd8-1f4c5b452820,{},KHONG,,100,he_thong
6fcd4be3-9f4d-431e-8b72-0bf4ba35c126,TB_V142SNEZ,Thiết bị giao tiếp dữ liệu Advantech UNO-137,1ef69ec2-6298-4c48-b931-aea3fa48c0fc,,Thiết bị giao tiếp dữ liệu Advantech UNO-137,Advantech,,5ae20f2b-30dc-409c-95db-68b98b79c94e,d7faf284-1a3a-4e53-9433-8476900a66e7,,,1ce915ed-07e9-4b65-9209-2652ffd9b681,f59bf0bd-520b-4245-80db-dc71b7187bf1,,Đề xuất: Không đề xuất do có 3 bộ dự phòng cho nhau | Hỏng hóc: 0 lần | Tình trạng: Hoạt động bình thường | VTDP: Không | Niên hạn: Không,,,,,2026-07-11 09:50:09.894644+00,2026-08-11 04:37:10.204448+00,81227fc4-ef2d-4334-bb0e-bb1849fdb2c2,,e96be350-6615-441a-91f5-53ad976e91b3,TB_V142SNEZ Thiet bi giao tiep du lieu Advantech UNO-137  Thiet bi giao tiep du lieu Advantech UNO-137 Advantech   De xuat: Khong de xuat do co 3 bo du phong cho nhau | Hong hoc: 0 lan | Tinh trang: Hoat dong binh thuong | VTDP: Khong | Nien han: Khong,"'-137':11,20 '0':37 '3':29 'advantech':9,18,21 'bi':4,13 'binh':43 'bo':30 'cho':33 'co':28 'de':22,25 'do':27 'dong':42 'du':7,16,31 'giao':5,14 'han':48 'hoat':41 'hoc':36 'hong':35 'khong':24,46,49 'lan':38 'lieu':8,17 'nhau':34 'nien':47 'phong':32 'tb':1 'thiet':3,12 'thuong':44 'tiep':6,15 'tinh':39 'trang':40 'uno':10,19 'v142snez':2 'vtdp':45 'xuat':23,26",,,2023,2023,f59bf0bd-520b-4245-80db-dc71b7187bf1,,,CR,,,,0.300,,,,,,,,,,,,,,,,,,,san_sang,,f024c88e-8702-49c8-a302-15b93f6acb3c,,,,f,TB_N1_AWOS_0182,8297b5f8-8ef3-4f1f-8a41-36152eea23e1,{},KHONG,,83,he_thong
5e9bf9ff-f72a-4a66-b2d3-06e2b6653a30,TB_655GYJN4,Thiết bị giao tiếp dữ liệu Advantech UNO-137,1ef69ec2-6298-4c48-b931-aea3fa48c0fc,KSA6187193,Thiết bị giao tiếp dữ liệu Advantech UNO-137,Advantech,,5ae20f2b-30dc-409c-95db-68b98b79c94e,d7faf284-1a3a-4e53-9433-8476900a66e7,,,1ce915ed-07e9-4b65-9209-2652ffd9b681,f59bf0bd-520b-4245-80db-dc71b7187bf1,,"Nguồn: để tích hợp tín hiệu từ máy đo tầm nhìn vào hệ thống Optimet | Đề xuất: Không đề xuất, có 3 bộ dự phòng cho nhau tại phòng thiết bị | Hỏng hóc: 0 lần | Tình trạng: Hoạt động bình thường | VTDP: Không | Niên hạn: Không",,,,,2026-07-11 09:50:09.894644+00,2026-08-11 04:37:10.204448+00,81227fc4-ef2d-4334-bb0e-bb1849fdb2c2,,e96be350-6615-441a-91f5-53ad976e91b3,"TB_655GYJN4 Thiet bi giao tiep du lieu Advantech UNO-137 KSA6187193 Thiet bi giao tiep du lieu Advantech UNO-137 Advantech   Nguon: de tich hop tin hieu tu may do tam nhin vao he thong Optimet | De xuat: Khong de xuat, co 3 bo du phong cho nhau tai phong thiet bi | Hong hoc: 0 lan | Tinh trang: Hoat dong binh thuong | VTDP: Khong | Nien han: Khong","'-137':11,21 '0':56 '3':44 '655gyjn4':2 'advantech':9,19,22 'bi':4,14,53 'binh':62 'bo':45 'cho':48 'co':43 'de':24,38,41 'do':31 'dong':61 'du':7,17,46 'giao':5,15 'han':67 'he':35 'hieu':28 'hoat':60 'hoc':55 'hong':54 'hop':26 'khong':40,65,68 'ksa6187193':12 'lan':57 'lieu':8,18 'may':30 'nguon':23 'nhau':49 'nhin':33 'nien':66 'optimet':37 'phong':47,51 'tai':50 'tam':32 'tb':1 'thiet':3,13,52 'thong':36 'thuong':63 'tich':25 'tiep':6,16 'tin':27 'tinh':58 'trang':59 'tu':29 'uno':10,20 'vao':34 'vtdp':64 'xuat':39,42",,,2023,2023,f59bf0bd-520b-4245-80db-dc71b7187bf1,,,CR,,,,0.300,,,,,,,,,,,,,,,,,,,san_sang,,f024c88e-8702-49c8-a302-15b93f6acb3c,,,,f,TB_N1_AWOS_0183,8297b5f8-8ef3-4f1f-8a41-36152eea23e1,{},KHONG,,100,he_thong
e3913d36-f4b0-48f5-b9c6-3adb6575a25b,TB_1H526W4Y,Thiết bị giao tiếp dữ liệu Advantech UNO-137,1ef69ec2-6298-4c48-b931-aea3fa48c0fc,,Thiết bị giao tiếp dữ liệu Advantech UNO-137,Advantech,,5ae20f2b-30dc-409c-95db-68b98b79c94e,d7faf284-1a3a-4e53-9433-8476900a66e7,,,1ce915ed-07e9-4b65-9209-2652ffd9b681,f59bf0bd-520b-4245-80db-dc71b7187bf1,,Đề xuất: Không đề xuất do có 3 bộ dự phòng cho nhau đặt tại Phòng thiết bị | Hỏng hóc: 0 lần | Tình trạng: Hoạt động bình thường | VTDP: Không | Niên hạn: Không,,,,,2026-07-11 09:50:09.894644+00,2026-08-11 04:37:10.204448+00,81227fc4-ef2d-4334-bb0e-bb1849fdb2c2,,e96be350-6615-441a-91f5-53ad976e91b3,TB_1H526W4Y Thiet bi giao tiep du lieu Advantech UNO-137  Thiet bi giao tiep du lieu Advantech UNO-137 Advantech   De xuat: Khong de xuat do co 3 bo du phong cho nhau dat tai Phong thiet bi | Hong hoc: 0 lan | Tinh trang: Hoat dong binh thuong | VTDP: Khong | Nien han: Khong,"'-137':11,20 '0':42 '1h526w4y':2 '3':29 'advantech':9,18,21 'bi':4,13,39 'binh':48 'bo':30 'cho':33 'co':28 'dat':35 'de':22,25 'do':27 'dong':47 'du':7,16,31 'giao':5,14 'han':53 'hoat':46 'hoc':41 'hong':40 'khong':24,51,54 'lan':43 'lieu':8,17 'nhau':34 'nien':52 'phong':32,37 'tai':36 'tb':1 'thiet':3,12,38 'thuong':49 'tiep':6,15 'tinh':44 'trang':45 'uno':10,19 'vtdp':50 'xuat':23,26",,,2023,2023,f59bf0bd-520b-4245-80db-dc71b7187bf1,,,CR,,,,0.300,,,,,,,,,,,,,,,,,,,san_sang,,f024c88e-8702-49c8-a302-15b93f6acb3c,,,,f,TB_N1_AWOS_0184,8297b5f8-8ef3-4f1f-8a41-36152eea23e1,{},KHONG,,83,he_thong
1eda7753-342a-4492-ab1a-94f14b96df2a,TB_2X8JH3W0,Thiết bị giao tiếp dữ liệu Advantech UNO-137,1ef69ec2-6298-4c48-b931-aea3fa48c0fc,UNO-137,Thiết bị giao tiếp dữ liệu Advantech UNO-137,Advantech,,5ae20f2b-30dc-409c-95db-68b98b79c94e,d7faf284-1a3a-4e53-9433-8476900a66e7,,,1ce915ed-07e9-4b65-9209-2652ffd9b681,f59bf0bd-520b-4245-80db-dc71b7187bf1,,Đề xuất: Không đề xuất do có 3 bộ dự phòng cho nhau đặt tại Phòng thiết bị | Hỏng hóc: 0 lần | Tình trạng: Hoạt động bình thường | VTDP: Không | Niên hạn: Không,,,,,2026-07-11 09:50:09.894644+00,2026-08-11 04:37:10.204448+00,81227fc4-ef2d-4334-bb0e-bb1849fdb2c2,,e96be350-6615-441a-91f5-53ad976e91b3,TB_2X8JH3W0 Thiet bi giao tiep du lieu Advantech UNO-137 UNO-137 Thiet bi giao tiep du lieu Advantech UNO-137 Advantech   De xuat: Khong de xuat do co 3 bo du phong cho nhau dat tai Phong thiet bi | Hong hoc: 0 lan | Tinh trang: Hoat dong binh thuong | VTDP: Khong | Nien han: Khong,"'-137':11,13,22 '0':44 '2x8jh3w0':2 '3':31 'advantech':9,20,23 'bi':4,15,41 'binh':50 'bo':32 'cho':35 'co':30 'dat':37 'de':24,27 'do':29 'dong':49 'du':7,18,33 'giao':5,16 'han':55 'hoat':48 'hoc':43 'hong':42 'khong':26,53,56 'lan':45 'lieu':8,19 'nhau':36 'nien':54 'phong':34,39 'tai':38 'tb':1 'thiet':3,14,40 'thuong':51 'tiep':6,17 'tinh':46 'trang':47 'uno':10,12,21 'vtdp':52 'xuat':25,28",,,2023,2023,f59bf0bd-520b-4245-80db-dc71b7187bf1,,,CR,,,,0.300,,,,,,,,,,,,,,,,,,,san_sang,,f024c88e-8702-49c8-a302-15b93f6acb3c,,,,f,TB_N1_AWOS_0185,8297b5f8-8ef3-4f1f-8a41-36152eea23e1,{},KHONG,,100,he_thong
d4907c65-682c-4003-90d3-c1b605321570,TB_W9REVAQN,AC/DC converter,accf1740-4c18-4b9a-895f-59d85ba593b5,,Nguồn AC/DC,MeanWell,,ce27df84-7054-4032-bfe7-efdb0bd119f4,d7faf284-1a3a-4e53-9433-8476900a66e7,,,1ce915ed-07e9-4b65-9209-2652ffd9b681,581d9350-905f-46da-b45e-c2d8aba4d868,27,"Ra soat 2026-07-11, file nguon: PBA_AWOS900",,,,,2026-07-11 09:50:09.894644+00,2026-08-11 04:37:10.204448+00,0e8dbaf8-aa3e-4d9d-bab2-99b08381f6f9,,e96be350-6615-441a-91f5-53ad976e91b3,"TB_W9REVAQN AC/DC converter  Nguon AC/DC MeanWell  27 Ra soat 2026-07-11, file nguon: PBA_AWOS900","'-07':12 '-11':13 '2026':11 '27':8 'ac/dc':3,6 'awos900':17 'converter':4 'file':14 'meanwell':7 'nguon':5,15 'pba':16 'ra':9 'soat':10 'tb':1 'w9revaqn':2",Thiết bị đo đạc quan trắc thông dụng,DRC-60A,,,581d9350-905f-46da-b45e-c2d8aba4d868,,Nguồn DC,PBA,,,,,,,,,,,,,,,,,,,,,,,san_sang,,f024c88e-8702-49c8-a302-15b93f6acb3c,,,,f,TB_PBA_071,850d240b-a7eb-4d8e-9e1f-2e7baa23ca67,{},KHONG,,83,he_thong
8ffabb9f-6572-4581-9988-6d9b7e86d211,TB_71B9WJ6G,Anten định hướng,ae03f513-6763-46f8-913d-91a103966947,240018010007,Anten định hướng,RCD,,4fbd5536-e530-4f9b-97d3-d194186c33de,d7faf284-1a3a-4e53-9433-8476900a66e7,,,1ce915ed-07e9-4b65-9209-2652ffd9b681,141337b4-f2fa-4438-808f-0d10cfeedb85,Trạm 32,"Ra soat 2026-07-11, file nguon: CLA_IMS",,,,,2026-07-11 09:50:09.894644+00,2026-08-11 04:37:10.204448+00,e9850c64-0332-4a34-9cfc-676e9b576924,,f099f53a-5ef4-4039-ba41-1ea298f0ae5d,"TB_71B9WJ6G Anten dinh huong 240018010007 Anten dinh huong RCD  Tram 32 Ra soat 2026-07-11, file nguon: CLA_IMS","'-07':16 '-11':17 '2026':15 '240018010007':6 '32':12 '71b9wj6g':2 'anten':3,7 'cla':20 'dinh':4,8 'file':18 'huong':5,9 'ims':21 'nguon':19 'ra':13 'rcd':10 'soat':14 'tb':1 'tram':11",AWOS IMS,BD 460A,,,141337b4-f2fa-4438-808f-0d10cfeedb85,,Truyền dẫn,CLA,,,,,,,,,,,,,,,,,,,,,,,san_sang,,f024c88e-8702-49c8-a302-15b93f6acb3c,,,,f,TB_CLA_017,abe2cdf1-d097-464e-af7c-daa5cb12710f,{},KHONG,,100,he_thong
d53a649e-3ef0-4f5f-a6c6-f8db4571763d,TB_WKDJH9CD,Trạm 02,1ef69ec2-6298-4c48-b931-aea3fa48c0fc,,Trạm 02,,,5ae20f2b-30dc-409c-95db-68b98b79c94e,d7faf284-1a3a-4e53-9433-8476900a66e7,,,1ce915ed-07e9-4b65-9209-2652ffd9b681,f59bf0bd-520b-4245-80db-dc71b7187bf1,Trạm khí tượng,Niên hạn: Không,,,,,2026-07-11 09:50:09.894644+00,2026-08-11 04:37:10.204448+00,,,92aa329a-4ad2-4bf1-b2fe-c33ff194335c,TB_WKDJH9CD Tram 02  Tram 02   Tram khi tuong Nien han: Khong,"'02':4,6 'han':11 'khi':8 'khong':12 'nien':10 'tb':1 'tram':3,5,7 'tuong':9 'wkdjh9cd':2",,,,,f59bf0bd-520b-4245-80db-dc71b7187bf1,,,,,,,,,,,,,,,,,,,,,,,,,,san_sang,,f024c88e-8702-49c8-a302-15b93f6acb3c,,,,f,TB_N1_AWOS_0193,c94854ca-6dd1-486b-b6cd-0a26fc4cf9f2,{},KHONG,,83,he_thong
ddee13c3-2df2-484d-ae19-69c60ee7e097,TB_55HN602F,Ắc quy dự phòng,accf1740-4c18-4b9a-895f-59d85ba593b5,,Ắc quy dự phòng,Vision,,4fbd5536-e530-4f9b-97d3-d194186c33de,d7faf284-1a3a-4e53-9433-8476900a66e7,,,1ce915ed-07e9-4b65-9209-2652ffd9b681,141337b4-f2fa-4438-808f-0d10cfeedb85,Trạm 32,"Ra soat 2026-07-11, file nguon: CLA_IMS",,,,,2026-07-11 09:50:09.894644+00,2026-08-11 04:37:10.204448+00,a61534a7-d3f8-4f25-9809-6973b60e86cf,,f099f53a-5ef4-4039-ba41-1ea298f0ae5d,"TB_55HN602F Ac quy du phong  Ac quy du phong Vision  Tram 32 Ra soat 2026-07-11, file nguon: CLA_IMS","'-07':17 '-11':18 '2026':16 '32':13 '55hn602f':2 'ac':3,7 'cla':21 'du':5,9 'file':19 'ims':22 'nguon':20 'phong':6,10 'quy':4,8 'ra':14 'soat':15 'tb':1 'tram':12 'vision':11",AWOS IMS,CP1290,,,141337b4-f2fa-4438-808f-0d10cfeedb85,,Thiết bị nguồn,CLA,,,,,,,,,,,,,,,,,,,,,,,san_sang,,f024c88e-8702-49c8-a302-15b93f6acb3c,,,,f,TB_CLA_018,843f0def-25bf-43df-8fc4-7bae70240810,{},KHONG,,83,he_thong
273589fb-511a-4239-b4c9-ec07df719952,TB_JVJPFR7Z,Thiết bị giao tiếp dữ liệu Advantech UNO-138,1ef69ec2-6298-4c48-b931-aea3fa48c0fc,KSA6162412,Thiết bị giao tiếp dữ liệu Advantech UNO-137,Advantech,,5ae20f2b-30dc-409c-95db-68b98b79c94e,d7faf284-1a3a-4e53-9433-8476900a66e7,,,1ce915ed-07e9-4b65-9209-2652ffd9b681,f59bf0bd-520b-4245-80db-dc71b7187bf1,,"Nguồn: để tích hợp tín hiệu từ máy đo tầm nhìn vào hệ thống Optimet | Đề xuất: Không đề xuất, có 3 bộ dự phòng cho nhau tại phòng thiết bị | Hỏng hóc: 0 lần | Tình trạng: Hoạt động bình thường | VTDP: Không | Niên hạn: Không",,,,,2026-07-11 09:50:09.894644+00,2026-08-11 04:37:10.204448+00,81227fc4-ef2d-4334-bb0e-bb1849fdb2c2,,e96be350-6615-441a-91f5-53ad976e91b3,"TB_JVJPFR7Z Thiet bi giao tiep du lieu Advantech UNO-138 KSA6162412 Thiet bi giao tiep du lieu Advantech UNO-137 Advantech   Nguon: de tich hop tin hieu tu may do tam nhin vao he thong Optimet | De xuat: Khong de xuat, co 3 bo du phong cho nhau tai phong thiet bi | Hong hoc: 0 lan | Tinh trang: Hoat dong binh thuong | VTDP: Khong | Nien han: Khong","'-137':21 '-138':11 '0':56 '3':44 'advantech':9,19,22 'bi':4,14,53 'binh':62 'bo':45 'cho':48 'co':43 'de':24,38,41 'do':31 'dong':61 'du':7,17,46 'giao':5,15 'han':67 'he':35 'hieu':28 'hoat':60 'hoc':55 'hong':54 'hop':26 'jvjpfr7z':2 'khong':40,65,68 'ksa6162412':12 'lan':57 'lieu':8,18 'may':30 'nguon':23 'nhau':49 'nhin':33 'nien':66 'optimet':37 'phong':47,51 'tai':50 'tam':32 'tb':1 'thiet':3,13,52 'thong':36 'thuong':63 'tich':25 'tiep':6,16 'tin':27 'tinh':58 'trang':59 'tu':29 'uno':10,20 'vao':34 'vtdp':64 'xuat':39,42",,,2023,2023,f59bf0bd-520b-4245-80db-dc71b7187bf1,,,CR,,,,0.300,,,,,,,,,,,,,,,,,,,san_sang,,f024c88e-8702-49c8-a302-15b93f6acb3c,,,,f,TB_N1_AWOS_0186,8297b5f8-8ef3-4f1f-8a41-36152eea23e1,{},KHONG,,100,he_thong
cd96d356-0a34-4783-a73a-a42a91ae2d9c,TB_3G97Q626,Nguồn AC/DC,accf1740-4c18-4b9a-895f-59d85ba593b5,,Nguồn AC/DC,MeanWell,,ebc4a136-c5e7-4f7d-abfc-e3ddea655b8c,d7faf284-1a3a-4e53-9433-8476900a66e7,,,1ce915ed-07e9-4b65-9209-2652ffd9b681,46e84da7-5a8b-4a79-aa46-2fb4bae1ff26,QUANG-33,"Ra soat 2026-07-11, file nguon: PCA_IMS",,,,,2026-07-11 09:50:09.894644+00,2026-08-11 04:37:10.204448+00,0e8dbaf8-aa3e-4d9d-bab2-99b08381f6f9,,e96be350-6615-441a-91f5-53ad976e91b3,"TB_3G97Q626 Nguon AC/DC  Nguon AC/DC MeanWell  QUANG-33 Ra soat 2026-07-11, file nguon: PCA_IMS","'-07':13 '-11':14 '-33':9 '2026':12 '3g97q626':2 'ac/dc':4,6 'file':15 'ims':18 'meanwell':7 'nguon':3,5,16 'pca':17 'quang':8 'ra':10 'soat':11 'tb':1",AWOS-IMS,DRC-100A,,,46e84da7-5a8b-4a79-aa46-2fb4bae1ff26,,Thiết bị nguồn,PCA,,,,,,,,,,,,,,,,,,,,,,,san_sang,,f024c88e-8702-49c8-a302-15b93f6acb3c,,,,f,TB_PCA_067,c939fdc4-38ff-4b16-a7cd-5cf428b638f7,{},KHONG,,83,he_thong
ba3b0cca-ce38-4e94-b325-d13352cf1120,TB_P5D2AC16,Cảm biến gió,98c88d39-bf0f-43c7-83a2-ca5d266ba54f,11230123,Cảm biến đo hướng và tốc độ gió,Thies Clima,,4fbd5536-e530-4f9b-97d3-d194186c33de,d7faf284-1a3a-4e53-9433-8476900a66e7,,,1ce915ed-07e9-4b65-9209-2652ffd9b681,141337b4-f2fa-4438-808f-0d10cfeedb85,Trạm 32,"Ra soat 2026-07-11, file nguon: CLA_IMS",,,,,2026-07-11 09:50:09.894644+00,2026-08-11 04:37:10.204448+00,f0c86184-a2a8-4ba2-b3e2-87283fbcf190,,f099f53a-5ef4-4039-ba41-1ea298f0ae5d,"TB_P5D2AC16 Cam bien gio 11230123 Cam bien do huong va toc do gio Thies Clima  Tram 32 Ra soat 2026-07-11, file nguon: CLA_IMS","'-07':22 '-11':23 '11230123':6 '2026':21 '32':18 'bien':4,8 'cam':3,7 'cla':26 'clima':16 'do':9,13 'file':24 'gio':5,14 'huong':10 'ims':27 'nguon':25 'p5d2ac16':2 'ra':19 'soat':20 'tb':1 'thies':15 'toc':12 'tram':17 'va':11",AWOS IMS,4.3820.00.300,,,141337b4-f2fa-4438-808f-0d10cfeedb85,,Cảm biến,CLA,,,,,,,,,,,,,,,,,,,,,,,san_sang,,f024c88e-8702-49c8-a302-15b93f6acb3c,,,,f,TB_CLA_001,8aaa9362-24cd-4fe3-a9dd-81b685697f6c,{},KHONG,,100,he_thong
ddbfe5bb-49f8-4f73-96df-dc63682f9846,TB_7X0KXZ11,Cảm biến đo ánh sáng nền,98c88d39-bf0f-43c7-83a2-ca5d266ba54f,J9442-03,Cảm biến đo ánh sáng nền,Biral,,ebc4a136-c5e7-4f7d-abfc-e3ddea655b8c,d7faf284-1a3a-4e53-9433-8476900a66e7,,,1ce915ed-07e9-4b65-9209-2652ffd9b681,46e84da7-5a8b-4a79-aa46-2fb4bae1ff26,VIS-15,"Ra soat 2026-07-11, file nguon: PCA_IMS",,,,,2026-07-11 09:50:09.894644+00,2026-08-11 04:37:10.204448+00,b7f4a9b7-d8ca-434b-b11c-5e4a13a35ad1,,e96be350-6615-441a-91f5-53ad976e91b3,"TB_7X0KXZ11 Cam bien do anh sang nen J9442-03 Cam bien do anh sang nen Biral  VIS-15 Ra soat 2026-07-11, file nguon: PCA_IMS","'-03':10 '-07':23 '-11':24 '-15':19 '2026':22 '7x0kxz11':2 'anh':6,14 'bien':4,12 'biral':17 'cam':3,11 'do':5,13 'file':25 'ims':28 'j9442':9 'nen':8,16 'nguon':26 'pca':27 'ra':20 'sang':7,15 'soat':21 'tb':1 'vis':18",AWOS-IMS,ALS-2,,,46e84da7-5a8b-4a79-aa46-2fb4bae1ff26,,Cảm biến,PCA,,,,,,,,,,,,,,,,,,,,,,,san_sang,,f024c88e-8702-49c8-a302-15b93f6acb3c,,,,f,TB_PCA_003,5b400d04-826b-4049-a257-df1f3c61c619,{},KHONG,,100,he_thong
f6a3b9b1-588a-40e0-be2a-049c2014ae4c,TB_2X4SNBH2,Cảm biến tầm nhìn,98c88d39-bf0f-43c7-83a2-ca5d266ba54f,J9441-01,Cảm biến tầm nhìn,Biral,,4fbd5536-e530-4f9b-97d3-d194186c33de,d7faf284-1a3a-4e53-9433-8476900a66e7,,,1ce915ed-07e9-4b65-9209-2652ffd9b681,141337b4-f2fa-4438-808f-0d10cfeedb85,Trạm 32,"Ra soat 2026-07-11, file nguon: CLA_IMS",,,,,2026-07-11 09:50:09.894644+00,2026-08-11 04:37:10.204448+00,b7f4a9b7-d8ca-434b-b11c-5e4a13a35ad1,,f099f53a-5ef4-4039-ba41-1ea298f0ae5d,"TB_2X4SNBH2 Cam bien tam nhin J9441-01 Cam bien tam nhin Biral  Tram 32 Ra soat 2026-07-11, file nguon: CLA_IMS","'-01':8 '-07':19 '-11':20 '2026':18 '2x4snbh2':2 '32':15 'bien':4,10 'biral':13 'cam':3,9 'cla':23 'file':21 'ims':24 'j9441':7 'nguon':22 'nhin':6,12 'ra':16 'soat':17 'tam':5,11 'tb':1 'tram':14",AWOS IMS,SWS-250,,,141337b4-f2fa-4438-808f-0d10cfeedb85,,Cảm biến,CLA,,,,,,,,,,,,,,,,,,,,,,,san_sang,,f024c88e-8702-49c8-a302-15b93f6acb3c,,,,f,TB_CLA_002,3ba741fc-7278-4de4-86ab-6406b6b803dc,{},KHONG,,100,he_thong
f58604ac-4613-49b2-aadf-cfe5477dab85,TB_97M7MFF7,Data logger,ae03f513-6763-46f8-913d-91a103966947,,Data logger,MicroStep-MIS,,4fbd5536-e530-4f9b-97d3-d194186c33de,d7faf284-1a3a-4e53-9433-8476900a66e7,,,1ce915ed-07e9-4b65-9209-2652ffd9b681,141337b4-f2fa-4438-808f-0d10cfeedb85,Trạm 33,"Ra soat 2026-07-11, file nguon: CLA_IMS",,,,,2026-07-11 09:50:09.894644+00,2026-08-11 04:37:10.204448+00,54e09535-2d7f-4319-812f-aee0a4916ed6,,f099f53a-5ef4-4039-ba41-1ea298f0ae5d,"TB_97M7MFF7 Data logger  Data logger MicroStep-MIS  Tram 33 Ra soat 2026-07-11, file nguon: CLA_IMS","'-07':15 '-11':16 '2026':14 '33':11 '97m7mff7':2 'cla':19 'data':3,5 'file':17 'ims':20 'logger':4,6 'microstep':8 'microstep-mis':7 'mis':9 'nguon':18 'ra':12 'soat':13 'tb':1 'tram':10",AWOS IMS,AMS 111 II,,,141337b4-f2fa-4438-808f-0d10cfeedb85,,Thiết bị thu thập dữ liệu,CLA,,,,,,,,,,,,,,,,,,,,,,,san_sang,,f024c88e-8702-49c8-a302-15b93f6acb3c,,,,f,TB_CLA_009,6ad30d0c-14ff-4388-b6cb-0a55ecf33136,{},KHONG,,83,he_thong
2efaa765-c68f-4a33-8a27-b5128e263eac,TB_NZCH7WC2,Cảm biến đo độ cao chân mây,98c88d39-bf0f-43c7-83a2-ca5d266ba54f,,Cảm biến đo độ cao trần mây,Eliasson,,ebc4a136-c5e7-4f7d-abfc-e3ddea655b8c,d7faf284-1a3a-4e53-9433-8476900a66e7,,,1ce915ed-07e9-4b65-9209-2652ffd9b681,46e84da7-5a8b-4a79-aa46-2fb4bae1ff26,CEILO-15,"Ra soat 2026-07-11, file nguon: PCA_IMS",,,,,2026-07-11 09:50:09.894644+00,2026-08-11 04:37:10.204448+00,719caddc-3d8b-41e3-9748-23158aa46077,,e96be350-6615-441a-91f5-53ad976e91b3,"TB_NZCH7WC2 Cam bien do do cao chan may  Cam bien do do cao tran may Eliasson  CEILO-15 Ra soat 2026-07-11, file nguon: PCA_IMS","'-07':23 '-11':24 '-15':19 '2026':22 'bien':4,11 'cam':3,10 'cao':7,14 'ceilo':18 'chan':8 'do':5,6,12,13 'eliasson':17 'file':25 'ims':28 'may':9,16 'nguon':26 'nzch7wc2':2 'pca':27 'ra':20 'soat':21 'tb':1 'tran':15",AWOS-IMS,CBME 80B,,,46e84da7-5a8b-4a79-aa46-2fb4bae1ff26,,Cảm biến,PCA,,,,,,,,,,,,,,,,,,,,,,,san_sang,,f024c88e-8702-49c8-a302-15b93f6acb3c,,,,f,TB_PCA_004,cfd09cd2-ac7e-48bd-9bf2-074905687e49,{},KHONG,,83,he_thong
4c579d39-611a-45bf-ac43-4fec72b1e2cb,TB_55HA7GGK,Thiết bị thu phát vô tuyến,ae03f513-6763-46f8-913d-91a103966947,12178313,Thiết bị thu phát vô tuyến,RACOM,,4fbd5536-e530-4f9b-97d3-d194186c33de,d7faf284-1a3a-4e53-9433-8476900a66e7,,,1ce915ed-07e9-4b65-9209-2652ffd9b681,141337b4-f2fa-4438-808f-0d10cfeedb85,Trạm 32,"Ra soat 2026-07-11, file nguon: CLA_IMS",,,,,2026-07-11 09:50:09.894644+00,2026-08-11 04:37:10.204448+00,ca029628-203c-4008-b4bc-89b0746a39c6,,f099f53a-5ef4-4039-ba41-1ea298f0ae5d,"TB_55HA7GGK Thiet bi thu phat vo tuyen 12178313 Thiet bi thu phat vo tuyen RACOM  Tram 32 Ra soat 2026-07-11, file nguon: CLA_IMS","'-07':22 '-11':23 '12178313':9 '2026':21 '32':18 '55ha7ggk':2 'bi':4,11 'cla':26 'file':24 'ims':27 'nguon':25 'phat':6,13 'ra':19 'racom':16 'soat':20 'tb':1 'thiet':3,10 'thu':5,12 'tram':17 'tuyen':8,15 'vo':7,14",AWOS IMS,RipEX-400S,,,141337b4-f2fa-4438-808f-0d10cfeedb85,,Truyền dẫn,CLA,,,,,,,,,,,,,,,,,,,,,,,san_sang,,f024c88e-8702-49c8-a302-15b93f6acb3c,,,,f,TB_CLA_016,3eacc06c-983c-4140-ae6d-5082edf2fd08,{},KHONG,,100,he_thong
7b2e2603-a07a-4c4c-a2ce-e1e7f604f657,TB_WK37NY91,Cảm biến đo nhiệt độ độ ẩm,98c88d39-bf0f-43c7-83a2-ca5d266ba54f,,Cảm biến đo nhiệt độ độ ẩm,MicroStep-MIS,,ebc4a136-c5e7-4f7d-abfc-e3ddea655b8c,d7faf284-1a3a-4e53-9433-8476900a66e7,,,1ce915ed-07e9-4b65-9209-2652ffd9b681,46e84da7-5a8b-4a79-aa46-2fb4bae1ff26,AWS-33,"Ra soat 2026-07-11, file nguon: PCA_IMS",,,,,2026-07-11 09:50:09.894644+00,2026-08-11 04:37:10.204448+00,54e09535-2d7f-4319-812f-aee0a4916ed6,,e96be350-6615-441a-91f5-53ad976e91b3,"TB_WK37NY91 Cam bien do nhiet do do am  Cam bien do nhiet do do am MicroStep-MIS  AWS-33 Ra soat 2026-07-11, file nguon: PCA_IMS","'-07':25 '-11':26 '-33':21 '2026':24 'am':9,16 'aws':20 'bien':4,11 'cam':3,10 'do':5,7,8,12,14,15 'file':27 'ims':30 'microstep':18 'microstep-mis':17 'mis':19 'nguon':28 'nhiet':6,13 'pca':29 'ra':22 'soat':23 'tb':1 'wk37ny91':2",AWOS-IMS,MIS RHT 175,,,46e84da7-5a8b-4a79-aa46-2fb4bae1ff26,,Cảm biến,PCA,,,,,,,,,,,,,,,,,,,,,,,san_sang,,f024c88e-8702-49c8-a302-15b93f6acb3c,,,,f,TB_PCA_006,b40b51ba-72d2-4d63-8943-19ec12529696,{},KHONG,,83,he_thong
9ea89d6d-65b6-4a2b-a2ff-450da2f0f58c,TB_FBQ09EQ8,Cảm biến đo mưa,98c88d39-bf0f-43c7-83a2-ca5d266ba54f,,Cảm biến đo lượng mưa,MicroStep-MIS,,ebc4a136-c5e7-4f7d-abfc-e3ddea655b8c,d7faf284-1a3a-4e53-9433-8476900a66e7,,,1ce915ed-07e9-4b65-9209-2652ffd9b681,46e84da7-5a8b-4a79-aa46-2fb4bae1ff26,AWS-33,"Ra soat 2026-07-11, file nguon: PCA_IMS",,,,,2026-07-11 09:50:09.894644+00,2026-08-11 04:37:10.204448+00,54e09535-2d7f-4319-812f-aee0a4916ed6,,e96be350-6615-441a-91f5-53ad976e91b3,"TB_FBQ09EQ8 Cam bien do mua  Cam bien do luong mua MicroStep-MIS  AWS-33 Ra soat 2026-07-11, file nguon: PCA_IMS","'-07':20 '-11':21 '-33':16 '2026':19 'aws':15 'bien':4,8 'cam':3,7 'do':5,9 'fbq09eq8':2 'file':22 'ims':25 'luong':10 'microstep':13 'microstep-mis':12 'mis':14 'mua':6,11 'nguon':23 'pca':24 'ra':17 'soat':18 'tb':1",AWOS-IMS,MR-2,,,46e84da7-5a8b-4a79-aa46-2fb4bae1ff26,,Cảm biến,PCA,,,,,,,,,,,,,,,,,,,,,,,san_sang,,f024c88e-8702-49c8-a302-15b93f6acb3c,,,,f,TB_PCA_007,d1a75326-a99b-43c1-8fcb-b9a071613d5e,{},KHONG,,83,he_thong
5d4499fc-668a-45dc-8d0f-80168d9dd671,TB_K6DM6AAP,Cảm biến đo dông,98c88d39-bf0f-43c7-83a2-ca5d266ba54f,,Cảm biến đo Giông sét,MicroStep-MIS,,ebc4a136-c5e7-4f7d-abfc-e3ddea655b8c,d7faf284-1a3a-4e53-9433-8476900a66e7,,,1ce915ed-07e9-4b65-9209-2652ffd9b681,46e84da7-5a8b-4a79-aa46-2fb4bae1ff26,TST-33,"Ra soat 2026-07-11, file nguon: PCA_IMS",,,,,2026-07-11 09:50:09.894644+00,2026-08-11 04:37:10.204448+00,54e09535-2d7f-4319-812f-aee0a4916ed6,,e96be350-6615-441a-91f5-53ad976e91b3,"TB_K6DM6AAP Cam bien do dong  Cam bien do Giong set MicroStep-MIS  TST-33 Ra soat 2026-07-11, file nguon: PCA_IMS","'-07':20 '-11':21 '-33':16 '2026':19 'bien':4,8 'cam':3,7 'do':5,9 'dong':6 'file':22 'giong':10 'ims':25 'k6dm6aap':2 'microstep':13 'microstep-mis':12 'mis':14 'nguon':23 'pca':24 'ra':17 'set':11 'soat':18 'tb':1 'tst':15",AWOS-IMS,TSS-500,,,46e84da7-5a8b-4a79-aa46-2fb4bae1ff26,,Cảm biến,PCA,,,,,,,,,,,,,,,,,,,,,,,san_sang,,f024c88e-8702-49c8-a302-15b93f6acb3c,,,,f,TB_PCA_008,168e82d7-8bf2-42ea-977f-5b0fa6cf7232,{},KHONG,,83,he_thong
03a4f16f-d1c7-4de5-be04-6ee74eee6a2c,TB_5M0HZAH4,Cảm biến độ cao trần mây,98c88d39-bf0f-43c7-83a2-ca5d266ba54f,1821,Cảm biến đo độ cao trần mây,Eliasson,,4fbd5536-e530-4f9b-97d3-d194186c33de,d7faf284-1a3a-4e53-9433-8476900a66e7,,,1ce915ed-07e9-4b65-9209-2652ffd9b681,141337b4-f2fa-4438-808f-0d10cfeedb85,Trạm trần mây 32,"Ra soat 2026-07-11, file nguon: CLA_IMS",,,,,2026-07-11 09:50:09.894644+00,2026-08-11 04:37:10.204448+00,719caddc-3d8b-41e3-9748-23158aa46077,,66b78574-4d8b-4d58-8ca7-67b06ef335b2,"TB_5M0HZAH4 Cam bien do cao tran may 1821 Cam bien do do cao tran may Eliasson  Tram tran may 32 Ra soat 2026-07-11, file nguon: CLA_IMS","'-07':25 '-11':26 '1821':9 '2026':24 '32':21 '5m0hzah4':2 'bien':4,11 'cam':3,10 'cao':6,14 'cla':29 'do':5,12,13 'eliasson':17 'file':27 'ims':30 'may':8,16,20 'nguon':28 'ra':22 'soat':23 'tb':1 'tram':18 'tran':7,15,19",AWOS IMS,CBME 80B,,,141337b4-f2fa-4438-808f-0d10cfeedb85,,Cảm biến,CLA,,,,,,,,,,,,,,,,,,,,,,,san_sang,,f024c88e-8702-49c8-a302-15b93f6acb3c,,,,f,TB_CLA_026,cfd09cd2-ac7e-48bd-9bf2-074905687e49,{},KHONG,,100,he_thong
97c3cdd7-c8f7-4330-9e0f-55a34038f01f,TB_DXD13AD6,Thiết bị thu phát vô tuyến,ae03f513-6763-46f8-913d-91a103966947,12266313,Thiết bị thu phát vô tuyến,RACOM,,4fbd5536-e530-4f9b-97d3-d194186c33de,d7faf284-1a3a-4e53-9433-8476900a66e7,,,1ce915ed-07e9-4b65-9209-2652ffd9b681,141337b4-f2fa-4438-808f-0d10cfeedb85,Trạm trần mây 32,"Ra soat 2026-07-11, file nguon: CLA_IMS",,,,,2026-07-11 09:50:09.894644+00,2026-08-11 04:37:10.204448+00,ca029628-203c-4008-b4bc-89b0746a39c6,,66b78574-4d8b-4d58-8ca7-67b06ef335b2,"TB_DXD13AD6 Thiet bi thu phat vo tuyen 12266313 Thiet bi thu phat vo tuyen RACOM  Tram tran may 32 Ra soat 2026-07-11, file nguon: CLA_IMS","'-07':24 '-11':25 '12266313':9 '2026':23 '32':20 'bi':4,11 'cla':28 'dxd13ad6':2 'file':26 'ims':29 'may':19 'nguon':27 'phat':6,13 'ra':21 'racom':16 'soat':22 'tb':1 'thiet':3,10 'thu':5,12 'tram':17 'tran':18 'tuyen':8,15 'vo':7,14",AWOS IMS,RipEX-400S,,,141337b4-f2fa-4438-808f-0d10cfeedb85,,Truyền dẫn,CLA,,,,,,,,,,,,,,,,,,,,,,,san_sang,,f024c88e-8702-49c8-a302-15b93f6acb3c,,,,f,TB_CLA_028,3eacc06c-983c-4140-ae6d-5082edf2fd08,{},KHONG,,100,he_thong
177e9184-befa-4a86-9a33-e54ba30fcab6,TB_BYEW4258,Anten định hướng,ae03f513-6763-46f8-913d-91a103966947,240018010003,Anten định hướng,RCD,,4fbd5536-e530-4f9b-97d3-d194186c33de,d7faf284-1a3a-4e53-9433-8476900a66e7,,,1ce915ed-07e9-4b65-9209-2652ffd9b681,141337b4-f2fa-4438-808f-0d10cfeedb85,Trạm trần mây 32,"Ra soat 2026-07-11, file nguon: CLA_IMS",,,,,2026-07-11 09:50:09.894644+00,2026-08-11 04:37:10.204448+00,e9850c64-0332-4a34-9cfc-676e9b576924,,66b78574-4d8b-4d58-8ca7-67b06ef335b2,"TB_BYEW4258 Anten dinh huong 240018010003 Anten dinh huong RCD  Tram tran may 32 Ra soat 2026-07-11, file nguon: CLA_IMS","'-07':18 '-11':19 '2026':17 '240018010003':6 '32':14 'anten':3,7 'byew4258':2 'cla':22 'dinh':4,8 'file':20 'huong':5,9 'ims':23 'may':13 'nguon':21 'ra':15 'rcd':10 'soat':16 'tb':1 'tram':11 'tran':12",AWOS IMS,BD 460A,,,141337b4-f2fa-4438-808f-0d10cfeedb85,,Truyền dẫn,CLA,,,,,,,,,,,,,,,,,,,,,,,san_sang,,f024c88e-8702-49c8-a302-15b93f6acb3c,,,,f,TB_CLA_030,abe2cdf1-d097-464e-af7c-daa5cb12710f,{},KHONG,,100,he_thong
d7f628a7-5c46-40f0-ba4e-6f24e50ebe10,TB_7QDEY49W,Chống sét - UHF,660f73b4-1975-4bde-8c87-810a23ef6e2c,,Chống sét - UHF,Citel,,7f40beb2-5d47-4f4a-b7df-35cd1cca56ae,d7faf284-1a3a-4e53-9433-8476900a66e7,,,1ce915ed-07e9-4b65-9209-2652ffd9b681,e43c5d4b-3c3c-4486-89da-73e9ac747ab4,Trạm 03,"Ra soat 2026-07-11, file nguon: THA_DAW21",,,,,2026-07-11 09:50:09.894644+00,2026-08-11 04:37:10.204448+00,80666d25-731c-4de5-8d64-08488037258a,,e96be350-6615-441a-91f5-53ad976e91b3,"TB_7QDEY49W Chong set - UHF  Chong set - UHF Citel  Tram 03 Ra soat 2026-07-11, file nguon: THA_DAW21","'-07':15 '-11':16 '03':11 '2026':14 '7qdey49w':2 'chong':3,6 'citel':9 'daw21':20 'file':17 'nguon':18 'ra':12 'set':4,7 'soat':13 'tb':1 'tha':19 'tram':10 'uhf':5,8",AWOS D-AW21,P8AX15,,,e43c5d4b-3c3c-4486-89da-73e9ac747ab4,,Cắt lọc sét,THA,,,,,,,,,,,,,,,,,,,,,,,san_sang,,f024c88e-8702-49c8-a302-15b93f6acb3c,,,,f,TB_THA_011,31cae5c6-e3ee-4ad9-ab56-bef881a81aae,{},KHONG,,83,he_thong
de7d281b-1c7f-4cdf-8931-79db6ec4f27d,TB_WMSCM92N,Ắc quy dự phòng,accf1740-4c18-4b9a-895f-59d85ba593b5,,Ắc quy dự phòng,Vision,,4fbd5536-e530-4f9b-97d3-d194186c33de,d7faf284-1a3a-4e53-9433-8476900a66e7,,,1ce915ed-07e9-4b65-9209-2652ffd9b681,141337b4-f2fa-4438-808f-0d10cfeedb85,Trạm trần mây 32,"Ra soat 2026-07-11, file nguon: CLA_IMS",,,,,2026-07-11 09:50:09.894644+00,2026-08-11 04:37:10.204448+00,a61534a7-d3f8-4f25-9809-6973b60e86cf,,66b78574-4d8b-4d58-8ca7-67b06ef335b2,"TB_WMSCM92N Ac quy du phong  Ac quy du phong Vision  Tram tran may 32 Ra soat 2026-07-11, file nguon: CLA_IMS","'-07':19 '-11':20 '2026':18 '32':15 'ac':3,7 'cla':23 'du':5,9 'file':21 'ims':24 'may':14 'nguon':22 'phong':6,10 'quy':4,8 'ra':16 'soat':17 'tb':1 'tram':12 'tran':13 'vision':11 'wmscm92n':2",AWOS IMS,CP1290,,,141337b4-f2fa-4438-808f-0d10cfeedb85,,Thiết bị nguồn,CLA,,,,,,,,,,,,,,,,,,,,,,,san_sang,,f024c88e-8702-49c8-a302-15b93f6acb3c,,,,f,TB_CLA_031,843f0def-25bf-43df-8fc4-7bae70240810,{},KHONG,,83,he_thong
e8576ff4-ead2-4f67-9ce3-3481452eb848,TB_834RD8NP,Bộ Charger,accf1740-4c18-4b9a-895f-59d85ba593b5,,Nguồn AC/DC,MeanWell,,4fbd5536-e530-4f9b-97d3-d194186c33de,d7faf284-1a3a-4e53-9433-8476900a66e7,,,1ce915ed-07e9-4b65-9209-2652ffd9b681,141337b4-f2fa-4438-808f-0d10cfeedb85,Trạm trần mây 32,"Ra soat 2026-07-11, file nguon: CLA_IMS",,,,,2026-07-11 09:50:09.894644+00,2026-08-11 04:37:10.204448+00,0e8dbaf8-aa3e-4d9d-bab2-99b08381f6f9,,66b78574-4d8b-4d58-8ca7-67b06ef335b2,"TB_834RD8NP Bo Charger  Nguon AC/DC MeanWell  Tram tran may 32 Ra soat 2026-07-11, file nguon: CLA_IMS","'-07':15 '-11':16 '2026':14 '32':11 '834rd8np':2 'ac/dc':6 'bo':3 'charger':4 'cla':19 'file':17 'ims':20 'may':10 'meanwell':7 'nguon':5,18 'ra':12 'soat':13 'tb':1 'tram':8 'tran':9",AWOS IMS,PSC-100A-C,,,141337b4-f2fa-4438-808f-0d10cfeedb85,,Thiết bị nguồn,CLA,,,,,,,,,,,,,,,,,,,,,,,san_sang,,f024c88e-8702-49c8-a302-15b93f6acb3c,,,,f,TB_CLA_032,1f788dea-eb1c-47ba-9505-1b9eac11eea7,{},KHONG,,83,he_thong
d10fd3ab-9118-4e57-bf67-0475dca245e4,TB_FK9VC68W,Bộ Charger,accf1740-4c18-4b9a-895f-59d85ba593b5,,Bộ chuyển đổi AC/DC,MeanWell,,4fbd5536-e530-4f9b-97d3-d194186c33de,d7faf284-1a3a-4e53-9433-8476900a66e7,,,1ce915ed-07e9-4b65-9209-2652ffd9b681,141337b4-f2fa-4438-808f-0d10cfeedb85,Trạm trần mây 32,"Ra soat 2026-07-11, file nguon: CLA_IMS",,,,,2026-07-11 09:50:09.894644+00,2026-08-11 04:37:10.204448+00,0e8dbaf8-aa3e-4d9d-bab2-99b08381f6f9,,66b78574-4d8b-4d58-8ca7-67b06ef335b2,"TB_FK9VC68W Bo Charger  Bo chuyen doi AC/DC MeanWell  Tram tran may 32 Ra soat 2026-07-11, file nguon: CLA_IMS","'-07':17 '-11':18 '2026':16 '32':13 'ac/dc':8 'bo':3,5 'charger':4 'chuyen':6 'cla':21 'doi':7 'file':19 'fk9vc68w':2 'ims':22 'may':12 'meanwell':9 'nguon':20 'ra':14 'soat':15 'tb':1 'tram':10 'tran':11",AWOS IMS,AD-155A,,,141337b4-f2fa-4438-808f-0d10cfeedb85,,Thiết bị nguồn,CLA,,,,,,,,,,,,,,,,,,,,,,,san_sang,,f024c88e-8702-49c8-a302-15b93f6acb3c,,,,f,TB_CLA_033,c4920869-42f0-4b89-bdde-2a905c24a4af,{},KHONG,,83,he_thong
a010d039-420a-4797-9b6f-85ee89137e7c,TB_KNQXRNDZ,Ắc quy cấp nguồn cho modem UHF,ae03f513-6763-46f8-913d-91a103966947,,Ắc quy cấp nguồn cho modem UHF,YUASA,,5ae20f2b-30dc-409c-95db-68b98b79c94e,d7faf284-1a3a-4e53-9433-8476900a66e7,,,1ce915ed-07e9-4b65-9209-2652ffd9b681,f59bf0bd-520b-4245-80db-dc71b7187bf1,,Đề xuất: Thay thế định kỳ | Hỏng hóc: 0 lần | Tình trạng: Hoạt động bình thường | VTDP: Không | Niên hạn: Không,,,,,2026-07-11 09:50:09.894644+00,2026-08-11 04:37:10.204448+00,0685be75-9b97-433c-ad84-4a00f2f2581c,,e96be350-6615-441a-91f5-53ad976e91b3,TB_KNQXRNDZ Ac quy cap nguon cho modem UHF  Ac quy cap nguon cho modem UHF YUASA   De xuat: Thay the dinh ky | Hong hoc: 0 lan | Tinh trang: Hoat dong binh thuong | VTDP: Khong | Nien han: Khong,"'0':26 'ac':3,10 'binh':32 'cap':5,12 'cho':7,14 'de':18 'dinh':22 'dong':31 'han':37 'hoat':30 'hoc':25 'hong':24 'khong':35,38 'knqxrndz':2 'ky':23 'lan':27 'modem':8,15 'nguon':6,13 'nien':36 'quy':4,11 'tb':1 'thay':20 'the':21 'thuong':33 'tinh':28 'trang':29 'uhf':9,16 'vtdp':34 'xuat':19 'yuasa':17",,NP7-12,2023,2023,f59bf0bd-520b-4245-80db-dc71b7187bf1,,,CR,,,,0.200,,,,,,,,,,,,,,,,,,,san_sang,,f024c88e-8702-49c8-a302-15b93f6acb3c,,,,f,TB_N1_AWOS_0202,3656623d-0d77-4460-8c43-16f64e6bb903,{},KHONG,,83,he_thong
dd29b325-8200-4e7e-af91-8685bad2a1da,TB_HCXA82H1,Máy chủ 2,83e7d93e-2f76-4d4f-a6bc-08926383aba1,SGH834TQ2M,Máy chủ 2,HP,,ebc4a136-c5e7-4f7d-abfc-e3ddea655b8c,d7faf284-1a3a-4e53-9433-8476900a66e7,,,1ce915ed-07e9-4b65-9209-2652ffd9b681,46e84da7-5a8b-4a79-aa46-2fb4bae1ff26,P. THIẾT BỊ,"Ra soat 2026-07-11, file nguon: PCA_IMS",,,,,2026-07-11 09:50:09.894644+00,2026-08-11 04:37:10.204448+00,f3ac5754-f684-4ba1-8fd4-dd0a2242dad2,,e96be350-6615-441a-91f5-53ad976e91b3,"TB_HCXA82H1 May chu 2 SGH834TQ2M May chu 2 HP  P. THIET BI Ra soat 2026-07-11, file nguon: PCA_IMS","'-07':17 '-11':18 '2':5,9 '2026':16 'bi':13 'chu':4,8 'file':19 'hcxa82h1':2 'hp':10 'ims':22 'may':3,7 'nguon':20 'p':11 'pca':21 'ra':14 'sgh834tq2m':6 'soat':15 'tb':1 'thiet':12",AWOS-IMS,Z240,,,46e84da7-5a8b-4a79-aa46-2fb4bae1ff26,,Xử lý Trung Tâm,PCA,,,,,,,,,,,,,,,,,,,,,,,san_sang,,f024c88e-8702-49c8-a302-15b93f6acb3c,,,,f,TB_PCA_015,a5c09e40-567c-4e92-912b-2bd100facf06,{},KHONG,,100,he_thong
9b3e27b3-e3f9-487a-b514-f11a12f1feb3,TB_XYNC743E,Sensor đo hiện tượng thời tiết 600 PWS,98c88d39-bf0f-43c7-83a2-ca5d266ba54f,13418,Sensor đo hiện tượng thời tiết 600 PWS,MTECH,,5ae20f2b-30dc-409c-95db-68b98b79c94e,d7faf284-1a3a-4e53-9433-8476900a66e7,,,1ce915ed-07e9-4b65-9209-2652ffd9b681,f59bf0bd-520b-4245-80db-dc71b7187bf1,Trạm khí tượng,Đề xuất: Nghiên cứu sử dụng chung với sensor HTTT Phú Bài | Hỏng hóc: 0 lần | Tình trạng: Hoạt động bình thường | VTDP: Không | Niên hạn: Không,,,,,2026-07-11 09:50:09.894644+00,2026-08-11 04:37:10.204448+00,ad5bae28-70da-4528-a406-c5c52467e25e,,92aa329a-4ad2-4bf1-b2fe-c33ff194335c,TB_XYNC743E Sensor do hien tuong thoi tiet 600 PWS 13418 Sensor do hien tuong thoi tiet 600 PWS MTECH  Tram khi tuong De xuat: Nghien cuu su dung chung voi sensor HTTT Phu Bai | Hong hoc: 0 lan | Tinh trang: Hoat dong binh thuong | VTDP: Khong | Nien han: Khong,"'0':38 '13418':11 '600':9,18 'bai':35 'binh':44 'chung':30 'cuu':27 'de':24 'do':4,13 'dong':43 'dung':29 'han':49 'hien':5,14 'hoat':42 'hoc':37 'hong':36 'httt':33 'khi':22 'khong':47,50 'lan':39 'mtech':20 'nghien':26 'nien':48 'phu':34 'pws':10,19 'sensor':3,12,32 'su':28 'tb':1 'thoi':7,16 'thuong':45 'tiet':8,17 'tinh':40 'tram':21 'trang':41 'tuong':6,15,23 'voi':31 'vtdp':46 'xuat':25 'xync743e':2",,,2020,2021,f59bf0bd-520b-4245-80db-dc71b7187bf1,,,CR,,,,0.333,,,,,,,,,,,,,,,,,,,san_sang,,f024c88e-8702-49c8-a302-15b93f6acb3c,,,,f,TB_N1_AWOS_0165,acd95ab7-c2b7-41f3-808f-c9f52544fc15,{},KHONG,,100,he_thong
03db7374-71a9-4cf2-b314-8132f55a99b1,TB_B2G23QZ1,Cảm biến gió,98c88d39-bf0f-43c7-83a2-ca5d266ba54f,06210046,Cảm biến đo hướng và tốc độ gió,Thies Clima,,4fbd5536-e530-4f9b-97d3-d194186c33de,d7faf284-1a3a-4e53-9433-8476900a66e7,,,1ce915ed-07e9-4b65-9209-2652ffd9b681,141337b4-f2fa-4438-808f-0d10cfeedb85,Trạm 14,"Ra soat 2026-07-11, file nguon: CLA_IMS",,,,,2026-07-11 09:50:09.894644+00,2026-08-11 04:37:10.204448+00,f0c86184-a2a8-4ba2-b3e2-87283fbcf190,,38e5eeb4-1688-47ea-ac85-5fd68d617ea5,"TB_B2G23QZ1 Cam bien gio 06210046 Cam bien do huong va toc do gio Thies Clima  Tram 14 Ra soat 2026-07-11, file nguon: CLA_IMS","'-07':22 '-11':23 '06210046':6 '14':18 '2026':21 'b2g23qz1':2 'bien':4,8 'cam':3,7 'cla':26 'clima':16 'do':9,13 'file':24 'gio':5,14 'huong':10 'ims':27 'nguon':25 'ra':19 'soat':20 'tb':1 'thies':15 'toc':12 'tram':17 'va':11",AWOS IMS,4.3820.00.300,,,141337b4-f2fa-4438-808f-0d10cfeedb85,,Cảm biến,CLA,,,,,,,,,,,,,,,,,,,,,,,san_sang,,f024c88e-8702-49c8-a302-15b93f6acb3c,,,,f,TB_CLA_039,8aaa9362-24cd-4fe3-a9dd-81b685697f6c,{},KHONG,,100,he_thong
d444eb57-a0ee-4322-942c-a7506f108e4d,TB_F0W3XGWQ,Ắc quy dự phòng,accf1740-4c18-4b9a-895f-59d85ba593b5,,Ắc quy dự phòng,Vision,,4fbd5536-e530-4f9b-97d3-d194186c33de,d7faf284-1a3a-4e53-9433-8476900a66e7,,,1ce915ed-07e9-4b65-9209-2652ffd9b681,141337b4-f2fa-4438-808f-0d10cfeedb85,Trạm 14,"Ra soat 2026-07-11, file nguon: CLA_IMS",,,,,2026-07-11 09:50:09.894644+00,2026-08-11 04:37:10.204448+00,a61534a7-d3f8-4f25-9809-6973b60e86cf,,38e5eeb4-1688-47ea-ac85-5fd68d617ea5,"TB_F0W3XGWQ Ac quy du phong  Ac quy du phong Vision  Tram 14 Ra soat 2026-07-11, file nguon: CLA_IMS","'-07':17 '-11':18 '14':13 '2026':16 'ac':3,7 'cla':21 'du':5,9 'f0w3xgwq':2 'file':19 'ims':22 'nguon':20 'phong':6,10 'quy':4,8 'ra':14 'soat':15 'tb':1 'tram':12 'vision':11",AWOS IMS,CP1290,,,141337b4-f2fa-4438-808f-0d10cfeedb85,,Thiết bị nguồn,CLA,,,,,,,,,,,,,,,,,,,,,,,san_sang,,f024c88e-8702-49c8-a302-15b93f6acb3c,,,,f,TB_CLA_049,843f0def-25bf-43df-8fc4-7bae70240810,{},KHONG,,83,he_thong
8f78e2c5-62d4-48fa-ba4e-47b79ec4295a,TB_XF6F90HP,Cảm biến tầm nhìn,98c88d39-bf0f-43c7-83a2-ca5d266ba54f,J14130-01,Cảm biến tầm nhìn,Biral,,4fbd5536-e530-4f9b-97d3-d194186c33de,d7faf284-1a3a-4e53-9433-8476900a66e7,,,1ce915ed-07e9-4b65-9209-2652ffd9b681,141337b4-f2fa-4438-808f-0d10cfeedb85,Trạm 14,"Ra soat 2026-07-11, file nguon: CLA_IMS",,,,,2026-07-11 09:50:09.894644+00,2026-08-11 04:37:10.204448+00,b7f4a9b7-d8ca-434b-b11c-5e4a13a35ad1,,38e5eeb4-1688-47ea-ac85-5fd68d617ea5,"TB_XF6F90HP Cam bien tam nhin J14130-01 Cam bien tam nhin Biral  Tram 14 Ra soat 2026-07-11, file nguon: CLA_IMS","'-01':8 '-07':19 '-11':20 '14':15 '2026':18 'bien':4,10 'biral':13 'cam':3,9 'cla':23 'file':21 'ims':24 'j14130':7 'nguon':22 'nhin':6,12 'ra':16 'soat':17 'tam':5,11 'tb':1 'tram':14 'xf6f90hp':2",AWOS IMS,SWS-250,,,141337b4-f2fa-4438-808f-0d10cfeedb85,,Cảm biến,CLA,,,,,,,,,,,,,,,,,,,,,,,san_sang,,f024c88e-8702-49c8-a302-15b93f6acb3c,,,,f,TB_CLA_040,3ba741fc-7278-4de4-86ab-6406b6b803dc,{},KHONG,,100,he_thong
42471278-4e6b-456a-9ab3-6bed4d8aa791,TB_KJP0B2EW,Cảm biến đo ánh sáng nền,98c88d39-bf0f-43c7-83a2-ca5d266ba54f,J9442-01,Cảm biến đo ánh sáng nền,Biral,,4fbd5536-e530-4f9b-97d3-d194186c33de,d7faf284-1a3a-4e53-9433-8476900a66e7,,,1ce915ed-07e9-4b65-9209-2652ffd9b681,141337b4-f2fa-4438-808f-0d10cfeedb85,Trạm 14,"Ra soat 2026-07-11, file nguon: CLA_IMS",,,,,2026-07-11 09:50:09.894644+00,2026-08-11 04:37:10.204448+00,b7f4a9b7-d8ca-434b-b11c-5e4a13a35ad1,,38e5eeb4-1688-47ea-ac85-5fd68d617ea5,"TB_KJP0B2EW Cam bien do anh sang nen J9442-01 Cam bien do anh sang nen Biral  Tram 14 Ra soat 2026-07-11, file nguon: CLA_IMS","'-01':10 '-07':23 '-11':24 '14':19 '2026':22 'anh':6,14 'bien':4,12 'biral':17 'cam':3,11 'cla':27 'do':5,13 'file':25 'ims':28 'j9442':9 'kjp0b2ew':2 'nen':8,16 'nguon':26 'ra':20 'sang':7,15 'soat':21 'tb':1 'tram':18",AWOS IMS,ALS-2,,,141337b4-f2fa-4438-808f-0d10cfeedb85,,Cảm biến,CLA,,,,,,,,,,,,,,,,,,,,,,,san_sang,,f024c88e-8702-49c8-a302-15b93f6acb3c,,,,f,TB_CLA_041,5b400d04-826b-4049-a257-df1f3c61c619,{},KHONG,,100,he_thong
94411feb-4f05-4e12-bafa-49f852482fe4,TB_ZDTYSZN1,Modem UHF,ae03f513-6763-46f8-913d-91a103966947,,Modem UHF,RACOM,,a0625061-0c6d-4e0b-b438-d696787ad746,d7faf284-1a3a-4e53-9433-8476900a66e7,,,1ce915ed-07e9-4b65-9209-2652ffd9b681,65ac5e26-b0a7-487e-a72d-3f0dfc3facc2,Trạm MID,"Ra soat 2026-07-11, file nguon: BDKT_OPTIMET",,,,,2026-07-11 09:50:09.894644+00,2026-08-11 04:37:10.204448+00,ca029628-203c-4008-b4bc-89b0746a39c6,,e96be350-6615-441a-91f5-53ad976e91b3,"TB_ZDTYSZN1 Modem UHF  Modem UHF RACOM  Tram MID Ra soat 2026-07-11, file nguon: BDKT_OPTIMET","'-07':13 '-11':14 '2026':12 'bdkt':17 'file':15 'mid':9 'modem':3,5 'nguon':16 'optimet':18 'ra':10 'racom':7 'soat':11 'tb':1 'tram':8 'uhf':4,6 'zdtyszn1':2",Optimet,RipEX-400SP,,,65ac5e26-b0a7-487e-a72d-3f0dfc3facc2,,Truyền dẫn,BDKT-KTKT,,,,,,,,,,,,,,,,,,,,,,,san_sang,,f024c88e-8702-49c8-a302-15b93f6acb3c,,,,f,TB_BDKT_KTKT_021,d28b2aa6-050f-46e2-bb5a-5e1970b424ab,{},KHONG,,83,he_thong
27b710fc-9e7f-43be-bb8f-009be3820624,TB_1254NHTK,Sensor đo khí áp PTB300,98c88d39-bf0f-43c7-83a2-ca5d266ba54f,,Sensor đo khí áp PTB300,MTECH,,5ae20f2b-30dc-409c-95db-68b98b79c94e,d7faf284-1a3a-4e53-9433-8476900a66e7,,,1ce915ed-07e9-4b65-9209-2652ffd9b681,f59bf0bd-520b-4245-80db-dc71b7187bf1,Trạm khí tượng,Đề xuất: Không | Hỏng hóc: không | Tình trạng: Hoạt động bình thường | VTDP: Có VTDP trong kho | Niên hạn: Quá niên hạn,,,,,2026-07-11 09:50:09.894644+00,2026-08-11 04:37:10.204448+00,79b069cc-810c-41ab-9b03-9032c1804a5f,,92aa329a-4ad2-4bf1-b2fe-c33ff194335c,TB_1254NHTK Sensor do khi ap PTB300  Sensor do khi ap PTB300 MTECH  Tram khi tuong De xuat: Khong | Hong hoc: khong | Tinh trang: Hoat dong binh thuong | VTDP: Co VTDP trong kho | Nien han: Qua nien han,"'1254nhtk':2 'ap':6,11 'binh':27 'co':30 'de':17 'do':4,9 'dong':26 'han':35,38 'hoat':25 'hoc':21 'hong':20 'khi':5,10,15 'kho':33 'khong':19,22 'mtech':13 'nien':34,37 'ptb300':7,12 'qua':36 'sensor':3,8 'tb':1 'thuong':28 'tinh':23 'tram':14 'trang':24 'trong':32 'tuong':16 'vtdp':29,31 'xuat':18",,,2012,2013,f59bf0bd-520b-4245-80db-dc71b7187bf1,,,CR,,,,1.625,,,,,,,,,,,,,,,,,,,san_sang,,f024c88e-8702-49c8-a302-15b93f6acb3c,,,,f,TB_N1_AWOS_0166,543f4fae-abc2-44d5-9c6c-25decdb47b21,{},KHONG,,83,he_thong
d3ef7a7d-b969-4675-9524-28090fda75ac,TB_BCPB8Z5P,Data logger,ae03f513-6763-46f8-913d-91a103966947,PC3-30-1503-MB-2387,Data logger,MicroStep-MIS,,4fbd5536-e530-4f9b-97d3-d194186c33de,d7faf284-1a3a-4e53-9433-8476900a66e7,,,1ce915ed-07e9-4b65-9209-2652ffd9b681,141337b4-f2fa-4438-808f-0d10cfeedb85,Trạm 14,"Ra soat 2026-07-11, file nguon: CLA_IMS",,,,,2026-07-11 09:50:09.894644+00,2026-08-11 04:37:10.204448+00,54e09535-2d7f-4319-812f-aee0a4916ed6,,38e5eeb4-1688-47ea-ac85-5fd68d617ea5,"TB_BCPB8Z5P Data logger PC3-30-1503-MB-2387 Data logger MicroStep-MIS  Tram 14 Ra soat 2026-07-11, file nguon: CLA_IMS","'-07':20 '-11':21 '-1503':7 '-2387':9 '-30':6 '14':16 '2026':19 'bcpb8z5p':2 'cla':24 'data':3,10 'file':22 'ims':25 'logger':4,11 'mb':8 'microstep':13 'microstep-mis':12 'mis':14 'nguon':23 'pc3':5 'ra':17 'soat':18 'tb':1 'tram':15",AWOS IMS,AMS 111 II,,,141337b4-f2fa-4438-808f-0d10cfeedb85,,Thiết bị thu thập dữ liệu,CLA,,,,,,,,,,,,,,,,,,,,,,,san_sang,,f024c88e-8702-49c8-a302-15b93f6acb3c,,,,f,TB_CLA_042,6ad30d0c-14ff-4388-b6cb-0a55ecf33136,{},KHONG,,100,he_thong
a2dc6bdc-1343-4a4b-ab9b-0e89122021d1,TB_WDXEF7F6,Thiết bị thu phát vô tuyến,ae03f513-6763-46f8-913d-91a103966947,,Thiết bị thu phát vô tuyến,RACOM,,4fbd5536-e530-4f9b-97d3-d194186c33de,d7faf284-1a3a-4e53-9433-8476900a66e7,,,1ce915ed-07e9-4b65-9209-2652ffd9b681,141337b4-f2fa-4438-808f-0d10cfeedb85,Trạm 14,"Ra soat 2026-07-11, file nguon: CLA_IMS",,,,,2026-07-11 09:50:09.894644+00,2026-08-11 04:37:10.204448+00,ca029628-203c-4008-b4bc-89b0746a39c6,,38e5eeb4-1688-47ea-ac85-5fd68d617ea5,"TB_WDXEF7F6 Thiet bi thu phat vo tuyen  Thiet bi thu phat vo tuyen RACOM  Tram 14 Ra soat 2026-07-11, file nguon: CLA_IMS","'-07':21 '-11':22 '14':17 '2026':20 'bi':4,10 'cla':25 'file':23 'ims':26 'nguon':24 'phat':6,12 'ra':18 'racom':15 'soat':19 'tb':1 'thiet':3,9 'thu':5,11 'tram':16 'tuyen':8,14 'vo':7,13 'wdxef7f6':2",AWOS IMS,RipEX-400S,,,141337b4-f2fa-4438-808f-0d10cfeedb85,,Truyền dẫn,CLA,,,,,,,,,,,,,,,,,,,,,,,san_sang,,f024c88e-8702-49c8-a302-15b93f6acb3c,,,,f,TB_CLA_047,3eacc06c-983c-4140-ae6d-5082edf2fd08,{},KHONG,,83,he_thong
34362f11-8585-4090-86f6-39e2fe650ac7,TB_6JFXQGEJ,Anten định hướng,ae03f513-6763-46f8-913d-91a103966947,240018010008,Anten định hướng,RCD,,4fbd5536-e530-4f9b-97d3-d194186c33de,d7faf284-1a3a-4e53-9433-8476900a66e7,,,1ce915ed-07e9-4b65-9209-2652ffd9b681,141337b4-f2fa-4438-808f-0d10cfeedb85,Trạm 14,"Ra soat 2026-07-11, file nguon: CLA_IMS",,,,,2026-07-11 09:50:09.894644+00,2026-08-11 04:37:10.204448+00,e9850c64-0332-4a34-9cfc-676e9b576924,,38e5eeb4-1688-47ea-ac85-5fd68d617ea5,"TB_6JFXQGEJ Anten dinh huong 240018010008 Anten dinh huong RCD  Tram 14 Ra soat 2026-07-11, file nguon: CLA_IMS","'-07':16 '-11':17 '14':12 '2026':15 '240018010008':6 '6jfxqgej':2 'anten':3,7 'cla':20 'dinh':4,8 'file':18 'huong':5,9 'ims':21 'nguon':19 'ra':13 'rcd':10 'soat':14 'tb':1 'tram':11",AWOS IMS,BD 460A,,,141337b4-f2fa-4438-808f-0d10cfeedb85,,Truyền dẫn,CLA,,,,,,,,,,,,,,,,,,,,,,,san_sang,,f024c88e-8702-49c8-a302-15b93f6acb3c,,,,f,TB_CLA_048,abe2cdf1-d097-464e-af7c-daa5cb12710f,{},KHONG,,100,he_thong
387cebec-5e41-4c1e-9ce9-60f0792d139f,TB_83G7FPHF,Bộ Charger,accf1740-4c18-4b9a-895f-59d85ba593b5,,Bộ Charger,MeanWell,,4fbd5536-e530-4f9b-97d3-d194186c33de,d7faf284-1a3a-4e53-9433-8476900a66e7,,,1ce915ed-07e9-4b65-9209-2652ffd9b681,141337b4-f2fa-4438-808f-0d10cfeedb85,Trạm 14,"Ra soat 2026-07-11, file nguon: CLA_IMS",,,,,2026-07-11 09:50:09.894644+00,2026-08-11 04:37:10.204448+00,0e8dbaf8-aa3e-4d9d-bab2-99b08381f6f9,,38e5eeb4-1688-47ea-ac85-5fd68d617ea5,"TB_83G7FPHF Bo Charger  Bo Charger MeanWell  Tram 14 Ra soat 2026-07-11, file nguon: CLA_IMS","'-07':13 '-11':14 '14':9 '2026':12 '83g7fphf':2 'bo':3,5 'charger':4,6 'cla':17 'file':15 'ims':18 'meanwell':7 'nguon':16 'ra':10 'soat':11 'tb':1 'tram':8",AWOS IMS,SCP-50-12,,,141337b4-f2fa-4438-808f-0d10cfeedb85,,Thiết bị nguồn,CLA,,,,,,,,,,,,,,,,,,,,,,,san_sang,,f024c88e-8702-49c8-a302-15b93f6acb3c,,,,f,TB_CLA_050,6052b1d7-f4f7-4376-8e06-b20635498e81,{},KHONG,,83,he_thong
5efa1ff5-84e4-4b72-bbb2-3811f5e79822,TB_QDQTRHTM,Bộ Charger -UHF,accf1740-4c18-4b9a-895f-59d85ba593b5,,Nguồn AC/DC,MeanWell,,4fbd5536-e530-4f9b-97d3-d194186c33de,d7faf284-1a3a-4e53-9433-8476900a66e7,,,1ce915ed-07e9-4b65-9209-2652ffd9b681,141337b4-f2fa-4438-808f-0d10cfeedb85,Trạm 14,"Ra soat 2026-07-11, file nguon: CLA_IMS",,,,,2026-07-11 09:50:09.894644+00,2026-08-11 04:37:10.204448+00,0e8dbaf8-aa3e-4d9d-bab2-99b08381f6f9,,38e5eeb4-1688-47ea-ac85-5fd68d617ea5,"TB_QDQTRHTM Bo Charger -UHF  Nguon AC/DC MeanWell  Tram 14 Ra soat 2026-07-11, file nguon: CLA_IMS","'-07':14 '-11':15 '14':10 '2026':13 'ac/dc':7 'bo':3 'charger':4 'cla':18 'file':16 'ims':19 'meanwell':8 'nguon':6,17 'qdqtrhtm':2 'ra':11 'soat':12 'tb':1 'tram':9 'uhf':5",AWOS IMS,PSC-100A-C,,,141337b4-f2fa-4438-808f-0d10cfeedb85,,Thiết bị nguồn,CLA,,,,,,,,,,,,,,,,,,,,,,,san_sang,,f024c88e-8702-49c8-a302-15b93f6acb3c,,,,f,TB_CLA_051,1f788dea-eb1c-47ba-9505-1b9eac11eea7,{},KHONG,,83,he_thong
0d16621b-c61e-41d0-acf2-70f334aa51dd,TB_0NP08B8Y,Thiết bị Datalogger,ae03f513-6763-46f8-913d-91a103966947,,Data logger,MicroStep-MIS,,ebc4a136-c5e7-4f7d-abfc-e3ddea655b8c,d7faf284-1a3a-4e53-9433-8476900a66e7,,,1ce915ed-07e9-4b65-9209-2652ffd9b681,46e84da7-5a8b-4a79-aa46-2fb4bae1ff26,AWS-33,"Ra soat 2026-07-11, file nguon: PCA_IMS",,,,,2026-07-11 09:50:09.894644+00,2026-08-11 04:37:10.204448+00,54e09535-2d7f-4319-812f-aee0a4916ed6,,e96be350-6615-441a-91f5-53ad976e91b3,"TB_0NP08B8Y Thiet bi Datalogger  Data logger MicroStep-MIS  AWS-33 Ra soat 2026-07-11, file nguon: PCA_IMS",'-07':16 '-11':17 '-33':12 '0np08b8y':2 '2026':15 'aws':11 'bi':4 'data':6 'datalogger':5 'file':18 'ims':21 'logger':7 'microstep':9 'microstep-mis':8 'mis':10 'nguon':19 'pca':20 'ra':13 'soat':14 'tb':1 'thiet':3,AWOS-IMS,AMS 111 II,,,46e84da7-5a8b-4a79-aa46-2fb4bae1ff26,,Thiết bị thu thập dữ liệu,PCA,,,,,,,,,,,,,,,,,,,,,,,san_sang,,f024c88e-8702-49c8-a302-15b93f6acb3c,,,,f,TB_PCA_013,6ad30d0c-14ff-4388-b6cb-0a55ecf33136,{},KHONG,,83,he_thong
9b60e803-e2b6-4b2d-8cb0-13279b3ec5a6,TB_RV6GFZJD,Modem FSK,ae03f513-6763-46f8-913d-91a103966947,,Modem FSK,MicroStep-MIS,,ebc4a136-c5e7-4f7d-abfc-e3ddea655b8c,d7faf284-1a3a-4e53-9433-8476900a66e7,,,1ce915ed-07e9-4b65-9209-2652ffd9b681,46e84da7-5a8b-4a79-aa46-2fb4bae1ff26,P. THIẾT BỊ,"Ra soat 2026-07-11, file nguon: PCA_IMS",,,,,2026-07-11 09:50:09.894644+00,2026-08-11 04:37:10.204448+00,54e09535-2d7f-4319-812f-aee0a4916ed6,,e96be350-6615-441a-91f5-53ad976e91b3,"TB_RV6GFZJD Modem FSK  Modem FSK MicroStep-MIS  P. THIET BI Ra soat 2026-07-11, file nguon: PCA_IMS","'-07':16 '-11':17 '2026':15 'bi':12 'file':18 'fsk':4,6 'ims':21 'microstep':8 'microstep-mis':7 'mis':9 'modem':3,5 'nguon':19 'p':10 'pca':20 'ra':13 'rv6gfzjd':2 'soat':14 'tb':1 'thiet':11",AWOS-IMS,MD-24R,,,46e84da7-5a8b-4a79-aa46-2fb4bae1ff26,,Truyền dẫn,PCA,,,,,,,,,,,,,,,,,,,,,,,san_sang,,f024c88e-8702-49c8-a302-15b93f6acb3c,,,,f,TB_PCA_020,f4f4c876-3a9c-4345-8eed-58edda93d377,{},KHONG,,83,he_thong
9688a138-9638-4b2c-a7e6-f9db5bc904fc,TB_VGWYW7AP,Nguồn AC/DC,accf1740-4c18-4b9a-895f-59d85ba593b5,,Nguồn AC/DC,MeanWell,,ebc4a136-c5e7-4f7d-abfc-e3ddea655b8c,d7faf284-1a3a-4e53-9433-8476900a66e7,,,1ce915ed-07e9-4b65-9209-2652ffd9b681,46e84da7-5a8b-4a79-aa46-2fb4bae1ff26,P. THIẾT BỊ,"Ra soat 2026-07-11, file nguon: PCA_IMS",,,,,2026-07-11 09:50:09.894644+00,2026-08-11 04:37:10.204448+00,0e8dbaf8-aa3e-4d9d-bab2-99b08381f6f9,,e96be350-6615-441a-91f5-53ad976e91b3,"TB_VGWYW7AP Nguon AC/DC  Nguon AC/DC MeanWell  P. THIET BI Ra soat 2026-07-11, file nguon: PCA_IMS","'-07':14 '-11':15 '2026':13 'ac/dc':4,6 'bi':10 'file':16 'ims':19 'meanwell':7 'nguon':3,5,17 'p':8 'pca':18 'ra':11 'soat':12 'tb':1 'thiet':9 'vgwyw7ap':2",AWOS-IMS,SP-320,,,46e84da7-5a8b-4a79-aa46-2fb4bae1ff26,,Thiết bị nguồn,PCA,,,,,,,,,,,,,,,,,,,,,,,san_sang,,f024c88e-8702-49c8-a302-15b93f6acb3c,,,,f,TB_PCA_021,f8848c63-7cfb-4fdd-b1f8-9b46bde5a6b9,{},KHONG,,83,he_thong
ac4525bc-dcc0-4acf-8abc-87c5e3e0cc03,TB_1WHVNB2X,ModemHub UHF,ae03f513-6763-46f8-913d-91a103966947,2315773375.0,ModemHub UHF,RACOM,,ebc4a136-c5e7-4f7d-abfc-e3ddea655b8c,d7faf284-1a3a-4e53-9433-8476900a66e7,,,1ce915ed-07e9-4b65-9209-2652ffd9b681,46e84da7-5a8b-4a79-aa46-2fb4bae1ff26,P. THIẾT BỊ,"Ra soat 2026-07-11, file nguon: PCA_IMS",,,,,2026-07-11 09:50:09.894644+00,2026-08-11 04:37:10.204448+00,ca029628-203c-4008-b4bc-89b0746a39c6,,e96be350-6615-441a-91f5-53ad976e91b3,"TB_1WHVNB2X ModemHub UHF 2315773375.0 ModemHub UHF RACOM  P. THIET BI Ra soat 2026-07-11, file nguon: PCA_IMS","'-07':15 '-11':16 '1whvnb2x':2 '2026':14 '2315773375.0':5 'bi':11 'file':17 'ims':20 'modemhub':3,6 'nguon':18 'p':9 'pca':19 'ra':12 'racom':8 'soat':13 'tb':1 'thiet':10 'uhf':4,7",AWOS-IMS,RipEX-HS,,,46e84da7-5a8b-4a79-aa46-2fb4bae1ff26,,Truyền dẫn,PCA,,,,,,,,,,,,,,,,,,,,,,,san_sang,,f024c88e-8702-49c8-a302-15b93f6acb3c,,,,f,TB_PCA_028,ed4f344a-ca1c-4564-9f45-b83edc522bad,{},KHONG,,100,he_thong
1995dda1-22cc-4eb0-8af0-ea20713e694c,TB_TCN73H2F,Thiết bị Serial to Ethernet,ae03f513-6763-46f8-913d-91a103966947,,Thiết bị Serial to Ethernet,Moxa,,ebc4a136-c5e7-4f7d-abfc-e3ddea655b8c,d7faf284-1a3a-4e53-9433-8476900a66e7,,,1ce915ed-07e9-4b65-9209-2652ffd9b681,46e84da7-5a8b-4a79-aa46-2fb4bae1ff26,P. THIẾT BỊ,"Ra soat 2026-07-11, file nguon: PCA_IMS",,,,,2026-07-11 09:50:09.894644+00,2026-08-11 04:37:10.204448+00,a5454b1e-b677-4fd8-8494-b4c080de867d,,e96be350-6615-441a-91f5-53ad976e91b3,"TB_TCN73H2F Thiet bi Serial to Ethernet  Thiet bi Serial to Ethernet Moxa  P. THIET BI Ra soat 2026-07-11, file nguon: PCA_IMS","'-07':20 '-11':21 '2026':19 'bi':4,9,16 'ethernet':7,12 'file':22 'ims':25 'moxa':13 'nguon':23 'p':14 'pca':24 'ra':17 'serial':5,10 'soat':18 'tb':1 'tcn73h2f':2 'thiet':3,8,15 'to':6,11",AWOS-IMS,NPort 5650-16,,,46e84da7-5a8b-4a79-aa46-2fb4bae1ff26,,Truyền dẫn,PCA,,,,,,,,,,,,,,,,,,,,,,,san_sang,,f024c88e-8702-49c8-a302-15b93f6acb3c,,,,f,TB_PCA_018,9fbd34c3-1044-49fc-b068-864d19584ac9,{},KHONG,,83,he_thong
5f72bea0-1a21-41c1-951f-7a2fd73a3db4,TB_20ZBVXP4,Cảm biến độ cao trần mây,98c88d39-bf0f-43c7-83a2-ca5d266ba54f,1820,Cảm biến đo độ cao trần mây,Eliasson,,4fbd5536-e530-4f9b-97d3-d194186c33de,d7faf284-1a3a-4e53-9433-8476900a66e7,,,1ce915ed-07e9-4b65-9209-2652ffd9b681,141337b4-f2fa-4438-808f-0d10cfeedb85,Trạm trần mây 14,"Ra soat 2026-07-11, file nguon: CLA_IMS",,,,,2026-07-11 09:50:09.894644+00,2026-08-11 04:37:10.204448+00,719caddc-3d8b-41e3-9748-23158aa46077,,ffd5b794-82b9-4fd3-9057-3579b9140d1d,"TB_20ZBVXP4 Cam bien do cao tran may 1820 Cam bien do do cao tran may Eliasson  Tram tran may 14 Ra soat 2026-07-11, file nguon: CLA_IMS","'-07':25 '-11':26 '14':21 '1820':9 '2026':24 '20zbvxp4':2 'bien':4,11 'cam':3,10 'cao':6,14 'cla':29 'do':5,12,13 'eliasson':17 'file':27 'ims':30 'may':8,16,20 'nguon':28 'ra':22 'soat':23 'tb':1 'tram':18 'tran':7,15,19",AWOS IMS,CBME 80B,,,141337b4-f2fa-4438-808f-0d10cfeedb85,,Cảm biến,CLA,,,,,,,,,,,,,,,,,,,,,,,san_sang,,f024c88e-8702-49c8-a302-15b93f6acb3c,,,,f,TB_CLA_057,cfd09cd2-ac7e-48bd-9bf2-074905687e49,{},KHONG,,100,he_thong
f85e304e-b3e3-42e8-8d06-ab932d7c8fc9,TB_14ZKTVG1,Máy chủ STB,83e7d93e-2f76-4d4f-a6bc-08926383aba1,,Máy chủ MAIN,Dell Technologies,,a0625061-0c6d-4e0b-b438-d696787ad746,d7faf284-1a3a-4e53-9433-8476900a66e7,,,1ce915ed-07e9-4b65-9209-2652ffd9b681,65ac5e26-b0a7-487e-a72d-3f0dfc3facc2,P.TBTT,"Ra soat 2026-07-11, file nguon: BDKT_OPTIMET",,,,,2026-07-11 09:50:09.894644+00,2026-08-11 04:37:10.204448+00,f9bb034d-e32b-4595-b6a6-e5136105dc19,,3b1c9f72-6395-4ad0-a387-c7630195267a,"TB_14ZKTVG1 May chu STB  May chu MAIN Dell Technologies  P.TBTT Ra soat 2026-07-11, file nguon: BDKT_OPTIMET","'-07':15 '-11':16 '14zktvg1':2 '2026':14 'bdkt':19 'chu':4,7 'dell':9 'file':17 'main':8 'may':3,6 'nguon':18 'optimet':20 'p.tbtt':11 'ra':12 'soat':13 'stb':5 'tb':1 'technologies':10",Optimet,T310,,,65ac5e26-b0a7-487e-a72d-3f0dfc3facc2,,Xử lý Trung Tâm,BDKT-KTKT,,,,,,,,,,,,,,,,,,,,,,,san_sang,,f024c88e-8702-49c8-a302-15b93f6acb3c,,,,f,TB_BDKT_KTKT_033,f14edffc-2c14-4ffe-8e81-296563cf39eb,{},KHONG,,83,he_thong
0b576486-f706-4ac1-a724-d1b01cf4f402,TB_HZ6GNRCJ,Thiết bị thu phát vô tuyến,ae03f513-6763-46f8-913d-91a103966947,12154313,Thiết bị thu phát vô tuyến,RACOM,,4fbd5536-e530-4f9b-97d3-d194186c33de,d7faf284-1a3a-4e53-9433-8476900a66e7,,,1ce915ed-07e9-4b65-9209-2652ffd9b681,141337b4-f2fa-4438-808f-0d10cfeedb85,Trạm trần mây 14,"Ra soat 2026-07-11, file nguon: CLA_IMS",,,,,2026-07-11 09:50:09.894644+00,2026-08-11 04:37:10.204448+00,ca029628-203c-4008-b4bc-89b0746a39c6,,ffd5b794-82b9-4fd3-9057-3579b9140d1d,"TB_HZ6GNRCJ Thiet bi thu phat vo tuyen 12154313 Thiet bi thu phat vo tuyen RACOM  Tram tran may 14 Ra soat 2026-07-11, file nguon: CLA_IMS","'-07':24 '-11':25 '12154313':9 '14':20 '2026':23 'bi':4,11 'cla':28 'file':26 'hz6gnrcj':2 'ims':29 'may':19 'nguon':27 'phat':6,13 'ra':21 'racom':16 'soat':22 'tb':1 'thiet':3,10 'thu':5,12 'tram':17 'tran':18 'tuyen':8,15 'vo':7,14",AWOS IMS,RipEX-400S,,,141337b4-f2fa-4438-808f-0d10cfeedb85,,Truyền dẫn,CLA,,,,,,,,,,,,,,,,,,,,,,,san_sang,,f024c88e-8702-49c8-a302-15b93f6acb3c,,,,f,TB_CLA_059,3eacc06c-983c-4140-ae6d-5082edf2fd08,{},KHONG,,100,he_thong
92625dcf-00de-4b56-bbc6-4d0f2845e522,TB_D9KFDHGP,Anten định hướng,ae03f513-6763-46f8-913d-91a103966947,240018010004,Anten định hướng,RCD,,4fbd5536-e530-4f9b-97d3-d194186c33de,d7faf284-1a3a-4e53-9433-8476900a66e7,,,1ce915ed-07e9-4b65-9209-2652ffd9b681,141337b4-f2fa-4438-808f-0d10cfeedb85,Trạm trần mây 14,"Ra soat 2026-07-11, file nguon: CLA_IMS",,,,,2026-07-11 09:50:09.894644+00,2026-08-11 04:37:10.204448+00,e9850c64-0332-4a34-9cfc-676e9b576924,,ffd5b794-82b9-4fd3-9057-3579b9140d1d,"TB_D9KFDHGP Anten dinh huong 240018010004 Anten dinh huong RCD  Tram tran may 14 Ra soat 2026-07-11, file nguon: CLA_IMS","'-07':18 '-11':19 '14':14 '2026':17 '240018010004':6 'anten':3,7 'cla':22 'd9kfdhgp':2 'dinh':4,8 'file':20 'huong':5,9 'ims':23 'may':13 'nguon':21 'ra':15 'rcd':10 'soat':16 'tb':1 'tram':11 'tran':12",AWOS IMS,BD 460A,,,141337b4-f2fa-4438-808f-0d10cfeedb85,,Truyền dẫn,CLA,,,,,,,,,,,,,,,,,,,,,,,san_sang,,f024c88e-8702-49c8-a302-15b93f6acb3c,,,,f,TB_CLA_061,abe2cdf1-d097-464e-af7c-daa5cb12710f,{},KHONG,,100,he_thong
c2398705-b124-4f86-82aa-17e4d9402bb8,TB_W1VW6P1C,"Dell Optiplex 3020. Intel Cor i3 4130, CPU 3.40 Ghz. RAM 4G. HDD 1TB. Hệ điều hành Win 7 Pro, 64 bit",83e7d93e-2f76-4d4f-a6bc-08926383aba1,RDTTD-8GX9K-J2C6Q-PKC9X-8VHGR,Dell OptiPlex 3020,Dell Technologies,,727fa6bc-f62a-4414-bc9c-4c0c0c2b42ff,67a95071-c65d-45cf-831d-95da247fad20,,,1ce915ed-07e9-4b65-9209-2652ffd9b681,581d9350-905f-46da-b45e-c2d8aba4d868,TWR PBA,Vật tư dự phòng: Không; Hỏng hóc: 0 lần; Tình trạng nguồn: Hoạt động bình thường; Đề xuất: Có kế hoạch thay mới do thiết bị quá niên hạn sử dụng; STT nguồn: 5.1; thời gian sử dụng: 12 năm.,,,,,2026-07-12 07:32:01.226977+00,2026-08-11 04:37:10.204448+00,f9bb034d-e32b-4595-b6a6-e5136105dc19,,8d0b92cb-6a62-4fbe-9b51-9399ee0e1843,"TB_W1VW6P1C Dell Optiplex 3020. Intel Cor i3 4130, CPU 3.40 Ghz. RAM 4G. HDD 1TB. He dieu hanh Win 7 Pro, 64 bit RDTTD-8GX9K-J2C6Q-PKC9X-8VHGR Dell OptiPlex 3020 Dell Technologies  TWR PBA Vat tu du phong: Khong; Hong hoc: 0 lan; Tinh trang nguon: Hoat dong binh thuong; De xuat: Co ke hoach thay moi do thiet bi qua nien han su dung; STT nguon: 5.1; thoi gian su dung: 12 nam.","'0':45 '12':76 '1tb':16 '3.40':11 '3020':5,33 '4130':9 '4g':14 '5.1':71 '64':23 '7':21 '8gx9k':27 '8vhgr':30 'bi':63 'binh':52 'bit':24 'co':56 'cor':7 'cpu':10 'de':54 'dell':3,31,34 'dieu':18 'do':61 'dong':51 'du':40 'dung':68,75 'ghz':12 'gian':73 'han':66 'hanh':19 'hdd':15 'he':17 'hoach':58 'hoat':50 'hoc':44 'hong':43 'i3':8 'intel':6 'j2c6q':28 'ke':57 'khong':42 'lan':46 'moi':60 'nam':77 'nguon':49,70 'nien':65 'optiplex':4,32 'pba':37 'phong':41 'pkc9x':29 'pro':22 'qua':64 'ram':13 'rdttd':26 'rdttd-8gx9k-j2c6q-pkc9x-8vhgr':25 'stt':69 'su':67,74 'tb':1 'technologies':35 'thay':59 'thiet':62 'thoi':72 'thuong':53 'tinh':47 'trang':48 'tu':39 'twr':36 'vat':38 'w1vw6p1c':2 'win':20 'xuat':55","Dell Optiplex 3020. Intel Cor i3 4130, CPU 3.40 Ghz. RAM 4G. HDD 1TB. Hệ điều hành Win 7 Pro, 64 bit",,2014,2014,581d9350-905f-46da-b45e-c2d8aba4d868,,,PBA,272/GP-CHK,,,120.000,,,,,,,,,,,,,,,,,,,san_sang,,f024c88e-8702-49c8-a302-15b93f6acb3c,,,,f,DAU_CUOI_AMHS_TOWER,308a6802-a507-4955-85c9-39e6d67a9242,{},KHONG,,100,he_thong
ec9b5194-3ed3-4d5c-a1be-bec5cde2b268,TB_NVVHP2G9,Ắc quy dự phòng,accf1740-4c18-4b9a-895f-59d85ba593b5,,Ắc quy dự phòng,Vision,,4fbd5536-e530-4f9b-97d3-d194186c33de,d7faf284-1a3a-4e53-9433-8476900a66e7,,,1ce915ed-07e9-4b65-9209-2652ffd9b681,141337b4-f2fa-4438-808f-0d10cfeedb85,Trạm trần mây 14,"Ra soat 2026-07-11, file nguon: CLA_IMS",,,,,2026-07-11 09:50:09.894644+00,2026-08-11 04:37:10.204448+00,a61534a7-d3f8-4f25-9809-6973b60e86cf,,ffd5b794-82b9-4fd3-9057-3579b9140d1d,"TB_NVVHP2G9 Ac quy du phong  Ac quy du phong Vision  Tram tran may 14 Ra soat 2026-07-11, file nguon: CLA_IMS","'-07':19 '-11':20 '14':15 '2026':18 'ac':3,7 'cla':23 'du':5,9 'file':21 'ims':24 'may':14 'nguon':22 'nvvhp2g9':2 'phong':6,10 'quy':4,8 'ra':16 'soat':17 'tb':1 'tram':12 'tran':13 'vision':11",AWOS IMS,CP1290,,,141337b4-f2fa-4438-808f-0d10cfeedb85,,Thiết bị nguồn,CLA,,,,,,,,,,,,,,,,,,,,,,,san_sang,,f024c88e-8702-49c8-a302-15b93f6acb3c,,,,f,TB_CLA_062,843f0def-25bf-43df-8fc4-7bae70240810,{},KHONG,,83,he_thong
d458207e-afb0-49bc-bb5a-7d18d6a61eb1,TB_N8E8EF13,Bộ Charger,accf1740-4c18-4b9a-895f-59d85ba593b5,,Nguồn AC/DC,MeanWell,,4fbd5536-e530-4f9b-97d3-d194186c33de,d7faf284-1a3a-4e53-9433-8476900a66e7,,,1ce915ed-07e9-4b65-9209-2652ffd9b681,141337b4-f2fa-4438-808f-0d10cfeedb85,Trạm trần mây 14,"Ra soat 2026-07-11, file nguon: CLA_IMS",,,,,2026-07-11 09:50:09.894644+00,2026-08-11 04:37:10.204448+00,0e8dbaf8-aa3e-4d9d-bab2-99b08381f6f9,,ffd5b794-82b9-4fd3-9057-3579b9140d1d,"TB_N8E8EF13 Bo Charger  Nguon AC/DC MeanWell  Tram tran may 14 Ra soat 2026-07-11, file nguon: CLA_IMS","'-07':15 '-11':16 '14':11 '2026':14 'ac/dc':6 'bo':3 'charger':4 'cla':19 'file':17 'ims':20 'may':10 'meanwell':7 'n8e8ef13':2 'nguon':5,18 'ra':12 'soat':13 'tb':1 'tram':8 'tran':9",AWOS IMS,PSC-100A-C,,,141337b4-f2fa-4438-808f-0d10cfeedb85,,Thiết bị nguồn,CLA,,,,,,,,,,,,,,,,,,,,,,,san_sang,,f024c88e-8702-49c8-a302-15b93f6acb3c,,,,f,TB_CLA_063,1f788dea-eb1c-47ba-9505-1b9eac11eea7,{},KHONG,,83,he_thong
b8b69cd8-74c3-4811-a4f5-bd5f72bc3627,TB_GR7KSQEX,Bộ Charger,accf1740-4c18-4b9a-895f-59d85ba593b5,,Bộ chuyển đổi AC/DC,MeanWell,,4fbd5536-e530-4f9b-97d3-d194186c33de,d7faf284-1a3a-4e53-9433-8476900a66e7,,,1ce915ed-07e9-4b65-9209-2652ffd9b681,141337b4-f2fa-4438-808f-0d10cfeedb85,Trạm trần mây 14,"Ra soat 2026-07-11, file nguon: CLA_IMS",,,,,2026-07-11 09:50:09.894644+00,2026-08-11 04:37:10.204448+00,0e8dbaf8-aa3e-4d9d-bab2-99b08381f6f9,,ffd5b794-82b9-4fd3-9057-3579b9140d1d,"TB_GR7KSQEX Bo Charger  Bo chuyen doi AC/DC MeanWell  Tram tran may 14 Ra soat 2026-07-11, file nguon: CLA_IMS","'-07':17 '-11':18 '14':13 '2026':16 'ac/dc':8 'bo':3,5 'charger':4 'chuyen':6 'cla':21 'doi':7 'file':19 'gr7ksqex':2 'ims':22 'may':12 'meanwell':9 'nguon':20 'ra':14 'soat':15 'tb':1 'tram':10 'tran':11",AWOS IMS,AD-155A,,,141337b4-f2fa-4438-808f-0d10cfeedb85,,Thiết bị nguồn,CLA,,,,,,,,,,,,,,,,,,,,,,,san_sang,,f024c88e-8702-49c8-a302-15b93f6acb3c,,,,f,TB_CLA_064,c4920869-42f0-4b89-bdde-2a905c24a4af,{},KHONG,,83,he_thong
5432ba4b-421c-4a47-8074-2c79f860940f,TB_9JT3DRGR,Modem UHF,ae03f513-6763-46f8-913d-91a103966947,12306313.0,Modem UHF,RACOM,,ebc4a136-c5e7-4f7d-abfc-e3ddea655b8c,d7faf284-1a3a-4e53-9433-8476900a66e7,,,1ce915ed-07e9-4b65-9209-2652ffd9b681,46e84da7-5a8b-4a79-aa46-2fb4bae1ff26,P. THIẾT BỊ,"Ra soat 2026-07-11, file nguon: PCA_IMS",,,,,2026-07-11 09:50:09.894644+00,2026-08-11 04:37:10.204448+00,ca029628-203c-4008-b4bc-89b0746a39c6,,e96be350-6615-441a-91f5-53ad976e91b3,"TB_9JT3DRGR Modem UHF 12306313.0 Modem UHF RACOM  P. THIET BI Ra soat 2026-07-11, file nguon: PCA_IMS","'-07':15 '-11':16 '12306313.0':5 '2026':14 '9jt3drgr':2 'bi':11 'file':17 'ims':20 'modem':3,6 'nguon':18 'p':9 'pca':19 'ra':12 'racom':8 'soat':13 'tb':1 'thiet':10 'uhf':4,7",AWOS-IMS,RipEX-400,,,46e84da7-5a8b-4a79-aa46-2fb4bae1ff26,,Truyền dẫn,PCA,,,,,,,,,,,,,,,,,,,,,,,san_sang,,f024c88e-8702-49c8-a302-15b93f6acb3c,,,,f,TB_PCA_029,81a989f9-0432-42d5-b017-0fb5d6d37d41,{},KHONG,,100,he_thong
d58ca06d-58c9-4f74-b71b-8ca82b124e5a,TB_9JK88874,Modem UHF,ae03f513-6763-46f8-913d-91a103966947,12294313.0,Modem UHF,RACOM,,ebc4a136-c5e7-4f7d-abfc-e3ddea655b8c,d7faf284-1a3a-4e53-9433-8476900a66e7,,,1ce915ed-07e9-4b65-9209-2652ffd9b681,46e84da7-5a8b-4a79-aa46-2fb4bae1ff26,P. THIẾT BỊ,"Ra soat 2026-07-11, file nguon: PCA_IMS",,,,,2026-07-11 09:50:09.894644+00,2026-08-11 04:37:10.204448+00,ca029628-203c-4008-b4bc-89b0746a39c6,,e96be350-6615-441a-91f5-53ad976e91b3,"TB_9JK88874 Modem UHF 12294313.0 Modem UHF RACOM  P. THIET BI Ra soat 2026-07-11, file nguon: PCA_IMS","'-07':15 '-11':16 '12294313.0':5 '2026':14 '9jk88874':2 'bi':11 'file':17 'ims':20 'modem':3,6 'nguon':18 'p':9 'pca':19 'ra':12 'racom':8 'soat':13 'tb':1 'thiet':10 'uhf':4,7",AWOS-IMS,RipEX-400,,,46e84da7-5a8b-4a79-aa46-2fb4bae1ff26,,Truyền dẫn,PCA,,,,,,,,,,,,,,,,,,,,,,,san_sang,,f024c88e-8702-49c8-a302-15b93f6acb3c,,,,f,TB_PCA_030,81a989f9-0432-42d5-b017-0fb5d6d37d41,{},KHONG,,100,he_thong
b07a9c64-9f0a-4e3c-867e-8aac6a3ab452,TB_6MYC1T7M,Nguồn AC/DC,accf1740-4c18-4b9a-895f-59d85ba593b5,,Bộ chuyển đổi AC/DC,MeanWell,,ebc4a136-c5e7-4f7d-abfc-e3ddea655b8c,d7faf284-1a3a-4e53-9433-8476900a66e7,,,1ce915ed-07e9-4b65-9209-2652ffd9b681,46e84da7-5a8b-4a79-aa46-2fb4bae1ff26,CEILO-33,"Ra soat 2026-07-11, file nguon: PCA_IMS",,,,,2026-07-11 09:50:09.894644+00,2026-08-11 04:37:10.204448+00,0e8dbaf8-aa3e-4d9d-bab2-99b08381f6f9,,e96be350-6615-441a-91f5-53ad976e91b3,"TB_6MYC1T7M Nguon AC/DC  Bo chuyen doi AC/DC MeanWell  CEILO-33 Ra soat 2026-07-11, file nguon: PCA_IMS","'-07':15 '-11':16 '-33':11 '2026':14 '6myc1t7m':2 'ac/dc':4,8 'bo':5 'ceilo':10 'chuyen':6 'doi':7 'file':17 'ims':20 'meanwell':9 'nguon':3,18 'pca':19 'ra':12 'soat':13 'tb':1",AWOS-IMS,AD-155A,,,46e84da7-5a8b-4a79-aa46-2fb4bae1ff26,,Thiết bị nguồn,PCA,,,,,,,,,,,,,,,,,,,,,,,san_sang,,f024c88e-8702-49c8-a302-15b93f6acb3c,,,,f,TB_PCA_044,c4920869-42f0-4b89-bdde-2a905c24a4af,{},KHONG,,83,he_thong
4025f69d-a9c8-41ee-a200-6098ee77335a,TB_X2M4MZVF,Thiết bị thu phát vô tuyến,ae03f513-6763-46f8-913d-91a103966947,12360313,Thiết bị thu phát vô tuyến,RACOM,,4fbd5536-e530-4f9b-97d3-d194186c33de,d7faf284-1a3a-4e53-9433-8476900a66e7,,,1ce915ed-07e9-4b65-9209-2652ffd9b681,141337b4-f2fa-4438-808f-0d10cfeedb85,PTB Đài KSKL CHU LAI,"Ra soat 2026-07-11, file nguon: CLA_IMS",,,,,2026-07-11 09:50:09.894644+00,2026-08-11 04:37:10.204448+00,ca029628-203c-4008-b4bc-89b0746a39c6,,86ab1273-d507-4143-8f2d-b2e86dd8cf01,"TB_X2M4MZVF Thiet bi thu phat vo tuyen 12360313 Thiet bi thu phat vo tuyen RACOM  PTB Dai KSKL CHU LAI Ra soat 2026-07-11, file nguon: CLA_IMS","'-07':25 '-11':26 '12360313':9 '2026':24 'bi':4,11 'chu':20 'cla':29 'dai':18 'file':27 'ims':30 'kskl':19 'lai':21 'nguon':28 'phat':6,13 'ptb':17 'ra':22 'racom':16 'soat':23 'tb':1 'thiet':3,10 'thu':5,12 'tuyen':8,15 'vo':7,14 'x2m4mzvf':2",AWOS IMS,RipEX-400S,,,141337b4-f2fa-4438-808f-0d10cfeedb85,,Truyền dẫn,CLA,,,,,,,,,,,,,,,,,,,,,,,san_sang,,f024c88e-8702-49c8-a302-15b93f6acb3c,,,,f,TB_CLA_075,3eacc06c-983c-4140-ae6d-5082edf2fd08,{},KHONG,,100,he_thong
a8209ee3-1122-429c-8e59-46df2ba5fb84,TB_4R0371D7,Thiết bị thu phát vô tuyến,ae03f513-6763-46f8-913d-91a103966947,12458313,Thiết bị thu phát vô tuyến,RACOM,,4fbd5536-e530-4f9b-97d3-d194186c33de,d7faf284-1a3a-4e53-9433-8476900a66e7,,,1ce915ed-07e9-4b65-9209-2652ffd9b681,141337b4-f2fa-4438-808f-0d10cfeedb85,PTB Đài KSKL CHU LAI,"Ra soat 2026-07-11, file nguon: CLA_IMS",,,,,2026-07-11 09:50:09.894644+00,2026-08-11 04:37:10.204448+00,ca029628-203c-4008-b4bc-89b0746a39c6,,86ab1273-d507-4143-8f2d-b2e86dd8cf01,"TB_4R0371D7 Thiet bi thu phat vo tuyen 12458313 Thiet bi thu phat vo tuyen RACOM  PTB Dai KSKL CHU LAI Ra soat 2026-07-11, file nguon: CLA_IMS","'-07':25 '-11':26 '12458313':9 '2026':24 '4r0371d7':2 'bi':4,11 'chu':20 'cla':29 'dai':18 'file':27 'ims':30 'kskl':19 'lai':21 'nguon':28 'phat':6,13 'ptb':17 'ra':22 'racom':16 'soat':23 'tb':1 'thiet':3,10 'thu':5,12 'tuyen':8,15 'vo':7,14",AWOS IMS,RipEX-400S,,,141337b4-f2fa-4438-808f-0d10cfeedb85,,Truyền dẫn,CLA,,,,,,,,,,,,,,,,,,,,,,,san_sang,,f024c88e-8702-49c8-a302-15b93f6acb3c,,,,f,TB_CLA_076,3eacc06c-983c-4140-ae6d-5082edf2fd08,{},KHONG,,100,he_thong
d9aa6be5-939e-42bc-8116-823cf0b0e647,TB_Q4Q8N0D8,Modem FSK,ae03f513-6763-46f8-913d-91a103966947,,Modem FSK,MicroStep-MIS,,ebc4a136-c5e7-4f7d-abfc-e3ddea655b8c,d7faf284-1a3a-4e53-9433-8476900a66e7,,,1ce915ed-07e9-4b65-9209-2652ffd9b681,46e84da7-5a8b-4a79-aa46-2fb4bae1ff26,TST-33,"Ra soat 2026-07-11, file nguon: PCA_IMS",,,,,2026-07-11 09:50:09.894644+00,2026-08-11 04:37:10.204448+00,54e09535-2d7f-4319-812f-aee0a4916ed6,,e96be350-6615-441a-91f5-53ad976e91b3,"TB_Q4Q8N0D8 Modem FSK  Modem FSK MicroStep-MIS  TST-33 Ra soat 2026-07-11, file nguon: PCA_IMS","'-07':15 '-11':16 '-33':11 '2026':14 'file':17 'fsk':4,6 'ims':20 'microstep':8 'microstep-mis':7 'mis':9 'modem':3,5 'nguon':18 'pca':19 'q4q8n0d8':2 'ra':12 'soat':13 'tb':1 'tst':10",AWOS-IMS,MD-24,,,46e84da7-5a8b-4a79-aa46-2fb4bae1ff26,,Truyền dẫn,PCA,,,,,,,,,,,,,,,,,,,,,,,san_sang,,f024c88e-8702-49c8-a302-15b93f6acb3c,,,,f,TB_PCA_058,3658c79e-931c-404f-9f8d-294831ab6951,{},KHONG,,83,he_thong
199aed99-4028-4ec5-b5e0-ea6e57315b28,TB_MKWKD7RW,Cắt lọc sét nguồn AC,660f73b4-1975-4bde-8c87-810a23ef6e2c,,Cắt sét nguồn 220VAC -  UHF,Schneider,,a0625061-0c6d-4e0b-b438-d696787ad746,d7faf284-1a3a-4e53-9433-8476900a66e7,,,1ce915ed-07e9-4b65-9209-2652ffd9b681,65ac5e26-b0a7-487e-a72d-3f0dfc3facc2,Trạm 17,"Ra soat 2026-07-11, file nguon: BDKT_OPTIMET",,,,,2026-07-11 09:50:09.894644+00,2026-08-11 04:37:10.204448+00,1dfd07b4-a9da-41a0-aa04-7b64b3f5862e,,7edb2f00-60da-46ad-8aed-873d4708393d,"TB_MKWKD7RW Cat loc set nguon AC  Cat set nguon 220VAC -  UHF Schneider  Tram 17 Ra soat 2026-07-11, file nguon: BDKT_OPTIMET","'-07':19 '-11':20 '17':15 '2026':18 '220vac':11 'ac':7 'bdkt':23 'cat':3,8 'file':21 'loc':4 'mkwkd7rw':2 'nguon':6,10,22 'optimet':24 'ra':16 'schneider':13 'set':5,9 'soat':17 'tb':1 'tram':14 'uhf':12",Optimet,A9L15692,,,65ac5e26-b0a7-487e-a72d-3f0dfc3facc2,,Cắt lọc sét,BDKT-KTKT,,,,,,,,,,,,,,,,,,,,,,,san_sang,,f024c88e-8702-49c8-a302-15b93f6acb3c,,,,f,TB_BDKT_KTKT_073,302ce695-41d5-4dc0-806f-915b1e489689,{},KHONG,,83,he_thong
0b63ce25-8f17-423f-b59a-2a02e5cf6630,TB_M1RK23XQ,Thiết bị chuyển mạch,ae03f513-6763-46f8-913d-91a103966947,DNI214004U1,Switch Cisco 24 port,Cisco,,4fbd5536-e530-4f9b-97d3-d194186c33de,d7faf284-1a3a-4e53-9433-8476900a66e7,,,1ce915ed-07e9-4b65-9209-2652ffd9b681,141337b4-f2fa-4438-808f-0d10cfeedb85,PTB Đài KSKL CHU LAI,"Ra soat 2026-07-11, file nguon: CLA_IMS",,,,,2026-07-11 09:50:09.894644+00,2026-08-11 04:37:10.204448+00,ce41dcc3-9d54-4a7b-99fd-5a4a97a95447,,86ab1273-d507-4143-8f2d-b2e86dd8cf01,"TB_M1RK23XQ Thiet bi chuyen mach DNI214004U1 Switch Cisco 24 port Cisco  PTB Dai KSKL CHU LAI Ra soat 2026-07-11, file nguon: CLA_IMS","'-07':21 '-11':22 '2026':20 '24':10 'bi':4 'chu':16 'chuyen':5 'cisco':9,12 'cla':25 'dai':14 'dni214004u1':7 'file':23 'ims':26 'kskl':15 'lai':17 'm1rk23xq':2 'mach':6 'nguon':24 'port':11 'ptb':13 'ra':18 'soat':19 'switch':8 'tb':1 'thiet':3",AWOS IMS,Catalyst3650,,,141337b4-f2fa-4438-808f-0d10cfeedb85,,Truyền dẫn,CLA,,,,,,,,,,,,,,,,,,,,,,,san_sang,,f024c88e-8702-49c8-a302-15b93f6acb3c,,,,f,TB_CLA_074,af357e58-222a-412c-b684-486467fc9cc3,{},KHONG,,100,he_thong
96276e34-c728-46a3-8843-d7c8e650d1a3,TB_GR0QJ65B,Cảm biến đo hướng và đo tốc độ gió,98c88d39-bf0f-43c7-83a2-ca5d266ba54f,2302004,Cảm biến gió,Gill,,4fbd5536-e530-4f9b-97d3-d194186c33de,d7faf284-1a3a-4e53-9433-8476900a66e7,,,1ce915ed-07e9-4b65-9209-2652ffd9b681,141337b4-f2fa-4438-808f-0d10cfeedb85,Trạm khí tượng 32,"Ra soat 2026-07-11, file nguon: CLA_IMS",,,,,2026-07-11 09:50:09.894644+00,2026-08-11 04:37:10.204448+00,8a078690-3935-478c-9d8c-92ed4818430f,,f099f53a-5ef4-4039-ba41-1ea298f0ae5d,"TB_GR0QJ65B Cam bien do huong va do toc do gio 2302004 Cam bien gio Gill  Tram khi tuong 32 Ra soat 2026-07-11, file nguon: CLA_IMS","'-07':24 '-11':25 '2026':23 '2302004':12 '32':20 'bien':4,14 'cam':3,13 'cla':28 'do':5,8,10 'file':26 'gill':16 'gio':11,15 'gr0qj65b':2 'huong':6 'ims':29 'khi':18 'nguon':27 'ra':21 'soat':22 'tb':1 'toc':9 'tram':17 'tuong':19 'va':7",THIẾT BỊ QUAN TRẮC THÔNG DỤNG,WindObserver 65,,,141337b4-f2fa-4438-808f-0d10cfeedb85,,Cảm biến,CLA,,,,,,,,,,,,,,,,,,,,,,,san_sang,,f024c88e-8702-49c8-a302-15b93f6acb3c,,,,f,TB_CLA_084,26238491-8211-4127-8438-897dfe275830,{},KHONG,,100,he_thong
b0c09e44-58ae-4aa3-8679-1f1294fd2aee,TB_ECYV7H25,Anten đa hướng,ae03f513-6763-46f8-913d-91a103966947,240101020008,Anten đa hướng,RCD,,4fbd5536-e530-4f9b-97d3-d194186c33de,d7faf284-1a3a-4e53-9433-8476900a66e7,,,1ce915ed-07e9-4b65-9209-2652ffd9b681,141337b4-f2fa-4438-808f-0d10cfeedb85,TWR Đài KSKL CHU LAI,"Ra soat 2026-07-11, file nguon: CLA_IMS",,,,,2026-07-11 09:50:09.894644+00,2026-08-11 04:37:10.204448+00,e9850c64-0332-4a34-9cfc-676e9b576924,,5be98ba1-d22c-4739-aa55-9c8815e26c7c,"TB_ECYV7H25 Anten da huong 240101020008 Anten da huong RCD  TWR Dai KSKL CHU LAI Ra soat 2026-07-11, file nguon: CLA_IMS","'-07':19 '-11':20 '2026':18 '240101020008':6 'anten':3,7 'chu':14 'cla':23 'da':4,8 'dai':12 'ecyv7h25':2 'file':21 'huong':5,9 'ims':24 'kskl':13 'lai':15 'nguon':22 'ra':16 'rcd':10 'soat':17 'tb':1 'twr':11",AWOS IMS,BO 400,,,141337b4-f2fa-4438-808f-0d10cfeedb85,,Truyền dẫn,CLA,,,,,,,,,,,,,,,,,,,,,,,san_sang,,f024c88e-8702-49c8-a302-15b93f6acb3c,,,,f,TB_CLA_079,a4717263-f0ea-4dbf-aaf9-0e7988d6144d,{},KHONG,,100,he_thong
8000ff57-f2b1-4721-a2ab-1b6d608283d7,TB_READXY3J,Đo nhiệt độ - độ ẩm - khí áp,98c88d39-bf0f-43c7-83a2-ca5d266ba54f,09230017,Cảm biến đo nhiệt độ Thies 1.1006.54.080,Thies Clima,,4fbd5536-e530-4f9b-97d3-d194186c33de,d7faf284-1a3a-4e53-9433-8476900a66e7,,,1ce915ed-07e9-4b65-9209-2652ffd9b681,141337b4-f2fa-4438-808f-0d10cfeedb85,Phòng MET - Đài KSKL CHU LAI,"Ra soat 2026-07-11, file nguon: CLA_IMS",,,,,2026-07-11 09:50:09.894644+00,2026-08-11 04:37:10.204448+00,f0c86184-a2a8-4ba2-b3e2-87283fbcf190,,9a6b88fa-8dcb-422b-9b9e-a029e372a564,"TB_READXY3J Do nhiet do - do am - khi ap 09230017 Cam bien do nhiet do Thies 1.1006.54.080 Thies Clima  Phong MET - Dai KSKL CHU LAI Ra soat 2026-07-11, file nguon: CLA_IMS","'-07':29 '-11':30 '09230017':10 '1.1006.54.080':17 '2026':28 'am':7 'ap':9 'bien':12 'cam':11 'chu':24 'cla':33 'clima':19 'dai':22 'do':3,5,6,13,15 'file':31 'ims':34 'khi':8 'kskl':23 'lai':25 'met':21 'nguon':32 'nhiet':4,14 'phong':20 'ra':26 'readxy3j':2 'soat':27 'tb':1 'thies':16,18",THIẾT BỊ QUAN TRẮC THÔNG DỤNG,1.1006.54.080,,,141337b4-f2fa-4438-808f-0d10cfeedb85,,Cảm biến,CLA,,,,,,,,,,,,,,,,,,,,,,,san_sang,,f024c88e-8702-49c8-a302-15b93f6acb3c,,,,f,TB_CLA_087,5eb8f669-8af7-4cf8-872b-1c9b3a98f491,{},KHONG,,100,he_thong
d0669518-9041-4dd8-86f4-7e26bfa1f552,TB_BKA5P0H5,Đo nhiệt độ độ ẩm,98c88d39-bf0f-43c7-83a2-ca5d266ba54f,,Đo nhiệt độ độ ẩm,,,4fbd5536-e530-4f9b-97d3-d194186c33de,d7faf284-1a3a-4e53-9433-8476900a66e7,,,1ce915ed-07e9-4b65-9209-2652ffd9b681,141337b4-f2fa-4438-808f-0d10cfeedb85,Lều khí tượng - Đài KSKL CHU LAI,"Ra soat 2026-07-11, file nguon: CLA_IMS",,,,,2026-07-11 09:50:09.894644+00,2026-08-11 04:37:10.204448+00,,,a8c4b2b6-ebfe-403b-827c-e0d8f6beac9e,"TB_BKA5P0H5 Do nhiet do do am  Do nhiet do do am   Leu khi tuong - Dai KSKL CHU LAI Ra soat 2026-07-11, file nguon: CLA_IMS","'-07':23 '-11':24 '2026':22 'am':7,12 'bka5p0h5':2 'chu':18 'cla':27 'dai':16 'do':3,5,6,8,10,11 'file':25 'ims':28 'khi':14 'kskl':17 'lai':19 'leu':13 'nguon':26 'nhiet':4,9 'ra':20 'soat':21 'tb':1 'tuong':15",THIẾT BỊ QUAN TRẮC THÔNG DỤNG,WQG - 11,,,141337b4-f2fa-4438-808f-0d10cfeedb85,,Cảm biến,CLA,,,,,,,,,,,,,,,,,,,,,,,san_sang,,f024c88e-8702-49c8-a302-15b93f6acb3c,,,,f,TB_CLA_086,7d577744-81e3-42f3-b793-9e39642a300a,{},KHONG,,83,he_thong
4adf69a1-a897-4b2e-acd6-0c1214b8abdb,TB_93Z8SCW2,Modem FSK,ae03f513-6763-46f8-913d-91a103966947,,Modem FSK,MicroStep-MIS,,ebc4a136-c5e7-4f7d-abfc-e3ddea655b8c,d7faf284-1a3a-4e53-9433-8476900a66e7,,,1ce915ed-07e9-4b65-9209-2652ffd9b681,46e84da7-5a8b-4a79-aa46-2fb4bae1ff26,UHF-CEILO-33,"Ra soat 2026-07-11, file nguon: PCA_IMS",,,,,2026-07-11 09:50:09.894644+00,2026-08-11 04:37:10.204448+00,54e09535-2d7f-4319-812f-aee0a4916ed6,,e96be350-6615-441a-91f5-53ad976e91b3,"TB_93Z8SCW2 Modem FSK  Modem FSK MicroStep-MIS  UHF-CEILO-33 Ra soat 2026-07-11, file nguon: PCA_IMS","'-07':17 '-11':18 '2026':16 '33':13 '93z8scw2':2 'ceilo':12 'file':19 'fsk':4,6 'ims':22 'microstep':8 'microstep-mis':7 'mis':9 'modem':3,5 'nguon':20 'pca':21 'ra':14 'soat':15 'tb':1 'uhf':11 'uhf-ceilo':10",AWOS-IMS,MD-24,,,46e84da7-5a8b-4a79-aa46-2fb4bae1ff26,,Truyền dẫn,PCA,,,,,,,,,,,,,,,,,,,,,,,san_sang,,f024c88e-8702-49c8-a302-15b93f6acb3c,,,,f,TB_PCA_059,3658c79e-931c-404f-9f8d-294831ab6951,{},KHONG,,83,he_thong
07409290-5adc-494b-83b3-4aac887154f2,TB_XQV3ZJXQ,Cắt lọc sét nguồn AC,660f73b4-1975-4bde-8c87-810a23ef6e2c,,Cắt lọc sét nguồn AC - Tủ thiết bị,Schneider,,a0625061-0c6d-4e0b-b438-d696787ad746,d7faf284-1a3a-4e53-9433-8476900a66e7,,,1ce915ed-07e9-4b65-9209-2652ffd9b681,65ac5e26-b0a7-487e-a72d-3f0dfc3facc2,CEILO 35,"Ra soat 2026-07-11, file nguon: BDKT_OPTIMET",,,,,2026-07-11 09:50:09.894644+00,2026-08-11 04:37:10.204448+00,1dfd07b4-a9da-41a0-aa04-7b64b3f5862e,,e96be350-6615-441a-91f5-53ad976e91b3,"TB_XQV3ZJXQ Cat loc set nguon AC  Cat loc set nguon AC - Tu thiet bi Schneider  CEILO 35 Ra soat 2026-07-11, file nguon: BDKT_OPTIMET","'-07':22 '-11':23 '2026':21 '35':18 'ac':7,12 'bdkt':26 'bi':15 'cat':3,8 'ceilo':17 'file':24 'loc':4,9 'nguon':6,11,25 'optimet':27 'ra':19 'schneider':16 'set':5,10 'soat':20 'tb':1 'thiet':14 'tu':13 'xqv3zjxq':2",Optimet,EZ9L33620,,,65ac5e26-b0a7-487e-a72d-3f0dfc3facc2,,Cắt lọc sét,BDKT-KTKT,,,,,,,,,,,,,,,,,,,,,,,san_sang,,f024c88e-8702-49c8-a302-15b93f6acb3c,,,,f,TB_BDKT_KTKT_059,459c5424-4a64-4375-88c7-70d7c822477a,{},KHONG,,83,he_thong
aadb2cf1-d3af-4ee4-9db3-09cff1f3eebc,TB_J9T8ENBE,Chống sét tín hiệu RS232(X3),660f73b4-1975-4bde-8c87-810a23ef6e2c,,Chống sét đường tín hiệu,AT3W,,ebc4a136-c5e7-4f7d-abfc-e3ddea655b8c,d7faf284-1a3a-4e53-9433-8476900a66e7,,,1ce915ed-07e9-4b65-9209-2652ffd9b681,46e84da7-5a8b-4a79-aa46-2fb4bae1ff26,QUANG-15,"Ra soat 2026-07-11, file nguon: PCA_IMS",,,,,2026-07-11 09:50:09.894644+00,2026-08-11 04:37:10.204448+00,9d09c5d7-4aa9-40a6-b47b-4e1899c9956f,,e96be350-6615-441a-91f5-53ad976e91b3,"TB_J9T8ENBE Chong set tin hieu RS232(X3)  Chong set duong tin hieu AT3W  QUANG-15 Ra soat 2026-07-11, file nguon: PCA_IMS","'-07':20 '-11':21 '-15':16 '2026':19 'at3w':14 'chong':3,9 'duong':11 'file':22 'hieu':6,13 'ims':25 'j9t8enbe':2 'nguon':23 'pca':24 'quang':15 'ra':17 'rs232':7 'set':4,10 'soat':18 'tb':1 'tin':5,12 'x3':8",AWOS-IMS,AT-2300,,,46e84da7-5a8b-4a79-aa46-2fb4bae1ff26,,Cắt lọc sét,PCA,,,,,,,,,,,,,,,,,,,,,,,san_sang,,f024c88e-8702-49c8-a302-15b93f6acb3c,,,,f,TB_PCA_060,0afefb1d-ad24-474a-9810-5e665bc08366,{},KHONG,,83,he_thong
3af8d2f1-7b1d-4ce7-9d1b-03adc09d2f65,TB_4539NCWW,Nguồn AC/DC,accf1740-4c18-4b9a-895f-59d85ba593b5,,Nguồn AC/DC,MeanWell,,ebc4a136-c5e7-4f7d-abfc-e3ddea655b8c,d7faf284-1a3a-4e53-9433-8476900a66e7,,,1ce915ed-07e9-4b65-9209-2652ffd9b681,46e84da7-5a8b-4a79-aa46-2fb4bae1ff26,QUANG-CEILO-33,"Ra soat 2026-07-11, file nguon: PCA_IMS",,,,,2026-07-11 09:50:09.894644+00,2026-08-11 04:37:10.204448+00,0e8dbaf8-aa3e-4d9d-bab2-99b08381f6f9,,e96be350-6615-441a-91f5-53ad976e91b3,"TB_4539NCWW Nguon AC/DC  Nguon AC/DC MeanWell  QUANG-CEILO-33 Ra soat 2026-07-11, file nguon: PCA_IMS","'-07':15 '-11':16 '2026':14 '33':11 '4539ncww':2 'ac/dc':4,6 'ceilo':10 'file':17 'ims':20 'meanwell':7 'nguon':3,5,18 'pca':19 'quang':9 'quang-ceilo':8 'ra':12 'soat':13 'tb':1",AWOS-IMS,DRC-100A,,,46e84da7-5a8b-4a79-aa46-2fb4bae1ff26,,Thiết bị nguồn,PCA,,,,,,,,,,,,,,,,,,,,,,,san_sang,,f024c88e-8702-49c8-a302-15b93f6acb3c,,,,f,TB_PCA_068,c939fdc4-38ff-4b16-a7cd-5cf428b638f7,{},KHONG,,83,he_thong
78a0bae7-1f34-4105-b90e-8dfd17389b14,TB_C1Y88HG9,Chống sét đường tín hiệu,660f73b4-1975-4bde-8c87-810a23ef6e2c,,Chống sét đường tín hiệu,Citel,,ebc4a136-c5e7-4f7d-abfc-e3ddea655b8c,d7faf284-1a3a-4e53-9433-8476900a66e7,,,1ce915ed-07e9-4b65-9209-2652ffd9b681,46e84da7-5a8b-4a79-aa46-2fb4bae1ff26,QUANG-15,"Ra soat 2026-07-11, file nguon: PCA_IMS",,,,,2026-07-11 09:50:09.894644+00,2026-08-11 04:37:10.204448+00,80666d25-731c-4de5-8d64-08488037258a,,e96be350-6615-441a-91f5-53ad976e91b3,"TB_C1Y88HG9 Chong set duong tin hieu  Chong set duong tin hieu Citel  QUANG-15 Ra soat 2026-07-11, file nguon: PCA_IMS","'-07':19 '-11':20 '-15':15 '2026':18 'c1y88hg9':2 'chong':3,8 'citel':13 'duong':5,10 'file':21 'hieu':7,12 'ims':24 'nguon':22 'pca':23 'quang':14 'ra':16 'set':4,9 'soat':17 'tb':1 'tin':6,11",AWOS-IMS,MJ8-CAT6S,,,46e84da7-5a8b-4a79-aa46-2fb4bae1ff26,,Cắt lọc sét,PCA,,,,,,,,,,,,,,,,,,,,,,,san_sang,,f024c88e-8702-49c8-a302-15b93f6acb3c,,,,f,TB_PCA_076,ba74d20d-d098-44e2-83cd-f00d56936bc4,{},KHONG,,83,he_thong
b9db110a-99cc-419d-a496-03cdb0ee8761,TB_35X8Y5AF,Chống sét RF,660f73b4-1975-4bde-8c87-810a23ef6e2c,,Chống sét RF,Citel,,a0625061-0c6d-4e0b-b438-d696787ad746,d7faf284-1a3a-4e53-9433-8476900a66e7,,,1ce915ed-07e9-4b65-9209-2652ffd9b681,65ac5e26-b0a7-487e-a72d-3f0dfc3facc2,Trạm MID,"Ra soat 2026-07-11, file nguon: BDKT_OPTIMET",,,,,2026-07-11 09:50:09.894644+00,2026-08-11 04:37:10.204448+00,80666d25-731c-4de5-8d64-08488037258a,,e96be350-6615-441a-91f5-53ad976e91b3,"TB_35X8Y5AF Chong set RF  Chong set RF Citel  Tram MID Ra soat 2026-07-11, file nguon: BDKT_OPTIMET","'-07':15 '-11':16 '2026':14 '35x8y5af':2 'bdkt':19 'chong':3,6 'citel':9 'file':17 'mid':11 'nguon':18 'optimet':20 'ra':12 'rf':5,8 'set':4,7 'soat':13 'tb':1 'tram':10",Optimet,P8AX09-N/FF,,,65ac5e26-b0a7-487e-a72d-3f0dfc3facc2,,Cắt lọc sét,BDKT-KTKT,,,,,,,,,,,,,,,,,,,,,,,san_sang,,f024c88e-8702-49c8-a302-15b93f6acb3c,,,,f,TB_BDKT_KTKT_066,735e9092-8583-4a95-a954-78469ec81046,{},KHONG,,83,he_thong
a6eed06e-ebda-454c-b9a5-82a79e091133,TB_AYKQWJFA,Chống sét đường tín hiệu,660f73b4-1975-4bde-8c87-810a23ef6e2c,,Chống sét đường tín hiệu,Citel,,ebc4a136-c5e7-4f7d-abfc-e3ddea655b8c,d7faf284-1a3a-4e53-9433-8476900a66e7,,,1ce915ed-07e9-4b65-9209-2652ffd9b681,46e84da7-5a8b-4a79-aa46-2fb4bae1ff26,VIS-15,"Ra soat 2026-07-11, file nguon: PCA_IMS",,,,,2026-07-11 09:50:09.894644+00,2026-08-11 04:37:10.204448+00,80666d25-731c-4de5-8d64-08488037258a,,e96be350-6615-441a-91f5-53ad976e91b3,"TB_AYKQWJFA Chong set duong tin hieu  Chong set duong tin hieu Citel  VIS-15 Ra soat 2026-07-11, file nguon: PCA_IMS","'-07':19 '-11':20 '-15':15 '2026':18 'aykqwjfa':2 'chong':3,8 'citel':13 'duong':5,10 'file':21 'hieu':7,12 'ims':24 'nguon':22 'pca':23 'ra':16 'set':4,9 'soat':17 'tb':1 'tin':6,11 'vis':14",AWOS-IMS,MJ8-CAT6S,,,46e84da7-5a8b-4a79-aa46-2fb4bae1ff26,,Cắt lọc sét,PCA,,,,,,,,,,,,,,,,,,,,,,,san_sang,,f024c88e-8702-49c8-a302-15b93f6acb3c,,,,f,TB_PCA_077,ba74d20d-d098-44e2-83cd-f00d56936bc4,{},KHONG,,83,he_thong
5acf22cb-f788-4f6e-8a62-684f74c54fc9,TB_GDCGPMBJ,Cắt lọc sét nguồn AC - tủ điện tổng các trạm,660f73b4-1975-4bde-8c87-810a23ef6e2c,,Thiết bị cắt lọc sét 1 pha,nVent ERICO,,7f40beb2-5d47-4f4a-b7df-35cd1cca56ae,d7faf284-1a3a-4e53-9433-8476900a66e7,,,1ce915ed-07e9-4b65-9209-2652ffd9b681,e43c5d4b-3c3c-4486-89da-73e9ac747ab4,"Trạm khí tượng giữa, trạm khí tượng 03, trạm khí tượng 21, trạm trần mây 03, trạm trần mây 21","Ra soat 2026-07-11, file nguon: THA_DAW21",,,,,2026-07-11 09:50:09.894644+00,2026-08-11 04:37:10.204448+00,2e05f201-8ee7-4f2d-afe5-963dc6d94500,,e96be350-6615-441a-91f5-53ad976e91b3,"TB_GDCGPMBJ Cat loc set nguon AC - tu dien tong cac tram  Thiet bi cat loc set 1 pha nVent ERICO  Tram khi tuong giua, tram khi tuong 03, tram khi tuong 21, tram tran may 03, tram tran may 21 Ra soat 2026-07-11, file nguon: THA_DAW21","'-07':45 '-11':46 '03':29,37 '1':18 '2026':44 '21':33,41 'ac':7 'bi':14 'cac':11 'cat':3,15 'daw21':50 'dien':9 'erico':21 'file':47 'gdcgpmbj':2 'giua':25 'khi':23,27,31 'loc':4,16 'may':36,40 'nguon':6,48 'nvent':20 'pha':19 'ra':42 'set':5,17 'soat':43 'tb':1 'tha':49 'thiet':13 'tong':10 'tram':12,22,26,30,34,38 'tran':35,39 'tu':8 'tuong':24,28,32",AWOS D-AW21,TSF20A240V,,,e43c5d4b-3c3c-4486-89da-73e9ac747ab4,,Cắt lọc sét,THA,,,,,,,,,,,,,,,,,,,,,,,san_sang,,f024c88e-8702-49c8-a302-15b93f6acb3c,,,,f,TB_THA_081,a3eebddd-df65-414d-9e50-90fc3fa745aa,{},KHONG,,83,he_thong
d76ac4e5-8e82-4919-8923-c8d16aa86109,TB_1AM51J0C,Chống sét - UHF,660f73b4-1975-4bde-8c87-810a23ef6e2c,,Chống sét - UHF,Citel,,7f40beb2-5d47-4f4a-b7df-35cd1cca56ae,d7faf284-1a3a-4e53-9433-8476900a66e7,,,1ce915ed-07e9-4b65-9209-2652ffd9b681,e43c5d4b-3c3c-4486-89da-73e9ac747ab4,Trạm trần mây 03,"Ra soat 2026-07-11, file nguon: THA_DAW21",,,,,2026-07-11 09:50:09.894644+00,2026-08-11 04:37:10.204448+00,80666d25-731c-4de5-8d64-08488037258a,,e96be350-6615-441a-91f5-53ad976e91b3,"TB_1AM51J0C Chong set - UHF  Chong set - UHF Citel  Tram tran may 03 Ra soat 2026-07-11, file nguon: THA_DAW21","'-07':17 '-11':18 '03':13 '1am51j0c':2 '2026':16 'chong':3,6 'citel':9 'daw21':22 'file':19 'may':12 'nguon':20 'ra':14 'set':4,7 'soat':15 'tb':1 'tha':21 'tram':10 'tran':11 'uhf':5,8",AWOS D-AW21,P8AX15,,,e43c5d4b-3c3c-4486-89da-73e9ac747ab4,,Cắt lọc sét,THA,,,,,,,,,,,,,,,,,,,,,,,san_sang,,f024c88e-8702-49c8-a302-15b93f6acb3c,,,,f,TB_THA_020,31cae5c6-e3ee-4ad9-ab56-bef881a81aae,{},KHONG,,83,he_thong
967b7a52-e79b-4e8a-8dd8-fbd85c27f65b,TB_THQ78F7J,"Dell Optiplex 3020. Intel Cor i3 4130, CPU 3.40 Ghz. RAM 4G. HDD 1TB",83e7d93e-2f76-4d4f-a6bc-08926383aba1,CPU : 9ZCX622 Display : CN-05YJ8T-64180-46A-OYTU,Dell OptiPlex 3020,Dell Technologies,,727fa6bc-f62a-4414-bc9c-4c0c0c2b42ff,67a95071-c65d-45cf-831d-95da247fad20,,,1ce915ed-07e9-4b65-9209-2652ffd9b681,581d9350-905f-46da-b45e-c2d8aba4d868,TWR PBA,Vật tư dự phòng: Không; Hỏng hóc: 1 lần; Tình trạng nguồn: Hoạt động bình thường; Đề xuất: Có kế hoạch thay mới do thiết bị quá niên hạn sử dụng; STT nguồn: 5.4; thời gian sử dụng: 12 năm.,,,,,2026-07-12 07:32:02.004114+00,2026-08-11 04:37:10.204448+00,f9bb034d-e32b-4595-b6a6-e5136105dc19,,8d0b92cb-6a62-4fbe-9b51-9399ee0e1843,"TB_THQ78F7J Dell Optiplex 3020. Intel Cor i3 4130, CPU 3.40 Ghz. RAM 4G. HDD 1TB CPU : 9ZCX622 Display : CN-05YJ8T-64180-46A-OYTU Dell OptiPlex 3020 Dell Technologies  TWR PBA Vat tu du phong: Khong; Hong hoc: 1 lan; Tinh trang nguon: Hoat dong binh thuong; De xuat: Co ke hoach thay moi do thiet bi qua nien han su dung; STT nguon: 5.4; thoi gian su dung: 12 nam.","'-46':24 '05yj8t':22 '1':42 '12':73 '1tb':16 '3.40':11 '3020':5,30 '4130':9 '4g':14 '5.4':68 '64180':23 '9zcx622':18 'a':26 'a-oytu':25 'bi':60 'binh':49 'cn':21 'cn-05yj8t':20 'co':53 'cor':7 'cpu':10,17 'de':51 'dell':3,28,31 'display':19 'do':58 'dong':48 'du':37 'dung':65,72 'ghz':12 'gian':70 'han':63 'hdd':15 'hoach':55 'hoat':47 'hoc':41 'hong':40 'i3':8 'intel':6 'ke':54 'khong':39 'lan':43 'moi':57 'nam':74 'nguon':46,67 'nien':62 'optiplex':4,29 'oytu':27 'pba':34 'phong':38 'qua':61 'ram':13 'stt':66 'su':64,71 'tb':1 'technologies':32 'thay':56 'thiet':59 'thoi':69 'thq78f7j':2 'thuong':50 'tinh':44 'trang':45 'tu':36 'twr':33 'vat':35 'xuat':52","Dell Optiplex 3020. Intel Cor i3 4130, CPU 3.40 Ghz. RAM 4G. HDD 1TB",,2014,2014,581d9350-905f-46da-b45e-c2d8aba4d868,,,PBA,272/GP-CHK,,,120.000,,,,,,,,,,,,,,,,,,,san_sang,,f024c88e-8702-49c8-a302-15b93f6acb3c,,,,f,DAU_CUOI_AMHS_KHI_TUONG,308a6802-a507-4955-85c9-39e6d67a9242,{},KHONG,,100,he_thong
15d32675-7e09-47ae-8e75-d5eda2f0e856,TB_ZC69R6H1,Atis Uher VC- MDx,83e7d93e-2f76-4d4f-a6bc-08926383aba1,049002-400442,VC-MDx,VoiceCollect (ATIS UHER),,8b1b85e4-de60-436d-bb4a-052a4ca1d056,e30446a4-4bc6-4103-915b-bb67c596a4c9,,,1ce915ed-07e9-4b65-9209-2652ffd9b681,581d9350-905f-46da-b45e-c2d8aba4d868,P.Thiết bị,Nhà sản xuất nguồn: Atis Uher (Đức); chuẩn hóa: VoiceCollect (ATIS UHER); Vật tư dự phòng: Tại Kho Cty: - 01 card giao tiếp - 01 card nguồn - 01 HDD - 01 ổ RDX Cartridge; Hỏng hóc: 0 Lần; Tình trạng nguồn: Hoạt động bình thường; Đề xuất: Năm 2026 Cty cần có kế hoạch mua VTPD : Card CPU; Card Analog; STT nguồn: 6.1; thời gian sử dụng: 6 năm.,,,,,2026-07-12 07:32:02.227096+00,2026-08-11 04:37:10.204448+00,b11241f8-c9ca-4d03-83f6-a1c440883a76,,03818fa3-ee05-4dfe-92f0-b6f752b0b97a,TB_ZC69R6H1 Atis Uher VC- MDx 049002-400442 VC-MDx VoiceCollect (ATIS UHER)  P.Thiet bi Nha san xuat nguon: Atis Uher (Duc); chuan hoa: VoiceCollect (ATIS UHER); Vat tu du phong: Tai Kho Cty: - 01 card giao tiep - 01 card nguon - 01 HDD - 01 o RDX Cartridge; Hong hoc: 0 Lan; Tinh trang nguon: Hoat dong binh thuong; De xuat: Nam 2026 Cty can co ke hoach mua VTPD : Card CPU; Card Analog; STT nguon: 6.1; thoi gian su dung: 6 nam.,"'-400442':8 '0':51 '01':36,40,43,45 '049002':7 '2026':63 '6':82 '6.1':77 'analog':74 'atis':3,13,21,27 'bi':16 'binh':58 'can':65 'card':37,41,71,73 'cartridge':48 'chuan':24 'co':66 'cpu':72 'cty':35,64 'de':60 'dong':57 'du':31 'duc':23 'dung':81 'gian':79 'giao':38 'hdd':44 'hoa':25 'hoach':68 'hoat':56 'hoc':50 'hong':49 'ke':67 'kho':34 'lan':52 'mdx':6,11 'mua':69 'nam':62,83 'nguon':20,42,55,76 'nha':17 'o':46 'p.thiet':15 'phong':32 'rdx':47 'san':18 'stt':75 'su':80 'tai':33 'tb':1 'thoi':78 'thuong':59 'tiep':39 'tinh':53 'trang':54 'tu':30 'uher':4,14,22,28 'vat':29 'vc':5,10 'vc-mdx':9 'voicecollect':12,26 'vtpd':70 'xuat':19,61 'zc69r6h1':2","- Thiết bị có 32 kênh gồm 2 card giao diện thoại mỗi card 16 kênh, - Operation system windown 10 -64 bit bản quyền, inter i5 CPU with 16 GB RAM - Nguồn 1+1, 220VAC; - Lưu trữ 2x2TB HDD RAID 1; - Bao gồm 1 RDX catridge 1TB - Thiết bị giao tiết với người sử dụng rackmount KVM switch kinan XL1908 (xuất xứ Trung Quốc).",VC-MDx,2020,2020,581d9350-905f-46da-b45e-c2d8aba4d868,,,PBA,01/GP-CHK,,,60.000,,,,,,,,,,,,,,,,,,,san_sang,,f024c88e-8702-49c8-a302-15b93f6acb3c,,,,f,ATIS_UHER_VC_MDX,6cb07596-c5f3-4189-93a9-c0539e16c6b6,{},KHONG,,100,he_thong
ccaeeaf2-b75c-4b3c-9382-962420ea1cc7,TB_01TWCZB5,Modem UHF,ae03f513-6763-46f8-913d-91a103966947,,Modem UHF,RACOM,,ebc4a136-c5e7-4f7d-abfc-e3ddea655b8c,d7faf284-1a3a-4e53-9433-8476900a66e7,,,1ce915ed-07e9-4b65-9209-2652ffd9b681,46e84da7-5a8b-4a79-aa46-2fb4bae1ff26,UHF-15,"Ra soat 2026-07-11, file nguon: PCA_IMS",,,,,2026-07-11 09:50:09.894644+00,2026-08-11 04:37:10.204448+00,ca029628-203c-4008-b4bc-89b0746a39c6,,e96be350-6615-441a-91f5-53ad976e91b3,"TB_01TWCZB5 Modem UHF  Modem UHF RACOM  UHF-15 Ra soat 2026-07-11, file nguon: PCA_IMS","'-07':13 '-11':14 '-15':9 '01twczb5':2 '2026':12 'file':15 'ims':18 'modem':3,5 'nguon':16 'pca':17 'ra':10 'racom':7 'soat':11 'tb':1 'uhf':4,6,8",AWOS-IMS,RipEX-400,,,46e84da7-5a8b-4a79-aa46-2fb4bae1ff26,,Truyền dẫn,PCA,,,,,,,,,,,,,,,,,,,,,,,san_sang,,f024c88e-8702-49c8-a302-15b93f6acb3c,,,,f,TB_PCA_093,81a989f9-0432-42d5-b017-0fb5d6d37d41,{},KHONG,,83,he_thong
61b551fc-88d7-4701-b46e-b9751d02e1a0,TB_EC1PM127,Modem UHF,ae03f513-6763-46f8-913d-91a103966947,,Modem UHF,RACOM,,ebc4a136-c5e7-4f7d-abfc-e3ddea655b8c,d7faf284-1a3a-4e53-9433-8476900a66e7,,,1ce915ed-07e9-4b65-9209-2652ffd9b681,46e84da7-5a8b-4a79-aa46-2fb4bae1ff26,UHF-33,"Ra soat 2026-07-11, file nguon: PCA_IMS",,,,,2026-07-11 09:50:09.894644+00,2026-08-11 04:37:10.204448+00,ca029628-203c-4008-b4bc-89b0746a39c6,,e96be350-6615-441a-91f5-53ad976e91b3,"TB_EC1PM127 Modem UHF  Modem UHF RACOM  UHF-33 Ra soat 2026-07-11, file nguon: PCA_IMS","'-07':13 '-11':14 '-33':9 '2026':12 'ec1pm127':2 'file':15 'ims':18 'modem':3,5 'nguon':16 'pca':17 'ra':10 'racom':7 'soat':11 'tb':1 'uhf':4,6,8",AWOS-IMS,RipEX-400,,,46e84da7-5a8b-4a79-aa46-2fb4bae1ff26,,Truyền dẫn,PCA,,,,,,,,,,,,,,,,,,,,,,,san_sang,,f024c88e-8702-49c8-a302-15b93f6acb3c,,,,f,TB_PCA_094,81a989f9-0432-42d5-b017-0fb5d6d37d41,{},KHONG,,83,he_thong
8e6a78fa-ffa7-4c0b-9bae-c1329d9f5289,TB_4PNVHBFW,Attech Recoder AR-16-A-Standard,83e7d93e-2f76-4d4f-a6bc-08926383aba1,15,AR-16-A-Standard,ATTECH,,8b1b85e4-de60-436d-bb4a-052a4ca1d056,e30446a4-4bc6-4103-915b-bb67c596a4c9,,,1ce915ed-07e9-4b65-9209-2652ffd9b681,581d9350-905f-46da-b45e-c2d8aba4d868,TWR PBA,Nhà sản xuất nguồn: Việt nam; chuẩn hóa: ATTECH; Vật tư dự phòng: Tại Kho Cty: - 02 HDD - 01 bộ Hub kết nối tín hiệu Serial; Hỏng hóc: 07 lần; Tình trạng nguồn: Hoạt động kém ổn định; hay treo phần mềm ghi âm và giám sát; lưu trữ ổ đĩa DCD-RAM không thuận lợi cho việc khai thác; truy xuất; Đề xuất: Cty QLBMT đang thực hiện thay mới Ghi âm theo kế hoạch năm 2026; STT nguồn: 6.2; thời gian sử dụng: 12 năm.,,,,,2026-07-12 07:32:02.440773+00,2026-08-11 04:37:10.204448+00,2f529936-107e-451b-bd0f-f3197db1943f,,8d0b92cb-6a62-4fbe-9b51-9399ee0e1843,TB_4PNVHBFW Attech Recoder AR-16-A-Standard 15 AR-16-A-Standard ATTECH  TWR PBA Nha san xuat nguon: Viet nam; chuan hoa: ATTECH; Vat tu du phong: Tai Kho Cty: - 02 HDD - 01 bo Hub ket noi tin hieu Serial; Hong hoc: 07 lan; Tinh trang nguon: Hoat dong kem on dinh; hay treo phan mem ghi am va giam sat; luu tru o dia DCD-RAM khong thuan loi cho viec khai thac; truy xuat; De xuat: Cty QLBMT dang thuc hien thay moi Ghi am theo ke hoach nam 2026; STT nguon: 6.2; thoi gian su dung: 12 nam.,"'-16':6,12 '01':37 '02':35 '07':47 '12':105 '15':10 '2026':97 '4pnvhbfw':2 '6.2':100 'a':8,14 'a-standard':7,13 'am':62,92 'ar':5,11 'attech':3,16,27 'bo':38 'cho':76 'chuan':25 'cty':34,84 'dang':86 'dcd':71 'dcd-ram':70 'de':82 'dia':69 'dinh':56 'dong':53 'du':30 'dung':104 'ghi':61,91 'giam':64 'gian':102 'hay':57 'hdd':36 'hien':88 'hieu':43 'hoa':26 'hoach':95 'hoat':52 'hoc':46 'hong':45 'hub':39 'ke':94 'kem':54 'ket':40 'khai':78 'kho':33 'khong':73 'lan':48 'loi':75 'luu':66 'mem':60 'moi':90 'nam':24,96,106 'nguon':22,51,99 'nha':19 'noi':41 'o':68 'on':55 'pba':18 'phan':59 'phong':31 'qlbmt':85 'ram':72 'recoder':4 'san':20 'sat':65 'serial':44 'standard':9,15 'stt':98 'su':103 'tai':32 'tb':1 'thac':79 'thay':89 'theo':93 'thoi':101 'thuan':74 'thuc':87 'tin':42 'tinh':49 'trang':50 'treo':58 'tru':67 'truy':80 'tu':29 'twr':17 'va':63 'vat':28 'viec':77 'viet':23 'xuat':21,81,83","16 kênh. 01 card CPU, 01 card RAID , 2card LISC, 01 card đồng bộ thời gian, 2 HDD, 01 DVDRAM.",AR-16-A-Standard,2014,2014,581d9350-905f-46da-b45e-c2d8aba4d868,,,PBA,01/GP-CHK,,,120.000,,,,,,,,,,,,,,,,,,,san_sang,,f024c88e-8702-49c8-a302-15b93f6acb3c,,,,f,ATTECH_RECODER_AR_16_A_STANDARD,ea82abbd-4e97-4ddc-a01e-f12eb13ee2a5,{},KHONG,,100,he_thong
eba89979-43b4-4787-b329-5132592be866,TB_JCZS7QW5,Chống sét RF,660f73b4-1975-4bde-8c87-810a23ef6e2c,,Chống sét RF,Citel,,ebc4a136-c5e7-4f7d-abfc-e3ddea655b8c,d7faf284-1a3a-4e53-9433-8476900a66e7,,,1ce915ed-07e9-4b65-9209-2652ffd9b681,46e84da7-5a8b-4a79-aa46-2fb4bae1ff26,UHF-15,"Ra soat 2026-07-11, file nguon: PCA_IMS",,,,,2026-07-11 09:50:09.894644+00,2026-08-11 04:37:10.204448+00,80666d25-731c-4de5-8d64-08488037258a,,e96be350-6615-441a-91f5-53ad976e91b3,"TB_JCZS7QW5 Chong set RF  Chong set RF Citel  UHF-15 Ra soat 2026-07-11, file nguon: PCA_IMS","'-07':15 '-11':16 '-15':11 '2026':14 'chong':3,6 'citel':9 'file':17 'ims':20 'jczs7qw5':2 'nguon':18 'pca':19 'ra':12 'rf':5,8 'set':4,7 'soat':13 'tb':1 'uhf':10",AWOS-IMS,P8AX09-N/FF,,,46e84da7-5a8b-4a79-aa46-2fb4bae1ff26,,Truyền dẫn,PCA,,,,,,,,,,,,,,,,,,,,,,,san_sang,,f024c88e-8702-49c8-a302-15b93f6acb3c,,,,f,TB_PCA_096,735e9092-8583-4a95-a954-78469ec81046,{},KHONG,,83,he_thong
737d697e-d3c1-4f64-b692-e66425193f1a,TB_8R997AX8,Server,83e7d93e-2f76-4d4f-a6bc-08926383aba1,,Server,Fujitsu,,2236fe1c-6896-4157-a310-ae0e094233f6,d7faf284-1a3a-4e53-9433-8476900a66e7,,,1ce915ed-07e9-4b65-9209-2652ffd9b681,8b408897-b25d-4ece-91ba-d97dfacec283,Phòng thiết bị,"Ra soat 2026-07-11, file nguon: PLK_IMS",,,,,2026-07-11 09:50:09.894644+00,2026-08-11 04:37:10.204448+00,d9b7b1fa-902f-47ae-97d3-cb5e69268b58,,c6b9108a-b830-42a6-b3b8-9e6dd5196202,"TB_8R997AX8 Server  Server Fujitsu  Phong thiet bi Ra soat 2026-07-11, file nguon: PLK_IMS","'-07':12 '-11':13 '2026':11 '8r997ax8':2 'bi':8 'file':14 'fujitsu':5 'ims':17 'nguon':15 'phong':6 'plk':16 'ra':9 'server':3,4 'soat':10 'tb':1 'thiet':7",AWOS IMS,TX150S8R,,,8b408897-b25d-4ece-91ba-d97dfacec283,,Xử lý Trung Tâm,PLK,,,,,,,,,,,,,,,,,,,,,,,san_sang,,f024c88e-8702-49c8-a302-15b93f6acb3c,,,,f,TB_PLK_096,ac700048-ba86-40aa-818d-cbfd05358543,{},KHONG,,83,he_thong
87b033a1-ac3b-4e0c-b087-5b34fdf945a3,TB_BCAQQVVJ,Server,83e7d93e-2f76-4d4f-a6bc-08926383aba1,,Server,Fujitsu,,2236fe1c-6896-4157-a310-ae0e094233f6,d7faf284-1a3a-4e53-9433-8476900a66e7,,,1ce915ed-07e9-4b65-9209-2652ffd9b681,8b408897-b25d-4ece-91ba-d97dfacec283,Phòng thiết bị,"Ra soat 2026-07-11, file nguon: PLK_IMS",,,,,2026-07-11 09:50:09.894644+00,2026-08-11 04:37:10.204448+00,d9b7b1fa-902f-47ae-97d3-cb5e69268b58,,c6b9108a-b830-42a6-b3b8-9e6dd5196202,"TB_BCAQQVVJ Server  Server Fujitsu  Phong thiet bi Ra soat 2026-07-11, file nguon: PLK_IMS","'-07':12 '-11':13 '2026':11 'bcaqqvvj':2 'bi':8 'file':14 'fujitsu':5 'ims':17 'nguon':15 'phong':6 'plk':16 'ra':9 'server':3,4 'soat':10 'tb':1 'thiet':7",AWOS IMS,TX150S8R,,,8b408897-b25d-4ece-91ba-d97dfacec283,,Xử lý Trung Tâm,PLK,,,,,,,,,,,,,,,,,,,,,,,san_sang,,f024c88e-8702-49c8-a302-15b93f6acb3c,,,,f,TB_PLK_097,ac700048-ba86-40aa-818d-cbfd05358543,{},KHONG,,83,he_thong
d0b48a76-916d-4518-9910-6653311edec4,TB_HECYSK45,Radio Modem MR400,ae03f513-6763-46f8-913d-91a103966947,,Radio Modem MR400,RACOM,,2236fe1c-6896-4157-a310-ae0e094233f6,d7faf284-1a3a-4e53-9433-8476900a66e7,,,1ce915ed-07e9-4b65-9209-2652ffd9b681,8b408897-b25d-4ece-91ba-d97dfacec283,TWR,"Ra soat 2026-07-11, file nguon: PLK_IMS",,,,,2026-07-11 09:50:09.894644+00,2026-08-11 04:37:10.204448+00,ca029628-203c-4008-b4bc-89b0746a39c6,,ff3511ef-1568-4f81-9c59-21d71703e354,"TB_HECYSK45 Radio Modem MR400  Radio Modem MR400 RACOM  TWR Ra soat 2026-07-11, file nguon: PLK_IMS","'-07':14 '-11':15 '2026':13 'file':16 'hecysk45':2 'ims':19 'modem':4,7 'mr400':5,8 'nguon':17 'plk':18 'ra':11 'racom':9 'radio':3,6 'soat':12 'tb':1 'twr':10",AWOS IMS,MR400RS2E,,,8b408897-b25d-4ece-91ba-d97dfacec283,,Truyền dẫn,PLK,,,,,,,,,,,,,,,,,,,,,,,san_sang,,f024c88e-8702-49c8-a302-15b93f6acb3c,,,,f,TB_PLK_103,7630438f-be97-492e-8911-3667478b8653,{},KHONG,,83,he_thong
c68bc0ab-ae17-4247-b240-1ea34db9f1e9,TB_8CJZECWB,Bộ chuyển đổi tín hiệu RS232/485 Converter,ae03f513-6763-46f8-913d-91a103966947,,RS232/485 Converter,Comergon,,2236fe1c-6896-4157-a310-ae0e094233f6,d7faf284-1a3a-4e53-9433-8476900a66e7,,,1ce915ed-07e9-4b65-9209-2652ffd9b681,8b408897-b25d-4ece-91ba-d97dfacec283,Phòng thiết bị,"Ra soat 2026-07-11, file nguon: PLK_IMS",,,,,2026-07-11 09:50:09.894644+00,2026-08-11 04:37:10.204448+00,6842b45f-5020-4a54-9962-14b7ba723363,,c6b9108a-b830-42a6-b3b8-9e6dd5196202,"TB_8CJZECWB Bo chuyen doi tin hieu RS232/485 Converter  RS232/485 Converter Comergon  Phong thiet bi Ra soat 2026-07-11, file nguon: PLK_IMS","'-07':19 '-11':20 '2026':18 '8cjzecwb':2 'bi':15 'bo':3 'chuyen':4 'comergon':12 'converter':9,11 'doi':5 'file':21 'hieu':7 'ims':24 'nguon':22 'phong':13 'plk':23 'ra':16 'rs232/485':8,10 'soat':17 'tb':1 'thiet':14 'tin':6",AWOS IMS,DIN2.1I485,,,8b408897-b25d-4ece-91ba-d97dfacec283,,Truyền dẫn,PLK,,,,,,,,,,,,,,,,,,,,,,,san_sang,,f024c88e-8702-49c8-a302-15b93f6acb3c,,,,f,TB_PLK_104,540b2762-68e8-4f52-b841-25f5652dce5d,{},KHONG,,83,he_thong
72c8d427-3cde-423b-80aa-36574f1f177e,TB_0EQEJHP4,Cảm biến gió,98c88d39-bf0f-43c7-83a2-ca5d266ba54f,2302016.0,Cảm biến gió,Gill,,ebc4a136-c5e7-4f7d-abfc-e3ddea655b8c,d7faf284-1a3a-4e53-9433-8476900a66e7,,,1ce915ed-07e9-4b65-9209-2652ffd9b681,46e84da7-5a8b-4a79-aa46-2fb4bae1ff26,dp Gió -33,"Ra soat 2026-07-11, file nguon: PCA_IMS",,,,,2026-07-11 09:50:09.894644+00,2026-08-11 04:37:10.204448+00,8a078690-3935-478c-9d8c-92ed4818430f,,e96be350-6615-441a-91f5-53ad976e91b3,"TB_0EQEJHP4 Cam bien gio 2302016.0 Cam bien gio Gill  dp Gio -33 Ra soat 2026-07-11, file nguon: PCA_IMS","'-07':17 '-11':18 '-33':13 '0eqejhp4':2 '2026':16 '2302016.0':6 'bien':4,8 'cam':3,7 'dp':11 'file':19 'gill':10 'gio':5,9,12 'ims':22 'nguon':20 'pca':21 'ra':14 'soat':15 'tb':1",Thiết bị đo quan trắc thông dụng,WindObserver 90,,,46e84da7-5a8b-4a79-aa46-2fb4bae1ff26,,Cảm biến,PCA,,,,,,,,,,,,,,,,,,,,,,,san_sang,,f024c88e-8702-49c8-a302-15b93f6acb3c,,,,f,TB_PCA_100,2a2eced2-24d5-41ce-b192-fd0dc8e162fc,{},KHONG,,100,he_thong
16495880-3b60-4e2e-b2b9-137cd85c0418,TB_6V5HJBPX,Màn hình hiển thị số liệu Nhiệt-Ẩm-Áp,83e7d93e-2f76-4d4f-a6bc-08926383aba1,,Màn hình hiển thị số liệu Nhiệt-Ẩm-Áp,VTD,,ebc4a136-c5e7-4f7d-abfc-e3ddea655b8c,d7faf284-1a3a-4e53-9433-8476900a66e7,,,1ce915ed-07e9-4b65-9209-2652ffd9b681,46e84da7-5a8b-4a79-aa46-2fb4bae1ff26,P. KHÍ TƯỢNG,"Ra soat 2026-07-11, file nguon: PCA_IMS",,,,,2026-07-11 09:50:09.894644+00,2026-08-11 04:37:10.204448+00,2e2c3258-c675-4f4b-9435-c832804f802a,,e96be350-6615-441a-91f5-53ad976e91b3,"TB_6V5HJBPX Man hinh hien thi so lieu Nhiet-Am-Ap  Man hinh hien thi so lieu Nhiet-Am-Ap VTD  P. KHI TUONG Ra soat 2026-07-11, file nguon: PCA_IMS","'-07':30 '-11':31 '2026':29 '6v5hjbpx':2 'am':11,21 'ap':12,22 'file':32 'hien':5,15 'hinh':4,14 'ims':35 'khi':25 'lieu':8,18 'man':3,13 'nguon':33 'nhiet':10,20 'nhiet-am-ap':9,19 'p':24 'pca':34 'ra':27 'so':7,17 'soat':28 'tb':1 'thi':6,16 'tuong':26 'vtd':23",Thiết bị đo quan trắc thông dụng,Pipad,,,46e84da7-5a8b-4a79-aa46-2fb4bae1ff26,,Xử lý Trung Tâm,PCA,,,,,,,,,,,,,,,,,,,,,,,san_sang,,f024c88e-8702-49c8-a302-15b93f6acb3c,,,,f,TB_PCA_104,f11a88e5-3567-4da7-8c1a-45de7c3ec05d,{},KHONG,,83,he_thong
0c6b5d61-6121-4f5f-82d7-032f3905bb66,TB_5MNBRM7Y,Thiết bị đo nhiệt ẩm,98c88d39-bf0f-43c7-83a2-ca5d266ba54f,,Thiết bị đo nhiệt ẩm,T.Q,,ebc4a136-c5e7-4f7d-abfc-e3ddea655b8c,d7faf284-1a3a-4e53-9433-8476900a66e7,,,1ce915ed-07e9-4b65-9209-2652ffd9b681,46e84da7-5a8b-4a79-aa46-2fb4bae1ff26,Lều KT,"Ra soat 2026-07-11, file nguon: PCA_IMS",,,,,2026-07-11 09:50:09.894644+00,2026-08-11 04:37:10.204448+00,52be3de7-acb7-455b-af0f-bb9e9938140c,,e96be350-6615-441a-91f5-53ad976e91b3,"TB_5MNBRM7Y Thiet bi do nhiet am  Thiet bi do nhiet am T.Q  Leu KT Ra soat 2026-07-11, file nguon: PCA_IMS","'-07':19 '-11':20 '2026':18 '5mnbrm7y':2 'am':7,12 'bi':4,9 'do':5,10 'file':21 'ims':24 'kt':15 'leu':14 'nguon':22 'nhiet':6,11 'pca':23 'ra':16 'soat':17 't.q':13 'tb':1 'thiet':3,8",Thiết bị đo quan trắc thông dụng,WQG-11,,,46e84da7-5a8b-4a79-aa46-2fb4bae1ff26,,Cảm biến,PCA,,,,,,,,,,,,,,,,,,,,,,,san_sang,,f024c88e-8702-49c8-a302-15b93f6acb3c,,,,f,TB_PCA_103,93816e7d-2c4d-43a3-aa73-32e977b40e35,{},KHONG,,83,he_thong
3c0a264a-f0bf-4ce4-b910-b7436b0292b9,TB_807VQ64Y,Chống sét RF,660f73b4-1975-4bde-8c87-810a23ef6e2c,,Chống sét RF,Citel,,ebc4a136-c5e7-4f7d-abfc-e3ddea655b8c,d7faf284-1a3a-4e53-9433-8476900a66e7,,,1ce915ed-07e9-4b65-9209-2652ffd9b681,46e84da7-5a8b-4a79-aa46-2fb4bae1ff26,P. THIẾT BỊ,"Ra soat 2026-07-11, file nguon: PCA_IMS",,,,,2026-07-11 09:50:09.894644+00,2026-08-11 04:37:10.204448+00,80666d25-731c-4de5-8d64-08488037258a,,e96be350-6615-441a-91f5-53ad976e91b3,"TB_807VQ64Y Chong set RF  Chong set RF Citel  P. THIET BI Ra soat 2026-07-11, file nguon: PCA_IMS","'-07':16 '-11':17 '2026':15 '807vq64y':2 'bi':12 'chong':3,6 'citel':9 'file':18 'ims':21 'nguon':19 'p':10 'pca':20 'ra':13 'rf':5,8 'set':4,7 'soat':14 'tb':1 'thiet':11",AWOS-IMS,P8AX09-N/FF,,,46e84da7-5a8b-4a79-aa46-2fb4bae1ff26,,Truyền dẫn,PCA,,,,,,,,,,,,,,,,,,,,,,,san_sang,,f024c88e-8702-49c8-a302-15b93f6acb3c,,,,f,TB_PCA_099,735e9092-8583-4a95-a954-78469ec81046,{},KHONG,,83,he_thong
9f4c9a44-cff2-4134-9e13-84c4ca159af7,TB_MQ3SR1P7,Nguồn AC/DC,accf1740-4c18-4b9a-895f-59d85ba593b5,,Nguồn AC/DC,MeanWell,,ebc4a136-c5e7-4f7d-abfc-e3ddea655b8c,d7faf284-1a3a-4e53-9433-8476900a66e7,,,1ce915ed-07e9-4b65-9209-2652ffd9b681,46e84da7-5a8b-4a79-aa46-2fb4bae1ff26,dp Gió -33,"Ra soat 2026-07-11, file nguon: PCA_IMS",,,,,2026-07-11 09:50:09.894644+00,2026-08-11 04:37:10.204448+00,0e8dbaf8-aa3e-4d9d-bab2-99b08381f6f9,,e96be350-6615-441a-91f5-53ad976e91b3,"TB_MQ3SR1P7 Nguon AC/DC  Nguon AC/DC MeanWell  dp Gio -33 Ra soat 2026-07-11, file nguon: PCA_IMS","'-07':14 '-11':15 '-33':10 '2026':13 'ac/dc':4,6 'dp':8 'file':16 'gio':9 'ims':19 'meanwell':7 'mq3sr1p7':2 'nguon':3,5,17 'pca':18 'ra':11 'soat':12 'tb':1",Thiết bị đo quan trắc thông dụng,DRC-60A,,,46e84da7-5a8b-4a79-aa46-2fb4bae1ff26,,Thiết bị nguồn,PCA,,,,,,,,,,,,,,,,,,,,,,,san_sang,,f024c88e-8702-49c8-a302-15b93f6acb3c,,,,f,TB_PCA_107,850d240b-a7eb-4d8e-9e1f-2e7baa23ca67,{},KHONG,,83,he_thong
5cdde878-b34c-422f-bdba-5fac3b2c5f08,TB_Z6Q66Y8X,Converter Serial to fiber,ae03f513-6763-46f8-913d-91a103966947,,Converter Serial to fiber,3Onedata,,ebc4a136-c5e7-4f7d-abfc-e3ddea655b8c,d7faf284-1a3a-4e53-9433-8476900a66e7,,,1ce915ed-07e9-4b65-9209-2652ffd9b681,46e84da7-5a8b-4a79-aa46-2fb4bae1ff26,dp Gió -33,"Ra soat 2026-07-11, file nguon: PCA_IMS",,,,,2026-07-11 09:50:09.894644+00,2026-08-11 04:37:10.204448+00,7c809d84-88ee-4505-9e8e-d5f291ec5afd,,e96be350-6615-441a-91f5-53ad976e91b3,"TB_Z6Q66Y8X Converter Serial to fiber  Converter Serial to fiber 3Onedata  dp Gio -33 Ra soat 2026-07-11, file nguon: PCA_IMS","'-07':18 '-11':19 '-33':14 '2026':17 '3onedata':11 'converter':3,7 'dp':12 'fiber':6,10 'file':20 'gio':13 'ims':23 'nguon':21 'pca':22 'ra':15 'serial':4,8 'soat':16 'tb':1 'to':5,9 'z6q66y8x':2",Thiết bị đo quan trắc thông dụng,Model277-SS-SC-20KM,,,46e84da7-5a8b-4a79-aa46-2fb4bae1ff26,,Truyền dẫn,PCA,,,,,,,,,,,,,,,,,,,,,,,san_sang,,f024c88e-8702-49c8-a302-15b93f6acb3c,,,,f,TB_PCA_110,8cdebb90-7451-41d6-a3bd-b3c5ba560349,{},KHONG,,83,he_thong
a941b048-aa04-4935-88af-d101dc9f305c,TB_WYC13G1E,Thiết bị Serial server,ae03f513-6763-46f8-913d-91a103966947,,Thiết bị Serial server,3Onedata,,ce27df84-7054-4032-bfe7-efdb0bd119f4,d7faf284-1a3a-4e53-9433-8476900a66e7,,,1ce915ed-07e9-4b65-9209-2652ffd9b681,581d9350-905f-46da-b45e-c2d8aba4d868,09,"Ra soat 2026-07-11, file nguon: PBA_AWOS900",,,,,2026-07-11 09:50:09.894644+00,2026-08-11 04:37:10.204448+00,7c809d84-88ee-4505-9e8e-d5f291ec5afd,,e96be350-6615-441a-91f5-53ad976e91b3,"TB_WYC13G1E Thiet bi Serial server  Thiet bi Serial server 3Onedata  09 Ra soat 2026-07-11, file nguon: PBA_AWOS900","'-07':16 '-11':17 '09':12 '2026':15 '3onedata':11 'awos900':21 'bi':4,8 'file':18 'nguon':19 'pba':20 'ra':13 'serial':5,9 'server':6,10 'soat':14 'tb':1 'thiet':3,7 'wyc13g1e':2",AWOS-900,NP301,,,581d9350-905f-46da-b45e-c2d8aba4d868,,Truyền dẫn,PBA,,,,,,,,,,,,,,,,,,,,,,,san_sang,,f024c88e-8702-49c8-a302-15b93f6acb3c,,,,f,TB_PBA_008,3180d492-2ec7-45e4-a7d0-2a561293d737,{},KHONG,,83,he_thong
d86f24d5-859c-4a60-9084-373957c1494d,TB_HRZN9FC2,Chống sét RF cho modem,ae03f513-6763-46f8-913d-91a103966947,,Chống sét RF cho modem,Citel,,5ae20f2b-30dc-409c-95db-68b98b79c94e,d7faf284-1a3a-4e53-9433-8476900a66e7,,,1ce915ed-07e9-4b65-9209-2652ffd9b681,f59bf0bd-520b-4245-80db-dc71b7187bf1,,Hỏng hóc: 0 lần | Tình trạng: Hoạt động bình thường | VTDP: Không | Niên hạn: Không,,,,,2026-07-11 09:50:09.894644+00,2026-08-11 04:37:10.204448+00,80666d25-731c-4de5-8d64-08488037258a,,e96be350-6615-441a-91f5-53ad976e91b3,TB_HRZN9FC2 Chong set RF cho modem  Chong set RF cho modem Citel   Hong hoc: 0 lan | Tinh trang: Hoat dong binh thuong | VTDP: Khong | Nien han: Khong,"'0':16 'binh':22 'cho':6,11 'chong':3,8 'citel':13 'dong':21 'han':27 'hoat':20 'hoc':15 'hong':14 'hrzn9fc2':2 'khong':25,28 'lan':17 'modem':7,12 'nien':26 'rf':5,10 'set':4,9 'tb':1 'thuong':23 'tinh':18 'trang':19 'vtdp':24",,,2023,2023,f59bf0bd-520b-4245-80db-dc71b7187bf1,,,CR,,,,0.200,,,,,,,,,,,,,,,,,,,san_sang,,f024c88e-8702-49c8-a302-15b93f6acb3c,,,,f,TB_N1_AWOS_0108,5c5edb7a-3599-4422-8b0f-c7b0359e42df,{},KHONG,,83,he_thong
f3384d5f-6be3-47dd-afee-2f898d4577f3,TB_C6X5P099,Chống sét RF cho modem,ae03f513-6763-46f8-913d-91a103966947,,Chống sét RF cho modem,Citel,,5ae20f2b-30dc-409c-95db-68b98b79c94e,d7faf284-1a3a-4e53-9433-8476900a66e7,,,1ce915ed-07e9-4b65-9209-2652ffd9b681,f59bf0bd-520b-4245-80db-dc71b7187bf1,,Hỏng hóc: 0 lần | Tình trạng: Hoạt động bình thường | VTDP: Không | Niên hạn: Không,,,,,2026-07-11 09:50:09.894644+00,2026-08-11 04:37:10.204448+00,80666d25-731c-4de5-8d64-08488037258a,,e96be350-6615-441a-91f5-53ad976e91b3,TB_C6X5P099 Chong set RF cho modem  Chong set RF cho modem Citel   Hong hoc: 0 lan | Tinh trang: Hoat dong binh thuong | VTDP: Khong | Nien han: Khong,"'0':16 'binh':22 'c6x5p099':2 'cho':6,11 'chong':3,8 'citel':13 'dong':21 'han':27 'hoat':20 'hoc':15 'hong':14 'khong':25,28 'lan':17 'modem':7,12 'nien':26 'rf':5,10 'set':4,9 'tb':1 'thuong':23 'tinh':18 'trang':19 'vtdp':24",,,2023,2023,f59bf0bd-520b-4245-80db-dc71b7187bf1,,,CR,,,,0.200,,,,,,,,,,,,,,,,,,,san_sang,,f024c88e-8702-49c8-a302-15b93f6acb3c,,,,f,TB_N1_AWOS_0109,5c5edb7a-3599-4422-8b0f-c7b0359e42df,{},KHONG,,83,he_thong
702a4f5f-67b8-44e2-b71c-297dca7d8259,TB_TFYB7WY5,Thiết bị Serial server,ae03f513-6763-46f8-913d-91a103966947,,Thiết bị Serial server,3Onedata,,ce27df84-7054-4032-bfe7-efdb0bd119f4,d7faf284-1a3a-4e53-9433-8476900a66e7,,,1ce915ed-07e9-4b65-9209-2652ffd9b681,581d9350-905f-46da-b45e-c2d8aba4d868,27,"Ra soat 2026-07-11, file nguon: PBA_AWOS900",,,,,2026-07-11 09:50:09.894644+00,2026-08-11 04:37:10.204448+00,7c809d84-88ee-4505-9e8e-d5f291ec5afd,,e96be350-6615-441a-91f5-53ad976e91b3,"TB_TFYB7WY5 Thiet bi Serial server  Thiet bi Serial server 3Onedata  27 Ra soat 2026-07-11, file nguon: PBA_AWOS900","'-07':16 '-11':17 '2026':15 '27':12 '3onedata':11 'awos900':21 'bi':4,8 'file':18 'nguon':19 'pba':20 'ra':13 'serial':5,9 'server':6,10 'soat':14 'tb':1 'tfyb7wy5':2 'thiet':3,7",AWOS-900,NP301,,,581d9350-905f-46da-b45e-c2d8aba4d868,,Truyền dẫn,PBA,,,,,,,,,,,,,,,,,,,,,,,san_sang,,f024c88e-8702-49c8-a302-15b93f6acb3c,,,,f,TB_PBA_009,3180d492-2ec7-45e4-a7d0-2a561293d737,{},KHONG,,83,he_thong
1fe6f52e-6795-440e-a53d-4ccee879670e,TB_1WN5VVXQ,Bộ hiển thị Meterological TFT,83e7d93e-2f76-4d4f-a6bc-08926383aba1,,Màn hình hiển thị số liệu gió,Observator,,2236fe1c-6896-4157-a310-ae0e094233f6,d7faf284-1a3a-4e53-9433-8476900a66e7,,,1ce915ed-07e9-4b65-9209-2652ffd9b681,8b408897-b25d-4ece-91ba-d97dfacec283,TWR,"Ra soat 2026-07-11, file nguon: PLK_IMS",,,,,2026-07-11 09:50:09.894644+00,2026-08-11 04:37:10.204448+00,1f8c6a88-4da8-4cff-bf77-616d07522c3c,,ff3511ef-1568-4f81-9c59-21d71703e354,"TB_1WN5VVXQ Bo hien thi Meterological TFT  Man hinh hien thi so lieu gio Observator  TWR Ra soat 2026-07-11, file nguon: PLK_IMS","'-07':20 '-11':21 '1wn5vvxq':2 '2026':19 'bo':3 'file':22 'gio':14 'hien':4,10 'hinh':9 'ims':25 'lieu':13 'man':8 'meterological':6 'nguon':23 'observator':15 'plk':24 'ra':17 'so':12 'soat':18 'tb':1 'tft':7 'thi':5,11 'twr':16",TB quan trắc thông dựng dự phòng TCT,OCM-140,,,8b408897-b25d-4ece-91ba-d97dfacec283,,Xử lý Trung Tâm,PLK,,,,,,,,,,,,,,,,,,,,,,,san_sang,,f024c88e-8702-49c8-a302-15b93f6acb3c,,,,f,TB_PLK_118,b63cae62-2dbf-4b84-ae97-c6526954dfa5,{},KHONG,,83,he_thong
650010f7-d414-47aa-baf1-bbdad865300c,TB_14C7QTNT,Màn hình hiển thị Nhiệt độ-Độ ẩm-Khí áp,83e7d93e-2f76-4d4f-a6bc-08926383aba1,,Màn hình hiển thị Nhiệt độ-Độ ẩm-Khí áp,PiPad,,2236fe1c-6896-4157-a310-ae0e094233f6,d7faf284-1a3a-4e53-9433-8476900a66e7,,,1ce915ed-07e9-4b65-9209-2652ffd9b681,8b408897-b25d-4ece-91ba-d97dfacec283,TWR,"Ra soat 2026-07-11, file nguon: PLK_IMS",,,,,2026-07-11 09:50:09.894644+00,2026-08-11 04:37:10.204448+00,1c6ece88-bb18-47cb-992c-bf7c4c11e237,,ff3511ef-1568-4f81-9c59-21d71703e354,"TB_14C7QTNT Man hinh hien thi Nhiet do-Do am-Khi ap  Man hinh hien thi Nhiet do-Do am-Khi ap PiPad  TWR Ra soat 2026-07-11, file nguon: PLK_IMS","'-07':32 '-11':33 '14c7qtnt':2 '2026':31 'am':12,24 'am-khi':11,23 'ap':14,26 'do':9,10,21,22 'do-do':8,20 'file':34 'hien':5,17 'hinh':4,16 'ims':37 'khi':13,25 'man':3,15 'nguon':35 'nhiet':7,19 'pipad':27 'plk':36 'ra':29 'soat':30 'tb':1 'thi':6,18 'twr':28",TB Quan trắc thông dụng dự phòng CT,VTD,,,8b408897-b25d-4ece-91ba-d97dfacec283,,Xử lý Trung Tâm,PLK,,,,,,,,,,,,,,,,,,,,,,,san_sang,,f024c88e-8702-49c8-a302-15b93f6acb3c,,,,f,TB_PLK_122,23899b65-4ecf-4d81-bcd6-ef1e7e7b3fa5,{},KHONG,,83,he_thong
2dda890a-aef5-40f5-bd40-e5b23297d565,TB_RN3EFET3,Màn hình hiển thị Nhiệt độ-Độ ẩm-Khí áp,83e7d93e-2f76-4d4f-a6bc-08926383aba1,,Màn hình hiển thị Nhiệt độ-Độ ẩm-Khí áp,PiPad,,2236fe1c-6896-4157-a310-ae0e094233f6,d7faf284-1a3a-4e53-9433-8476900a66e7,,,1ce915ed-07e9-4b65-9209-2652ffd9b681,8b408897-b25d-4ece-91ba-d97dfacec283,TWR,"Ra soat 2026-07-11, file nguon: PLK_IMS",,,,,2026-07-11 09:50:09.894644+00,2026-08-11 04:37:10.204448+00,1c6ece88-bb18-47cb-992c-bf7c4c11e237,,ff3511ef-1568-4f81-9c59-21d71703e354,"TB_RN3EFET3 Man hinh hien thi Nhiet do-Do am-Khi ap  Man hinh hien thi Nhiet do-Do am-Khi ap PiPad  TWR Ra soat 2026-07-11, file nguon: PLK_IMS","'-07':32 '-11':33 '2026':31 'am':12,24 'am-khi':11,23 'ap':14,26 'do':9,10,21,22 'do-do':8,20 'file':34 'hien':5,17 'hinh':4,16 'ims':37 'khi':13,25 'man':3,15 'nguon':35 'nhiet':7,19 'pipad':27 'plk':36 'ra':29 'rn3efet3':2 'soat':30 'tb':1 'thi':6,18 'twr':28",TB Quan trắc thông dụng dự phòng CT,VTD,,,8b408897-b25d-4ece-91ba-d97dfacec283,,Xử lý Trung Tâm,PLK,,,,,,,,,,,,,,,,,,,,,,,san_sang,,f024c88e-8702-49c8-a302-15b93f6acb3c,,,,f,TB_PLK_123,23899b65-4ecf-4d81-bcd6-ef1e7e7b3fa5,{},KHONG,,83,he_thong
3b708b69-cebc-44f5-a6e1-833106fd3ae2,TB_S5RB37NP,Khí áp kế kỹ thuật số,98c88d39-bf0f-43c7-83a2-ca5d266ba54f,,Cảm biến đo khí áp,Vaisala,,2236fe1c-6896-4157-a310-ae0e094233f6,d7faf284-1a3a-4e53-9433-8476900a66e7,,,1ce915ed-07e9-4b65-9209-2652ffd9b681,8b408897-b25d-4ece-91ba-d97dfacec283,TWR,"Ra soat 2026-07-11, file nguon: PLK_IMS",,,,,2026-07-11 09:50:09.894644+00,2026-08-11 04:37:10.204448+00,79b069cc-810c-41ab-9b03-9032c1804a5f,,ff3511ef-1568-4f81-9c59-21d71703e354,"TB_S5RB37NP Khi ap ke ky thuat so  Cam bien do khi ap Vaisala  TWR Ra soat 2026-07-11, file nguon: PLK_IMS","'-07':19 '-11':20 '2026':18 'ap':4,13 'bien':10 'cam':9 'do':11 'file':21 'ims':24 'ke':5 'khi':3,12 'ky':6 'nguon':22 'plk':23 'ra':16 's5rb37np':2 'so':8 'soat':17 'tb':1 'thuat':7 'twr':15 'vaisala':14",TB quan trắc thông dựng dự phòng TCT,PTB330,,,8b408897-b25d-4ece-91ba-d97dfacec283,,Xử lý Trung Tâm,PLK,,,,,,,,,,,,,,,,,,,,,,,san_sang,,f024c88e-8702-49c8-a302-15b93f6acb3c,,,,f,TB_PLK_119,d61e21eb-ca7b-4dba-96ac-5f4be0bf3c81,{},KHONG,,83,he_thong
c4a829f4-5308-4239-850f-d143ad7f1bca,TB_3BMP0GJ7,Chống sét đường tín hiệu,660f73b4-1975-4bde-8c87-810a23ef6e2c,,Chống sét đường tín hiệu,AT3W,,2236fe1c-6896-4157-a310-ae0e094233f6,d7faf284-1a3a-4e53-9433-8476900a66e7,,,1ce915ed-07e9-4b65-9209-2652ffd9b681,8b408897-b25d-4ece-91ba-d97dfacec283,Trạm 27 Celio,"Ra soat 2026-07-11, file nguon: PLK_IMS",,,,,2026-07-11 09:50:09.894644+00,2026-08-11 04:37:10.204448+00,9d09c5d7-4aa9-40a6-b47b-4e1899c9956f,,e96be350-6615-441a-91f5-53ad976e91b3,"TB_3BMP0GJ7 Chong set duong tin hieu  Chong set duong tin hieu AT3W  Tram 27 Celio Ra soat 2026-07-11, file nguon: PLK_IMS","'-07':20 '-11':21 '2026':19 '27':15 '3bmp0gj7':2 'at3w':13 'celio':16 'chong':3,8 'duong':5,10 'file':22 'hieu':7,12 'ims':25 'nguon':23 'plk':24 'ra':17 'set':4,9 'soat':18 'tb':1 'tin':6,11 'tram':14",AWOS IMS,AT-2300,,,8b408897-b25d-4ece-91ba-d97dfacec283,,Cắt lọc sét,PLK,,,,,,,,,,,,,,,,,,,,,,,san_sang,,f024c88e-8702-49c8-a302-15b93f6acb3c,,,,f,TB_PLK_007,0afefb1d-ad24-474a-9810-5e665bc08366,{},KHONG,,83,he_thong
2fce5c3c-c70e-4fe1-bfd0-657ecf4b37c4,TB_WBM4YKF5,Thiết bị Serial server,ae03f513-6763-46f8-913d-91a103966947,DCP về Server,Thiết bị Serial server,3Onedata,,ce27df84-7054-4032-bfe7-efdb0bd119f4,d7faf284-1a3a-4e53-9433-8476900a66e7,,,1ce915ed-07e9-4b65-9209-2652ffd9b681,581d9350-905f-46da-b45e-c2d8aba4d868,Mid,"Ra soat 2026-07-11, file nguon: PBA_AWOS900",,,,,2026-07-11 09:50:09.894644+00,2026-08-11 04:37:10.204448+00,7c809d84-88ee-4505-9e8e-d5f291ec5afd,,e96be350-6615-441a-91f5-53ad976e91b3,"TB_WBM4YKF5 Thiet bi Serial server DCP ve Server Thiet bi Serial server 3Onedata  Mid Ra soat 2026-07-11, file nguon: PBA_AWOS900","'-07':19 '-11':20 '2026':18 '3onedata':14 'awos900':24 'bi':4,11 'dcp':7 'file':21 'mid':15 'nguon':22 'pba':23 'ra':16 'serial':5,12 'server':6,9,13 'soat':17 'tb':1 'thiet':3,10 've':8 'wbm4ykf5':2",AWOS-900,NP301,,,581d9350-905f-46da-b45e-c2d8aba4d868,,Truyền dẫn,PBA,,,,,,,,,,,,,,,,,,,,,,,san_sang,,f024c88e-8702-49c8-a302-15b93f6acb3c,,,,f,TB_PBA_010,3180d492-2ec7-45e4-a7d0-2a561293d737,{},KHONG,,100,he_thong
ce53e2e0-4efe-48f9-b72c-0a65ad7328b0,TB_QRG4YTRF,Thiết bị chuyển đổi tín hiệu,ae03f513-6763-46f8-913d-91a103966947,,Thiết bị Serial server,3Onedata,,2236fe1c-6896-4157-a310-ae0e094233f6,d7faf284-1a3a-4e53-9433-8476900a66e7,,,1ce915ed-07e9-4b65-9209-2652ffd9b681,8b408897-b25d-4ece-91ba-d97dfacec283,Phòng thiết bị,"Ra soat 2026-07-11, file nguon: PLK_IMS",,,,,2026-07-11 09:50:09.894644+00,2026-08-11 04:37:10.204448+00,7c809d84-88ee-4505-9e8e-d5f291ec5afd,,c6b9108a-b830-42a6-b3b8-9e6dd5196202,"TB_QRG4YTRF Thiet bi chuyen doi tin hieu  Thiet bi Serial server 3Onedata  Phong thiet bi Ra soat 2026-07-11, file nguon: PLK_IMS","'-07':20 '-11':21 '2026':19 '3onedata':13 'bi':4,10,16 'chuyen':5 'doi':6 'file':22 'hieu':8 'ims':25 'nguon':23 'phong':14 'plk':24 'qrg4ytrf':2 'ra':17 'serial':11 'server':12 'soat':18 'tb':1 'thiet':3,9,15 'tin':7",TB Quan trắc thông dụng dự phòng CT,NP301,,,8b408897-b25d-4ece-91ba-d97dfacec283,,Truyền dẫn,PLK,,,,,,,,,,,,,,,,,,,,,,,san_sang,,f024c88e-8702-49c8-a302-15b93f6acb3c,,,,f,TB_PLK_125,3180d492-2ec7-45e4-a7d0-2a561293d737,{},KHONG,,83,he_thong
df216426-639e-4757-8567-37c1542d6daa,TB_KYYYD88A,Thiết bị cắt lọc sét 1 pha,660f73b4-1975-4bde-8c87-810a23ef6e2c,,Thiết bị cắt lọc sét 1 pha,nVent ERICO,,2236fe1c-6896-4157-a310-ae0e094233f6,d7faf284-1a3a-4e53-9433-8476900a66e7,,,1ce915ed-07e9-4b65-9209-2652ffd9b681,8b408897-b25d-4ece-91ba-d97dfacec283,Trạm 27 Celio,"Ra soat 2026-07-11, file nguon: PLK_IMS",,,,,2026-07-11 09:50:09.894644+00,2026-08-11 04:37:10.204448+00,2e05f201-8ee7-4f2d-afe5-963dc6d94500,,e96be350-6615-441a-91f5-53ad976e91b3,"TB_KYYYD88A Thiet bi cat loc set 1 pha  Thiet bi cat loc set 1 pha nVent ERICO  Tram 27 Celio Ra soat 2026-07-11, file nguon: PLK_IMS","'-07':25 '-11':26 '1':8,15 '2026':24 '27':20 'bi':4,11 'cat':5,12 'celio':21 'erico':18 'file':27 'ims':30 'kyyyd88a':2 'loc':6,13 'nguon':28 'nvent':17 'pha':9,16 'plk':29 'ra':22 'set':7,14 'soat':23 'tb':1 'thiet':3,10 'tram':19",AWOS IMS,TSF20A240V,,,8b408897-b25d-4ece-91ba-d97dfacec283,,Cắt lọc sét,PLK,,,,,,,,,,,,,,,,,,,,,,,san_sang,,f024c88e-8702-49c8-a302-15b93f6acb3c,,,,f,TB_PLK_004,a3eebddd-df65-414d-9e50-90fc3fa745aa,{},KHONG,,83,he_thong
2d025afb-a258-44a9-b3dd-112f0a6c0e5e,TB_PT5XF35V,Chống sét RF,660f73b4-1975-4bde-8c87-810a23ef6e2c,,Chống sét RF,RACOM,,2236fe1c-6896-4157-a310-ae0e094233f6,d7faf284-1a3a-4e53-9433-8476900a66e7,,,1ce915ed-07e9-4b65-9209-2652ffd9b681,8b408897-b25d-4ece-91ba-d97dfacec283,Trạm 27,"Ra soat 2026-07-11, file nguon: PLK_IMS",,,,,2026-07-11 09:50:09.894644+00,2026-08-11 04:37:10.204448+00,ca029628-203c-4008-b4bc-89b0746a39c6,,e96be350-6615-441a-91f5-53ad976e91b3,"TB_PT5XF35V Chong set RF  Chong set RF RACOM  Tram 27 Ra soat 2026-07-11, file nguon: PLK_IMS","'-07':15 '-11':16 '2026':14 '27':11 'chong':3,6 'file':17 'ims':20 'nguon':18 'plk':19 'pt5xf35v':2 'ra':12 'racom':9 'rf':5,8 'set':4,7 'soat':13 'tb':1 'tram':10",AWOS IMS,HX090 F/RG,,,8b408897-b25d-4ece-91ba-d97dfacec283,,Cắt lọc sét,PLK,,,,,,,,,,,,,,,,,,,,,,,san_sang,,f024c88e-8702-49c8-a302-15b93f6acb3c,,,,f,TB_PLK_021,9a411ffd-9f0c-48c7-a7dd-d8b84d979089,{},KHONG,,83,he_thong
09bf9c75-3870-4f2e-9f22-da90def7f43b,TB_V4Q5TFN1,Chống sét đường tín hiệu,660f73b4-1975-4bde-8c87-810a23ef6e2c,,Chống sét đường tín hiệu,AT3W,,2236fe1c-6896-4157-a310-ae0e094233f6,d7faf284-1a3a-4e53-9433-8476900a66e7,,,1ce915ed-07e9-4b65-9209-2652ffd9b681,8b408897-b25d-4ece-91ba-d97dfacec283,Trạm 27,"Ra soat 2026-07-11, file nguon: PLK_IMS",,,,,2026-07-11 09:50:09.894644+00,2026-08-11 04:37:10.204448+00,9d09c5d7-4aa9-40a6-b47b-4e1899c9956f,,e96be350-6615-441a-91f5-53ad976e91b3,"TB_V4Q5TFN1 Chong set duong tin hieu  Chong set duong tin hieu AT3W  Tram 27 Ra soat 2026-07-11, file nguon: PLK_IMS","'-07':19 '-11':20 '2026':18 '27':15 'at3w':13 'chong':3,8 'duong':5,10 'file':21 'hieu':7,12 'ims':24 'nguon':22 'plk':23 'ra':16 'set':4,9 'soat':17 'tb':1 'tin':6,11 'tram':14 'v4q5tfn1':2",AWOS IMS,AT-2300,,,8b408897-b25d-4ece-91ba-d97dfacec283,,Cắt lọc sét,PLK,,,,,,,,,,,,,,,,,,,,,,,san_sang,,f024c88e-8702-49c8-a302-15b93f6acb3c,,,,f,TB_PLK_027,0afefb1d-ad24-474a-9810-5e665bc08366,{},KHONG,,83,he_thong
da59f724-46f3-4970-a9fa-4f042c9bc40d,TB_AC48R22H,Chống sét đường tín hiệu,660f73b4-1975-4bde-8c87-810a23ef6e2c,,Chống sét đường tín hiệu,AT3W,,2236fe1c-6896-4157-a310-ae0e094233f6,d7faf284-1a3a-4e53-9433-8476900a66e7,,,1ce915ed-07e9-4b65-9209-2652ffd9b681,8b408897-b25d-4ece-91ba-d97dfacec283,Trạm 27,"Ra soat 2026-07-11, file nguon: PLK_IMS",,,,,2026-07-11 09:50:09.894644+00,2026-08-11 04:37:10.204448+00,9d09c5d7-4aa9-40a6-b47b-4e1899c9956f,,e96be350-6615-441a-91f5-53ad976e91b3,"TB_AC48R22H Chong set duong tin hieu  Chong set duong tin hieu AT3W  Tram 27 Ra soat 2026-07-11, file nguon: PLK_IMS","'-07':19 '-11':20 '2026':18 '27':15 'ac48r22h':2 'at3w':13 'chong':3,8 'duong':5,10 'file':21 'hieu':7,12 'ims':24 'nguon':22 'plk':23 'ra':16 'set':4,9 'soat':17 'tb':1 'tin':6,11 'tram':14",AWOS IMS,AT-2300,,,8b408897-b25d-4ece-91ba-d97dfacec283,,Cắt lọc sét,PLK,,,,,,,,,,,,,,,,,,,,,,,san_sang,,f024c88e-8702-49c8-a302-15b93f6acb3c,,,,f,TB_PLK_028,0afefb1d-ad24-474a-9810-5e665bc08366,{},KHONG,,83,he_thong
05d070da-1b38-4126-855a-86b95fa0bf85,TB_XZJYECQ3,Chống sét đường tín hiệu,660f73b4-1975-4bde-8c87-810a23ef6e2c,,Chống sét đường tín hiệu,AT3W,,2236fe1c-6896-4157-a310-ae0e094233f6,d7faf284-1a3a-4e53-9433-8476900a66e7,,,1ce915ed-07e9-4b65-9209-2652ffd9b681,8b408897-b25d-4ece-91ba-d97dfacec283,Trạm MID,"Ra soat 2026-07-11, file nguon: PLK_IMS",,,,,2026-07-11 09:50:09.894644+00,2026-08-11 04:37:10.204448+00,9d09c5d7-4aa9-40a6-b47b-4e1899c9956f,,e96be350-6615-441a-91f5-53ad976e91b3,"TB_XZJYECQ3 Chong set duong tin hieu  Chong set duong tin hieu AT3W  Tram MID Ra soat 2026-07-11, file nguon: PLK_IMS","'-07':19 '-11':20 '2026':18 'at3w':13 'chong':3,8 'duong':5,10 'file':21 'hieu':7,12 'ims':24 'mid':15 'nguon':22 'plk':23 'ra':16 'set':4,9 'soat':17 'tb':1 'tin':6,11 'tram':14 'xzjyecq3':2",AWOS IMS,AT-2300,,,8b408897-b25d-4ece-91ba-d97dfacec283,,Cắt lọc sét,PLK,,,,,,,,,,,,,,,,,,,,,,,san_sang,,f024c88e-8702-49c8-a302-15b93f6acb3c,,,,f,TB_PLK_034,0afefb1d-ad24-474a-9810-5e665bc08366,{},KHONG,,83,he_thong
e357409b-bfde-4043-8403-087ca9755d3e,TB_Y1A8M60X,Chống sét đường tín hiệu,660f73b4-1975-4bde-8c87-810a23ef6e2c,,Chống sét đường tín hiệu,AT3W,,2236fe1c-6896-4157-a310-ae0e094233f6,d7faf284-1a3a-4e53-9433-8476900a66e7,,,1ce915ed-07e9-4b65-9209-2652ffd9b681,8b408897-b25d-4ece-91ba-d97dfacec283,Trạm MID,"Ra soat 2026-07-11, file nguon: PLK_IMS",,,,,2026-07-11 09:50:09.894644+00,2026-08-11 04:37:10.204448+00,9d09c5d7-4aa9-40a6-b47b-4e1899c9956f,,e96be350-6615-441a-91f5-53ad976e91b3,"TB_Y1A8M60X Chong set duong tin hieu  Chong set duong tin hieu AT3W  Tram MID Ra soat 2026-07-11, file nguon: PLK_IMS","'-07':19 '-11':20 '2026':18 'at3w':13 'chong':3,8 'duong':5,10 'file':21 'hieu':7,12 'ims':24 'mid':15 'nguon':22 'plk':23 'ra':16 'set':4,9 'soat':17 'tb':1 'tin':6,11 'tram':14 'y1a8m60x':2",AWOS IMS,AT-2300,,,8b408897-b25d-4ece-91ba-d97dfacec283,,Cắt lọc sét,PLK,,,,,,,,,,,,,,,,,,,,,,,san_sang,,f024c88e-8702-49c8-a302-15b93f6acb3c,,,,f,TB_PLK_035,0afefb1d-ad24-474a-9810-5e665bc08366,{},KHONG,,83,he_thong
632f9911-7c02-4d6e-9449-cf567b08cf38,TB_ZYKANKWB,Chống sét đường tín hiệu,660f73b4-1975-4bde-8c87-810a23ef6e2c,,Chống sét đường tín hiệu,AT3W,,2236fe1c-6896-4157-a310-ae0e094233f6,d7faf284-1a3a-4e53-9433-8476900a66e7,,,1ce915ed-07e9-4b65-9209-2652ffd9b681,8b408897-b25d-4ece-91ba-d97dfacec283,Trạm MID,"Ra soat 2026-07-11, file nguon: PLK_IMS",,,,,2026-07-11 09:50:09.894644+00,2026-08-11 04:37:10.204448+00,9d09c5d7-4aa9-40a6-b47b-4e1899c9956f,,e96be350-6615-441a-91f5-53ad976e91b3,"TB_ZYKANKWB Chong set duong tin hieu  Chong set duong tin hieu AT3W  Tram MID Ra soat 2026-07-11, file nguon: PLK_IMS","'-07':19 '-11':20 '2026':18 'at3w':13 'chong':3,8 'duong':5,10 'file':21 'hieu':7,12 'ims':24 'mid':15 'nguon':22 'plk':23 'ra':16 'set':4,9 'soat':17 'tb':1 'tin':6,11 'tram':14 'zykankwb':2",AWOS IMS,AT-2300,,,8b408897-b25d-4ece-91ba-d97dfacec283,,Cắt lọc sét,PLK,,,,,,,,,,,,,,,,,,,,,,,san_sang,,f024c88e-8702-49c8-a302-15b93f6acb3c,,,,f,TB_PLK_036,0afefb1d-ad24-474a-9810-5e665bc08366,{},KHONG,,83,he_thong
e2e39fca-2629-425c-8765-48b4673d8462,TB_BB66ECHA,Thiết bị cắt lọc sét 1 pha,660f73b4-1975-4bde-8c87-810a23ef6e2c,,Thiết bị cắt lọc sét 1 pha,nVent ERICO,,2236fe1c-6896-4157-a310-ae0e094233f6,d7faf284-1a3a-4e53-9433-8476900a66e7,,,1ce915ed-07e9-4b65-9209-2652ffd9b681,8b408897-b25d-4ece-91ba-d97dfacec283,Trạm MID,"Ra soat 2026-07-11, file nguon: PLK_IMS",,,,,2026-07-11 09:50:09.894644+00,2026-08-11 04:37:10.204448+00,2e05f201-8ee7-4f2d-afe5-963dc6d94500,,e96be350-6615-441a-91f5-53ad976e91b3,"TB_BB66ECHA Thiet bi cat loc set 1 pha  Thiet bi cat loc set 1 pha nVent ERICO  Tram MID Ra soat 2026-07-11, file nguon: PLK_IMS","'-07':24 '-11':25 '1':8,15 '2026':23 'bb66echa':2 'bi':4,11 'cat':5,12 'erico':18 'file':26 'ims':29 'loc':6,13 'mid':20 'nguon':27 'nvent':17 'pha':9,16 'plk':28 'ra':21 'set':7,14 'soat':22 'tb':1 'thiet':3,10 'tram':19",AWOS IMS,TSF20A240V,,,8b408897-b25d-4ece-91ba-d97dfacec283,,Cắt lọc sét,PLK,,,,,,,,,,,,,,,,,,,,,,,san_sang,,f024c88e-8702-49c8-a302-15b93f6acb3c,,,,f,TB_PLK_058,a3eebddd-df65-414d-9e50-90fc3fa745aa,{},KHONG,,83,he_thong
6cef27f2-4362-4615-8ff0-5d648f55caa3,TB_VHXXMB8K,Thiết bị cắt lọc sét 1 pha,660f73b4-1975-4bde-8c87-810a23ef6e2c,,Thiết bị cắt lọc sét 1 pha,nVent ERICO,,2236fe1c-6896-4157-a310-ae0e094233f6,d7faf284-1a3a-4e53-9433-8476900a66e7,,,1ce915ed-07e9-4b65-9209-2652ffd9b681,8b408897-b25d-4ece-91ba-d97dfacec283,Trạm MID,"Ra soat 2026-07-11, file nguon: PLK_IMS",,,,,2026-07-11 09:50:09.894644+00,2026-08-11 04:37:10.204448+00,2e05f201-8ee7-4f2d-afe5-963dc6d94500,,e96be350-6615-441a-91f5-53ad976e91b3,"TB_VHXXMB8K Thiet bi cat loc set 1 pha  Thiet bi cat loc set 1 pha nVent ERICO  Tram MID Ra soat 2026-07-11, file nguon: PLK_IMS","'-07':24 '-11':25 '1':8,15 '2026':23 'bi':4,11 'cat':5,12 'erico':18 'file':26 'ims':29 'loc':6,13 'mid':20 'nguon':27 'nvent':17 'pha':9,16 'plk':28 'ra':21 'set':7,14 'soat':22 'tb':1 'thiet':3,10 'tram':19 'vhxxmb8k':2",AWOS IMS,DT230020R,,,8b408897-b25d-4ece-91ba-d97dfacec283,,Cắt lọc sét,PLK,,,,,,,,,,,,,,,,,,,,,,,san_sang,,f024c88e-8702-49c8-a302-15b93f6acb3c,,,,f,TB_PLK_059,993b7ac7-3317-4c1f-8040-32fe7a14c010,{},KHONG,,83,he_thong
9965dab0-c548-432d-8e45-0ec1aee9a268,TB_ZAJCAHYR,Thiết bị cắt lọc sét 1 pha,660f73b4-1975-4bde-8c87-810a23ef6e2c,,Thiết bị cắt lọc sét 1 pha,nVent ERICO,,2236fe1c-6896-4157-a310-ae0e094233f6,d7faf284-1a3a-4e53-9433-8476900a66e7,,,1ce915ed-07e9-4b65-9209-2652ffd9b681,8b408897-b25d-4ece-91ba-d97dfacec283,Trạm MID,"Ra soat 2026-07-11, file nguon: PLK_IMS",,,,,2026-07-11 09:50:09.894644+00,2026-08-11 04:37:10.204448+00,2e05f201-8ee7-4f2d-afe5-963dc6d94500,,e96be350-6615-441a-91f5-53ad976e91b3,"TB_ZAJCAHYR Thiet bi cat loc set 1 pha  Thiet bi cat loc set 1 pha nVent ERICO  Tram MID Ra soat 2026-07-11, file nguon: PLK_IMS","'-07':24 '-11':25 '1':8,15 '2026':23 'bi':4,11 'cat':5,12 'erico':18 'file':26 'ims':29 'loc':6,13 'mid':20 'nguon':27 'nvent':17 'pha':9,16 'plk':28 'ra':21 'set':7,14 'soat':22 'tb':1 'thiet':3,10 'tram':19 'zajcahyr':2",AWOS IMS,DT230020R,,,8b408897-b25d-4ece-91ba-d97dfacec283,,Cắt lọc sét,PLK,,,,,,,,,,,,,,,,,,,,,,,san_sang,,f024c88e-8702-49c8-a302-15b93f6acb3c,,,,f,TB_PLK_060,993b7ac7-3317-4c1f-8040-32fe7a14c010,{},KHONG,,83,he_thong
b149602d-b725-497b-b9c5-dd4ff6f8a76e,TB_P6W64J6J,Thiết bị cắt lọc sét 1 pha,660f73b4-1975-4bde-8c87-810a23ef6e2c,,Thiết bị cắt lọc sét 1 pha,nVent ERICO,,2236fe1c-6896-4157-a310-ae0e094233f6,d7faf284-1a3a-4e53-9433-8476900a66e7,,,1ce915ed-07e9-4b65-9209-2652ffd9b681,8b408897-b25d-4ece-91ba-d97dfacec283,Trạm 09,"Ra soat 2026-07-11, file nguon: PLK_IMS",,,,,2026-07-11 09:50:09.894644+00,2026-08-11 04:37:10.204448+00,2e05f201-8ee7-4f2d-afe5-963dc6d94500,,e96be350-6615-441a-91f5-53ad976e91b3,"TB_P6W64J6J Thiet bi cat loc set 1 pha  Thiet bi cat loc set 1 pha nVent ERICO  Tram 09 Ra soat 2026-07-11, file nguon: PLK_IMS","'-07':24 '-11':25 '09':20 '1':8,15 '2026':23 'bi':4,11 'cat':5,12 'erico':18 'file':26 'ims':29 'loc':6,13 'nguon':27 'nvent':17 'p6w64j6j':2 'pha':9,16 'plk':28 'ra':21 'set':7,14 'soat':22 'tb':1 'thiet':3,10 'tram':19",AWOS IMS,DT230020R,,,8b408897-b25d-4ece-91ba-d97dfacec283,,Cắt lọc sét,PLK,,,,,,,,,,,,,,,,,,,,,,,san_sang,,f024c88e-8702-49c8-a302-15b93f6acb3c,,,,f,TB_PLK_079,993b7ac7-3317-4c1f-8040-32fe7a14c010,{},KHONG,,83,he_thong
4243f871-7241-4bd3-b981-d7d8268aa3d1,TB_SMXMTP6N,Thiết bị cắt lọc sét 1 pha,660f73b4-1975-4bde-8c87-810a23ef6e2c,,Thiết bị cắt lọc sét 1 pha,nVent ERICO,,2236fe1c-6896-4157-a310-ae0e094233f6,d7faf284-1a3a-4e53-9433-8476900a66e7,,,1ce915ed-07e9-4b65-9209-2652ffd9b681,8b408897-b25d-4ece-91ba-d97dfacec283,Trạm 09,"Ra soat 2026-07-11, file nguon: PLK_IMS",,,,,2026-07-11 09:50:09.894644+00,2026-08-11 04:37:10.204448+00,2e05f201-8ee7-4f2d-afe5-963dc6d94500,,e96be350-6615-441a-91f5-53ad976e91b3,"TB_SMXMTP6N Thiet bi cat loc set 1 pha  Thiet bi cat loc set 1 pha nVent ERICO  Tram 09 Ra soat 2026-07-11, file nguon: PLK_IMS","'-07':24 '-11':25 '09':20 '1':8,15 '2026':23 'bi':4,11 'cat':5,12 'erico':18 'file':26 'ims':29 'loc':6,13 'nguon':27 'nvent':17 'pha':9,16 'plk':28 'ra':21 'set':7,14 'smxmtp6n':2 'soat':22 'tb':1 'thiet':3,10 'tram':19",AWOS IMS,TSF20A240V,,,8b408897-b25d-4ece-91ba-d97dfacec283,,Cắt lọc sét,PLK,,,,,,,,,,,,,,,,,,,,,,,san_sang,,f024c88e-8702-49c8-a302-15b93f6acb3c,,,,f,TB_PLK_080,a3eebddd-df65-414d-9e50-90fc3fa745aa,{},KHONG,,83,he_thong
79b19410-1a4c-443c-88fb-9c2a07877ef3,TB_GYQJN8CP,Thiết bị cắt lọc sét 1 pha,660f73b4-1975-4bde-8c87-810a23ef6e2c,,Thiết bị cắt lọc sét 1 pha,nVent ERICO,,2236fe1c-6896-4157-a310-ae0e094233f6,d7faf284-1a3a-4e53-9433-8476900a66e7,,,1ce915ed-07e9-4b65-9209-2652ffd9b681,8b408897-b25d-4ece-91ba-d97dfacec283,Trạm 09,"Ra soat 2026-07-11, file nguon: PLK_IMS",,,,,2026-07-11 09:50:09.894644+00,2026-08-11 04:37:10.204448+00,2e05f201-8ee7-4f2d-afe5-963dc6d94500,,e96be350-6615-441a-91f5-53ad976e91b3,"TB_GYQJN8CP Thiet bi cat loc set 1 pha  Thiet bi cat loc set 1 pha nVent ERICO  Tram 09 Ra soat 2026-07-11, file nguon: PLK_IMS","'-07':24 '-11':25 '09':20 '1':8,15 '2026':23 'bi':4,11 'cat':5,12 'erico':18 'file':26 'gyqjn8cp':2 'ims':29 'loc':6,13 'nguon':27 'nvent':17 'pha':9,16 'plk':28 'ra':21 'set':7,14 'soat':22 'tb':1 'thiet':3,10 'tram':19",AWOS IMS,TSF20A240V,,,8b408897-b25d-4ece-91ba-d97dfacec283,,Cắt lọc sét,PLK,,,,,,,,,,,,,,,,,,,,,,,san_sang,,f024c88e-8702-49c8-a302-15b93f6acb3c,,,,f,TB_PLK_081,a3eebddd-df65-414d-9e50-90fc3fa745aa,{},KHONG,,83,he_thong
08d29cc5-d58c-4bd8-9ca3-602ffdd932df,TB_NGQ2Z7HT,Thiết bị cắt lọc sét 1 pha,660f73b4-1975-4bde-8c87-810a23ef6e2c,,Thiết bị cắt lọc sét 1 pha,nVent ERICO,,2236fe1c-6896-4157-a310-ae0e094233f6,d7faf284-1a3a-4e53-9433-8476900a66e7,,,1ce915ed-07e9-4b65-9209-2652ffd9b681,8b408897-b25d-4ece-91ba-d97dfacec283,Trạm 09 Ceilo,"Ra soat 2026-07-11, file nguon: PLK_IMS",,,,,2026-07-11 09:50:09.894644+00,2026-08-11 04:37:10.204448+00,2e05f201-8ee7-4f2d-afe5-963dc6d94500,,e96be350-6615-441a-91f5-53ad976e91b3,"TB_NGQ2Z7HT Thiet bi cat loc set 1 pha  Thiet bi cat loc set 1 pha nVent ERICO  Tram 09 Ceilo Ra soat 2026-07-11, file nguon: PLK_IMS","'-07':25 '-11':26 '09':20 '1':8,15 '2026':24 'bi':4,11 'cat':5,12 'ceilo':21 'erico':18 'file':27 'ims':30 'loc':6,13 'ngq2z7ht':2 'nguon':28 'nvent':17 'pha':9,16 'plk':29 'ra':22 'set':7,14 'soat':23 'tb':1 'thiet':3,10 'tram':19",AWOS IMS,DT230020R,,,8b408897-b25d-4ece-91ba-d97dfacec283,,Cắt lọc sét,PLK,,,,,,,,,,,,,,,,,,,,,,,san_sang,,f024c88e-8702-49c8-a302-15b93f6acb3c,,,,f,TB_PLK_091,993b7ac7-3317-4c1f-8040-32fe7a14c010,{},KHONG,,83,he_thong
3ab1f9c0-d222-40b9-a000-3144166df682,TB_V2RVJYAN,Cắt lọc sét nguồn AC - Tủ thiết bị,660f73b4-1975-4bde-8c87-810a23ef6e2c,,Thiết bị cắt lọc sét 1 pha,nVent ERICO,,4fbd5536-e530-4f9b-97d3-d194186c33de,d7faf284-1a3a-4e53-9433-8476900a66e7,,,1ce915ed-07e9-4b65-9209-2652ffd9b681,141337b4-f2fa-4438-808f-0d10cfeedb85,Trạm trần mây 32,"Ra soat 2026-07-11, file nguon: CLA_IMS",,,,,2026-07-11 09:50:09.894644+00,2026-08-11 04:37:10.204448+00,2e05f201-8ee7-4f2d-afe5-963dc6d94500,,66b78574-4d8b-4d58-8ca7-67b06ef335b2,"TB_V2RVJYAN Cat loc set nguon AC - Tu thiet bi  Thiet bi cat loc set 1 pha nVent ERICO  Tram tran may 32 Ra soat 2026-07-11, file nguon: CLA_IMS","'-07':27 '-11':28 '1':16 '2026':26 '32':23 'ac':7 'bi':10,12 'cat':3,13 'cla':31 'erico':19 'file':29 'ims':32 'loc':4,14 'may':22 'nguon':6,30 'nvent':18 'pha':17 'ra':24 'set':5,15 'soat':25 'tb':1 'thiet':9,11 'tram':20 'tran':21 'tu':8 'v2rvjyan':2",AWOS IMS,TSF20A240V,,,141337b4-f2fa-4438-808f-0d10cfeedb85,,Cắt lọc sét,CLA,,,,,,,,,,,,,,,,,,,,,,,san_sang,,f024c88e-8702-49c8-a302-15b93f6acb3c,,,,f,TB_CLA_038,a3eebddd-df65-414d-9e50-90fc3fa745aa,{},KHONG,,83,he_thong
c2d27132-4ac4-4e9b-bb0c-971cc36f468e,TB_6B97KC41,Chống sét giao tiếp Ethernet-UHF,660f73b4-1975-4bde-8c87-810a23ef6e2c,,Chống sét giao tiếp Ethernet-UHF,Citel,,4fbd5536-e530-4f9b-97d3-d194186c33de,d7faf284-1a3a-4e53-9433-8476900a66e7,,,1ce915ed-07e9-4b65-9209-2652ffd9b681,141337b4-f2fa-4438-808f-0d10cfeedb85,Trạm 32,"Ra soat 2026-07-11, file nguon: CLA_IMS",,,,,2026-07-11 09:50:09.894644+00,2026-08-11 04:37:10.204448+00,80666d25-731c-4de5-8d64-08488037258a,,f099f53a-5ef4-4039-ba41-1ea298f0ae5d,"TB_6B97KC41 Chong set giao tiep Ethernet-UHF  Chong set giao tiep Ethernet-UHF Citel  Tram 32 Ra soat 2026-07-11, file nguon: CLA_IMS","'-07':23 '-11':24 '2026':22 '32':19 '6b97kc41':2 'chong':3,10 'citel':17 'cla':27 'ethernet':8,15 'ethernet-uhf':7,14 'file':25 'giao':5,12 'ims':28 'nguon':26 'ra':20 'set':4,11 'soat':21 'tb':1 'tiep':6,13 'tram':18 'uhf':9,16",AWOS IMS,MJ8-C6A,,,141337b4-f2fa-4438-808f-0d10cfeedb85,,Cắt lọc sét,CLA,,,,,,,,,,,,,,,,,,,,,,,san_sang,,f024c88e-8702-49c8-a302-15b93f6acb3c,,,,f,TB_CLA_022,9c74e0d7-148c-4fd9-bfcb-2b7cb6729943,{},KHONG,,83,he_thong
1f5da9bc-24e0-4204-b3f0-a081d12d513e,TB_4MD98PFF,Chống sét - UHF,660f73b4-1975-4bde-8c87-810a23ef6e2c,,Chống sét - UHF,Citel,,4fbd5536-e530-4f9b-97d3-d194186c33de,d7faf284-1a3a-4e53-9433-8476900a66e7,,,1ce915ed-07e9-4b65-9209-2652ffd9b681,141337b4-f2fa-4438-808f-0d10cfeedb85,Trạm trần mây 32,"Ra soat 2026-07-11, file nguon: CLA_IMS",,,,,2026-07-11 09:50:09.894644+00,2026-08-11 04:37:10.204448+00,80666d25-731c-4de5-8d64-08488037258a,,66b78574-4d8b-4d58-8ca7-67b06ef335b2,"TB_4MD98PFF Chong set - UHF  Chong set - UHF Citel  Tram tran may 32 Ra soat 2026-07-11, file nguon: CLA_IMS","'-07':17 '-11':18 '2026':16 '32':13 '4md98pff':2 'chong':3,6 'citel':9 'cla':21 'file':19 'ims':22 'may':12 'nguon':20 'ra':14 'set':4,7 'soat':15 'tb':1 'tram':10 'tran':11 'uhf':5,8",AWOS IMS,P8AX15,,,141337b4-f2fa-4438-808f-0d10cfeedb85,,Cắt lọc sét,CLA,,,,,,,,,,,,,,,,,,,,,,,san_sang,,f024c88e-8702-49c8-a302-15b93f6acb3c,,,,f,TB_CLA_034,31cae5c6-e3ee-4ad9-ab56-bef881a81aae,{},KHONG,,83,he_thong
9340548c-adfd-467c-acfa-8e528c9cdfb2,TB_3KY8RDYC,Chống sét giao tiếp Ethernet-UHF,660f73b4-1975-4bde-8c87-810a23ef6e2c,,Chống sét giao tiếp Ethernet-UHF,Citel,,4fbd5536-e530-4f9b-97d3-d194186c33de,d7faf284-1a3a-4e53-9433-8476900a66e7,,,1ce915ed-07e9-4b65-9209-2652ffd9b681,141337b4-f2fa-4438-808f-0d10cfeedb85,Trạm trần mây 32,"Ra soat 2026-07-11, file nguon: CLA_IMS",,,,,2026-07-11 09:50:09.894644+00,2026-08-11 04:37:10.204448+00,80666d25-731c-4de5-8d64-08488037258a,,66b78574-4d8b-4d58-8ca7-67b06ef335b2,"TB_3KY8RDYC Chong set giao tiep Ethernet-UHF  Chong set giao tiep Ethernet-UHF Citel  Tram tran may 32 Ra soat 2026-07-11, file nguon: CLA_IMS","'-07':25 '-11':26 '2026':24 '32':21 '3ky8rdyc':2 'chong':3,10 'citel':17 'cla':29 'ethernet':8,15 'ethernet-uhf':7,14 'file':27 'giao':5,12 'ims':30 'may':20 'nguon':28 'ra':22 'set':4,11 'soat':23 'tb':1 'tiep':6,13 'tram':18 'tran':19 'uhf':9,16",AWOS IMS,MJ8-C6A,,,141337b4-f2fa-4438-808f-0d10cfeedb85,,Cắt lọc sét,CLA,,,,,,,,,,,,,,,,,,,,,,,san_sang,,f024c88e-8702-49c8-a302-15b93f6acb3c,,,,f,TB_CLA_035,9c74e0d7-148c-4fd9-bfcb-2b7cb6729943,{},KHONG,,83,he_thong
945026f0-1776-49b7-a0fc-c5b58217a15c,TB_JCP1EYW7,Chống sét đường dữ liệu RS-232,660f73b4-1975-4bde-8c87-810a23ef6e2c,,Chống sét đường dữ liệu RS-232,AT3W,,4fbd5536-e530-4f9b-97d3-d194186c33de,d7faf284-1a3a-4e53-9433-8476900a66e7,,,1ce915ed-07e9-4b65-9209-2652ffd9b681,141337b4-f2fa-4438-808f-0d10cfeedb85,Trạm trần mây 32,"Ra soat 2026-07-11, file nguon: CLA_IMS",,,,,2026-07-11 09:50:09.894644+00,2026-08-11 04:37:10.204448+00,9d09c5d7-4aa9-40a6-b47b-4e1899c9956f,,66b78574-4d8b-4d58-8ca7-67b06ef335b2,"TB_JCP1EYW7 Chong set duong du lieu RS-232  Chong set duong du lieu RS-232 AT3W  Tram tran may 32 Ra soat 2026-07-11, file nguon: CLA_IMS","'-07':25 '-11':26 '-232':9,16 '2026':24 '32':21 'at3w':17 'chong':3,10 'cla':29 'du':6,13 'duong':5,12 'file':27 'ims':30 'jcp1eyw7':2 'lieu':7,14 'may':20 'nguon':28 'ra':22 'rs':8,15 'set':4,11 'soat':23 'tb':1 'tram':18 'tran':19",AWOS IMS,ATDB9,,,141337b4-f2fa-4438-808f-0d10cfeedb85,,Cắt lọc sét,CLA,,,,,,,,,,,,,,,,,,,,,,,san_sang,,f024c88e-8702-49c8-a302-15b93f6acb3c,,,,f,TB_CLA_036,b60b1eab-a1e6-4d20-b8d4-3f7862ad32c0,{},KHONG,,83,he_thong
285a3365-1744-4ae9-859f-55ab4c014350,TB_22J64890,Modem Hub UHF,ae03f513-6763-46f8-913d-91a103966947,,Modem UHF,RACOM,,ce27df84-7054-4032-bfe7-efdb0bd119f4,d7faf284-1a3a-4e53-9433-8476900a66e7,,,1ce915ed-07e9-4b65-9209-2652ffd9b681,581d9350-905f-46da-b45e-c2d8aba4d868,09,"Ra soat 2026-07-11, file nguon: PBA_AWOS900",,,,,2026-07-11 09:50:09.894644+00,2026-08-11 04:37:10.204448+00,ca029628-203c-4008-b4bc-89b0746a39c6,,e96be350-6615-441a-91f5-53ad976e91b3,"TB_22J64890 Modem Hub UHF  Modem UHF RACOM  09 Ra soat 2026-07-11, file nguon: PBA_AWOS900","'-07':13 '-11':14 '09':9 '2026':12 '22j64890':2 'awos900':18 'file':15 'hub':4 'modem':3,6 'nguon':16 'pba':17 'ra':10 'racom':8 'soat':11 'tb':1 'uhf':5,7",AWOS-900,RipEX-400SP,,,581d9350-905f-46da-b45e-c2d8aba4d868,,Truyền dẫn,PBA,,,,,,,,,,,,,,,,,,,,,,,san_sang,,f024c88e-8702-49c8-a302-15b93f6acb3c,,,,f,TB_PBA_018,d28b2aa6-050f-46e2-bb5a-5e1970b424ab,{},KHONG,,83,he_thong
90aeb1df-8b84-4724-9451-529494129ef1,TB_SGCKYNJN,Cắt sét nguồn 220VAC -  UHF,660f73b4-1975-4bde-8c87-810a23ef6e2c,,Cắt sét nguồn 220VAC -  UHF,Schneider,,4fbd5536-e530-4f9b-97d3-d194186c33de,d7faf284-1a3a-4e53-9433-8476900a66e7,,,1ce915ed-07e9-4b65-9209-2652ffd9b681,141337b4-f2fa-4438-808f-0d10cfeedb85,Trạm trần mây 32,"Ra soat 2026-07-11, file nguon: CLA_IMS",,,,,2026-07-11 09:50:09.894644+00,2026-08-11 04:37:10.204448+00,1dfd07b4-a9da-41a0-aa04-7b64b3f5862e,,66b78574-4d8b-4d58-8ca7-67b06ef335b2,"TB_SGCKYNJN Cat set nguon 220VAC -  UHF  Cat set nguon 220VAC -  UHF Schneider  Tram tran may 32 Ra soat 2026-07-11, file nguon: CLA_IMS","'-07':21 '-11':22 '2026':20 '220vac':6,11 '32':17 'cat':3,8 'cla':25 'file':23 'ims':26 'may':16 'nguon':5,10,24 'ra':18 'schneider':13 'set':4,9 'sgckynjn':2 'soat':19 'tb':1 'tram':14 'tran':15 'uhf':7,12",AWOS IMS,A9L15692,,,141337b4-f2fa-4438-808f-0d10cfeedb85,,Cắt lọc sét,CLA,,,,,,,,,,,,,,,,,,,,,,,san_sang,,f024c88e-8702-49c8-a302-15b93f6acb3c,,,,f,TB_CLA_037,302ce695-41d5-4dc0-806f-915b1e489689,{},KHONG,,83,he_thong
cd857d57-c776-4758-9fd4-fe3c7bfb8535,TB_TJKBKKYE,Chống sét RF  - UHF,660f73b4-1975-4bde-8c87-810a23ef6e2c,,Chống sét RF  - UHF,Citel,,4fbd5536-e530-4f9b-97d3-d194186c33de,d7faf284-1a3a-4e53-9433-8476900a66e7,,,1ce915ed-07e9-4b65-9209-2652ffd9b681,141337b4-f2fa-4438-808f-0d10cfeedb85,Trạm 14,"Ra soat 2026-07-11, file nguon: CLA_IMS",,,,,2026-07-11 09:50:09.894644+00,2026-08-11 04:37:10.204448+00,80666d25-731c-4de5-8d64-08488037258a,,38e5eeb4-1688-47ea-ac85-5fd68d617ea5,"TB_TJKBKKYE Chong set RF  - UHF  Chong set RF  - UHF Citel  Tram 14 Ra soat 2026-07-11, file nguon: CLA_IMS","'-07':17 '-11':18 '14':13 '2026':16 'chong':3,7 'citel':11 'cla':21 'file':19 'ims':22 'nguon':20 'ra':14 'rf':5,9 'set':4,8 'soat':15 'tb':1 'tjkbkkye':2 'tram':12 'uhf':6,10",AWOS IMS,P8AX09-N,,,141337b4-f2fa-4438-808f-0d10cfeedb85,,Cắt lọc sét,CLA,,,,,,,,,,,,,,,,,,,,,,,san_sang,,f024c88e-8702-49c8-a302-15b93f6acb3c,,,,f,TB_CLA_052,e0e18e4a-6df7-49aa-9256-3874faedf584,{},KHONG,,83,he_thong
3b974113-cc53-4373-976b-876b521003f3,TB_DVKVAGEZ,Chống sét giao tiếp Ethernet-UHF,660f73b4-1975-4bde-8c87-810a23ef6e2c,,Chống sét giao tiếp Ethernet-UHF,Citel,,4fbd5536-e530-4f9b-97d3-d194186c33de,d7faf284-1a3a-4e53-9433-8476900a66e7,,,1ce915ed-07e9-4b65-9209-2652ffd9b681,141337b4-f2fa-4438-808f-0d10cfeedb85,Trạm 14,"Ra soat 2026-07-11, file nguon: CLA_IMS",,,,,2026-07-11 09:50:09.894644+00,2026-08-11 04:37:10.204448+00,80666d25-731c-4de5-8d64-08488037258a,,38e5eeb4-1688-47ea-ac85-5fd68d617ea5,"TB_DVKVAGEZ Chong set giao tiep Ethernet-UHF  Chong set giao tiep Ethernet-UHF Citel  Tram 14 Ra soat 2026-07-11, file nguon: CLA_IMS","'-07':23 '-11':24 '14':19 '2026':22 'chong':3,10 'citel':17 'cla':27 'dvkvagez':2 'ethernet':8,15 'ethernet-uhf':7,14 'file':25 'giao':5,12 'ims':28 'nguon':26 'ra':20 'set':4,11 'soat':21 'tb':1 'tiep':6,13 'tram':18 'uhf':9,16",AWOS IMS,MJ8-C6A,,,141337b4-f2fa-4438-808f-0d10cfeedb85,,Cắt lọc sét,CLA,,,,,,,,,,,,,,,,,,,,,,,san_sang,,f024c88e-8702-49c8-a302-15b93f6acb3c,,,,f,TB_CLA_053,9c74e0d7-148c-4fd9-bfcb-2b7cb6729943,{},KHONG,,83,he_thong
b972fab8-94a1-4006-a000-89287f66d0e0,TB_ETV2ERHH,Chống sét đường dữ liệu RS-232,660f73b4-1975-4bde-8c87-810a23ef6e2c,,Chống sét đường dữ liệu RS-232,AT3W,,4fbd5536-e530-4f9b-97d3-d194186c33de,d7faf284-1a3a-4e53-9433-8476900a66e7,,,1ce915ed-07e9-4b65-9209-2652ffd9b681,141337b4-f2fa-4438-808f-0d10cfeedb85,Trạm 14,"Ra soat 2026-07-11, file nguon: CLA_IMS",,,,,2026-07-11 09:50:09.894644+00,2026-08-11 04:37:10.204448+00,9d09c5d7-4aa9-40a6-b47b-4e1899c9956f,,38e5eeb4-1688-47ea-ac85-5fd68d617ea5,"TB_ETV2ERHH Chong set duong du lieu RS-232  Chong set duong du lieu RS-232 AT3W  Tram 14 Ra soat 2026-07-11, file nguon: CLA_IMS","'-07':23 '-11':24 '-232':9,16 '14':19 '2026':22 'at3w':17 'chong':3,10 'cla':27 'du':6,13 'duong':5,12 'etv2erhh':2 'file':25 'ims':28 'lieu':7,14 'nguon':26 'ra':20 'rs':8,15 'set':4,11 'soat':21 'tb':1 'tram':18",AWOS IMS,ATDB9,,,141337b4-f2fa-4438-808f-0d10cfeedb85,,Cắt lọc sét,CLA,,,,,,,,,,,,,,,,,,,,,,,san_sang,,f024c88e-8702-49c8-a302-15b93f6acb3c,,,,f,TB_CLA_054,b60b1eab-a1e6-4d20-b8d4-3f7862ad32c0,{},KHONG,,83,he_thong
725c0614-8603-4d89-b3d7-608ff6ffb380,TB_WV72XBYC,Cắt sét nguồn 220VAC -  UHF,660f73b4-1975-4bde-8c87-810a23ef6e2c,,Cắt sét nguồn 220VAC -  UHF,Schneider,,4fbd5536-e530-4f9b-97d3-d194186c33de,d7faf284-1a3a-4e53-9433-8476900a66e7,,,1ce915ed-07e9-4b65-9209-2652ffd9b681,141337b4-f2fa-4438-808f-0d10cfeedb85,Trạm 14,"Ra soat 2026-07-11, file nguon: CLA_IMS",,,,,2026-07-11 09:50:09.894644+00,2026-08-11 04:37:10.204448+00,1dfd07b4-a9da-41a0-aa04-7b64b3f5862e,,38e5eeb4-1688-47ea-ac85-5fd68d617ea5,"TB_WV72XBYC Cat set nguon 220VAC -  UHF  Cat set nguon 220VAC -  UHF Schneider  Tram 14 Ra soat 2026-07-11, file nguon: CLA_IMS","'-07':19 '-11':20 '14':15 '2026':18 '220vac':6,11 'cat':3,8 'cla':23 'file':21 'ims':24 'nguon':5,10,22 'ra':16 'schneider':13 'set':4,9 'soat':17 'tb':1 'tram':14 'uhf':7,12 'wv72xbyc':2",AWOS IMS,A9L15692,,,141337b4-f2fa-4438-808f-0d10cfeedb85,,Cắt lọc sét,CLA,,,,,,,,,,,,,,,,,,,,,,,san_sang,,f024c88e-8702-49c8-a302-15b93f6acb3c,,,,f,TB_CLA_055,302ce695-41d5-4dc0-806f-915b1e489689,{},KHONG,,83,he_thong
4fde4fb1-a542-455c-b691-ba4d450d08ca,TB_C2YW9SGV,Cắt lọc sét nguồn AC - Tủ thiết bị,660f73b4-1975-4bde-8c87-810a23ef6e2c,,Thiết bị cắt lọc sét 1 pha,nVent ERICO,,4fbd5536-e530-4f9b-97d3-d194186c33de,d7faf284-1a3a-4e53-9433-8476900a66e7,,,1ce915ed-07e9-4b65-9209-2652ffd9b681,141337b4-f2fa-4438-808f-0d10cfeedb85,Trạm 14,"Ra soat 2026-07-11, file nguon: CLA_IMS",,,,,2026-07-11 09:50:09.894644+00,2026-08-11 04:37:10.204448+00,2e05f201-8ee7-4f2d-afe5-963dc6d94500,,38e5eeb4-1688-47ea-ac85-5fd68d617ea5,"TB_C2YW9SGV Cat loc set nguon AC - Tu thiet bi  Thiet bi cat loc set 1 pha nVent ERICO  Tram 14 Ra soat 2026-07-11, file nguon: CLA_IMS","'-07':25 '-11':26 '1':16 '14':21 '2026':24 'ac':7 'bi':10,12 'c2yw9sgv':2 'cat':3,13 'cla':29 'erico':19 'file':27 'ims':30 'loc':4,14 'nguon':6,28 'nvent':18 'pha':17 'ra':22 'set':5,15 'soat':23 'tb':1 'thiet':9,11 'tram':20 'tu':8",AWOS IMS,TSF20A240V,,,141337b4-f2fa-4438-808f-0d10cfeedb85,,Cắt lọc sét,CLA,,,,,,,,,,,,,,,,,,,,,,,san_sang,,f024c88e-8702-49c8-a302-15b93f6acb3c,,,,f,TB_CLA_056,a3eebddd-df65-414d-9e50-90fc3fa745aa,{},KHONG,,83,he_thong
3f2c0ad3-6b2b-467c-ab8a-9856ad4989ab,TB_5JP7CBK5,Chống sét - UHF,660f73b4-1975-4bde-8c87-810a23ef6e2c,,Chống sét - UHF,Citel,,4fbd5536-e530-4f9b-97d3-d194186c33de,d7faf284-1a3a-4e53-9433-8476900a66e7,,,1ce915ed-07e9-4b65-9209-2652ffd9b681,141337b4-f2fa-4438-808f-0d10cfeedb85,Trạm trần mây 14,"Ra soat 2026-07-11, file nguon: CLA_IMS",,,,,2026-07-11 09:50:09.894644+00,2026-08-11 04:37:10.204448+00,80666d25-731c-4de5-8d64-08488037258a,,ffd5b794-82b9-4fd3-9057-3579b9140d1d,"TB_5JP7CBK5 Chong set - UHF  Chong set - UHF Citel  Tram tran may 14 Ra soat 2026-07-11, file nguon: CLA_IMS","'-07':17 '-11':18 '14':13 '2026':16 '5jp7cbk5':2 'chong':3,6 'citel':9 'cla':21 'file':19 'ims':22 'may':12 'nguon':20 'ra':14 'set':4,7 'soat':15 'tb':1 'tram':10 'tran':11 'uhf':5,8",AWOS IMS,P8AX15,,,141337b4-f2fa-4438-808f-0d10cfeedb85,,Cắt lọc sét,CLA,,,,,,,,,,,,,,,,,,,,,,,san_sang,,f024c88e-8702-49c8-a302-15b93f6acb3c,,,,f,TB_CLA_065,31cae5c6-e3ee-4ad9-ab56-bef881a81aae,{},KHONG,,83,he_thong
fc69c0a2-3f36-4640-ba73-bb592706e8c3,TB_36H1CCS1,Chống sét giao tiếp Ethernet-UHF,660f73b4-1975-4bde-8c87-810a23ef6e2c,,Chống sét giao tiếp Ethernet-UHF,Citel,,4fbd5536-e530-4f9b-97d3-d194186c33de,d7faf284-1a3a-4e53-9433-8476900a66e7,,,1ce915ed-07e9-4b65-9209-2652ffd9b681,141337b4-f2fa-4438-808f-0d10cfeedb85,Trạm trần mây 14,"Ra soat 2026-07-11, file nguon: CLA_IMS",,,,,2026-07-11 09:50:09.894644+00,2026-08-11 04:37:10.204448+00,80666d25-731c-4de5-8d64-08488037258a,,ffd5b794-82b9-4fd3-9057-3579b9140d1d,"TB_36H1CCS1 Chong set giao tiep Ethernet-UHF  Chong set giao tiep Ethernet-UHF Citel  Tram tran may 14 Ra soat 2026-07-11, file nguon: CLA_IMS","'-07':25 '-11':26 '14':21 '2026':24 '36h1ccs1':2 'chong':3,10 'citel':17 'cla':29 'ethernet':8,15 'ethernet-uhf':7,14 'file':27 'giao':5,12 'ims':30 'may':20 'nguon':28 'ra':22 'set':4,11 'soat':23 'tb':1 'tiep':6,13 'tram':18 'tran':19 'uhf':9,16",AWOS IMS,MJ8-C6A,,,141337b4-f2fa-4438-808f-0d10cfeedb85,,Cắt lọc sét,CLA,,,,,,,,,,,,,,,,,,,,,,,san_sang,,f024c88e-8702-49c8-a302-15b93f6acb3c,,,,f,TB_CLA_066,9c74e0d7-148c-4fd9-bfcb-2b7cb6729943,{},KHONG,,83,he_thong
fde56146-e9c2-4e23-bf06-63359740874a,TB_A1CFMQ8J,Chống sét đường dữ liệu RS-232,660f73b4-1975-4bde-8c87-810a23ef6e2c,,Chống sét đường dữ liệu RS-232,AT3W,,4fbd5536-e530-4f9b-97d3-d194186c33de,d7faf284-1a3a-4e53-9433-8476900a66e7,,,1ce915ed-07e9-4b65-9209-2652ffd9b681,141337b4-f2fa-4438-808f-0d10cfeedb85,Trạm trần mây 14,"Ra soat 2026-07-11, file nguon: CLA_IMS",,,,,2026-07-11 09:50:09.894644+00,2026-08-11 04:37:10.204448+00,9d09c5d7-4aa9-40a6-b47b-4e1899c9956f,,ffd5b794-82b9-4fd3-9057-3579b9140d1d,"TB_A1CFMQ8J Chong set duong du lieu RS-232  Chong set duong du lieu RS-232 AT3W  Tram tran may 14 Ra soat 2026-07-11, file nguon: CLA_IMS","'-07':25 '-11':26 '-232':9,16 '14':21 '2026':24 'a1cfmq8j':2 'at3w':17 'chong':3,10 'cla':29 'du':6,13 'duong':5,12 'file':27 'ims':30 'lieu':7,14 'may':20 'nguon':28 'ra':22 'rs':8,15 'set':4,11 'soat':23 'tb':1 'tram':18 'tran':19",AWOS IMS,ATDB9,,,141337b4-f2fa-4438-808f-0d10cfeedb85,,Cắt lọc sét,CLA,,,,,,,,,,,,,,,,,,,,,,,san_sang,,f024c88e-8702-49c8-a302-15b93f6acb3c,,,,f,TB_CLA_067,b60b1eab-a1e6-4d20-b8d4-3f7862ad32c0,{},KHONG,,83,he_thong
bcf06d0f-614c-4d6a-94e4-0833470c60cb,TB_DSEQSR0S,Chống sét đường tín hiệu,660f73b4-1975-4bde-8c87-810a23ef6e2c,,Chống sét đường tín hiệu,AT3W,,2236fe1c-6896-4157-a310-ae0e094233f6,d7faf284-1a3a-4e53-9433-8476900a66e7,,,1ce915ed-07e9-4b65-9209-2652ffd9b681,8b408897-b25d-4ece-91ba-d97dfacec283,Phòng thiết bị,"Ra soat 2026-07-11, file nguon: PLK_IMS",,,,,2026-07-11 09:50:09.894644+00,2026-08-11 04:37:10.204448+00,9d09c5d7-4aa9-40a6-b47b-4e1899c9956f,,c6b9108a-b830-42a6-b3b8-9e6dd5196202,"TB_DSEQSR0S Chong set duong tin hieu  Chong set duong tin hieu AT3W  Phong thiet bi Ra soat 2026-07-11, file nguon: PLK_IMS","'-07':20 '-11':21 '2026':19 'at3w':13 'bi':16 'chong':3,8 'dseqsr0s':2 'duong':5,10 'file':22 'hieu':7,12 'ims':25 'nguon':23 'phong':14 'plk':24 'ra':17 'set':4,9 'soat':18 'tb':1 'thiet':15 'tin':6,11",AWOS IMS,AT-2300,,,8b408897-b25d-4ece-91ba-d97dfacec283,,Cắt lọc sét,PLK,,,,,,,,,,,,,,,,,,,,,,,san_sang,,f024c88e-8702-49c8-a302-15b93f6acb3c,,,,f,TB_PLK_113,0afefb1d-ad24-474a-9810-5e665bc08366,{},KHONG,,83,he_thong
bfd2217b-8b41-4c54-93b1-9997617de013,TB_W46N6ZDR,Cắt sét nguồn 220VAC -  UHF,660f73b4-1975-4bde-8c87-810a23ef6e2c,,Cắt sét nguồn 220VAC -  UHF,Schneider,,4fbd5536-e530-4f9b-97d3-d194186c33de,d7faf284-1a3a-4e53-9433-8476900a66e7,,,1ce915ed-07e9-4b65-9209-2652ffd9b681,141337b4-f2fa-4438-808f-0d10cfeedb85,Trạm trần mây 14,"Ra soat 2026-07-11, file nguon: CLA_IMS",,,,,2026-07-11 09:50:09.894644+00,2026-08-11 04:37:10.204448+00,1dfd07b4-a9da-41a0-aa04-7b64b3f5862e,,ffd5b794-82b9-4fd3-9057-3579b9140d1d,"TB_W46N6ZDR Cat set nguon 220VAC -  UHF  Cat set nguon 220VAC -  UHF Schneider  Tram tran may 14 Ra soat 2026-07-11, file nguon: CLA_IMS","'-07':21 '-11':22 '14':17 '2026':20 '220vac':6,11 'cat':3,8 'cla':25 'file':23 'ims':26 'may':16 'nguon':5,10,24 'ra':18 'schneider':13 'set':4,9 'soat':19 'tb':1 'tram':14 'tran':15 'uhf':7,12 'w46n6zdr':2",AWOS IMS,A9L15692,,,141337b4-f2fa-4438-808f-0d10cfeedb85,,Cắt lọc sét,CLA,,,,,,,,,,,,,,,,,,,,,,,san_sang,,f024c88e-8702-49c8-a302-15b93f6acb3c,,,,f,TB_CLA_068,302ce695-41d5-4dc0-806f-915b1e489689,{},KHONG,,83,he_thong
5e3212b4-66e0-43c9-a9b9-c6aad1aba47d,TB_NVNEEK6J,Chống sét đường dữ liệu RS-232,660f73b4-1975-4bde-8c87-810a23ef6e2c,,Chống sét đường dữ liệu RS-232,AT3W,,4fbd5536-e530-4f9b-97d3-d194186c33de,d7faf284-1a3a-4e53-9433-8476900a66e7,,,1ce915ed-07e9-4b65-9209-2652ffd9b681,141337b4-f2fa-4438-808f-0d10cfeedb85,PTB Đài KSKL CHU LAI,"Ra soat 2026-07-11, file nguon: CLA_IMS",,,,,2026-07-11 09:50:09.894644+00,2026-08-11 04:37:10.204448+00,9d09c5d7-4aa9-40a6-b47b-4e1899c9956f,,86ab1273-d507-4143-8f2d-b2e86dd8cf01,"TB_NVNEEK6J Chong set duong du lieu RS-232  Chong set duong du lieu RS-232 AT3W  PTB Dai KSKL CHU LAI Ra soat 2026-07-11, file nguon: CLA_IMS","'-07':26 '-11':27 '-232':9,16 '2026':25 'at3w':17 'chong':3,10 'chu':21 'cla':30 'dai':19 'du':6,13 'duong':5,12 'file':28 'ims':31 'kskl':20 'lai':22 'lieu':7,14 'nguon':29 'nvneek6j':2 'ptb':18 'ra':23 'rs':8,15 'set':4,11 'soat':24 'tb':1",AWOS IMS,ATDB9,,,141337b4-f2fa-4438-808f-0d10cfeedb85,,Cắt lọc sét,CLA,,,,,,,,,,,,,,,,,,,,,,,san_sang,,f024c88e-8702-49c8-a302-15b93f6acb3c,,,,f,TB_CLA_077,b60b1eab-a1e6-4d20-b8d4-3f7862ad32c0,{},KHONG,,83,he_thong
fad810f5-7cc8-467f-bf77-0c0da9df8797,TB_WD7V6TK4,Cắt lọc sét nguồn AC - Tủ thiết bị,660f73b4-1975-4bde-8c87-810a23ef6e2c,,Thiết bị cắt lọc sét 1 pha,nVent ERICO,,4fbd5536-e530-4f9b-97d3-d194186c33de,d7faf284-1a3a-4e53-9433-8476900a66e7,,,1ce915ed-07e9-4b65-9209-2652ffd9b681,141337b4-f2fa-4438-808f-0d10cfeedb85,Trạm trần mây 14,"Ra soat 2026-07-11, file nguon: CLA_IMS",,,,,2026-07-11 09:50:09.894644+00,2026-08-11 04:37:10.204448+00,2e05f201-8ee7-4f2d-afe5-963dc6d94500,,ffd5b794-82b9-4fd3-9057-3579b9140d1d,"TB_WD7V6TK4 Cat loc set nguon AC - Tu thiet bi  Thiet bi cat loc set 1 pha nVent ERICO  Tram tran may 14 Ra soat 2026-07-11, file nguon: CLA_IMS","'-07':27 '-11':28 '1':16 '14':23 '2026':26 'ac':7 'bi':10,12 'cat':3,13 'cla':31 'erico':19 'file':29 'ims':32 'loc':4,14 'may':22 'nguon':6,30 'nvent':18 'pha':17 'ra':24 'set':5,15 'soat':25 'tb':1 'thiet':9,11 'tram':20 'tran':21 'tu':8 'wd7v6tk4':2",AWOS IMS,TSF20A240V,,,141337b4-f2fa-4438-808f-0d10cfeedb85,,Cắt lọc sét,CLA,,,,,,,,,,,,,,,,,,,,,,,san_sang,,f024c88e-8702-49c8-a302-15b93f6acb3c,,,,f,TB_CLA_069,a3eebddd-df65-414d-9e50-90fc3fa745aa,{},KHONG,,83,he_thong
8536e202-2bda-4ef0-afd2-04961a487411,TB_H6YNNX7E,Chống sét - LAN,660f73b4-1975-4bde-8c87-810a23ef6e2c,,Chống sét - LAN,APC,,4fbd5536-e530-4f9b-97d3-d194186c33de,d7faf284-1a3a-4e53-9433-8476900a66e7,,,1ce915ed-07e9-4b65-9209-2652ffd9b681,141337b4-f2fa-4438-808f-0d10cfeedb85,PTB Đài KSKL CHU LAI,"Ra soat 2026-07-11, file nguon: CLA_IMS",,,,,2026-07-11 09:50:09.894644+00,2026-08-11 04:37:10.204448+00,85b16a8e-84ee-4408-ac50-81b3e2aa7ca6,,86ab1273-d507-4143-8f2d-b2e86dd8cf01,"TB_H6YNNX7E Chong set - LAN  Chong set - LAN APC  PTB Dai KSKL CHU LAI Ra soat 2026-07-11, file nguon: CLA_IMS","'-07':18 '-11':19 '2026':17 'apc':9 'chong':3,6 'chu':13 'cla':22 'dai':11 'file':20 'h6ynnx7e':2 'ims':23 'kskl':12 'lai':14 'lan':5,8 'nguon':21 'ptb':10 'ra':15 'set':4,7 'soat':16 'tb':1",AWOS IMS,PNETR6,,,141337b4-f2fa-4438-808f-0d10cfeedb85,,Cắt lọc sét,CLA,,,,,,,,,,,,,,,,,,,,,,,san_sang,,f024c88e-8702-49c8-a302-15b93f6acb3c,,,,f,TB_CLA_078,8b29ee12-222e-4e55-9f1b-09e8f23dd412,{},KHONG,,83,he_thong
ccc2bf03-5343-4696-a4af-54bf2d6ef83b,TB_CAAZ5708,Chống sét - UHF,660f73b4-1975-4bde-8c87-810a23ef6e2c,,Chống sét - UHF,Citel,,4fbd5536-e530-4f9b-97d3-d194186c33de,d7faf284-1a3a-4e53-9433-8476900a66e7,,,1ce915ed-07e9-4b65-9209-2652ffd9b681,141337b4-f2fa-4438-808f-0d10cfeedb85,PHÒNG NGUỒN Đài KSKL CHU LAI,"Ra soat 2026-07-11, file nguon: CLA_IMS",,,,,2026-07-11 09:50:09.894644+00,2026-08-11 04:37:10.204448+00,80666d25-731c-4de5-8d64-08488037258a,,55021222-1b51-463e-9e44-48eea52544cb,"TB_CAAZ5708 Chong set - UHF  Chong set - UHF Citel  PHONG NGUON Dai KSKL CHU LAI Ra soat 2026-07-11, file nguon: CLA_IMS","'-07':19 '-11':20 '2026':18 'caaz5708':2 'chong':3,6 'chu':14 'citel':9 'cla':23 'dai':12 'file':21 'ims':24 'kskl':13 'lai':15 'nguon':11,22 'phong':10 'ra':16 'set':4,7 'soat':17 'tb':1 'uhf':5,8",AWOS IMS,P8AX15,,,141337b4-f2fa-4438-808f-0d10cfeedb85,,Cắt lọc sét,CLA,,,,,,,,,,,,,,,,,,,,,,,san_sang,,f024c88e-8702-49c8-a302-15b93f6acb3c,,,,f,TB_CLA_080,31cae5c6-e3ee-4ad9-ab56-bef881a81aae,{},KHONG,,83,he_thong
f812a0a9-0e6f-4d75-ac93-9b20b04c95ce,TB_P5ZJQ5YV,Anten định hướng,ae03f513-6763-46f8-913d-91a103966947,09062348405,Anten định hướng,CompleTech,,7f40beb2-5d47-4f4a-b7df-35cd1cca56ae,d7faf284-1a3a-4e53-9433-8476900a66e7,,,1ce915ed-07e9-4b65-9209-2652ffd9b681,e43c5d4b-3c3c-4486-89da-73e9ac747ab4,Trạm 03,"Ra soat 2026-07-11, file nguon: THA_DAW21",,,,,2026-07-11 09:50:09.894644+00,2026-08-11 04:37:10.204448+00,9e1e0f0c-c9e2-449b-bacb-19bd361646f2,,e96be350-6615-441a-91f5-53ad976e91b3,"TB_P5ZJQ5YV Anten dinh huong 09062348405 Anten dinh huong CompleTech  Tram 03 Ra soat 2026-07-11, file nguon: THA_DAW21","'-07':16 '-11':17 '03':12 '09062348405':6 '2026':15 'anten':3,7 'completech':10 'daw21':21 'dinh':4,8 'file':18 'huong':5,9 'nguon':19 'p5zjq5yv':2 'ra':13 'soat':14 'tb':1 'tha':20 'tram':11",AWOS D-AW21,CA420Y,,,e43c5d4b-3c3c-4486-89da-73e9ac747ab4,,Truyền dẫn,THA,,,,,,,,,,,,,,,,,,,,,,,san_sang,,f024c88e-8702-49c8-a302-15b93f6acb3c,,,,f,TB_THA_007,91e90915-09c3-46ae-8efc-3b8d5ab8610b,{},KHONG,,100,he_thong
c5a93ccc-04f6-4c89-907f-91fcf8e79a21,TB_6T8ABRN0,Chống sét đường tín hiệu,660f73b4-1975-4bde-8c87-810a23ef6e2c,,Chống sét đường tín hiệu,AT3W,,2236fe1c-6896-4157-a310-ae0e094233f6,d7faf284-1a3a-4e53-9433-8476900a66e7,,,1ce915ed-07e9-4b65-9209-2652ffd9b681,8b408897-b25d-4ece-91ba-d97dfacec283,Phòng thiết bị,"Ra soat 2026-07-11, file nguon: PLK_IMS",,,,,2026-07-11 09:50:09.894644+00,2026-08-11 04:37:10.204448+00,9d09c5d7-4aa9-40a6-b47b-4e1899c9956f,,c6b9108a-b830-42a6-b3b8-9e6dd5196202,"TB_6T8ABRN0 Chong set duong tin hieu  Chong set duong tin hieu AT3W  Phong thiet bi Ra soat 2026-07-11, file nguon: PLK_IMS","'-07':20 '-11':21 '2026':19 '6t8abrn0':2 'at3w':13 'bi':16 'chong':3,8 'duong':5,10 'file':22 'hieu':7,12 'ims':25 'nguon':23 'phong':14 'plk':24 'ra':17 'set':4,9 'soat':18 'tb':1 'thiet':15 'tin':6,11",AWOS IMS,AT-2300,,,8b408897-b25d-4ece-91ba-d97dfacec283,,Cắt lọc sét,PLK,,,,,,,,,,,,,,,,,,,,,,,san_sang,,f024c88e-8702-49c8-a302-15b93f6acb3c,,,,f,TB_PLK_105,0afefb1d-ad24-474a-9810-5e665bc08366,{},KHONG,,83,he_thong
c12f98a3-7991-4282-9f6e-635b024ecda2,TB_YQGAC8Q5,Chống sét đường tín hiệu,660f73b4-1975-4bde-8c87-810a23ef6e2c,,Chống sét đường tín hiệu,AT3W,,2236fe1c-6896-4157-a310-ae0e094233f6,d7faf284-1a3a-4e53-9433-8476900a66e7,,,1ce915ed-07e9-4b65-9209-2652ffd9b681,8b408897-b25d-4ece-91ba-d97dfacec283,Phòng thiết bị,"Ra soat 2026-07-11, file nguon: PLK_IMS",,,,,2026-07-11 09:50:09.894644+00,2026-08-11 04:37:10.204448+00,9d09c5d7-4aa9-40a6-b47b-4e1899c9956f,,c6b9108a-b830-42a6-b3b8-9e6dd5196202,"TB_YQGAC8Q5 Chong set duong tin hieu  Chong set duong tin hieu AT3W  Phong thiet bi Ra soat 2026-07-11, file nguon: PLK_IMS","'-07':20 '-11':21 '2026':19 'at3w':13 'bi':16 'chong':3,8 'duong':5,10 'file':22 'hieu':7,12 'ims':25 'nguon':23 'phong':14 'plk':24 'ra':17 'set':4,9 'soat':18 'tb':1 'thiet':15 'tin':6,11 'yqgac8q5':2",AWOS IMS,AT-2300,,,8b408897-b25d-4ece-91ba-d97dfacec283,,Cắt lọc sét,PLK,,,,,,,,,,,,,,,,,,,,,,,san_sang,,f024c88e-8702-49c8-a302-15b93f6acb3c,,,,f,TB_PLK_106,0afefb1d-ad24-474a-9810-5e665bc08366,{},KHONG,,83,he_thong
859f744a-a091-4e79-b1e7-f1cb5fb6c46d,TB_3JRE1NYK,Chống sét đường tín hiệu,660f73b4-1975-4bde-8c87-810a23ef6e2c,,Chống sét đường tín hiệu,AT3W,,2236fe1c-6896-4157-a310-ae0e094233f6,d7faf284-1a3a-4e53-9433-8476900a66e7,,,1ce915ed-07e9-4b65-9209-2652ffd9b681,8b408897-b25d-4ece-91ba-d97dfacec283,Phòng thiết bị,"Ra soat 2026-07-11, file nguon: PLK_IMS",,,,,2026-07-11 09:50:09.894644+00,2026-08-11 04:37:10.204448+00,9d09c5d7-4aa9-40a6-b47b-4e1899c9956f,,c6b9108a-b830-42a6-b3b8-9e6dd5196202,"TB_3JRE1NYK Chong set duong tin hieu  Chong set duong tin hieu AT3W  Phong thiet bi Ra soat 2026-07-11, file nguon: PLK_IMS","'-07':20 '-11':21 '2026':19 '3jre1nyk':2 'at3w':13 'bi':16 'chong':3,8 'duong':5,10 'file':22 'hieu':7,12 'ims':25 'nguon':23 'phong':14 'plk':24 'ra':17 'set':4,9 'soat':18 'tb':1 'thiet':15 'tin':6,11",AWOS IMS,AT-2300,,,8b408897-b25d-4ece-91ba-d97dfacec283,,Cắt lọc sét,PLK,,,,,,,,,,,,,,,,,,,,,,,san_sang,,f024c88e-8702-49c8-a302-15b93f6acb3c,,,,f,TB_PLK_107,0afefb1d-ad24-474a-9810-5e665bc08366,{},KHONG,,83,he_thong
b8477caf-9614-4fb3-bd8c-42b9289d40e5,TB_1BZPQY46,Chống sét đường tín hiệu,660f73b4-1975-4bde-8c87-810a23ef6e2c,,Chống sét đường tín hiệu,AT3W,,2236fe1c-6896-4157-a310-ae0e094233f6,d7faf284-1a3a-4e53-9433-8476900a66e7,,,1ce915ed-07e9-4b65-9209-2652ffd9b681,8b408897-b25d-4ece-91ba-d97dfacec283,Phòng thiết bị,"Ra soat 2026-07-11, file nguon: PLK_IMS",,,,,2026-07-11 09:50:09.894644+00,2026-08-11 04:37:10.204448+00,9d09c5d7-4aa9-40a6-b47b-4e1899c9956f,,c6b9108a-b830-42a6-b3b8-9e6dd5196202,"TB_1BZPQY46 Chong set duong tin hieu  Chong set duong tin hieu AT3W  Phong thiet bi Ra soat 2026-07-11, file nguon: PLK_IMS","'-07':20 '-11':21 '1bzpqy46':2 '2026':19 'at3w':13 'bi':16 'chong':3,8 'duong':5,10 'file':22 'hieu':7,12 'ims':25 'nguon':23 'phong':14 'plk':24 'ra':17 'set':4,9 'soat':18 'tb':1 'thiet':15 'tin':6,11",AWOS IMS,AT-2300,,,8b408897-b25d-4ece-91ba-d97dfacec283,,Cắt lọc sét,PLK,,,,,,,,,,,,,,,,,,,,,,,san_sang,,f024c88e-8702-49c8-a302-15b93f6acb3c,,,,f,TB_PLK_108,0afefb1d-ad24-474a-9810-5e665bc08366,{},KHONG,,83,he_thong
b03343a3-d6c1-45f2-bfe5-94e040090c47,TB_VW6CYF63,Chống sét đường tín hiệu,660f73b4-1975-4bde-8c87-810a23ef6e2c,,Chống sét đường tín hiệu,AT3W,,2236fe1c-6896-4157-a310-ae0e094233f6,d7faf284-1a3a-4e53-9433-8476900a66e7,,,1ce915ed-07e9-4b65-9209-2652ffd9b681,8b408897-b25d-4ece-91ba-d97dfacec283,Phòng thiết bị,"Ra soat 2026-07-11, file nguon: PLK_IMS",,,,,2026-07-11 09:50:09.894644+00,2026-08-11 04:37:10.204448+00,9d09c5d7-4aa9-40a6-b47b-4e1899c9956f,,c6b9108a-b830-42a6-b3b8-9e6dd5196202,"TB_VW6CYF63 Chong set duong tin hieu  Chong set duong tin hieu AT3W  Phong thiet bi Ra soat 2026-07-11, file nguon: PLK_IMS","'-07':20 '-11':21 '2026':19 'at3w':13 'bi':16 'chong':3,8 'duong':5,10 'file':22 'hieu':7,12 'ims':25 'nguon':23 'phong':14 'plk':24 'ra':17 'set':4,9 'soat':18 'tb':1 'thiet':15 'tin':6,11 'vw6cyf63':2",AWOS IMS,AT-2300,,,8b408897-b25d-4ece-91ba-d97dfacec283,,Cắt lọc sét,PLK,,,,,,,,,,,,,,,,,,,,,,,san_sang,,f024c88e-8702-49c8-a302-15b93f6acb3c,,,,f,TB_PLK_109,0afefb1d-ad24-474a-9810-5e665bc08366,{},KHONG,,83,he_thong
6626a9b8-39fb-4496-9bc5-0c008f881672,TB_BEAP8DTY,Chống sét đường tín hiệu,660f73b4-1975-4bde-8c87-810a23ef6e2c,,Chống sét đường tín hiệu,AT3W,,2236fe1c-6896-4157-a310-ae0e094233f6,d7faf284-1a3a-4e53-9433-8476900a66e7,,,1ce915ed-07e9-4b65-9209-2652ffd9b681,8b408897-b25d-4ece-91ba-d97dfacec283,Phòng thiết bị,"Ra soat 2026-07-11, file nguon: PLK_IMS",,,,,2026-07-11 09:50:09.894644+00,2026-08-11 04:37:10.204448+00,9d09c5d7-4aa9-40a6-b47b-4e1899c9956f,,c6b9108a-b830-42a6-b3b8-9e6dd5196202,"TB_BEAP8DTY Chong set duong tin hieu  Chong set duong tin hieu AT3W  Phong thiet bi Ra soat 2026-07-11, file nguon: PLK_IMS","'-07':20 '-11':21 '2026':19 'at3w':13 'beap8dty':2 'bi':16 'chong':3,8 'duong':5,10 'file':22 'hieu':7,12 'ims':25 'nguon':23 'phong':14 'plk':24 'ra':17 'set':4,9 'soat':18 'tb':1 'thiet':15 'tin':6,11",AWOS IMS,AT-2300,,,8b408897-b25d-4ece-91ba-d97dfacec283,,Cắt lọc sét,PLK,,,,,,,,,,,,,,,,,,,,,,,san_sang,,f024c88e-8702-49c8-a302-15b93f6acb3c,,,,f,TB_PLK_110,0afefb1d-ad24-474a-9810-5e665bc08366,{},KHONG,,83,he_thong
6f60a30a-fadc-4106-8cbe-62bf3ff94f6a,TB_48GEFXQP,Chống sét đường tín hiệu,660f73b4-1975-4bde-8c87-810a23ef6e2c,,Chống sét đường tín hiệu,AT3W,,2236fe1c-6896-4157-a310-ae0e094233f6,d7faf284-1a3a-4e53-9433-8476900a66e7,,,1ce915ed-07e9-4b65-9209-2652ffd9b681,8b408897-b25d-4ece-91ba-d97dfacec283,Phòng thiết bị,"Ra soat 2026-07-11, file nguon: PLK_IMS",,,,,2026-07-11 09:50:09.894644+00,2026-08-11 04:37:10.204448+00,9d09c5d7-4aa9-40a6-b47b-4e1899c9956f,,c6b9108a-b830-42a6-b3b8-9e6dd5196202,"TB_48GEFXQP Chong set duong tin hieu  Chong set duong tin hieu AT3W  Phong thiet bi Ra soat 2026-07-11, file nguon: PLK_IMS","'-07':20 '-11':21 '2026':19 '48gefxqp':2 'at3w':13 'bi':16 'chong':3,8 'duong':5,10 'file':22 'hieu':7,12 'ims':25 'nguon':23 'phong':14 'plk':24 'ra':17 'set':4,9 'soat':18 'tb':1 'thiet':15 'tin':6,11",AWOS IMS,AT-2300,,,8b408897-b25d-4ece-91ba-d97dfacec283,,Cắt lọc sét,PLK,,,,,,,,,,,,,,,,,,,,,,,san_sang,,f024c88e-8702-49c8-a302-15b93f6acb3c,,,,f,TB_PLK_111,0afefb1d-ad24-474a-9810-5e665bc08366,{},KHONG,,83,he_thong
37f712b9-9ccb-4bc9-8bd2-5a2b286a2e80,TB_N3B0GANR,SWS Calibration Kit,1ef69ec2-6298-4c48-b931-aea3fa48c0fc,,SWS Calibration Kit,Biral,,2236fe1c-6896-4157-a310-ae0e094233f6,d7faf284-1a3a-4e53-9433-8476900a66e7,,,1ce915ed-07e9-4b65-9209-2652ffd9b681,8b408897-b25d-4ece-91ba-d97dfacec283,Phòng thiết bị,"Ra soat 2026-07-11, file nguon: PLK_IMS",,,,,2026-07-11 09:50:09.894644+00,2026-08-11 04:37:10.204448+00,b7f4a9b7-d8ca-434b-b11c-5e4a13a35ad1,,c6b9108a-b830-42a6-b3b8-9e6dd5196202,"TB_N3B0GANR SWS Calibration Kit  SWS Calibration Kit Biral  Phong thiet bi Ra soat 2026-07-11, file nguon: PLK_IMS","'-07':16 '-11':17 '2026':15 'bi':12 'biral':9 'calibration':4,7 'file':18 'ims':21 'kit':5,8 'n3b0ganr':2 'nguon':19 'phong':10 'plk':20 'ra':13 'soat':14 'sws':3,6 'tb':1 'thiet':11",AWOS IMS,SWS.CAL,,,8b408897-b25d-4ece-91ba-d97dfacec283,,Thiết bị hiệu chỉnh,PLK,,,,,,,,,,,,,,,,,,,,,,,san_sang,,f024c88e-8702-49c8-a302-15b93f6acb3c,,,,f,TB_PLK_126,3b58c09b-ba41-435c-8929-ba0d4ad5a110,{},KHONG,,83,he_thong
f9160d3f-07ee-4b83-ac73-52a76be78757,TB_7B4RV4TZ,Đèn chớp báo chướng ngại,1ef69ec2-6298-4c48-b931-aea3fa48c0fc,,Đèn chớp báo chướng ngại,Ptel,,a13f3116-f74d-4435-b248-5b458d9fead4,d7faf284-1a3a-4e53-9433-8476900a66e7,,,1ce915ed-07e9-4b65-9209-2652ffd9b681,f59bf0bd-520b-4245-80db-dc71b7187bf1,,Đề xuất: Khi có sự cố thì xuất kho Cty QLBMT thay thế sửa chữa | Hỏng hóc: 0 lần | VTDP: không | Niên hạn: Không,,,,,2026-07-11 09:50:09.894644+00,2026-08-11 04:37:10.204448+00,a340c5f5-8c16-4d93-849f-510a2aacca68,,e96be350-6615-441a-91f5-53ad976e91b3,TB_7B4RV4TZ Den chop bao chuong ngai  Den chop bao chuong ngai Ptel   De xuat: Khi co su co thi xuat kho Cty QLBMT thay the sua chua | Hong hoc: 0 lan | VTDP: khong | Nien han: Khong,"'0':31 '7b4rv4tz':2 'bao':5,10 'chop':4,9 'chua':28 'chuong':6,11 'co':17,19 'cty':23 'de':14 'den':3,8 'han':36 'hoc':30 'hong':29 'khi':16 'kho':22 'khong':34,37 'lan':32 'ngai':7,12 'nien':35 'ptel':13 'qlbmt':24 'su':18 'sua':27 'tb':1 'thay':25 'the':26 'thi':20 'vtdp':33 'xuat':15,21",,"Việt Nam, PTEL-L04, PTEL",2025,2025,f59bf0bd-520b-4245-80db-dc71b7187bf1,,,CR,,,,0.067,,,,,,,,,,,,,,,,,,,san_sang,,f024c88e-8702-49c8-a302-15b93f6acb3c,,,,f,TB_N1_AWOS_0077,21d4e72c-3b6e-4524-8786-0cb2570ba1c5,{},KHONG,,83,he_thong
f5b34036-faf6-4a37-b1d2-85b71c570ca0,TB_62659JPH,Đèn chớp báo chướng ngại,1ef69ec2-6298-4c48-b931-aea3fa48c0fc,,Đèn chớp báo chướng ngại,Ptel,,a13f3116-f74d-4435-b248-5b458d9fead4,d7faf284-1a3a-4e53-9433-8476900a66e7,,,1ce915ed-07e9-4b65-9209-2652ffd9b681,f59bf0bd-520b-4245-80db-dc71b7187bf1,,Đề xuất: Khi có sự cố thì xuất kho Cty QLBMT thay thế sửa chữa | Hỏng hóc: 0 lần | VTDP: không | Niên hạn: Không,,,,,2026-07-11 09:50:09.894644+00,2026-08-11 04:37:10.204448+00,a340c5f5-8c16-4d93-849f-510a2aacca68,,e96be350-6615-441a-91f5-53ad976e91b3,TB_62659JPH Den chop bao chuong ngai  Den chop bao chuong ngai Ptel   De xuat: Khi co su co thi xuat kho Cty QLBMT thay the sua chua | Hong hoc: 0 lan | VTDP: khong | Nien han: Khong,"'0':31 '62659jph':2 'bao':5,10 'chop':4,9 'chua':28 'chuong':6,11 'co':17,19 'cty':23 'de':14 'den':3,8 'han':36 'hoc':30 'hong':29 'khi':16 'kho':22 'khong':34,37 'lan':32 'ngai':7,12 'nien':35 'ptel':13 'qlbmt':24 'su':18 'sua':27 'tb':1 'thay':25 'the':26 'thi':20 'vtdp':33 'xuat':15,21",,"Việt Nam, PTEL-L04, PTEL",2025,2025,f59bf0bd-520b-4245-80db-dc71b7187bf1,,,CR,,,,0.067,,,,,,,,,,,,,,,,,,,san_sang,,f024c88e-8702-49c8-a302-15b93f6acb3c,,,,f,TB_N1_AWOS_0073,21d4e72c-3b6e-4524-8786-0cb2570ba1c5,{},KHONG,,83,he_thong
d5f7d076-059b-4ab9-8f3d-801b0d93ae77,TB_68ET3C2E,Cắt lọc sét nguồn AC,660f73b4-1975-4bde-8c87-810a23ef6e2c,,Cắt lọc sét nguồn AC - Tủ thiết bị,Schneider,,a0625061-0c6d-4e0b-b438-d696787ad746,d7faf284-1a3a-4e53-9433-8476900a66e7,,,1ce915ed-07e9-4b65-9209-2652ffd9b681,65ac5e26-b0a7-487e-a72d-3f0dfc3facc2,Trạm 17,"Ra soat 2026-07-11, file nguon: BDKT_OPTIMET",,,,,2026-07-11 09:50:09.894644+00,2026-08-11 04:37:10.204448+00,1dfd07b4-a9da-41a0-aa04-7b64b3f5862e,,7edb2f00-60da-46ad-8aed-873d4708393d,"TB_68ET3C2E Cat loc set nguon AC  Cat loc set nguon AC - Tu thiet bi Schneider  Tram 17 Ra soat 2026-07-11, file nguon: BDKT_OPTIMET","'-07':22 '-11':23 '17':18 '2026':21 '68et3c2e':2 'ac':7,12 'bdkt':26 'bi':15 'cat':3,8 'file':24 'loc':4,9 'nguon':6,11,25 'optimet':27 'ra':19 'schneider':16 'set':5,10 'soat':20 'tb':1 'thiet':14 'tram':17 'tu':13",Optimet,EZ9L33620,,,65ac5e26-b0a7-487e-a72d-3f0dfc3facc2,,Cắt lọc sét,BDKT-KTKT,,,,,,,,,,,,,,,,,,,,,,,san_sang,,f024c88e-8702-49c8-a302-15b93f6acb3c,,,,f,TB_BDKT_KTKT_074,459c5424-4a64-4375-88c7-70d7c822477a,{},KHONG,,83,he_thong
af9aa41c-a428-45df-8bd3-18680fd3a311,TB_XC1TCC0V,Đèn chớp báo chướng ngại,1ef69ec2-6298-4c48-b931-aea3fa48c0fc,,Đèn chớp báo chướng ngại,Ptel,,a13f3116-f74d-4435-b248-5b458d9fead4,d7faf284-1a3a-4e53-9433-8476900a66e7,,,1ce915ed-07e9-4b65-9209-2652ffd9b681,f59bf0bd-520b-4245-80db-dc71b7187bf1,,Đề xuất: Khi có sự cố thì xuất kho Cty QLBMT thay thế sửa chữa | Hỏng hóc: 0 lần | VTDP: không | Niên hạn: Không,,,,,2026-07-11 09:50:09.894644+00,2026-08-11 04:37:10.204448+00,a340c5f5-8c16-4d93-849f-510a2aacca68,,e96be350-6615-441a-91f5-53ad976e91b3,TB_XC1TCC0V Den chop bao chuong ngai  Den chop bao chuong ngai Ptel   De xuat: Khi co su co thi xuat kho Cty QLBMT thay the sua chua | Hong hoc: 0 lan | VTDP: khong | Nien han: Khong,"'0':31 'bao':5,10 'chop':4,9 'chua':28 'chuong':6,11 'co':17,19 'cty':23 'de':14 'den':3,8 'han':36 'hoc':30 'hong':29 'khi':16 'kho':22 'khong':34,37 'lan':32 'ngai':7,12 'nien':35 'ptel':13 'qlbmt':24 'su':18 'sua':27 'tb':1 'thay':25 'the':26 'thi':20 'vtdp':33 'xc1tcc0v':2 'xuat':15,21",,"Việt Nam, PTEL-L04, PTEL",2025,2025,f59bf0bd-520b-4245-80db-dc71b7187bf1,,,CR,,,,0.067,,,,,,,,,,,,,,,,,,,san_sang,,f024c88e-8702-49c8-a302-15b93f6acb3c,,,,f,TB_N1_AWOS_0074,21d4e72c-3b6e-4524-8786-0cb2570ba1c5,{},KHONG,,83,he_thong
42b2709a-defa-4ebe-b1fc-fba5b3b45b29,TB_Y1CEANHT,Đèn chớp báo chướng ngại,1ef69ec2-6298-4c48-b931-aea3fa48c0fc,,Đèn chớp báo chướng ngại,Ptel,,a13f3116-f74d-4435-b248-5b458d9fead4,d7faf284-1a3a-4e53-9433-8476900a66e7,,,1ce915ed-07e9-4b65-9209-2652ffd9b681,f59bf0bd-520b-4245-80db-dc71b7187bf1,,Đề xuất: Khi có sự cố thì xuất kho Cty QLBMT thay thế sửa chữa | Hỏng hóc: 0 lần | VTDP: không | Niên hạn: Không,,,,,2026-07-11 09:50:09.894644+00,2026-08-11 04:37:10.204448+00,a340c5f5-8c16-4d93-849f-510a2aacca68,,e96be350-6615-441a-91f5-53ad976e91b3,TB_Y1CEANHT Den chop bao chuong ngai  Den chop bao chuong ngai Ptel   De xuat: Khi co su co thi xuat kho Cty QLBMT thay the sua chua | Hong hoc: 0 lan | VTDP: khong | Nien han: Khong,"'0':31 'bao':5,10 'chop':4,9 'chua':28 'chuong':6,11 'co':17,19 'cty':23 'de':14 'den':3,8 'han':36 'hoc':30 'hong':29 'khi':16 'kho':22 'khong':34,37 'lan':32 'ngai':7,12 'nien':35 'ptel':13 'qlbmt':24 'su':18 'sua':27 'tb':1 'thay':25 'the':26 'thi':20 'vtdp':33 'xuat':15,21 'y1ceanht':2",,"Việt Nam, PTEL-L04, PTEL",2025,2025,f59bf0bd-520b-4245-80db-dc71b7187bf1,,,CR,,,,0.067,,,,,,,,,,,,,,,,,,,san_sang,,f024c88e-8702-49c8-a302-15b93f6acb3c,,,,f,TB_N1_AWOS_0075,21d4e72c-3b6e-4524-8786-0cb2570ba1c5,{},KHONG,,83,he_thong
9729331b-3024-41db-bb40-bed9a5a21831,TB_M9MEXR8P,Đèn chớp báo chướng ngại,1ef69ec2-6298-4c48-b931-aea3fa48c0fc,,Đèn chớp báo chướng ngại,Ptel,,a13f3116-f74d-4435-b248-5b458d9fead4,d7faf284-1a3a-4e53-9433-8476900a66e7,,,1ce915ed-07e9-4b65-9209-2652ffd9b681,f59bf0bd-520b-4245-80db-dc71b7187bf1,,Đề xuất: Khi có sự cố thì xuất kho Cty QLBMT thay thế sửa chữa | Hỏng hóc: 0 lần | VTDP: không | Niên hạn: Không,,,,,2026-07-11 09:50:09.894644+00,2026-08-11 04:37:10.204448+00,a340c5f5-8c16-4d93-849f-510a2aacca68,,e96be350-6615-441a-91f5-53ad976e91b3,TB_M9MEXR8P Den chop bao chuong ngai  Den chop bao chuong ngai Ptel   De xuat: Khi co su co thi xuat kho Cty QLBMT thay the sua chua | Hong hoc: 0 lan | VTDP: khong | Nien han: Khong,"'0':31 'bao':5,10 'chop':4,9 'chua':28 'chuong':6,11 'co':17,19 'cty':23 'de':14 'den':3,8 'han':36 'hoc':30 'hong':29 'khi':16 'kho':22 'khong':34,37 'lan':32 'm9mexr8p':2 'ngai':7,12 'nien':35 'ptel':13 'qlbmt':24 'su':18 'sua':27 'tb':1 'thay':25 'the':26 'thi':20 'vtdp':33 'xuat':15,21",,"Việt Nam, PTEL-L04, PTEL",2025,2025,f59bf0bd-520b-4245-80db-dc71b7187bf1,,,CR,,,,0.067,,,,,,,,,,,,,,,,,,,san_sang,,f024c88e-8702-49c8-a302-15b93f6acb3c,,,,f,TB_N1_AWOS_0076,21d4e72c-3b6e-4524-8786-0cb2570ba1c5,{},KHONG,,83,he_thong
5dbe0431-53a3-4032-a469-ea6a37ff3db5,TB_7RRRHGSV,Anten định hướng,ae03f513-6763-46f8-913d-91a103966947,,Anten định hướng,CompleTech,,7f40beb2-5d47-4f4a-b7df-35cd1cca56ae,d7faf284-1a3a-4e53-9433-8476900a66e7,,,1ce915ed-07e9-4b65-9209-2652ffd9b681,e43c5d4b-3c3c-4486-89da-73e9ac747ab4,Trạm 21,"Ra soat 2026-07-11, file nguon: THA_DAW21",,,,,2026-07-11 09:50:09.894644+00,2026-08-11 04:37:10.204448+00,9e1e0f0c-c9e2-449b-bacb-19bd361646f2,,e96be350-6615-441a-91f5-53ad976e91b3,"TB_7RRRHGSV Anten dinh huong  Anten dinh huong CompleTech  Tram 21 Ra soat 2026-07-11, file nguon: THA_DAW21","'-07':15 '-11':16 '2026':14 '21':11 '7rrrhgsv':2 'anten':3,6 'completech':9 'daw21':20 'dinh':4,7 'file':17 'huong':5,8 'nguon':18 'ra':12 'soat':13 'tb':1 'tha':19 'tram':10",AWOS D-AW21,CA420Y,,,e43c5d4b-3c3c-4486-89da-73e9ac747ab4,,Truyền dẫn,THA,,,,,,,,,,,,,,,,,,,,,,,san_sang,,f024c88e-8702-49c8-a302-15b93f6acb3c,,,,f,TB_THA_045,91e90915-09c3-46ae-8efc-3b8d5ab8610b,{},KHONG,,83,he_thong
928d7339-4364-4197-9644-7010f4f39fd5,TB_W05AFN39,"07 bộ máy tính đầu cuối : / + CPU: Intel Core i5-14400 (up to 4.8GHz/65W) / + RAM: 8G DDR4 / + Ổ cứng SSD 512G / + Giao tiếp 10/100/1000Mbps / - Màn Hình Dell E2225H (21.5 inch - VA - FHD - 75Hz - 5ms ) / - Hệ điều hành Win10, có bản quyền",83e7d93e-2f76-4d4f-a6bc-08926383aba1,Máy tính: / - 71MJJ64 / - C2MJJ64 / - 9XLJJ64 / - DZXJJ64 / - G5YJJ64 / - 55YJJ64 / - 75YJJ64 / Màn hình: / - F0MM964 / - GSKM964 / - B4LM964 / - 29PFN54 / - BTD0N54 / - C2J0N54 / - CLPM964,Màn hình,HP,,a13f3116-f74d-4435-b248-5b458d9fead4,d7faf284-1a3a-4e53-9433-8476900a66e7,,,1ce915ed-07e9-4b65-9209-2652ffd9b681,f59bf0bd-520b-4245-80db-dc71b7187bf1,,Đề xuất: Khi có sự cố thì xuất kho Cty QLBMT thay thế sửa chữa | Hỏng hóc: 0 lần | VTDP: không | Niên hạn: Không,,,,,2026-07-11 09:50:09.894644+00,2026-08-11 04:37:10.204448+00,f3ac5754-f684-4ba1-8fd4-dd0a2242dad2,,e96be350-6615-441a-91f5-53ad976e91b3,"TB_W05AFN39 07 bo may tinh dau cuoi : / + CPU: Intel Core i5-14400 (up to 4.8GHz/65W) / + RAM: 8G DDR4 / + O cung SSD 512G / + Giao tiep 10/100/1000Mbps / - Man Hinh Dell E2225H (21.5 inch - VA - FHD - 75Hz - 5ms ) / - He dieu hanh Win10, co ban quyen May tinh: / - 71MJJ64 / - C2MJJ64 / - 9XLJJ64 / - DZXJJ64 / - G5YJJ64 / - 55YJJ64 / - 75YJJ64 / Man hinh: / - F0MM964 / - GSKM964 / - B4LM964 / - 29PFN54 / - BTD0N54 / - C2J0N54 / - CLPM964 Man hinh HP   De xuat: Khi co su co thi xuat kho Cty QLBMT thay the sua chua | Hong hoc: 0 lan | VTDP: khong | Nien han: Khong","'-14400':13 '0':83 '07':3 '10/100/1000mbps':27 '21.5':32 '29pfn54':59 '4.8':16 '512g':24 '55yjj64':52 '5ms':37 '71mjj64':47 '75hz':36 '75yjj64':53 '8g':19 '9xljj64':49 'b4lm964':58 'ban':43 'bo':4 'btd0n54':60 'c2j0n54':61 'c2mjj64':48 'chua':80 'clpm964':62 'co':42,69,71 'core':11 'cpu':9 'cty':75 'cung':22 'cuoi':8 'dau':7 'ddr4':20 'de':66 'dell':30 'dieu':39 'dzxjj64':50 'e2225h':31 'f0mm964':56 'fhd':35 'g5yjj64':51 'ghz/65w':17 'giao':25 'gskm964':57 'han':88 'hanh':40 'he':38 'hinh':29,55,64 'hoc':82 'hong':81 'hp':65 'i5':12 'inch':33 'intel':10 'khi':68 'kho':74 'khong':86,89 'lan':84 'man':28,54,63 'may':5,45 'nien':87 'o':21 'qlbmt':76 'quyen':44 'ram':18 'ssd':23 'su':70 'sua':79 'tb':1 'thay':77 'the':78 'thi':72 'tiep':26 'tinh':6,46 'to':15 'up':14 'va':34 'vtdp':85 'w05afn39':2 'win10':41 'xuat':67,73",,"Trung Quốc, Dell INS 3030, Dell",2025,2025,f59bf0bd-520b-4245-80db-dc71b7187bf1,,,CR,,,,0.100,,,,,,,,,,,,,,,,,,,san_sang,,f024c88e-8702-49c8-a302-15b93f6acb3c,,,,f,TB_N1_AWOS_0003,16aaea5d-4982-4a83-b78c-1a8c03abdddb,{},KHONG,,100,he_thong
fe659d0a-d25d-485c-b7bd-373cda101eed,TB_VQGX0Q56,"Màn hình (19”), bàn phím và chuột loại KVM gắn tủ rack 19” dùng chung 02 server",83e7d93e-2f76-4d4f-a6bc-08926383aba1,,Màn hình,HP,,a13f3116-f74d-4435-b248-5b458d9fead4,d7faf284-1a3a-4e53-9433-8476900a66e7,,,1ce915ed-07e9-4b65-9209-2652ffd9b681,f59bf0bd-520b-4245-80db-dc71b7187bf1,,Đề xuất: Khi có sự cố thì xuất kho Cty QLBMT thay thế sửa chữa | Hỏng hóc: 0 lần | VTDP: không | Niên hạn: Không,,,,,2026-07-11 09:50:09.894644+00,2026-08-11 04:37:10.204448+00,f3ac5754-f684-4ba1-8fd4-dd0a2242dad2,,e96be350-6615-441a-91f5-53ad976e91b3,"TB_VQGX0Q56 Man hinh (19""), ban phim va chuot loai KVM gan tu rack 19"" dung chung 02 server  Man hinh HP   De xuat: Khi co su co thi xuat kho Cty QLBMT thay the sua chua | Hong hoc: 0 lan | VTDP: khong | Nien han: Khong","'0':40 '02':18 '19':5,15 'ban':6 'chua':37 'chung':17 'chuot':9 'co':26,28 'cty':32 'de':23 'dung':16 'gan':12 'han':45 'hinh':4,21 'hoc':39 'hong':38 'hp':22 'khi':25 'kho':31 'khong':43,46 'kvm':11 'lan':41 'loai':10 'man':3,20 'nien':44 'phim':7 'qlbmt':33 'rack':14 'server':19 'su':27 'sua':36 'tb':1 'thay':34 'the':35 'thi':29 'tu':13 'va':8 'vqgx0q56':2 'vtdp':42 'xuat':24,30",,"Trung Quốc, CL1308N, ATEN",2024,2025,f59bf0bd-520b-4245-80db-dc71b7187bf1,,,CR,,,,0.100,,,,,,,,,,,,,,,,,,,san_sang,,f024c88e-8702-49c8-a302-15b93f6acb3c,,,,f,TB_N1_AWOS_0054,16aaea5d-4982-4a83-b78c-1a8c03abdddb,{},KHONG,,83,he_thong
01395236-eb2c-40b9-8f31-1fdaeabc1b6b,TB_DF5F0FE6,Modem Hub UHF,ae03f513-6763-46f8-913d-91a103966947,Tủ UHF,Modem UHF,RACOM,,ce27df84-7054-4032-bfe7-efdb0bd119f4,d7faf284-1a3a-4e53-9433-8476900a66e7,,,1ce915ed-07e9-4b65-9209-2652ffd9b681,581d9350-905f-46da-b45e-c2d8aba4d868,27,"Ra soat 2026-07-11, file nguon: PBA_AWOS900",,,,,2026-07-11 09:50:09.894644+00,2026-08-11 04:37:10.204448+00,ca029628-203c-4008-b4bc-89b0746a39c6,,e96be350-6615-441a-91f5-53ad976e91b3,"TB_DF5F0FE6 Modem Hub UHF Tu UHF Modem UHF RACOM  27 Ra soat 2026-07-11, file nguon: PBA_AWOS900","'-07':15 '-11':16 '2026':14 '27':11 'awos900':20 'df5f0fe6':2 'file':17 'hub':4 'modem':3,8 'nguon':18 'pba':19 'ra':12 'racom':10 'soat':13 'tb':1 'tu':6 'uhf':5,7,9",AWOS-900,RipEX-400SP,,,581d9350-905f-46da-b45e-c2d8aba4d868,,Truyền dẫn,PBA,,,,,,,,,,,,,,,,,,,,,,,san_sang,,f024c88e-8702-49c8-a302-15b93f6acb3c,,,,f,TB_PBA_019,d28b2aa6-050f-46e2-bb5a-5e1970b424ab,{},KHONG,,100,he_thong
e4b09472-ece8-42b5-bbf1-8be25846e6d8,TB_3HHFDA9Q,02 máy chủ loại CPU lắp rack 19” (rackmount server); CPU: Intel Xeon E-2434 / 3.4 GHz / 8M Cache / 4 Cores; Bộ nhớ RAM: 32 GB (2 x 16 GB) / 4800 MT/s / DDR5; Ổ cứng: 2 x 1920 GB (4 x 960 GB RAID-10) / SSD SATA Read Intensive 6Gbps /Hot-plug / 2.5”; Hệ điều hành: Microsoft Windows Server IoT 2022 Standard 5 CAL (Hệ điều hành có bản quyền vĩnh viễn (lifetime license),83e7d93e-2f76-4d4f-a6bc-08926383aba1,- 9S7KB94 (Service tag) / - 7PKXW84 (Service tag),Server,,,a13f3116-f74d-4435-b248-5b458d9fead4,d7faf284-1a3a-4e53-9433-8476900a66e7,,,1ce915ed-07e9-4b65-9209-2652ffd9b681,f59bf0bd-520b-4245-80db-dc71b7187bf1,,Đề xuất: Khi có sự cố thì xuất kho Cty QLBMT thay thế sửa chữa | Hỏng hóc: 0 lần | VTDP: không | Niên hạn: Không,,,,,2026-07-11 09:50:09.894644+00,2026-08-11 04:37:10.204448+00,,,e96be350-6615-441a-91f5-53ad976e91b3,"TB_3HHFDA9Q 02 may chu loai CPU lap rack 19"" (rackmount server); CPU: Intel Xeon E-2434 / 3.4 GHz / 8M Cache / 4 Cores; Bo nho RAM: 32 GB (2 x 16 GB) / 4800 MT/s / DDR5; O cung: 2 x 1920 GB (4 x 960 GB RAID-10) / SSD SATA Read Intensive 6Gbps /Hot-plug / 2.5""; He dieu hanh: Microsoft Windows Server IoT 2022 Standard 5 CAL (He dieu hanh co ban quyen vinh vien (lifetime license) - 9S7KB94 (Service tag) / - 7PKXW84 (Service tag) Server    De xuat: Khi co su co thi xuat kho Cty QLBMT thay the sua chua | Hong hoc: 0 lan | VTDP: khong | Nien han: Khong","'-10':47 '-2434':17 '/hot-plug':53 '0':100 '02':3 '16':31 '19':10 '1920':40 '2':29,38 '2.5':54 '2022':62 '3.4':18 '32':27 '3hhfda9q':2 '4':22,42 '4800':33 '5':64 '6gbps':52 '7pkxw84':79 '8m':20 '960':44 '9s7kb94':76 'ban':70 'bo':24 'cache':21 'cal':65 'chu':5 'chua':97 'co':69,86,88 'cores':23 'cpu':7,13 'cty':92 'cung':37 'ddr5':35 'de':83 'dieu':56,67 'e':16 'gb':28,32,41,45 'ghz':19 'han':105 'hanh':57,68 'he':55,66 'hoc':99 'hong':98 'intel':14 'intensive':51 'iot':61 'khi':85 'kho':91 'khong':103,106 'lan':101 'lap':8 'license':75 'lifetime':74 'loai':6 'may':4 'microsoft':58 'mt/s':34 'nho':25 'nien':104 'o':36 'qlbmt':93 'quyen':71 'rack':9 'rackmount':11 'raid':46 'ram':26 'read':50 'sata':49 'server':12,60,82 'service':77,80 'ssd':48 'standard':63 'su':87 'sua':96 'tag':78,81 'tb':1 'thay':94 'the':95 'thi':89 'vien':73 'vinh':72 'vtdp':102 'windows':59 'x':30,39,43 'xeon':15 'xuat':84,90",,"Dell PowerEdge R360XE, Dell",2024,2025,f59bf0bd-520b-4245-80db-dc71b7187bf1,,,CR,,,,0.100,,,,,,,,,,,,,,,,,,,san_sang,,f024c88e-8702-49c8-a302-15b93f6acb3c,,,,f,TB_N1_AWOS_0002,b0b9a32f-0833-4fbb-981e-748c6b92d69c,{},KHONG,,100,he_thong
9a94e18f-c8eb-4fcc-abdb-d7dc00a79e16,TB_8RZD8RZA,Màn hình hiển thị số liệu gió 27,83e7d93e-2f76-4d4f-a6bc-08926383aba1,,Màn hình hiển thị số liệu gió 27,Observator,,ce27df84-7054-4032-bfe7-efdb0bd119f4,d7faf284-1a3a-4e53-9433-8476900a66e7,,,1ce915ed-07e9-4b65-9209-2652ffd9b681,581d9350-905f-46da-b45e-c2d8aba4d868,Tower,"Ra soat 2026-07-11, file nguon: PBA_AWOS900",,,,,2026-07-11 09:50:09.894644+00,2026-08-11 04:37:10.204448+00,1f8c6a88-4da8-4cff-bf77-616d07522c3c,,e96be350-6615-441a-91f5-53ad976e91b3,"TB_8RZD8RZA Man hinh hien thi so lieu gio 27  Man hinh hien thi so lieu gio 27 Observator  Tower Ra soat 2026-07-11, file nguon: PBA_AWOS900","'-07':24 '-11':25 '2026':23 '27':10,18 '8rzd8rza':2 'awos900':29 'file':26 'gio':9,17 'hien':5,13 'hinh':4,12 'lieu':8,16 'man':3,11 'nguon':27 'observator':19 'pba':28 'ra':21 'so':7,15 'soat':22 'tb':1 'thi':6,14 'tower':20",Thiết bị đo đạc quan trắc thông dụng,OMC-140,,,581d9350-905f-46da-b45e-c2d8aba4d868,,Xử lý trung tâm,PBA,,,,,,,,,,,,,,,,,,,,,,,san_sang,,f024c88e-8702-49c8-a302-15b93f6acb3c,,,,f,TB_PBA_072,df225c51-61af-4901-94b3-97a46b25aa97,{},KHONG,,83,he_thong
ed164f26-97e3-4e84-8665-9209412cec5f,TB_XWX1WDE8,"Phần mềm xử lý số liệu cho hệ thống máy chủ AWOS và phần mềm khai thác dùng cho nhân viên quan trắc, kiểm soát viên không lưu và nhân viên kỹ thuật",83e7d93e-2f76-4d4f-a6bc-08926383aba1,,"Phần mềm xử lý số liệu cho hệ thống máy chủ AWOS và phần mềm khai thác dùng cho nhân viên quan trắc, kiểm soát viên không lưu và nhân viên kỹ thuật",,,a13f3116-f74d-4435-b248-5b458d9fead4,d7faf284-1a3a-4e53-9433-8476900a66e7,,,1ce915ed-07e9-4b65-9209-2652ffd9b681,f59bf0bd-520b-4245-80db-dc71b7187bf1,,Đề xuất: Khi có sự cố thì xuất kho Cty QLBMT thay thế sửa chữa | Hỏng hóc: 0 lần | VTDP: không | Niên hạn: Không,,,,,2026-07-11 09:50:09.894644+00,2026-08-11 04:37:10.204448+00,,,e96be350-6615-441a-91f5-53ad976e91b3,"TB_XWX1WDE8 Phan mem xu ly so lieu cho he thong may chu AWOS va phan mem khai thac dung cho nhan vien quan trac, kiem soat vien khong luu va nhan vien ky thuat  Phan mem xu ly so lieu cho he thong may chu AWOS va phan mem khai thac dung cho nhan vien quan trac, kiem soat vien khong luu va nhan vien ky thuat    De xuat: Khi co su co thi xuat kho Cty QLBMT thay the sua chua | Hong hoc: 0 lan | VTDP: khong | Nien han: Khong","'0':86 'awos':14,47 'cho':9,21,42,54 'chu':13,46 'chua':83 'co':72,74 'cty':78 'de':69 'dung':20,53 'han':91 'he':10,43 'hoc':85 'hong':84 'khai':18,51 'khi':71 'kho':77 'khong':29,62,89,92 'kiem':26,59 'ky':34,67 'lan':87 'lieu':8,41 'luu':30,63 'ly':6,39 'may':12,45 'mem':4,17,37,50 'nhan':22,32,55,65 'nien':90 'phan':3,16,36,49 'qlbmt':79 'quan':24,57 'so':7,40 'soat':27,60 'su':73 'sua':82 'tb':1 'thac':19,52 'thay':80 'the':81 'thi':75 'thong':11,44 'thuat':35,68 'trac':25,58 'va':15,31,48,64 'vien':23,28,33,56,61,66 'vtdp':88 'xu':5,38 'xuat':70,76 'xwx1wde8':2",,"Phần Lan, AVIMET software, Vaisala",2025,2025,f59bf0bd-520b-4245-80db-dc71b7187bf1,,,CR,,,,0.067,,,,,,,,,,,,,,,,,,,san_sang,,f024c88e-8702-49c8-a302-15b93f6acb3c,,,,f,TB_N1_AWOS_0055,aa38a847-de6f-4769-b240-eb6014ba904a,{},KHONG,,83,he_thong
c3aa4a39-710d-442b-be7a-6e672f7290da,TB_CGSMRGM8,Máy tính đầu cuối,,,Máy tính đầu cuối,,,ce27df84-7054-4032-bfe7-efdb0bd119f4,d7faf284-1a3a-4e53-9433-8476900a66e7,,,1ce915ed-07e9-4b65-9209-2652ffd9b681,581d9350-905f-46da-b45e-c2d8aba4d868,,"Ra soat 2026-07-11, file nguon: PBA_AWOS900",,,,,2026-07-11 09:50:09.894644+00,2026-08-11 04:37:10.204448+00,,,e96be350-6615-441a-91f5-53ad976e91b3,"TB_CGSMRGM8 May tinh dau cuoi  May tinh dau cuoi    Ra soat 2026-07-11, file nguon: PBA_AWOS900","'-07':14 '-11':15 '2026':13 'awos900':19 'cgsmrgm8':2 'cuoi':6,10 'dau':5,9 'file':16 'may':3,7 'nguon':17 'pba':18 'ra':11 'soat':12 'tb':1 'tinh':4,8",AWOS-900,,,,581d9350-905f-46da-b45e-c2d8aba4d868,,,PBA,,,,,,,,,,,,,,,,,,,,,,,san_sang,,f024c88e-8702-49c8-a302-15b93f6acb3c,,,,f,TB_PBA_021,ede7eea3-dec3-4214-8864-fbedec402115,{},KHONG,,83,he_thong
41b13cef-355e-4b0a-8891-fc4ec3b1447e,TB_46TW7F6C,Cảm biến đo gió,98c88d39-bf0f-43c7-83a2-ca5d266ba54f,,Cảm biến đo gió,All Weather,,ce27df84-7054-4032-bfe7-efdb0bd119f4,d7faf284-1a3a-4e53-9433-8476900a66e7,,,1ce915ed-07e9-4b65-9209-2652ffd9b681,581d9350-905f-46da-b45e-c2d8aba4d868,27,"Ra soat 2026-07-11, file nguon: PBA_AWOS900",,,,,2026-07-11 09:50:09.894644+00,2026-08-11 04:37:10.204448+00,8c53503a-8e6c-4698-bb44-06b929060b8a,,e96be350-6615-441a-91f5-53ad976e91b3,"TB_46TW7F6C Cam bien do gio  Cam bien do gio All Weather  27 Ra soat 2026-07-11, file nguon: PBA_AWOS900","'-07':17 '-11':18 '2026':16 '27':13 '46tw7f6c':2 'all':11 'awos900':22 'bien':4,8 'cam':3,7 'do':5,9 'file':19 'gio':6,10 'nguon':20 'pba':21 'ra':14 'soat':15 'tb':1 'weather':12",AWOS-900,2040,,,581d9350-905f-46da-b45e-c2d8aba4d868,,Cảm biến,PBA,,,,,,,,,,,,,,,,,,,,,,,san_sang,,f024c88e-8702-49c8-a302-15b93f6acb3c,,,,f,TB_PBA_023,2eaf6ca1-e139-4e9b-be99-d3b23a257027,{},KHONG,,83,he_thong
cc058133-c8da-49a3-92e4-d132fc910abe,TB_6E075XED,Cảm biến đo tầm nhìn,98c88d39-bf0f-43c7-83a2-ca5d266ba54f,,Cảm biến đo tầm nhìn,All Weather,,ce27df84-7054-4032-bfe7-efdb0bd119f4,d7faf284-1a3a-4e53-9433-8476900a66e7,,,1ce915ed-07e9-4b65-9209-2652ffd9b681,581d9350-905f-46da-b45e-c2d8aba4d868,09,"Ra soat 2026-07-11, file nguon: PBA_AWOS900",,,,,2026-07-11 09:50:09.894644+00,2026-08-11 04:37:10.204448+00,8c53503a-8e6c-4698-bb44-06b929060b8a,,e96be350-6615-441a-91f5-53ad976e91b3,"TB_6E075XED Cam bien do tam nhin  Cam bien do tam nhin All Weather  09 Ra soat 2026-07-11, file nguon: PBA_AWOS900","'-07':20 '-11':21 '09':16 '2026':19 '6e075':2 'all':14 'awos900':25 'bien':5,10 'cam':4,9 'do':6,11 'file':22 'nguon':23 'nhin':8,13 'pba':24 'ra':17 'soat':18 'tam':7,12 'tb':1 'weather':15 'xed':3",AWOS-900,8364-E,,,581d9350-905f-46da-b45e-c2d8aba4d868,,Cảm biến,PBA,,,,,,,,,,,,,,,,,,,,,,,san_sang,,f024c88e-8702-49c8-a302-15b93f6acb3c,,,,f,TB_PBA_024,937ae497-c763-44ce-99c7-608e36916092,{},KHONG,,83,he_thong
9b914e48-6f59-4ac7-9780-936c8f5a64c4,TB_J3PPX899,RF Modem Client,ae03f513-6763-46f8-913d-91a103966947,,RF Modem Client,RACOM,,5ae20f2b-30dc-409c-95db-68b98b79c94e,d7faf284-1a3a-4e53-9433-8476900a66e7,,,1ce915ed-07e9-4b65-9209-2652ffd9b681,f59bf0bd-520b-4245-80db-dc71b7187bf1,,Đề xuất: Mua sắm VTDP sử dụng chung cho Cam Ranh và Tuy Hòa | Hỏng hóc: 0 lần | Tình trạng: Hoạt động bình thường | VTDP: Không | Niên hạn: Không,,,,,2026-07-11 09:50:09.894644+00,2026-08-11 04:37:10.204448+00,ca029628-203c-4008-b4bc-89b0746a39c6,,e96be350-6615-441a-91f5-53ad976e91b3,TB_J3PPX899 RF Modem Client  RF Modem Client RACOM   De xuat: Mua sam VTDP su dung chung cho Cam Ranh va Tuy Hoa | Hong hoc: 0 lan | Tinh trang: Hoat dong binh thuong | VTDP: Khong | Nien han: Khong,"'0':26 'binh':32 'cam':19 'cho':18 'chung':17 'client':5,8 'de':10 'dong':31 'dung':16 'han':37 'hoa':23 'hoat':30 'hoc':25 'hong':24 'j3ppx899':2 'khong':35,38 'lan':27 'modem':4,7 'mua':12 'nien':36 'racom':9 'ranh':20 'rf':3,6 'sam':13 'su':15 'tb':1 'thuong':33 'tinh':28 'trang':29 'tuy':22 'va':21 'vtdp':14,34 'xuat':11",,,2023,2023,f59bf0bd-520b-4245-80db-dc71b7187bf1,,,CR,,,,0.200,,,,,,,,,,,,,,,,,,,san_sang,,f024c88e-8702-49c8-a302-15b93f6acb3c,,,,f,TB_N1_AWOS_0155,3b804178-9382-48c0-935d-47039f5d0248,{},KHONG,,83,he_thong
bd182b3b-bbeb-4775-b41d-2ef0324b7d94,TB_PZEN3AYB,Switch tích hợp cổng quang,ae03f513-6763-46f8-913d-91a103966947,,Switch tích hợp cổng quang,Moxa,,a0625061-0c6d-4e0b-b438-d696787ad746,d7faf284-1a3a-4e53-9433-8476900a66e7,,,1ce915ed-07e9-4b65-9209-2652ffd9b681,65ac5e26-b0a7-487e-a72d-3f0dfc3facc2,CEILO 17,"Ra soat 2026-07-11, file nguon: BDKT_OPTIMET",,,,,2026-07-11 09:50:09.894644+00,2026-08-11 04:37:10.204448+00,a5454b1e-b677-4fd8-8494-b4c080de867d,,e96be350-6615-441a-91f5-53ad976e91b3,"TB_PZEN3AYB Switch tich hop cong quang  Switch tich hop cong quang Moxa  CEILO 17 Ra soat 2026-07-11, file nguon: BDKT_OPTIMET","'-07':19 '-11':20 '17':15 '2026':18 'bdkt':23 'ceilo':14 'cong':6,11 'file':21 'hop':5,10 'moxa':13 'nguon':22 'optimet':24 'pzen3ayb':2 'quang':7,12 'ra':16 'soat':17 'switch':3,8 'tb':1 'tich':4,9",Optimet,EDS-208A,,,65ac5e26-b0a7-487e-a72d-3f0dfc3facc2,,Truyền dẫn,BDKT-KTKT,,,,,,,,,,,,,,,,,,,,,,,san_sang,,f024c88e-8702-49c8-a302-15b93f6acb3c,,,,f,TB_BDKT_KTKT_030,9fc5b9f4-c81a-4994-b98c-570785b37e5a,{},KHONG,,83,he_thong
627d66c5-5ede-4983-8eba-9dcbd7691a5c,TB_G6E362ZC,Radio modem DTXM-460-OBN6I,ae03f513-6763-46f8-913d-91a103966947,A100865631,Radio modem DTXM-460-OBN6I,Ritron,,5ae20f2b-30dc-409c-95db-68b98b79c94e,d7faf284-1a3a-4e53-9433-8476900a66e7,,,1ce915ed-07e9-4b65-9209-2652ffd9b681,f59bf0bd-520b-4245-80db-dc71b7187bf1,,Đề xuất: Không | Hỏng hóc: 0 lần | Tình trạng: Khai thác bình thường | VTDP: Có VTDP | Niên hạn: Không,,,,,2026-07-11 09:50:09.894644+00,2026-08-11 04:37:10.204448+00,ceeef1ba-894d-4e04-9fb3-6efefba20836,,e96be350-6615-441a-91f5-53ad976e91b3,TB_G6E362ZC Radio modem DTXM-460-OBN6I A100865631 Radio modem DTXM-460-OBN6I Ritron   De xuat: Khong | Hong hoc: 0 lan | Tinh trang: Khai thac binh thuong | VTDP: Co VTDP | Nien han: Khong,"'-460':6,12 '0':20 'a100865631':8 'binh':26 'co':29 'de':15 'dtxm':5,11 'g6e362zc':2 'han':32 'hoc':19 'hong':18 'khai':24 'khong':17,33 'lan':21 'modem':4,10 'nien':31 'obn6i':7,13 'radio':3,9 'ritron':14 'tb':1 'thac':25 'thuong':27 'tinh':22 'trang':23 'vtdp':28,30 'xuat':16",,,2023,2024,f59bf0bd-520b-4245-80db-dc71b7187bf1,,,CR,,,,0.133,,,,,,,,,,,,,,,,,,,san_sang,,f024c88e-8702-49c8-a302-15b93f6acb3c,,,,f,TB_N1_AWOS_0156,84cc2f7b-edd6-437f-a7d8-45965284df82,{},KHONG,,100,he_thong
174e9e99-a10d-4ca0-a6cc-c7fd2520e6d7,TB_TTJJGDXH,Màn hình hiển thị số liệu Nhiệt-Ẩm-Áp,83e7d93e-2f76-4d4f-a6bc-08926383aba1,CT,Màn hình hiển thị số liệu Nhiệt-Ẩm-Áp,VTD,,ce27df84-7054-4032-bfe7-efdb0bd119f4,d7faf284-1a3a-4e53-9433-8476900a66e7,,,1ce915ed-07e9-4b65-9209-2652ffd9b681,581d9350-905f-46da-b45e-c2d8aba4d868,Tower,"Ra soat 2026-07-11, file nguon: PBA_AWOS900",,,,,2026-07-11 09:50:09.894644+00,2026-08-11 04:37:10.204448+00,2e2c3258-c675-4f4b-9435-c832804f802a,,e96be350-6615-441a-91f5-53ad976e91b3,"TB_TTJJGDXH Man hinh hien thi so lieu Nhiet-Am-Ap CT Man hinh hien thi so lieu Nhiet-Am-Ap VTD  Tower Ra soat 2026-07-11, file nguon: PBA_AWOS900","'-07':29 '-11':30 '2026':28 'am':11,22 'ap':12,23 'awos900':34 'ct':13 'file':31 'hien':5,16 'hinh':4,15 'lieu':8,19 'man':3,14 'nguon':32 'nhiet':10,21 'nhiet-am-ap':9,20 'pba':33 'ra':26 'so':7,18 'soat':27 'tb':1 'thi':6,17 'tower':25 'ttjjgdxh':2 'vtd':24",Thiết bị đo đạc quan trắc thông dụng,Pipad,,,581d9350-905f-46da-b45e-c2d8aba4d868,,Xử lý trung tâm,PBA,,,,,,,,,,,,,,,,,,,,,,,san_sang,,f024c88e-8702-49c8-a302-15b93f6acb3c,,,,f,TB_PBA_075,f11a88e5-3567-4da7-8c1a-45de7c3ec05d,{},KHONG,,100,he_thong
77949dbb-86ed-40cd-9254-1cbe32fdefe0,TB_PG6T4G92,Máy chủ Main,83e7d93e-2f76-4d4f-a6bc-08926383aba1,3NC3QY3,Máy chủ Main,Dell Technologies,,7f40beb2-5d47-4f4a-b7df-35cd1cca56ae,d7faf284-1a3a-4e53-9433-8476900a66e7,,,1ce915ed-07e9-4b65-9209-2652ffd9b681,e43c5d4b-3c3c-4486-89da-73e9ac747ab4,PTB Đài KSKL TUY HÒA,"Ra soat 2026-07-11, file nguon: THA_DAW21",,,,,2026-07-11 09:50:09.894644+00,2026-08-11 04:37:10.204448+00,f9bb034d-e32b-4595-b6a6-e5136105dc19,,e96be350-6615-441a-91f5-53ad976e91b3,"TB_PG6T4G92 May chu Main 3NC3QY3 May chu Main Dell Technologies  PTB Dai KSKL TUY HOA Ra soat 2026-07-11, file nguon: THA_DAW21","'-07':20 '-11':21 '2026':19 '3nc3qy3':6 'chu':4,8 'dai':13 'daw21':25 'dell':10 'file':22 'hoa':16 'kskl':14 'main':5,9 'may':3,7 'nguon':23 'pg6t4g92':2 'ptb':12 'ra':17 'soat':18 'tb':1 'technologies':11 'tha':24 'tuy':15",AWOS D-AW21,PowerEdge R250,,,e43c5d4b-3c3c-4486-89da-73e9ac747ab4,,Xử lý trung tâm,THA,,,,,,,,,,,,,,,,,,,,,,,san_sang,,f024c88e-8702-49c8-a302-15b93f6acb3c,,,,f,TB_THA_060,d1bed5c2-d375-4278-b798-08d2081af4a1,{},KHONG,,100,he_thong
c86958e4-dd87-4e6c-a258-c3a0f3882194,TB_K1V3H1P9,Sensor khí áp,98c88d39-bf0f-43c7-83a2-ca5d266ba54f,,Cảm biến đo khí áp,Vaisala,,ce27df84-7054-4032-bfe7-efdb0bd119f4,d7faf284-1a3a-4e53-9433-8476900a66e7,,,1ce915ed-07e9-4b65-9209-2652ffd9b681,581d9350-905f-46da-b45e-c2d8aba4d868,Tower,"Ra soat 2026-07-11, file nguon: PBA_AWOS900",,,,,2026-07-11 09:50:09.894644+00,2026-08-11 04:37:10.204448+00,79b069cc-810c-41ab-9b03-9032c1804a5f,,e96be350-6615-441a-91f5-53ad976e91b3,"TB_K1V3H1P9 Sensor khi ap  Cam bien do khi ap Vaisala  Tower Ra soat 2026-07-11, file nguon: PBA_AWOS900","'-07':16 '-11':17 '2026':15 'ap':5,10 'awos900':21 'bien':7 'cam':6 'do':8 'file':18 'k1v3h1p9':2 'khi':4,9 'nguon':19 'pba':20 'ra':13 'sensor':3 'soat':14 'tb':1 'tower':12 'vaisala':11",Thiết bị đo đạc quan trắc thông dụng,PTB330,,,581d9350-905f-46da-b45e-c2d8aba4d868,,Cảm biến,PBA,,,,,,,,,,,,,,,,,,,,,,,san_sang,,f024c88e-8702-49c8-a302-15b93f6acb3c,,,,f,TB_PBA_073,d61e21eb-ca7b-4dba-96ac-5f4be0bf3c81,{},KHONG,,83,he_thong
f0e6b89b-7279-4ed1-9dc9-beb49778626f,TB_4WQSJBFG,"CPU core i5 12500, 3.0Ghz, RAM 8GB, HDD 1TB, NVIDIA Quadro T400 4GB",83e7d93e-2f76-4d4f-a6bc-08926383aba1,"5WCBZR3
FWCBZR3
DYCBZR3
7YCBZR3
JYCBZR3
DXCBZR3","CPU core i5 12500, 3.0Ghz, RAM 8GB, HDD 1TB, NVIDIA Quadro T400 4GB",Dell Technologies,,7f40beb2-5d47-4f4a-b7df-35cd1cca56ae,d7faf284-1a3a-4e53-9433-8476900a66e7,,,1ce915ed-07e9-4b65-9209-2652ffd9b681,e43c5d4b-3c3c-4486-89da-73e9ac747ab4,"Phòng trực TB - 1
Phòng MET - 2
Cabin - 2
K4 QS - 1","Ra soat 2026-07-11, file nguon: THA_DAW21",,,,,2026-07-11 09:50:09.894644+00,2026-08-11 04:37:10.204448+00,f9bb034d-e32b-4595-b6a6-e5136105dc19,,e96be350-6615-441a-91f5-53ad976e91b3,"TB_4WQSJBFG CPU core i5 12500, 3.0Ghz, RAM 8GB, HDD 1TB, NVIDIA Quadro T400 4GB 5WCBZR3
FWCBZR3
DYCBZR3
7YCBZR3
JYCBZR3
DXCBZR3 CPU core i5 12500, 3.0Ghz, RAM 8GB, HDD 1TB, NVIDIA Quadro T400 4GB Dell Technologies  Phong truc TB - 1
Phong MET - 2
Cabin - 2
K4 QS - 1 Ra soat 2026-07-11, file nguon: THA_DAW21","'-07':54 '-11':55 '1':42,50 '12500':6,26 '1tb':12,32 '2':45,47 '2026':53 '3.0':7,27 '4gb':16,36 '4wqsjbfg':2 '5wcbzr3':17 '7ycbzr3':20 '8gb':10,30 'cabin':46 'core':4,24 'cpu':3,23 'daw21':59 'dell':37 'dxcbzr3':22 'dycbzr3':19 'file':56 'fwcbzr3':18 'ghz':8,28 'hdd':11,31 'i5':5,25 'jycbzr3':21 'k4':48 'met':44 'nguon':57 'nvidia':13,33 'phong':39,43 'qs':49 'quadro':14,34 'ra':51 'ram':9,29 'soat':52 't400':15,35 'tb':1,41 'technologies':38 'tha':58 'truc':40",AWOS D-AW21,Optiplex 5000 SFF,,,e43c5d4b-3c3c-4486-89da-73e9ac747ab4,,Xử lý trung tâm,THA,,,,,,,,,,,,,,,,,,,,,,,san_sang,,f024c88e-8702-49c8-a302-15b93f6acb3c,,,,f,TB_THA_073,7a5f32fb-9418-4657-a7f6-1cbb84cfe8ac,{},KHONG,,100,he_thong
493c5d52-ea26-4f4a-bd3b-0e2b3a065aaa,TB_7MZTCYW5,Máy chủ MAIN,83e7d93e-2f76-4d4f-a6bc-08926383aba1,,Máy chủ MAIN,Dell Technologies,,a0625061-0c6d-4e0b-b438-d696787ad746,d7faf284-1a3a-4e53-9433-8476900a66e7,,,1ce915ed-07e9-4b65-9209-2652ffd9b681,65ac5e26-b0a7-487e-a72d-3f0dfc3facc2,P.TBTT,"Ra soat 2026-07-11, file nguon: BDKT_OPTIMET",,,,,2026-07-11 09:50:09.894644+00,2026-08-11 04:37:10.204448+00,f9bb034d-e32b-4595-b6a6-e5136105dc19,,3b1c9f72-6395-4ad0-a387-c7630195267a,"TB_7MZTCYW5 May chu MAIN  May chu MAIN Dell Technologies  P.TBTT Ra soat 2026-07-11, file nguon: BDKT_OPTIMET","'-07':15 '-11':16 '2026':14 '7mztcyw5':2 'bdkt':19 'chu':4,7 'dell':9 'file':17 'main':5,8 'may':3,6 'nguon':18 'optimet':20 'p.tbtt':11 'ra':12 'soat':13 'tb':1 'technologies':10",Optimet,T310,,,65ac5e26-b0a7-487e-a72d-3f0dfc3facc2,,Xử lý Trung Tâm,BDKT-KTKT,,,,,,,,,,,,,,,,,,,,,,,san_sang,,f024c88e-8702-49c8-a302-15b93f6acb3c,,,,f,TB_BDKT_KTKT_032,f14edffc-2c14-4ffe-8e81-296563cf39eb,{},KHONG,,83,he_thong
ca7fead6-b1be-4966-aaa6-31e042da978e,TB_9ZB5NCEN,RF Modem Client,ae03f513-6763-46f8-913d-91a103966947,,RF Modem Client,RACOM,,5ae20f2b-30dc-409c-95db-68b98b79c94e,d7faf284-1a3a-4e53-9433-8476900a66e7,,,1ce915ed-07e9-4b65-9209-2652ffd9b681,f59bf0bd-520b-4245-80db-dc71b7187bf1,,Đề xuất: Mua sắm VTDP sử dụng chung cho Cam Ranh và Tuy Hòa | Hỏng hóc: 0 lần | Tình trạng: Hoạt động bình thường | VTDP: Không | Niên hạn: Không,,,,,2026-07-11 09:50:09.894644+00,2026-08-11 04:37:10.204448+00,ca029628-203c-4008-b4bc-89b0746a39c6,,e96be350-6615-441a-91f5-53ad976e91b3,TB_9ZB5NCEN RF Modem Client  RF Modem Client RACOM   De xuat: Mua sam VTDP su dung chung cho Cam Ranh va Tuy Hoa | Hong hoc: 0 lan | Tinh trang: Hoat dong binh thuong | VTDP: Khong | Nien han: Khong,"'0':26 '9zb5ncen':2 'binh':32 'cam':19 'cho':18 'chung':17 'client':5,8 'de':10 'dong':31 'dung':16 'han':37 'hoa':23 'hoat':30 'hoc':25 'hong':24 'khong':35,38 'lan':27 'modem':4,7 'mua':12 'nien':36 'racom':9 'ranh':20 'rf':3,6 'sam':13 'su':15 'tb':1 'thuong':33 'tinh':28 'trang':29 'tuy':22 'va':21 'vtdp':14,34 'xuat':11",,,2023,2023,f59bf0bd-520b-4245-80db-dc71b7187bf1,,,CR,,,,0.200,,,,,,,,,,,,,,,,,,,san_sang,,f024c88e-8702-49c8-a302-15b93f6acb3c,,,,f,TB_N1_AWOS_0151,3b804178-9382-48c0-935d-47039f5d0248,{},KHONG,,83,he_thong
8f3c5fd3-db42-48f0-a5f1-09e4427dddcb,TB_7YTD07DG,RF Modem Client,ae03f513-6763-46f8-913d-91a103966947,,RF Modem Client,RACOM,,5ae20f2b-30dc-409c-95db-68b98b79c94e,d7faf284-1a3a-4e53-9433-8476900a66e7,,,1ce915ed-07e9-4b65-9209-2652ffd9b681,f59bf0bd-520b-4245-80db-dc71b7187bf1,,Đề xuất: Mua sắm VTDP sử dụng chung cho Cam Ranh và Tuy Hòa | Hỏng hóc: 0 lần | Tình trạng: Hoạt động bình thường | VTDP: Không | Niên hạn: Không,,,,,2026-07-11 09:50:09.894644+00,2026-08-11 04:37:10.204448+00,ca029628-203c-4008-b4bc-89b0746a39c6,,e96be350-6615-441a-91f5-53ad976e91b3,TB_7YTD07DG RF Modem Client  RF Modem Client RACOM   De xuat: Mua sam VTDP su dung chung cho Cam Ranh va Tuy Hoa | Hong hoc: 0 lan | Tinh trang: Hoat dong binh thuong | VTDP: Khong | Nien han: Khong,"'0':26 '7ytd07dg':2 'binh':32 'cam':19 'cho':18 'chung':17 'client':5,8 'de':10 'dong':31 'dung':16 'han':37 'hoa':23 'hoat':30 'hoc':25 'hong':24 'khong':35,38 'lan':27 'modem':4,7 'mua':12 'nien':36 'racom':9 'ranh':20 'rf':3,6 'sam':13 'su':15 'tb':1 'thuong':33 'tinh':28 'trang':29 'tuy':22 'va':21 'vtdp':14,34 'xuat':11",,,2023,2023,f59bf0bd-520b-4245-80db-dc71b7187bf1,,,CR,,,,0.200,,,,,,,,,,,,,,,,,,,san_sang,,f024c88e-8702-49c8-a302-15b93f6acb3c,,,,f,TB_N1_AWOS_0152,3b804178-9382-48c0-935d-47039f5d0248,{},KHONG,,83,he_thong
bac0468f-ad54-4673-8383-8c8539244d5b,TB_6AAXGVNX,Cảm biến đo nhiệt ẩm,98c88d39-bf0f-43c7-83a2-ca5d266ba54f,,Cảm biến đo nhiệt ẩm,Vaisala,,ce27df84-7054-4032-bfe7-efdb0bd119f4,d7faf284-1a3a-4e53-9433-8476900a66e7,,,1ce915ed-07e9-4b65-9209-2652ffd9b681,581d9350-905f-46da-b45e-c2d8aba4d868,Mid,"Ra soat 2026-07-11, file nguon: PBA_AWOS900",,,,,2026-07-11 09:50:09.894644+00,2026-08-11 04:37:10.204448+00,79b069cc-810c-41ab-9b03-9032c1804a5f,,e96be350-6615-441a-91f5-53ad976e91b3,"TB_6AAXGVNX Cam bien do nhiet am  Cam bien do nhiet am Vaisala  Mid Ra soat 2026-07-11, file nguon: PBA_AWOS900","'-07':18 '-11':19 '2026':17 '6aaxgvnx':2 'am':7,12 'awos900':23 'bien':4,9 'cam':3,8 'do':5,10 'file':20 'mid':14 'nguon':21 'nhiet':6,11 'pba':22 'ra':15 'soat':16 'tb':1 'vaisala':13",AWOS-900,HMP155,,,581d9350-905f-46da-b45e-c2d8aba4d868,,Cảm biến,PBA,,,,,,,,,,,,,,,,,,,,,,,san_sang,,f024c88e-8702-49c8-a302-15b93f6acb3c,,,,f,TB_PBA_028,447979ef-3ce2-4848-9d8a-ff9d827375d4,{},KHONG,,83,he_thong
644f7968-51a0-4e5a-82a9-a10123c0e4f4,TB_YNCJDZNK,Cảm biến đo khí áp,98c88d39-bf0f-43c7-83a2-ca5d266ba54f,,Cảm biến đo khí áp,Vaisala,,a0625061-0c6d-4e0b-b438-d696787ad746,d7faf284-1a3a-4e53-9433-8476900a66e7,,,1ce915ed-07e9-4b65-9209-2652ffd9b681,65ac5e26-b0a7-487e-a72d-3f0dfc3facc2,NHÀ QUAN TRẮC,"Ra soat 2026-07-11, file nguon: BDKT_OPTIMET",,,,,2026-07-11 09:50:09.894644+00,2026-08-11 04:37:10.204448+00,79b069cc-810c-41ab-9b03-9032c1804a5f,,e96be350-6615-441a-91f5-53ad976e91b3,"TB_YNCJDZNK Cam bien do khi ap  Cam bien do khi ap Vaisala  NHA QUAN TRAC Ra soat 2026-07-11, file nguon: BDKT_OPTIMET","'-07':20 '-11':21 '2026':19 'ap':7,12 'bdkt':24 'bien':4,9 'cam':3,8 'do':5,10 'file':22 'khi':6,11 'nguon':23 'nha':14 'optimet':25 'quan':15 'ra':17 'soat':18 'tb':1 'trac':16 'vaisala':13 'yncjdznk':2",Thiết bị đo đạc quan trắc thông dụng - TCT đầu tư,PTB330,,,65ac5e26-b0a7-487e-a72d-3f0dfc3facc2,,Cảm biến,BDKT-KTKT,,,,,,,,,,,,,,,,,,,,,,,san_sang,,f024c88e-8702-49c8-a302-15b93f6acb3c,,,,f,TB_BDKT_KTKT_086,d61e21eb-ca7b-4dba-96ac-5f4be0bf3c81,{},KHONG,,83,he_thong
08844c61-f7a8-4ab9-b22d-1c30a25b30a4,TB_HDZFJ3R5,Cảm biến đo tầm nhìn,98c88d39-bf0f-43c7-83a2-ca5d266ba54f,,Cảm biến đo tầm nhìn,Vaisala,,a0625061-0c6d-4e0b-b438-d696787ad746,d7faf284-1a3a-4e53-9433-8476900a66e7,,,1ce915ed-07e9-4b65-9209-2652ffd9b681,65ac5e26-b0a7-487e-a72d-3f0dfc3facc2,Trạm 35,"Ra soat 2026-07-11, file nguon: BDKT_OPTIMET",,,,,2026-07-11 09:50:09.894644+00,2026-08-11 04:37:10.204448+00,79b069cc-810c-41ab-9b03-9032c1804a5f,,3f302563-bdbb-443d-911f-b0058e38db42,"TB_HDZFJ3R5 Cam bien do tam nhin  Cam bien do tam nhin Vaisala  Tram 35 Ra soat 2026-07-11, file nguon: BDKT_OPTIMET","'-07':19 '-11':20 '2026':18 '35':15 'bdkt':23 'bien':4,9 'cam':3,8 'do':5,10 'file':21 'hdzfj3r5':2 'nguon':22 'nhin':7,12 'optimet':24 'ra':16 'soat':17 'tam':6,11 'tb':1 'tram':14 'vaisala':13",Optimet,FS11,,,65ac5e26-b0a7-487e-a72d-3f0dfc3facc2,,Cảm biến,BDKT-KTKT,,,,,,,,,,,,,,,,,,,,,,,san_sang,,f024c88e-8702-49c8-a302-15b93f6acb3c,,,,f,TB_BDKT_KTKT_002,bfc2a813-9bc3-4f00-9946-433610b640ef,{},KHONG,,83,he_thong
611c1016-a663-490b-81ac-d5c23c45a826,TB_1E1MK1CN,RF Modem Client,ae03f513-6763-46f8-913d-91a103966947,,RF Modem Client,RACOM,,5ae20f2b-30dc-409c-95db-68b98b79c94e,d7faf284-1a3a-4e53-9433-8476900a66e7,,,1ce915ed-07e9-4b65-9209-2652ffd9b681,f59bf0bd-520b-4245-80db-dc71b7187bf1,,Đề xuất: Mua sắm VTDP sử dụng chung cho Cam Ranh và Tuy Hòa | Hỏng hóc: 0 lần | Tình trạng: Hoạt động bình thường | VTDP: Không | Niên hạn: Không,,,,,2026-07-11 09:50:09.894644+00,2026-08-11 04:37:10.204448+00,ca029628-203c-4008-b4bc-89b0746a39c6,,e96be350-6615-441a-91f5-53ad976e91b3,TB_1E1MK1CN RF Modem Client  RF Modem Client RACOM   De xuat: Mua sam VTDP su dung chung cho Cam Ranh va Tuy Hoa | Hong hoc: 0 lan | Tinh trang: Hoat dong binh thuong | VTDP: Khong | Nien han: Khong,"'0':27 '1e1':2 'binh':33 'cam':20 'cho':19 'chung':18 'client':6,9 'de':11 'dong':32 'dung':17 'han':38 'hoa':24 'hoat':31 'hoc':26 'hong':25 'khong':36,39 'lan':28 'mk1cn':3 'modem':5,8 'mua':13 'nien':37 'racom':10 'ranh':21 'rf':4,7 'sam':14 'su':16 'tb':1 'thuong':34 'tinh':29 'trang':30 'tuy':23 'va':22 'vtdp':15,35 'xuat':12",,,2023,2023,f59bf0bd-520b-4245-80db-dc71b7187bf1,,,CR,,,,0.200,,,,,,,,,,,,,,,,,,,san_sang,,f024c88e-8702-49c8-a302-15b93f6acb3c,,,,f,TB_N1_AWOS_0153,3b804178-9382-48c0-935d-47039f5d0248,{},KHONG,,83,he_thong
02be9cab-f89d-488c-87cd-e77271fabf94,TB_VVJ63NXA,RF Modem Client,ae03f513-6763-46f8-913d-91a103966947,Ripex2,RF Modem Client,RACOM,,5ae20f2b-30dc-409c-95db-68b98b79c94e,d7faf284-1a3a-4e53-9433-8476900a66e7,,,1ce915ed-07e9-4b65-9209-2652ffd9b681,f59bf0bd-520b-4245-80db-dc71b7187bf1,,Đề xuất: Mua sắm VTDP sử dụng chung cho Cam Ranh và Tuy Hòa | Hỏng hóc: 0 lần | Tình trạng: Hoạt động bình thường | VTDP: Không | Niên hạn: Không,,,,,2026-07-11 09:50:09.894644+00,2026-08-11 04:37:10.204448+00,ca029628-203c-4008-b4bc-89b0746a39c6,,e96be350-6615-441a-91f5-53ad976e91b3,TB_VVJ63NXA RF Modem Client Ripex2 RF Modem Client RACOM   De xuat: Mua sam VTDP su dung chung cho Cam Ranh va Tuy Hoa | Hong hoc: 0 lan | Tinh trang: Hoat dong binh thuong | VTDP: Khong | Nien han: Khong,"'0':27 'binh':33 'cam':20 'cho':19 'chung':18 'client':5,9 'de':11 'dong':32 'dung':17 'han':38 'hoa':24 'hoat':31 'hoc':26 'hong':25 'khong':36,39 'lan':28 'modem':4,8 'mua':13 'nien':37 'racom':10 'ranh':21 'rf':3,7 'ripex2':6 'sam':14 'su':16 'tb':1 'thuong':34 'tinh':29 'trang':30 'tuy':23 'va':22 'vtdp':15,35 'vvj63nxa':2 'xuat':12",,,2023,2023,f59bf0bd-520b-4245-80db-dc71b7187bf1,,,CR,,,,0.200,,,,,,,,,,,,,,,,,,,san_sang,,f024c88e-8702-49c8-a302-15b93f6acb3c,,,,f,TB_N1_AWOS_0154,3b804178-9382-48c0-935d-47039f5d0248,{},KHONG,,100,he_thong
886f72d8-1233-4901-9d27-b80f16a2b090,TB_MTP5KS5W,Chống sét LAN,660f73b4-1975-4bde-8c87-810a23ef6e2c,,Chống sét LAN,APC,,a0625061-0c6d-4e0b-b438-d696787ad746,d7faf284-1a3a-4e53-9433-8476900a66e7,,,1ce915ed-07e9-4b65-9209-2652ffd9b681,65ac5e26-b0a7-487e-a72d-3f0dfc3facc2,Trạm 17,"Ra soat 2026-07-11, file nguon: BDKT_OPTIMET",,,,,2026-07-11 09:50:09.894644+00,2026-08-11 04:37:10.204448+00,85b16a8e-84ee-4408-ac50-81b3e2aa7ca6,,7edb2f00-60da-46ad-8aed-873d4708393d,"TB_MTP5KS5W Chong set LAN  Chong set LAN APC  Tram 17 Ra soat 2026-07-11, file nguon: BDKT_OPTIMET","'-07':15 '-11':16 '17':11 '2026':14 'apc':9 'bdkt':19 'chong':3,6 'file':17 'lan':5,8 'mtp5ks5w':2 'nguon':18 'optimet':20 'ra':12 'set':4,7 'soat':13 'tb':1 'tram':10",Optimet,PNET1G,,,65ac5e26-b0a7-487e-a72d-3f0dfc3facc2,,Cắt lọc sét,BDKT-KTKT,,,,,,,,,,,,,,,,,,,,,,,san_sang,,f024c88e-8702-49c8-a302-15b93f6acb3c,,,,f,TB_BDKT_KTKT_076,329793f9-7a1e-4010-b17a-974df9ad37ad,{},KHONG,,83,he_thong
e470ac6f-e7db-467e-b2f6-4b039292d0ff,TB_JQNM3PXG,Thiết bị chuyển đổi Serial/Fiber,ae03f513-6763-46f8-913d-91a103966947,TBZCE1047813,Thiết bị chuyển đổi Serial/Fiber,Moxa,,4fbd5536-e530-4f9b-97d3-d194186c33de,d7faf284-1a3a-4e53-9433-8476900a66e7,,,1ce915ed-07e9-4b65-9209-2652ffd9b681,141337b4-f2fa-4438-808f-0d10cfeedb85,Trạm 14 AMS,"Ra soat 2026-07-11, file nguon: CLA_IMS",,,,,2026-07-11 09:50:09.894644+00,2026-08-11 04:37:10.204448+00,a5454b1e-b677-4fd8-8494-b4c080de867d,,38e5eeb4-1688-47ea-ac85-5fd68d617ea5,"TB_JQNM3PXG Thiet bi chuyen doi Serial/Fiber TBZCE1047813 Thiet bi chuyen doi Serial/Fiber Moxa  Tram 14 AMS Ra soat 2026-07-11, file nguon: CLA_IMS","'-07':21 '-11':22 '14':16 '2026':20 'ams':17 'bi':4,10 'chuyen':5,11 'cla':25 'doi':6,12 'file':23 'ims':26 'jqnm3pxg':2 'moxa':14 'nguon':24 'ra':18 'serial/fiber':7,13 'soat':19 'tb':1 'tbzce1047813':8 'thiet':3,9 'tram':15",AWOS IMS,TCF-142-S-SC,,,141337b4-f2fa-4438-808f-0d10cfeedb85,,Truyền dẫn,CLA,,,,,,,,,,,,,,,,,,,,,,,san_sang,,f024c88e-8702-49c8-a302-15b93f6acb3c,,,,f,TB_CLA_045,ed490fd6-a6a7-4d29-b46c-2ab989316d71,{},KHONG,,100,he_thong
de76e3dc-6cf8-4410-802b-2ca6613e4d97,TB_MZ50MAN2,Ắc quy cấp nguồn cho modem UHF,ae03f513-6763-46f8-913d-91a103966947,,Ắc quy cấp nguồn cho modem UHF,YUASA,,5ae20f2b-30dc-409c-95db-68b98b79c94e,d7faf284-1a3a-4e53-9433-8476900a66e7,,,1ce915ed-07e9-4b65-9209-2652ffd9b681,f59bf0bd-520b-4245-80db-dc71b7187bf1,,Đề xuất: Thay thế định kỳ | Hỏng hóc: 0 lần | Tình trạng: Hoạt động bình thường | VTDP: Không | Niên hạn: Không,,,,,2026-07-11 09:50:09.894644+00,2026-08-11 04:37:10.204448+00,0685be75-9b97-433c-ad84-4a00f2f2581c,,e96be350-6615-441a-91f5-53ad976e91b3,TB_MZ50MAN2 Ac quy cap nguon cho modem UHF  Ac quy cap nguon cho modem UHF YUASA   De xuat: Thay the dinh ky | Hong hoc: 0 lan | Tinh trang: Hoat dong binh thuong | VTDP: Khong | Nien han: Khong,"'0':26 'ac':3,10 'binh':32 'cap':5,12 'cho':7,14 'de':18 'dinh':22 'dong':31 'han':37 'hoat':30 'hoc':25 'hong':24 'khong':35,38 'ky':23 'lan':27 'modem':8,15 'mz50man2':2 'nguon':6,13 'nien':36 'quy':4,11 'tb':1 'thay':20 'the':21 'thuong':33 'tinh':28 'trang':29 'uhf':9,16 'vtdp':34 'xuat':19 'yuasa':17",,NP7-12,2023,2023,f59bf0bd-520b-4245-80db-dc71b7187bf1,,,CR,,,,0.200,,,,,,,,,,,,,,,,,,,san_sang,,f024c88e-8702-49c8-a302-15b93f6acb3c,,,,f,TB_N1_AWOS_0198,3656623d-0d77-4460-8c43-16f64e6bb903,{},KHONG,,83,he_thong
16c92118-4032-431f-ac12-11c1003cafce,TB_YBHBFSG2,Ắc quy cấp nguồn cho modem UHF,ae03f513-6763-46f8-913d-91a103966947,NP7-12,Ắc quy cấp nguồn cho modem UHF,YUASA,,5ae20f2b-30dc-409c-95db-68b98b79c94e,d7faf284-1a3a-4e53-9433-8476900a66e7,,,1ce915ed-07e9-4b65-9209-2652ffd9b681,f59bf0bd-520b-4245-80db-dc71b7187bf1,,Đề xuất: Thay thế định kỳ | Hỏng hóc: 0 lần | Tình trạng: Hoạt động bình thường | VTDP: Không | Niên hạn: Không,,,,,2026-07-11 09:50:09.894644+00,2026-08-11 04:37:10.204448+00,0685be75-9b97-433c-ad84-4a00f2f2581c,,e96be350-6615-441a-91f5-53ad976e91b3,TB_YBHBFSG2 Ac quy cap nguon cho modem UHF NP7-12 Ac quy cap nguon cho modem UHF YUASA   De xuat: Thay the dinh ky | Hong hoc: 0 lan | Tinh trang: Hoat dong binh thuong | VTDP: Khong | Nien han: Khong,"'-12':11 '0':28 'ac':3,12 'binh':34 'cap':5,14 'cho':7,16 'de':20 'dinh':24 'dong':33 'han':39 'hoat':32 'hoc':27 'hong':26 'khong':37,40 'ky':25 'lan':29 'modem':8,17 'nguon':6,15 'nien':38 'np7':10 'quy':4,13 'tb':1 'thay':22 'the':23 'thuong':35 'tinh':30 'trang':31 'uhf':9,18 'vtdp':36 'xuat':21 'ybhbfsg2':2 'yuasa':19",,NP7-12,2023,2023,f59bf0bd-520b-4245-80db-dc71b7187bf1,,,CR,,,,0.200,,,,,,,,,,,,,,,,,,,san_sang,,f024c88e-8702-49c8-a302-15b93f6acb3c,,,,f,TB_N1_AWOS_0199,3656623d-0d77-4460-8c43-16f64e6bb903,{},KHONG,,100,he_thong
78546fd0-e135-4e01-9c6e-3b06e365f48f,TB_SW288QDQ,Ắc quy cấp nguồn cho modem UHF,ae03f513-6763-46f8-913d-91a103966947,,Ắc quy cấp nguồn cho modem UHF,YUASA,,5ae20f2b-30dc-409c-95db-68b98b79c94e,d7faf284-1a3a-4e53-9433-8476900a66e7,,,1ce915ed-07e9-4b65-9209-2652ffd9b681,f59bf0bd-520b-4245-80db-dc71b7187bf1,,Đề xuất: Thay thế định kỳ | Hỏng hóc: 0 lần | Tình trạng: Hoạt động bình thường | VTDP: Không | Niên hạn: Không,,,,,2026-07-11 09:50:09.894644+00,2026-08-11 04:37:10.204448+00,0685be75-9b97-433c-ad84-4a00f2f2581c,,e96be350-6615-441a-91f5-53ad976e91b3,TB_SW288QDQ Ac quy cap nguon cho modem UHF  Ac quy cap nguon cho modem UHF YUASA   De xuat: Thay the dinh ky | Hong hoc: 0 lan | Tinh trang: Hoat dong binh thuong | VTDP: Khong | Nien han: Khong,"'0':26 'ac':3,10 'binh':32 'cap':5,12 'cho':7,14 'de':18 'dinh':22 'dong':31 'han':37 'hoat':30 'hoc':25 'hong':24 'khong':35,38 'ky':23 'lan':27 'modem':8,15 'nguon':6,13 'nien':36 'quy':4,11 'sw288qdq':2 'tb':1 'thay':20 'the':21 'thuong':33 'tinh':28 'trang':29 'uhf':9,16 'vtdp':34 'xuat':19 'yuasa':17",,NP7-12,2023,2023,f59bf0bd-520b-4245-80db-dc71b7187bf1,,,CR,,,,0.200,,,,,,,,,,,,,,,,,,,san_sang,,f024c88e-8702-49c8-a302-15b93f6acb3c,,,,f,TB_N1_AWOS_0200,3656623d-0d77-4460-8c43-16f64e6bb903,{},KHONG,,83,he_thong
d75f6c13-5b97-4b72-acfa-a4fff37ebb55,TB_V3A98APY,Ắc quy cấp nguồn cho modem UHF,ae03f513-6763-46f8-913d-91a103966947,,Ắc quy cấp nguồn cho modem UHF,YUASA,,5ae20f2b-30dc-409c-95db-68b98b79c94e,d7faf284-1a3a-4e53-9433-8476900a66e7,,,1ce915ed-07e9-4b65-9209-2652ffd9b681,f59bf0bd-520b-4245-80db-dc71b7187bf1,,Đề xuất: Thay thế định kỳ | Hỏng hóc: 0 lần | Tình trạng: Hoạt động bình thường | VTDP: Không | Niên hạn: Không,,,,,2026-07-11 09:50:09.894644+00,2026-08-11 04:37:10.204448+00,0685be75-9b97-433c-ad84-4a00f2f2581c,,e96be350-6615-441a-91f5-53ad976e91b3,TB_V3A98APY Ac quy cap nguon cho modem UHF  Ac quy cap nguon cho modem UHF YUASA   De xuat: Thay the dinh ky | Hong hoc: 0 lan | Tinh trang: Hoat dong binh thuong | VTDP: Khong | Nien han: Khong,"'0':26 'ac':3,10 'binh':32 'cap':5,12 'cho':7,14 'de':18 'dinh':22 'dong':31 'han':37 'hoat':30 'hoc':25 'hong':24 'khong':35,38 'ky':23 'lan':27 'modem':8,15 'nguon':6,13 'nien':36 'quy':4,11 'tb':1 'thay':20 'the':21 'thuong':33 'tinh':28 'trang':29 'uhf':9,16 'v3a98apy':2 'vtdp':34 'xuat':19 'yuasa':17",,NP7-12,2023,2023,f59bf0bd-520b-4245-80db-dc71b7187bf1,,,CR,,,,0.200,,,,,,,,,,,,,,,,,,,san_sang,,f024c88e-8702-49c8-a302-15b93f6acb3c,,,,f,TB_N1_AWOS_0201,3656623d-0d77-4460-8c43-16f64e6bb903,{},KHONG,,83,he_thong
3ae61d20-df96-4436-93c9-fd58f773a916,TB_84R473ST,Bộ nguồn AC/DC,accf1740-4c18-4b9a-895f-59d85ba593b5,,Bộ nguồn AC/DC,MEAN WELL,,5ae20f2b-30dc-409c-95db-68b98b79c94e,d7faf284-1a3a-4e53-9433-8476900a66e7,,,1ce915ed-07e9-4b65-9209-2652ffd9b681,f59bf0bd-520b-4245-80db-dc71b7187bf1,,Đề xuất: Không | Hỏng hóc: 0 lần | Tình trạng: Hoạt động bình thường | VTDP: Có VTDP trong kho | Niên hạn: Không,,,,,2026-07-11 09:50:09.894644+00,2026-08-11 04:37:10.204448+00,0e8dbaf8-aa3e-4d9d-bab2-99b08381f6f9,,e96be350-6615-441a-91f5-53ad976e91b3,TB_84R473ST Bo nguon AC/DC  Bo nguon AC/DC MEAN WELL   De xuat: Khong | Hong hoc: 0 lan | Tinh trang: Hoat dong binh thuong | VTDP: Co VTDP trong kho | Nien han: Khong,"'0':16 '84r473st':2 'ac/dc':5,8 'binh':22 'bo':3,6 'co':25 'de':11 'dong':21 'han':30 'hoat':20 'hoc':15 'hong':14 'kho':28 'khong':13,31 'lan':17 'mean':9 'nguon':4,7 'nien':29 'tb':1 'thuong':23 'tinh':18 'trang':19 'trong':27 'vtdp':24,26 'well':10 'xuat':12",,,2023,2023,f59bf0bd-520b-4245-80db-dc71b7187bf1,,,CR,,,,0.200,,,,,,,,,,,,,,,,,,,san_sang,,f024c88e-8702-49c8-a302-15b93f6acb3c,,,,f,TB_N1_AWOS_0096,795d37bb-734c-408c-8ea1-206802024510,{},KHONG,,83,he_thong
77b1fa7e-b3a9-44b2-8d50-9aba478b2a4d,TB_CTMCY5W4,Thiết bị Serial to Ethernet,ae03f513-6763-46f8-913d-91a103966947,,Thiết bị Serial to Ethernet,Moxa,,ebc4a136-c5e7-4f7d-abfc-e3ddea655b8c,d7faf284-1a3a-4e53-9433-8476900a66e7,,,1ce915ed-07e9-4b65-9209-2652ffd9b681,46e84da7-5a8b-4a79-aa46-2fb4bae1ff26,P. THIẾT BỊ,"Ra soat 2026-07-11, file nguon: PCA_IMS",,,,,2026-07-11 09:50:09.894644+00,2026-08-11 04:37:10.204448+00,a5454b1e-b677-4fd8-8494-b4c080de867d,,e96be350-6615-441a-91f5-53ad976e91b3,"TB_CTMCY5W4 Thiet bi Serial to Ethernet  Thiet bi Serial to Ethernet Moxa  P. THIET BI Ra soat 2026-07-11, file nguon: PCA_IMS","'-07':20 '-11':21 '2026':19 'bi':4,9,16 'ctmcy5w4':2 'ethernet':7,12 'file':22 'ims':25 'moxa':13 'nguon':23 'p':14 'pca':24 'ra':17 'serial':5,10 'soat':18 'tb':1 'thiet':3,8,15 'to':6,11",AWOS-IMS,NPort 5650-16,,,46e84da7-5a8b-4a79-aa46-2fb4bae1ff26,,Truyền dẫn,PCA,,,,,,,,,,,,,,,,,,,,,,,san_sang,,f024c88e-8702-49c8-a302-15b93f6acb3c,,,,f,TB_PCA_019,9fbd34c3-1044-49fc-b068-864d19584ac9,{},KHONG,,83,he_thong
e7ddf0da-ec3a-4cdb-9506-887fc03925bd,TB_T56ZQZ3W,Thiết bị Fiber to Ethernet,ae03f513-6763-46f8-913d-91a103966947,TBAAB1146131,Thiết bị Fiber to Ethernet,Moxa,,ebc4a136-c5e7-4f7d-abfc-e3ddea655b8c,d7faf284-1a3a-4e53-9433-8476900a66e7,,,1ce915ed-07e9-4b65-9209-2652ffd9b681,46e84da7-5a8b-4a79-aa46-2fb4bae1ff26,P. THIẾT BỊ,"Ra soat 2026-07-11, file nguon: PCA_IMS",,,,,2026-07-11 09:50:09.894644+00,2026-08-11 04:37:10.204448+00,a5454b1e-b677-4fd8-8494-b4c080de867d,,e96be350-6615-441a-91f5-53ad976e91b3,"TB_T56ZQZ3W Thiet bi Fiber to Ethernet TBAAB1146131 Thiet bi Fiber to Ethernet Moxa  P. THIET BI Ra soat 2026-07-11, file nguon: PCA_IMS","'-07':21 '-11':22 '2026':20 'bi':4,10,17 'ethernet':7,13 'fiber':5,11 'file':23 'ims':26 'moxa':14 'nguon':24 'p':15 'pca':25 'ra':18 'soat':19 't56zqz3w':2 'tb':1 'tbaab1146131':8 'thiet':3,9,16 'to':6,12",AWOS-IMS,TRC-190-AC,,,46e84da7-5a8b-4a79-aa46-2fb4bae1ff26,,Truyền dẫn,PCA,,,,,,,,,,,,,,,,,,,,,,,san_sang,,f024c88e-8702-49c8-a302-15b93f6acb3c,,,,f,TB_PCA_022,a728fe46-4b1d-4df6-9def-9b30d4ffef8c,{},KHONG,,100,he_thong
c776b48f-5af8-4821-b137-92f6f650c6d7,TB_361M50YH,Converter Serial to Fiber (X3),ae03f513-6763-46f8-913d-91a103966947,,Media Converter,Moxa,,ebc4a136-c5e7-4f7d-abfc-e3ddea655b8c,d7faf284-1a3a-4e53-9433-8476900a66e7,,,1ce915ed-07e9-4b65-9209-2652ffd9b681,46e84da7-5a8b-4a79-aa46-2fb4bae1ff26,QUANG-15,"Ra soat 2026-07-11, file nguon: PCA_IMS",,,,,2026-07-11 09:50:09.894644+00,2026-08-11 04:37:10.204448+00,a5454b1e-b677-4fd8-8494-b4c080de867d,,e96be350-6615-441a-91f5-53ad976e91b3,"TB_361M50YH Converter Serial to Fiber (X3)  Media Converter Moxa  QUANG-15 Ra soat 2026-07-11, file nguon: PCA_IMS","'-07':16 '-11':17 '-15':12 '2026':15 '361m50yh':2 'converter':3,9 'fiber':6 'file':18 'ims':21 'media':8 'moxa':10 'nguon':19 'pca':20 'quang':11 'ra':13 'serial':4 'soat':14 'tb':1 'to':5 'x3':7",AWOS-IMS,TCF-142-S,,,46e84da7-5a8b-4a79-aa46-2fb4bae1ff26,,Truyền dẫn,PCA,,,,,,,,,,,,,,,,,,,,,,,san_sang,,f024c88e-8702-49c8-a302-15b93f6acb3c,,,,f,TB_PCA_063,59726500-96ec-4bb6-b155-aa865356f1c5,{},KHONG,,83,he_thong
b3dbbd88-e2ff-413f-ba1f-ef24d4f5a6d2,TB_A07TFSBJ,Thiết bị Serial to Ethernet,ae03f513-6763-46f8-913d-91a103966947,,Converter Nport IA5250,Moxa,,ebc4a136-c5e7-4f7d-abfc-e3ddea655b8c,d7faf284-1a3a-4e53-9433-8476900a66e7,,,1ce915ed-07e9-4b65-9209-2652ffd9b681,46e84da7-5a8b-4a79-aa46-2fb4bae1ff26,P. THIẾT BỊ,"Ra soat 2026-07-11, file nguon: PCA_IMS",,,,,2026-07-11 09:50:09.894644+00,2026-08-11 04:37:10.204448+00,a5454b1e-b677-4fd8-8494-b4c080de867d,,e96be350-6615-441a-91f5-53ad976e91b3,"TB_A07TFSBJ Thiet bi Serial to Ethernet  Converter Nport IA5250 Moxa  P. THIET BI Ra soat 2026-07-11, file nguon: PCA_IMS","'-07':18 '-11':19 '2026':17 'a07tfsbj':2 'bi':4,14 'converter':8 'ethernet':7 'file':20 'ia5250':10 'ims':23 'moxa':11 'nguon':21 'nport':9 'p':12 'pca':22 'ra':15 'serial':5 'soat':16 'tb':1 'thiet':3,13 'to':6",AWOS-IMS,IA5250,,,46e84da7-5a8b-4a79-aa46-2fb4bae1ff26,,Truyền dẫn,PCA,,,,,,,,,,,,,,,,,,,,,,,san_sang,,f024c88e-8702-49c8-a302-15b93f6acb3c,,,,f,TB_PCA_023,a16ee536-405c-41aa-8c3e-e2a64c300364,{},KHONG,,83,he_thong
3224e225-2b80-4578-b1b2-954639e745f0,TB_K63QNPYQ,Thiết bị Serial to Ethernet,ae03f513-6763-46f8-913d-91a103966947,,Converter Nport IA5250,Moxa,,ebc4a136-c5e7-4f7d-abfc-e3ddea655b8c,d7faf284-1a3a-4e53-9433-8476900a66e7,,,1ce915ed-07e9-4b65-9209-2652ffd9b681,46e84da7-5a8b-4a79-aa46-2fb4bae1ff26,P. THIẾT BỊ,"Ra soat 2026-07-11, file nguon: PCA_IMS",,,,,2026-07-11 09:50:09.894644+00,2026-08-11 04:37:10.204448+00,a5454b1e-b677-4fd8-8494-b4c080de867d,,e96be350-6615-441a-91f5-53ad976e91b3,"TB_K63QNPYQ Thiet bi Serial to Ethernet  Converter Nport IA5250 Moxa  P. THIET BI Ra soat 2026-07-11, file nguon: PCA_IMS","'-07':18 '-11':19 '2026':17 'bi':4,14 'converter':8 'ethernet':7 'file':20 'ia5250':10 'ims':23 'k63qnpyq':2 'moxa':11 'nguon':21 'nport':9 'p':12 'pca':22 'ra':15 'serial':5 'soat':16 'tb':1 'thiet':3,13 'to':6",AWOS-IMS,IA5250,,,46e84da7-5a8b-4a79-aa46-2fb4bae1ff26,,Truyền dẫn,PCA,,,,,,,,,,,,,,,,,,,,,,,san_sang,,f024c88e-8702-49c8-a302-15b93f6acb3c,,,,f,TB_PCA_024,a16ee536-405c-41aa-8c3e-e2a64c300364,{},KHONG,,83,he_thong
a5579100-1466-446e-b00a-3211348480a1,TB_PVTTNH1Y,Media Converter,ae03f513-6763-46f8-913d-91a103966947,,Media Converter,Moxa,,ce27df84-7054-4032-bfe7-efdb0bd119f4,d7faf284-1a3a-4e53-9433-8476900a66e7,,,1ce915ed-07e9-4b65-9209-2652ffd9b681,581d9350-905f-46da-b45e-c2d8aba4d868,09,"Ra soat 2026-07-11, file nguon: PBA_AWOS900",,,,,2026-07-11 09:50:09.894644+00,2026-08-11 04:37:10.204448+00,a5454b1e-b677-4fd8-8494-b4c080de867d,,e96be350-6615-441a-91f5-53ad976e91b3,"TB_PVTTNH1Y Media Converter  Media Converter Moxa  09 Ra soat 2026-07-11, file nguon: PBA_AWOS900","'-07':12 '-11':13 '09':8 '2026':11 'awos900':17 'converter':4,6 'file':14 'media':3,5 'moxa':7 'nguon':15 'pba':16 'pvttnh1y':2 'ra':9 'soat':10 'tb':1",AWOS-900,TCF-142-S,,,581d9350-905f-46da-b45e-c2d8aba4d868,,Truyền dẫn,PBA,,,,,,,,,,,,,,,,,,,,,,,san_sang,,f024c88e-8702-49c8-a302-15b93f6acb3c,,,,f,TB_PBA_013,59726500-96ec-4bb6-b155-aa865356f1c5,{},KHONG,,83,he_thong
67a63b9f-0156-471b-a382-65fa94b628a0,TB_RN2B04TB,Media Converter,ae03f513-6763-46f8-913d-91a103966947,,Media Converter,Moxa,,ce27df84-7054-4032-bfe7-efdb0bd119f4,d7faf284-1a3a-4e53-9433-8476900a66e7,,,1ce915ed-07e9-4b65-9209-2652ffd9b681,581d9350-905f-46da-b45e-c2d8aba4d868,27,"Ra soat 2026-07-11, file nguon: PBA_AWOS900",,,,,2026-07-11 09:50:09.894644+00,2026-08-11 04:37:10.204448+00,a5454b1e-b677-4fd8-8494-b4c080de867d,,e96be350-6615-441a-91f5-53ad976e91b3,"TB_RN2B04TB Media Converter  Media Converter Moxa  27 Ra soat 2026-07-11, file nguon: PBA_AWOS900","'-07':12 '-11':13 '2026':11 '27':8 'awos900':17 'converter':4,6 'file':14 'media':3,5 'moxa':7 'nguon':15 'pba':16 'ra':9 'rn2b04tb':2 'soat':10 'tb':1",AWOS-900,TCF-142-S,,,581d9350-905f-46da-b45e-c2d8aba4d868,,Truyền dẫn,PBA,,,,,,,,,,,,,,,,,,,,,,,san_sang,,f024c88e-8702-49c8-a302-15b93f6acb3c,,,,f,TB_PBA_014,59726500-96ec-4bb6-b155-aa865356f1c5,{},KHONG,,83,he_thong
5cbee390-3299-400f-b211-dd29bda509c8,TB_VBMEBSG7,Thiết bị chuyển mạch quang,ae03f513-6763-46f8-913d-91a103966947,TBCGB1004636,Thiết bị chuyển mạch quang,Moxa,,7f40beb2-5d47-4f4a-b7df-35cd1cca56ae,d7faf284-1a3a-4e53-9433-8476900a66e7,,,1ce915ed-07e9-4b65-9209-2652ffd9b681,e43c5d4b-3c3c-4486-89da-73e9ac747ab4,Trạm trần mây 03,"Ra soat 2026-07-11, file nguon: THA_DAW21",,,,,2026-07-11 09:50:09.894644+00,2026-08-11 04:37:10.204448+00,a5454b1e-b677-4fd8-8494-b4c080de867d,,e96be350-6615-441a-91f5-53ad976e91b3,"TB_VBMEBSG7 Thiet bi chuyen mach quang TBCGB1004636 Thiet bi chuyen mach quang Moxa  Tram tran may 03 Ra soat 2026-07-11, file nguon: THA_DAW21","'-07':22 '-11':23 '03':18 '2026':21 'bi':4,10 'chuyen':5,11 'daw21':27 'file':24 'mach':6,12 'may':17 'moxa':14 'nguon':25 'quang':7,13 'ra':19 'soat':20 'tb':1 'tbcgb1004636':8 'tha':26 'thiet':3,9 'tram':15 'tran':16 'vbmebsg7':2",AWOS D-AW21,EDS-205A-S-SC,,,e43c5d4b-3c3c-4486-89da-73e9ac747ab4,,Truyền dẫn,THA,,,,,,,,,,,,,,,,,,,,,,,san_sang,,f024c88e-8702-49c8-a302-15b93f6acb3c,,,,f,TB_THA_014,0c8f877e-25cd-4ced-9058-0ccbae7ad803,{},KHONG,,100,he_thong
ebede61b-c073-4c93-97bf-b14bf90231ad,TB_CR8ST1AT,Thiết bị chuyển đổi Serial/Ethernet,ae03f513-6763-46f8-913d-91a103966947,TBCAB1110834,Thiết bị chuyển đổi Serial/Ethernet,Moxa,,7f40beb2-5d47-4f4a-b7df-35cd1cca56ae,d7faf284-1a3a-4e53-9433-8476900a66e7,,,1ce915ed-07e9-4b65-9209-2652ffd9b681,e43c5d4b-3c3c-4486-89da-73e9ac747ab4,Trạm trần mây 03,"Ra soat 2026-07-11, file nguon: THA_DAW21",,,,,2026-07-11 09:50:09.894644+00,2026-08-11 04:37:10.204448+00,a5454b1e-b677-4fd8-8494-b4c080de867d,,e96be350-6615-441a-91f5-53ad976e91b3,"TB_CR8ST1AT Thiet bi chuyen doi Serial/Ethernet TBCAB1110834 Thiet bi chuyen doi Serial/Ethernet Moxa  Tram tran may 03 Ra soat 2026-07-11, file nguon: THA_DAW21","'-07':22 '-11':23 '03':18 '2026':21 'bi':4,10 'chuyen':5,11 'cr8st1at':2 'daw21':27 'doi':6,12 'file':24 'may':17 'moxa':14 'nguon':25 'ra':19 'serial/ethernet':7,13 'soat':20 'tb':1 'tbcab1110834':8 'tha':26 'thiet':3,9 'tram':15 'tran':16",AWOS D-AW21,NPort 5210-T,,,e43c5d4b-3c3c-4486-89da-73e9ac747ab4,,Truyền dẫn,THA,,,,,,,,,,,,,,,,,,,,,,,san_sang,,f024c88e-8702-49c8-a302-15b93f6acb3c,,,,f,TB_THA_015,63b7f44d-333f-4dcb-b51f-76a1fe2941c6,{},KHONG,,100,he_thong
c6446da7-014b-4413-bf1e-c1f402a25b50,TB_CTG45A4A,Thiết bị chuyển đổi Serial/Ethernet,ae03f513-6763-46f8-913d-91a103966947,TBCAB1110604,Thiết bị chuyển đổi Serial/Ethernet,Moxa,,7f40beb2-5d47-4f4a-b7df-35cd1cca56ae,d7faf284-1a3a-4e53-9433-8476900a66e7,,,1ce915ed-07e9-4b65-9209-2652ffd9b681,e43c5d4b-3c3c-4486-89da-73e9ac747ab4,Trạm trần mây 21,"Ra soat 2026-07-11, file nguon: THA_DAW21",,,,,2026-07-11 09:50:09.894644+00,2026-08-11 04:37:10.204448+00,a5454b1e-b677-4fd8-8494-b4c080de867d,,e96be350-6615-441a-91f5-53ad976e91b3,"TB_CTG45A4A Thiet bi chuyen doi Serial/Ethernet TBCAB1110604 Thiet bi chuyen doi Serial/Ethernet Moxa  Tram tran may 21 Ra soat 2026-07-11, file nguon: THA_DAW21","'-07':22 '-11':23 '2026':21 '21':18 'bi':4,10 'chuyen':5,11 'ctg45a4a':2 'daw21':27 'doi':6,12 'file':24 'may':17 'moxa':14 'nguon':25 'ra':19 'serial/ethernet':7,13 'soat':20 'tb':1 'tbcab1110604':8 'tha':26 'thiet':3,9 'tram':15 'tran':16",AWOS D-AW21,NPort 5210-T,,,e43c5d4b-3c3c-4486-89da-73e9ac747ab4,,Truyền dẫn,THA,,,,,,,,,,,,,,,,,,,,,,,san_sang,,f024c88e-8702-49c8-a302-15b93f6acb3c,,,,f,TB_THA_053,63b7f44d-333f-4dcb-b51f-76a1fe2941c6,{},KHONG,,100,he_thong
0b3a9735-e0ec-4c8a-8e4a-b6f33694a270,TB_3ZTH07VM,Thiết bị chuyển mạch quang,ae03f513-6763-46f8-913d-91a103966947,"TBCGB1095871,TBCGB1095708,TBCGB1095870,TBCGB1095951,TBCGB1095689,TBCGB1096022,TBCGB1004973,
TBCGB1004917,TBCFB1078530,TBCGB1095691, TBCGB1095710,TBCGB1095732",Thiết bị chuyển mạch quang,Moxa,,7f40beb2-5d47-4f4a-b7df-35cd1cca56ae,d7faf284-1a3a-4e53-9433-8476900a66e7,,,1ce915ed-07e9-4b65-9209-2652ffd9b681,e43c5d4b-3c3c-4486-89da-73e9ac747ab4,PTB Đài KSKL TUY HÒA,"Ra soat 2026-07-11, file nguon: THA_DAW21",,,,,2026-07-11 09:50:09.894644+00,2026-08-11 04:37:10.204448+00,a5454b1e-b677-4fd8-8494-b4c080de867d,,e96be350-6615-441a-91f5-53ad976e91b3,"TB_3ZTH07VM Thiet bi chuyen mach quang TBCGB1095871,TBCGB1095708,TBCGB1095870,TBCGB1095951,TBCGB1095689,TBCGB1096022,TBCGB1004973,
TBCGB1004917,TBCFB1078530,TBCGB1095691, TBCGB1095710,TBCGB1095732 Thiet bi chuyen mach quang Moxa  PTB Dai KSKL TUY HOA Ra soat 2026-07-11, file nguon: THA_DAW21","'-07':34 '-11':35 '2026':33 '3zth07vm':2 'bi':4,21 'chuyen':5,22 'dai':27 'daw21':39 'file':36 'hoa':30 'kskl':28 'mach':6,23 'moxa':25 'nguon':37 'ptb':26 'quang':7,24 'ra':31 'soat':32 'tb':1 'tbcfb1078530':16 'tbcgb1004917':15 'tbcgb1004973':14 'tbcgb1095689':12 'tbcgb1095691':17 'tbcgb1095708':9 'tbcgb1095710':18 'tbcgb1095732':19 'tbcgb1095870':10 'tbcgb1095871':8 'tbcgb1095951':11 'tbcgb1096022':13 'tha':38 'thiet':3,20 'tuy':29",AWOS D-AW21,EDS-205A-S-SC,,,e43c5d4b-3c3c-4486-89da-73e9ac747ab4,,Truyền dẫn,THA,,,,,,,,,,,,,,,,,,,,,,,san_sang,,f024c88e-8702-49c8-a302-15b93f6acb3c,,,,f,TB_THA_064,0c8f877e-25cd-4ced-9058-0ccbae7ad803,{},KHONG,,100,he_thong
745a1d3f-11f1-48be-9723-534566caa5c0,TB_GT873N2H,Thiết bị chuyển mạch quang,ae03f513-6763-46f8-913d-91a103966947,"TBCGB1095707, TBCFB1078575, TBCGB1095662, TBCGB1004861, TBCGB1078615, TBCGB1095645, TBCGB1004701, TBCGB1004687, TBCGB1095669",Thiết bị chuyển mạch quang,Moxa,,7f40beb2-5d47-4f4a-b7df-35cd1cca56ae,d7faf284-1a3a-4e53-9433-8476900a66e7,,,1ce915ed-07e9-4b65-9209-2652ffd9b681,e43c5d4b-3c3c-4486-89da-73e9ac747ab4,Kho VTDP -  Đài KSKL TUY HÒA,"Ra soat 2026-07-11, file nguon: THA_DAW21",,,,,2026-07-11 09:50:09.894644+00,2026-08-11 04:37:10.204448+00,a5454b1e-b677-4fd8-8494-b4c080de867d,,e96be350-6615-441a-91f5-53ad976e91b3,"TB_GT873N2H Thiet bi chuyen mach quang TBCGB1095707, TBCFB1078575, TBCGB1095662, TBCGB1004861, TBCGB1078615, TBCGB1095645, TBCGB1004701, TBCGB1004687, TBCGB1095669 Thiet bi chuyen mach quang Moxa  Kho VTDP -  Dai KSKL TUY HOA Ra soat 2026-07-11, file nguon: THA_DAW21","'-07':32 '-11':33 '2026':31 'bi':4,18 'chuyen':5,19 'dai':25 'daw21':37 'file':34 'gt873n2h':2 'hoa':28 'kho':23 'kskl':26 'mach':6,20 'moxa':22 'nguon':35 'quang':7,21 'ra':29 'soat':30 'tb':1 'tbcfb1078575':9 'tbcgb1004687':15 'tbcgb1004701':14 'tbcgb1004861':11 'tbcgb1078615':12 'tbcgb1095645':13 'tbcgb1095662':10 'tbcgb1095669':16 'tbcgb1095707':8 'tha':36 'thiet':3,17 'tuy':27 'vtdp':24",AWOS D-AW21,EDS-205A-S-SC,,,e43c5d4b-3c3c-4486-89da-73e9ac747ab4,,Truyền dẫn,THA,,,,,,,,,,,,,,,,,,,,,,,san_sang,,f024c88e-8702-49c8-a302-15b93f6acb3c,,,,f,TB_THA_089,0c8f877e-25cd-4ced-9058-0ccbae7ad803,{},KHONG,,100,he_thong
582f0910-3810-467a-baab-f0c9bd5f6e65,TB_DXAKE8VY,Switch tích hợp cổng quang,ae03f513-6763-46f8-913d-91a103966947,,Switch tích hợp cổng quang,Moxa,,a0625061-0c6d-4e0b-b438-d696787ad746,d7faf284-1a3a-4e53-9433-8476900a66e7,,,1ce915ed-07e9-4b65-9209-2652ffd9b681,65ac5e26-b0a7-487e-a72d-3f0dfc3facc2,Trạm MID,"Ra soat 2026-07-11, file nguon: BDKT_OPTIMET",,,,,2026-07-11 09:50:09.894644+00,2026-08-11 04:37:10.204448+00,a5454b1e-b677-4fd8-8494-b4c080de867d,,e96be350-6615-441a-91f5-53ad976e91b3,"TB_DXAKE8VY Switch tich hop cong quang  Switch tich hop cong quang Moxa  Tram MID Ra soat 2026-07-11, file nguon: BDKT_OPTIMET","'-07':19 '-11':20 '2026':18 'bdkt':23 'cong':6,11 'dxake8vy':2 'file':21 'hop':5,10 'mid':15 'moxa':13 'nguon':22 'optimet':24 'quang':7,12 'ra':16 'soat':17 'switch':3,8 'tb':1 'tich':4,9 'tram':14",Optimet,EDS-208A,,,65ac5e26-b0a7-487e-a72d-3f0dfc3facc2,,Truyền dẫn,BDKT-KTKT,,,,,,,,,,,,,,,,,,,,,,,san_sang,,f024c88e-8702-49c8-a302-15b93f6acb3c,,,,f,TB_BDKT_KTKT_020,9fc5b9f4-c81a-4994-b98c-570785b37e5a,{},KHONG,,83,he_thong
e6049565-1c16-4860-8fe6-e7fad4e62885,TB_46PZWYN7,Switch Cisco 2960 VLAN quang,ae03f513-6763-46f8-913d-91a103966947,,Switch Cisco 2960 VLAN quang,CISCO,,5ae20f2b-30dc-409c-95db-68b98b79c94e,d7faf284-1a3a-4e53-9433-8476900a66e7,,,1ce915ed-07e9-4b65-9209-2652ffd9b681,f59bf0bd-520b-4245-80db-dc71b7187bf1,,Đề xuất: Không | Hỏng hóc: 0 lần | Tình trạng: Hoạt động bình thường | VTDP: Có dự phòng trong kho | Niên hạn: Không,,,,,2026-07-11 09:50:09.894644+00,2026-08-11 04:37:10.204448+00,ce41dcc3-9d54-4a7b-99fd-5a4a97a95447,,e96be350-6615-441a-91f5-53ad976e91b3,TB_46PZWYN7 Switch Cisco 2960 VLAN quang  Switch Cisco 2960 VLAN quang CISCO   De xuat: Khong | Hong hoc: 0 lan | Tinh trang: Hoat dong binh thuong | VTDP: Co du phong trong kho | Nien han: Khong,"'0':19 '2960':5,10 '46pzwyn7':2 'binh':25 'cisco':4,9,13 'co':28 'de':14 'dong':24 'du':29 'han':34 'hoat':23 'hoc':18 'hong':17 'kho':32 'khong':16,35 'lan':20 'nien':33 'phong':30 'quang':7,12 'switch':3,8 'tb':1 'thuong':26 'tinh':21 'trang':22 'trong':31 'vlan':6,11 'vtdp':27 'xuat':15",,WS-C2960,2018,2018,f59bf0bd-520b-4245-80db-dc71b7187bf1,,,CR,,,,0.533,,,,,,,,,,,,,,,,,,,san_sang,,f024c88e-8702-49c8-a302-15b93f6acb3c,,,,f,TB_N1_AWOS_0176,b3efdb84-1e7d-4b78-870b-58487514dae3,{},KHONG,,83,he_thong
4228e3d3-2daa-44d0-bcb1-4b1ff5377c80,TB_4Z042115,Cảm biến gió,98c88d39-bf0f-43c7-83a2-ca5d266ba54f,07230071,Cảm biến đo hướng và tốc độ gió,Thies Clima,,7f40beb2-5d47-4f4a-b7df-35cd1cca56ae,d7faf284-1a3a-4e53-9433-8476900a66e7,,,1ce915ed-07e9-4b65-9209-2652ffd9b681,e43c5d4b-3c3c-4486-89da-73e9ac747ab4,Trạm 03,"Ra soat 2026-07-11, file nguon: THA_DAW21",,,,,2026-07-11 09:50:09.894644+00,2026-08-11 04:37:10.204448+00,f0c86184-a2a8-4ba2-b3e2-87283fbcf190,,e96be350-6615-441a-91f5-53ad976e91b3,"TB_4Z042115 Cam bien gio 07230071 Cam bien do huong va toc do gio Thies Clima  Tram 03 Ra soat 2026-07-11, file nguon: THA_DAW21","'-07':22 '-11':23 '03':18 '07230071':6 '2026':21 '4z042115':2 'bien':4,8 'cam':3,7 'clima':16 'daw21':27 'do':9,13 'file':24 'gio':5,14 'huong':10 'nguon':25 'ra':19 'soat':20 'tb':1 'tha':26 'thies':15 'toc':12 'tram':17 'va':11",AWOS D-AW21,4.3820.00.300,,,e43c5d4b-3c3c-4486-89da-73e9ac747ab4,,Cảm biến,THA,,,,,,,,,,,,,,,,,,,,,,,san_sang,,f024c88e-8702-49c8-a302-15b93f6acb3c,,,,f,TB_THA_001,8aaa9362-24cd-4fe3-a9dd-81b685697f6c,{},KHONG,,100,he_thong
c1e299f7-89f5-40ac-a0b7-e4c7f9c41a0f,TB_71SY4QK8,Switch Cisco 2960 VLAN quang,ae03f513-6763-46f8-913d-91a103966947,WS-C2960+24LC-S,Switch Cisco 2960 VLAN quang,CISCO,,5ae20f2b-30dc-409c-95db-68b98b79c94e,d7faf284-1a3a-4e53-9433-8476900a66e7,,,1ce915ed-07e9-4b65-9209-2652ffd9b681,f59bf0bd-520b-4245-80db-dc71b7187bf1,,Đề xuất: Không | Hỏng hóc: 0 lần | Tình trạng: Hoạt động bình thường | VTDP: Có dự phòng trong kho | Niên hạn: Không,,,,,2026-07-11 09:50:09.894644+00,2026-08-11 04:37:10.204448+00,ce41dcc3-9d54-4a7b-99fd-5a4a97a95447,,e96be350-6615-441a-91f5-53ad976e91b3,TB_71SY4QK8 Switch Cisco 2960 VLAN quang WS-C2960+24LC-S Switch Cisco 2960 VLAN quang CISCO   De xuat: Khong | Hong hoc: 0 lan | Tinh trang: Hoat dong binh thuong | VTDP: Co du phong trong kho | Nien han: Khong,"'+24':11 '0':26 '2960':5,17 '71sy4qk8':2 'binh':32 'c2960':10 'cisco':4,16,20 'co':35 'de':21 'dong':31 'du':36 'han':41 'hoat':30 'hoc':25 'hong':24 'kho':39 'khong':23,42 'lan':27 'lc':13 'lc-s':12 'nien':40 'phong':37 'quang':7,19 's':14 'switch':3,15 'tb':1 'thuong':33 'tinh':28 'trang':29 'trong':38 'vlan':6,18 'vtdp':34 'ws':9 'ws-c2960':8 'xuat':22",,WS-C2960,2018,2018,f59bf0bd-520b-4245-80db-dc71b7187bf1,,,CR,,,,0.533,,,,,,,,,,,,,,,,,,,san_sang,,f024c88e-8702-49c8-a302-15b93f6acb3c,,,,f,TB_N1_AWOS_0177,b3efdb84-1e7d-4b78-870b-58487514dae3,{},KHONG,,100,he_thong
5f653b6e-aa7e-4ea4-969a-71d2e7cd5dfe,TB_8M0SQ0J3,Cảm biến tầm nhìn,98c88d39-bf0f-43c7-83a2-ca5d266ba54f,J15318-03,Cảm biến tầm nhìn,Biral,,7f40beb2-5d47-4f4a-b7df-35cd1cca56ae,d7faf284-1a3a-4e53-9433-8476900a66e7,,,1ce915ed-07e9-4b65-9209-2652ffd9b681,e43c5d4b-3c3c-4486-89da-73e9ac747ab4,Trạm 03,"Ra soat 2026-07-11, file nguon: THA_DAW21",,,,,2026-07-11 09:50:09.894644+00,2026-08-11 04:37:10.204448+00,b7f4a9b7-d8ca-434b-b11c-5e4a13a35ad1,,e96be350-6615-441a-91f5-53ad976e91b3,"TB_8M0SQ0J3 Cam bien tam nhin J15318-03 Cam bien tam nhin Biral  Tram 03 Ra soat 2026-07-11, file nguon: THA_DAW21","'-03':8 '-07':19 '-11':20 '03':15 '2026':18 '8m0sq0j3':2 'bien':4,10 'biral':13 'cam':3,9 'daw21':24 'file':21 'j15318':7 'nguon':22 'nhin':6,12 'ra':16 'soat':17 'tam':5,11 'tb':1 'tha':23 'tram':14",AWOS D-AW21,SWS-050,,,e43c5d4b-3c3c-4486-89da-73e9ac747ab4,,Cảm biến,THA,,,,,,,,,,,,,,,,,,,,,,,san_sang,,f024c88e-8702-49c8-a302-15b93f6acb3c,,,,f,TB_THA_002,d7e4f72d-118f-42ad-ac6c-2aaaacd3076e,{},KHONG,,100,he_thong
d8f99343-e4ed-4301-9d7d-3e23260f42ce,TB_GKESSF96,Cảm biến đo ánh sáng nền,98c88d39-bf0f-43c7-83a2-ca5d266ba54f,J15359-01,Cảm biến đo ánh sáng nền,Biral,,7f40beb2-5d47-4f4a-b7df-35cd1cca56ae,d7faf284-1a3a-4e53-9433-8476900a66e7,,,1ce915ed-07e9-4b65-9209-2652ffd9b681,e43c5d4b-3c3c-4486-89da-73e9ac747ab4,Trạm 03,"Ra soat 2026-07-11, file nguon: THA_DAW21",,,,,2026-07-11 09:50:09.894644+00,2026-08-11 04:37:10.204448+00,b7f4a9b7-d8ca-434b-b11c-5e4a13a35ad1,,e96be350-6615-441a-91f5-53ad976e91b3,"TB_GKESSF96 Cam bien do anh sang nen J15359-01 Cam bien do anh sang nen Biral  Tram 03 Ra soat 2026-07-11, file nguon: THA_DAW21","'-01':10 '-07':23 '-11':24 '03':19 '2026':22 'anh':6,14 'bien':4,12 'biral':17 'cam':3,11 'daw21':28 'do':5,13 'file':25 'gkessf96':2 'j15359':9 'nen':8,16 'nguon':26 'ra':20 'sang':7,15 'soat':21 'tb':1 'tha':27 'tram':18",AWOS D-AW21,ALS-2,,,e43c5d4b-3c3c-4486-89da-73e9ac747ab4,,Cảm biến,THA,,,,,,,,,,,,,,,,,,,,,,,san_sang,,f024c88e-8702-49c8-a302-15b93f6acb3c,,,,f,TB_THA_003,5b400d04-826b-4049-a257-df1f3c61c619,{},KHONG,,100,he_thong
61014244-4bab-4a06-8a45-dd062a1a3c09,TB_S0Y7CXEC,Thiết bị chuyển mạch quang,ae03f513-6763-46f8-913d-91a103966947,"Tủ dataloger: TBCGB1004847
Tủ thiết bị 03: TBCGB1004603",Thiết bị chuyển mạch quang,Moxa,,7f40beb2-5d47-4f4a-b7df-35cd1cca56ae,d7faf284-1a3a-4e53-9433-8476900a66e7,,,1ce915ed-07e9-4b65-9209-2652ffd9b681,e43c5d4b-3c3c-4486-89da-73e9ac747ab4,Trạm 03,"Ra soat 2026-07-11, file nguon: THA_DAW21",,,,,2026-07-11 09:50:09.894644+00,2026-08-11 04:37:10.204448+00,a5454b1e-b677-4fd8-8494-b4c080de867d,,e96be350-6615-441a-91f5-53ad976e91b3,"TB_S0Y7CXEC Thiet bi chuyen mach quang Tu dataloger: TBCGB1004847
Tu thiet bi 03: TBCGB1004603 Thiet bi chuyen mach quang Moxa  Tram 03 Ra soat 2026-07-11, file nguon: THA_DAW21","'-07':27 '-11':28 '03':14,23 '2026':26 'bi':4,13,17 'chuyen':5,18 'dataloger':9 'daw21':32 'file':29 'mach':6,19 'moxa':21 'nguon':30 'quang':7,20 'ra':24 's0y7cxec':2 'soat':25 'tb':1 'tbcgb1004603':15 'tbcgb1004847':10 'tha':31 'thiet':3,12,16 'tram':22 'tu':8,11",AWOS D-AW21,EDS-205A-S-SC,,,e43c5d4b-3c3c-4486-89da-73e9ac747ab4,,Truyền dẫn,THA,,,,,,,,,,,,,,,,,,,,,,,san_sang,,f024c88e-8702-49c8-a302-15b93f6acb3c,,,,f,TB_THA_004,0c8f877e-25cd-4ced-9058-0ccbae7ad803,{},KHONG,,100,he_thong
05716f22-3fb0-4466-a625-a6f49b8de791,TB_Z9ARPKVJ,Switch Cisco 3650 VLAN UHF,ae03f513-6763-46f8-913d-91a103966947,WS-C3650-24TS-S,Switch Cisco 3650 VLAN UHF,CISCO,,5ae20f2b-30dc-409c-95db-68b98b79c94e,d7faf284-1a3a-4e53-9433-8476900a66e7,,,1ce915ed-07e9-4b65-9209-2652ffd9b681,f59bf0bd-520b-4245-80db-dc71b7187bf1,,Đề xuất: Không | Hỏng hóc: 0 lần | Tình trạng: Hoạt động bình thường | VTDP: Có dự phòng trong kho | Niên hạn: Không,,,,,2026-07-11 09:50:09.894644+00,2026-08-11 04:37:10.204448+00,ce41dcc3-9d54-4a7b-99fd-5a4a97a95447,,e96be350-6615-441a-91f5-53ad976e91b3,TB_Z9ARPKVJ Switch Cisco 3650 VLAN UHF WS-C3650-24TS-S Switch Cisco 3650 VLAN UHF CISCO   De xuat: Khong | Hong hoc: 0 lan | Tinh trang: Hoat dong binh thuong | VTDP: Co du phong trong kho | Nien han: Khong,"'0':24 '24ts':11 '3650':5,15 'binh':30 'c3650':10 'cisco':4,14,18 'co':33 'de':19 'dong':29 'du':34 'han':39 'hoat':28 'hoc':23 'hong':22 'kho':37 'khong':21,40 'lan':25 'nien':38 'phong':35 's':12 'switch':3,13 'tb':1 'thuong':31 'tinh':26 'trang':27 'trong':36 'uhf':7,17 'vlan':6,16 'vtdp':32 'ws':9 'ws-c3650-24ts-s':8 'xuat':20 'z9arpkvj':2",,,2023,2023,f59bf0bd-520b-4245-80db-dc71b7187bf1,,,CR,,,,0.200,,,,,,,,,,,,,,,,,,,san_sang,,f024c88e-8702-49c8-a302-15b93f6acb3c,,,,f,TB_N1_AWOS_0178,352c73a8-1161-4d8d-9881-9295bc3ad82d,{},KHONG,,100,he_thong
0306db81-2733-49e1-a0f6-79f0faebecf2,TB_WGQ77AGH,Thiết bị thu phát vô tuyến,ae03f513-6763-46f8-913d-91a103966947,2204707244,Thiết bị thu phát vô tuyến,RACOM,,7f40beb2-5d47-4f4a-b7df-35cd1cca56ae,d7faf284-1a3a-4e53-9433-8476900a66e7,,,1ce915ed-07e9-4b65-9209-2652ffd9b681,e43c5d4b-3c3c-4486-89da-73e9ac747ab4,Trạm 03,"Ra soat 2026-07-11, file nguon: THA_DAW21",,,,,2026-07-11 09:50:09.894644+00,2026-08-11 04:37:10.204448+00,ca029628-203c-4008-b4bc-89b0746a39c6,,e96be350-6615-441a-91f5-53ad976e91b3,"TB_WGQ77AGH Thiet bi thu phat vo tuyen 2204707244 Thiet bi thu phat vo tuyen RACOM  Tram 03 Ra soat 2026-07-11, file nguon: THA_DAW21","'-07':22 '-11':23 '03':18 '2026':21 '2204707244':9 'bi':4,11 'daw21':27 'file':24 'nguon':25 'phat':6,13 'ra':19 'racom':16 'soat':20 'tb':1 'tha':26 'thiet':3,10 'thu':5,12 'tram':17 'tuyen':8,15 'vo':7,14 'wgq77agh':2",AWOS D-AW21,RipEX2-4A,,,e43c5d4b-3c3c-4486-89da-73e9ac747ab4,,Truyền dẫn,THA,,,,,,,,,,,,,,,,,,,,,,,san_sang,,f024c88e-8702-49c8-a302-15b93f6acb3c,,,,f,TB_THA_006,03a3911f-c7af-40ca-8030-25b65f1aba08,{},KHONG,,100,he_thong
652a96a2-7cf9-48d4-8e67-df8dd565263d,TB_PT9H79G7,Data logger,ae03f513-6763-46f8-913d-91a103966947,1020463,Data logger,NESA,,7f40beb2-5d47-4f4a-b7df-35cd1cca56ae,d7faf284-1a3a-4e53-9433-8476900a66e7,,,1ce915ed-07e9-4b65-9209-2652ffd9b681,e43c5d4b-3c3c-4486-89da-73e9ac747ab4,Trạm 03,"Ra soat 2026-07-11, file nguon: THA_DAW21",,,,,2026-07-11 09:50:09.894644+00,2026-08-11 04:37:10.204448+00,54f5eb32-6a74-4b21-aae3-46cc63e2271b,,e96be350-6615-441a-91f5-53ad976e91b3,"TB_PT9H79G7 Data logger 1020463 Data logger NESA  Tram 03 Ra soat 2026-07-11, file nguon: THA_DAW21","'-07':14 '-11':15 '03':10 '1020463':5 '2026':13 'data':3,6 'daw21':19 'file':16 'logger':4,7 'nesa':8 'nguon':17 'pt9h79g7':2 'ra':11 'soat':12 'tb':1 'tha':18 'tram':9",AWOS D-AW21,Evolution,,,e43c5d4b-3c3c-4486-89da-73e9ac747ab4,,Thiết bị thu thập dữ liệu,THA,,,,,,,,,,,,,,,,,,,,,,,san_sang,,f024c88e-8702-49c8-a302-15b93f6acb3c,,,,f,TB_THA_008,c3f93d31-e4ab-4593-8f05-a96833fe46f5,{},KHONG,,100,he_thong
ca5e13dc-15a0-4220-b9d7-e8fa3b161579,TB_99TPW97S,Cảm biến đo hiện tượng thời tiết,98c88d39-bf0f-43c7-83a2-ca5d266ba54f,,Cảm biến đo hiện tượng thời tiết,All Weather,,ce27df84-7054-4032-bfe7-efdb0bd119f4,d7faf284-1a3a-4e53-9433-8476900a66e7,,,1ce915ed-07e9-4b65-9209-2652ffd9b681,581d9350-905f-46da-b45e-c2d8aba4d868,Mid,"Ra soat 2026-07-11, file nguon: PBA_AWOS900",,,,,2026-07-11 09:50:09.894644+00,2026-08-11 04:37:10.204448+00,8c53503a-8e6c-4698-bb44-06b929060b8a,,e96be350-6615-441a-91f5-53ad976e91b3,"TB_99TPW97S Cam bien do hien tuong thoi tiet  Cam bien do hien tuong thoi tiet All Weather  Mid Ra soat 2026-07-11, file nguon: PBA_AWOS900","'-07':23 '-11':24 '2026':22 '99tpw97s':2 'all':17 'awos900':28 'bien':4,11 'cam':3,10 'do':5,12 'file':25 'hien':6,13 'mid':19 'nguon':26 'pba':27 'ra':20 'soat':21 'tb':1 'thoi':8,15 'tiet':9,16 'tuong':7,14 'weather':18",AWOS-900,6498-P,,,581d9350-905f-46da-b45e-c2d8aba4d868,,Cảm biến,PBA,,,,,,,,,,,,,,,,,,,,,,,san_sang,,f024c88e-8702-49c8-a302-15b93f6acb3c,,,,f,TB_PBA_031,ab83e158-866e-4897-b747-69d05a696c9f,{},KHONG,,83,he_thong
1d498044-eb9e-4e79-8aff-6aefb2d2c93b,TB_C927DHZ0,Ắc quy dự phòng,accf1740-4c18-4b9a-895f-59d85ba593b5,CJ15APYNVR K3B,Ắc quy dự phòng,Vision,,7f40beb2-5d47-4f4a-b7df-35cd1cca56ae,d7faf284-1a3a-4e53-9433-8476900a66e7,,,1ce915ed-07e9-4b65-9209-2652ffd9b681,e43c5d4b-3c3c-4486-89da-73e9ac747ab4,Trạm 03,"Ra soat 2026-07-11, file nguon: THA_DAW21",,,,,2026-07-11 09:50:09.894644+00,2026-08-11 04:37:10.204448+00,a61534a7-d3f8-4f25-9809-6973b60e86cf,,e96be350-6615-441a-91f5-53ad976e91b3,"TB_C927DHZ0 Ac quy du phong CJ15APYNVR K3B Ac quy du phong Vision  Tram 03 Ra soat 2026-07-11, file nguon: THA_DAW21","'-07':19 '-11':20 '03':15 '2026':18 'ac':3,9 'c927dhz0':2 'cj15apynvr':7 'daw21':24 'du':5,11 'file':21 'k3b':8 'nguon':22 'phong':6,12 'quy':4,10 'ra':16 'soat':17 'tb':1 'tha':23 'tram':14 'vision':13",AWOS D-AW21,CP1270,,,e43c5d4b-3c3c-4486-89da-73e9ac747ab4,,Thiết bị nguồn,THA,,,,,,,,,,,,,,,,,,,,,,,san_sang,,f024c88e-8702-49c8-a302-15b93f6acb3c,,,,f,TB_THA_009,aeeae584-3797-4310-ad69-7f341a642adc,{},KHONG,,100,he_thong
5a390239-f321-498f-a4cd-79087dc2de8b,TB_WJMRKAH5,Bộ Charger,accf1740-4c18-4b9a-895f-59d85ba593b5,,Bộ Charger,MeanWell,,7f40beb2-5d47-4f4a-b7df-35cd1cca56ae,d7faf284-1a3a-4e53-9433-8476900a66e7,,,1ce915ed-07e9-4b65-9209-2652ffd9b681,e43c5d4b-3c3c-4486-89da-73e9ac747ab4,Trạm 03,"Ra soat 2026-07-11, file nguon: THA_DAW21",,,,,2026-07-11 09:50:09.894644+00,2026-08-11 04:37:10.204448+00,0e8dbaf8-aa3e-4d9d-bab2-99b08381f6f9,,e96be350-6615-441a-91f5-53ad976e91b3,"TB_WJMRKAH5 Bo Charger  Bo Charger MeanWell  Tram 03 Ra soat 2026-07-11, file nguon: THA_DAW21","'-07':13 '-11':14 '03':9 '2026':12 'bo':3,5 'charger':4,6 'daw21':18 'file':15 'meanwell':7 'nguon':16 'ra':10 'soat':11 'tb':1 'tha':17 'tram':8 'wjmrkah5':2",AWOS D-AW21,SCP-50-12,,,e43c5d4b-3c3c-4486-89da-73e9ac747ab4,,Thiết bị nguồn,THA,,,,,,,,,,,,,,,,,,,,,,,san_sang,,f024c88e-8702-49c8-a302-15b93f6acb3c,,,,f,TB_THA_010,6052b1d7-f4f7-4376-8e06-b20635498e81,{},KHONG,,83,he_thong
a33f9934-1ab9-40a7-af5c-4de35ffc6397,TB_DN7AETWZ,Modem UHF,ae03f513-6763-46f8-913d-91a103966947,,Modem UHF,TeleDesign,,ce27df84-7054-4032-bfe7-efdb0bd119f4,d7faf284-1a3a-4e53-9433-8476900a66e7,,,1ce915ed-07e9-4b65-9209-2652ffd9b681,581d9350-905f-46da-b45e-c2d8aba4d868,K1,"Ra soat 2026-07-11, file nguon: PBA_AWOS900",,,,,2026-07-11 09:50:09.894644+00,2026-08-11 04:37:10.204448+00,8f45bde8-e8df-427f-bff4-7ec627d69558,,e96be350-6615-441a-91f5-53ad976e91b3,"TB_DN7AETWZ Modem UHF  Modem UHF TeleDesign  K1 Ra soat 2026-07-11, file nguon: PBA_AWOS900","'-07':12 '-11':13 '2026':11 'awos900':17 'dn7aetwz':2 'file':14 'k1':8 'modem':3,5 'nguon':15 'pba':16 'ra':9 'soat':10 'tb':1 'teledesign':7 'uhf':4,6",AWOS-900,TS4000,,,581d9350-905f-46da-b45e-c2d8aba4d868,,Truyền dẫn,PBA,,,,,,,,,,,,,,,,,,,,,,,san_sang,,f024c88e-8702-49c8-a302-15b93f6acb3c,,,,f,TB_PBA_066,2f1b574d-ed27-4cce-8174-eb34ab21a3e1,{},KHONG,,83,he_thong
ebf0e9c4-a166-4a44-a09c-b6eee1b8e352,TB_B8TA0515,Cảm biến độ cao trần mây,98c88d39-bf0f-43c7-83a2-ca5d266ba54f,2945,Cảm biến đo độ cao trần mây,Eliasson,,7f40beb2-5d47-4f4a-b7df-35cd1cca56ae,d7faf284-1a3a-4e53-9433-8476900a66e7,,,1ce915ed-07e9-4b65-9209-2652ffd9b681,e43c5d4b-3c3c-4486-89da-73e9ac747ab4,Trạm trần mây 03,"Ra soat 2026-07-11, file nguon: THA_DAW21",,,,,2026-07-11 09:50:09.894644+00,2026-08-11 04:37:10.204448+00,719caddc-3d8b-41e3-9748-23158aa46077,,e96be350-6615-441a-91f5-53ad976e91b3,"TB_B8TA0515 Cam bien do cao tran may 2945 Cam bien do do cao tran may Eliasson  Tram tran may 03 Ra soat 2026-07-11, file nguon: THA_DAW21","'-07':25 '-11':26 '03':21 '2026':24 '2945':9 'b8ta0515':2 'bien':4,11 'cam':3,10 'cao':6,14 'daw21':30 'do':5,12,13 'eliasson':17 'file':27 'may':8,16,20 'nguon':28 'ra':22 'soat':23 'tb':1 'tha':29 'tram':18 'tran':7,15,19",AWOS D-AW21,CBME 80B,,,e43c5d4b-3c3c-4486-89da-73e9ac747ab4,,Cảm biến,THA,,,,,,,,,,,,,,,,,,,,,,,san_sang,,f024c88e-8702-49c8-a302-15b93f6acb3c,,,,f,TB_THA_013,cfd09cd2-ac7e-48bd-9bf2-074905687e49,{},KHONG,,100,he_thong
29c38e40-aed9-4921-be4d-b8622c577343,TB_PM0NGDKS,Thiết bị chuyển đổi Serial/Ethernet,ae03f513-6763-46f8-913d-91a103966947,TBCBB1068599,Thiết bị chuyển đổi Serial/Ethernet,Moxa,,7f40beb2-5d47-4f4a-b7df-35cd1cca56ae,d7faf284-1a3a-4e53-9433-8476900a66e7,,,1ce915ed-07e9-4b65-9209-2652ffd9b681,e43c5d4b-3c3c-4486-89da-73e9ac747ab4,Trạm 03,"Ra soat 2026-07-11, file nguon: THA_DAW21",,,,,2026-07-11 09:50:09.894644+00,2026-08-11 04:37:10.204448+00,a5454b1e-b677-4fd8-8494-b4c080de867d,,e96be350-6615-441a-91f5-53ad976e91b3,"TB_PM0NGDKS Thiet bi chuyen doi Serial/Ethernet TBCBB1068599 Thiet bi chuyen doi Serial/Ethernet Moxa  Tram 03 Ra soat 2026-07-11, file nguon: THA_DAW21","'-07':20 '-11':21 '03':16 '2026':19 'bi':4,10 'chuyen':5,11 'daw21':25 'doi':6,12 'file':22 'moxa':14 'nguon':23 'pm0ngdks':2 'ra':17 'serial/ethernet':7,13 'soat':18 'tb':1 'tbcbb1068599':8 'tha':24 'thiet':3,9 'tram':15",AWOS D-AW21,NPort 5210-T,,,e43c5d4b-3c3c-4486-89da-73e9ac747ab4,,Truyền dẫn,THA,,,,,,,,,,,,,,,,,,,,,,,san_sang,,f024c88e-8702-49c8-a302-15b93f6acb3c,,,,f,TB_THA_005,63b7f44d-333f-4dcb-b51f-76a1fe2941c6,{},KHONG,,100,he_thong
f6b0ad79-34bc-4920-9f66-7d92dd4d516f,TB_KYHH2FWC,Thiết bị thu phát vô tuyến,ae03f513-6763-46f8-913d-91a103966947,2204708444,Thiết bị thu phát vô tuyến,RACOM,,7f40beb2-5d47-4f4a-b7df-35cd1cca56ae,d7faf284-1a3a-4e53-9433-8476900a66e7,,,1ce915ed-07e9-4b65-9209-2652ffd9b681,e43c5d4b-3c3c-4486-89da-73e9ac747ab4,Trạm trần mây 03,"Ra soat 2026-07-11, file nguon: THA_DAW21",,,,,2026-07-11 09:50:09.894644+00,2026-08-11 04:37:10.204448+00,ca029628-203c-4008-b4bc-89b0746a39c6,,e96be350-6615-441a-91f5-53ad976e91b3,"TB_KYHH2FWC Thiet bi thu phat vo tuyen 2204708444 Thiet bi thu phat vo tuyen RACOM  Tram tran may 03 Ra soat 2026-07-11, file nguon: THA_DAW21","'-07':24 '-11':25 '03':20 '2026':23 '2204708444':9 'bi':4,11 'daw21':29 'file':26 'kyhh2fwc':2 'may':19 'nguon':27 'phat':6,13 'ra':21 'racom':16 'soat':22 'tb':1 'tha':28 'thiet':3,10 'thu':5,12 'tram':17 'tran':18 'tuyen':8,15 'vo':7,14",AWOS D-AW21,RipEX2-4A,,,e43c5d4b-3c3c-4486-89da-73e9ac747ab4,,Truyền dẫn,THA,,,,,,,,,,,,,,,,,,,,,,,san_sang,,f024c88e-8702-49c8-a302-15b93f6acb3c,,,,f,TB_THA_016,03a3911f-c7af-40ca-8030-25b65f1aba08,{},KHONG,,100,he_thong
9c2a1fe9-7876-42a4-956b-329aff383045,TB_D0DGA5EM,Ắc quy dự phòng,accf1740-4c18-4b9a-895f-59d85ba593b5,,Ắc quy dự phòng,Vision,,7f40beb2-5d47-4f4a-b7df-35cd1cca56ae,d7faf284-1a3a-4e53-9433-8476900a66e7,,,1ce915ed-07e9-4b65-9209-2652ffd9b681,e43c5d4b-3c3c-4486-89da-73e9ac747ab4,Trạm trần mây 03,"Ra soat 2026-07-11, file nguon: THA_DAW21",,,,,2026-07-11 09:50:09.894644+00,2026-08-11 04:37:10.204448+00,a61534a7-d3f8-4f25-9809-6973b60e86cf,,e96be350-6615-441a-91f5-53ad976e91b3,"TB_D0DGA5EM Ac quy du phong  Ac quy du phong Vision  Tram tran may 03 Ra soat 2026-07-11, file nguon: THA_DAW21","'-07':19 '-11':20 '03':15 '2026':18 'ac':3,7 'd0dga5em':2 'daw21':24 'du':5,9 'file':21 'may':14 'nguon':22 'phong':6,10 'quy':4,8 'ra':16 'soat':17 'tb':1 'tha':23 'tram':12 'tran':13 'vision':11",AWOS D-AW21,CP1270,,,e43c5d4b-3c3c-4486-89da-73e9ac747ab4,,Thiết bị nguồn,THA,,,,,,,,,,,,,,,,,,,,,,,san_sang,,f024c88e-8702-49c8-a302-15b93f6acb3c,,,,f,TB_THA_018,aeeae584-3797-4310-ad69-7f341a642adc,{},KHONG,,83,he_thong
48912d58-c498-4e92-b69f-bb75df554987,TB_QFE8V80Q,Bộ Charger,accf1740-4c18-4b9a-895f-59d85ba593b5,,Bộ chuyển đổi AC/DC,MeanWell,,7f40beb2-5d47-4f4a-b7df-35cd1cca56ae,d7faf284-1a3a-4e53-9433-8476900a66e7,,,1ce915ed-07e9-4b65-9209-2652ffd9b681,e43c5d4b-3c3c-4486-89da-73e9ac747ab4,Trạm trần mây 03,"Ra soat 2026-07-11, file nguon: THA_DAW21",,,,,2026-07-11 09:50:09.894644+00,2026-08-11 04:37:10.204448+00,0e8dbaf8-aa3e-4d9d-bab2-99b08381f6f9,,e96be350-6615-441a-91f5-53ad976e91b3,"TB_QFE8V80Q Bo Charger  Bo chuyen doi AC/DC MeanWell  Tram tran may 03 Ra soat 2026-07-11, file nguon: THA_DAW21","'-07':17 '-11':18 '03':13 '2026':16 'ac/dc':8 'bo':3,5 'charger':4 'chuyen':6 'daw21':22 'doi':7 'file':19 'may':12 'meanwell':9 'nguon':20 'qfe8v80q':2 'ra':14 'soat':15 'tb':1 'tha':21 'tram':10 'tran':11",AWOS D-AW21,AD-155A,,,e43c5d4b-3c3c-4486-89da-73e9ac747ab4,,Thiết bị nguồn,THA,,,,,,,,,,,,,,,,,,,,,,,san_sang,,f024c88e-8702-49c8-a302-15b93f6acb3c,,,,f,TB_THA_019,c4920869-42f0-4b89-bdde-2a905c24a4af,{},KHONG,,83,he_thong
c281867e-4e71-4f4f-ad8f-05680d3041ee,TB_3XHQSK5V,Anten định hướng,ae03f513-6763-46f8-913d-91a103966947,09062348404,Anten định hướng,CompleTech,,7f40beb2-5d47-4f4a-b7df-35cd1cca56ae,d7faf284-1a3a-4e53-9433-8476900a66e7,,,1ce915ed-07e9-4b65-9209-2652ffd9b681,e43c5d4b-3c3c-4486-89da-73e9ac747ab4,Trạm trần mây 03,"Ra soat 2026-07-11, file nguon: THA_DAW21",,,,,2026-07-11 09:50:09.894644+00,2026-08-11 04:37:10.204448+00,9e1e0f0c-c9e2-449b-bacb-19bd361646f2,,e96be350-6615-441a-91f5-53ad976e91b3,"TB_3XHQSK5V Anten dinh huong 09062348404 Anten dinh huong CompleTech  Tram tran may 03 Ra soat 2026-07-11, file nguon: THA_DAW21","'-07':18 '-11':19 '03':14 '09062348404':6 '2026':17 '3xhqsk5v':2 'anten':3,7 'completech':10 'daw21':23 'dinh':4,8 'file':20 'huong':5,9 'may':13 'nguon':21 'ra':15 'soat':16 'tb':1 'tha':22 'tram':11 'tran':12",AWOS D-AW21,CA420Y,,,e43c5d4b-3c3c-4486-89da-73e9ac747ab4,,Truyền dẫn,THA,,,,,,,,,,,,,,,,,,,,,,,san_sang,,f024c88e-8702-49c8-a302-15b93f6acb3c,,,,f,TB_THA_017,91e90915-09c3-46ae-8efc-3b8d5ab8610b,{},KHONG,,100,he_thong
73e5f1b7-8192-4b0b-9635-b067ec23253c,TB_J5WDJ0XJ,Cảm biến hiện tượng thời tiết,98c88d39-bf0f-43c7-83a2-ca5d266ba54f,J15360-01,Cảm biến tầm nhìn,Biral,,7f40beb2-5d47-4f4a-b7df-35cd1cca56ae,d7faf284-1a3a-4e53-9433-8476900a66e7,,,1ce915ed-07e9-4b65-9209-2652ffd9b681,e43c5d4b-3c3c-4486-89da-73e9ac747ab4,Trạm giũa,"Ra soat 2026-07-11, file nguon: THA_DAW21",,,,,2026-07-11 09:50:09.894644+00,2026-08-11 04:37:10.204448+00,b7f4a9b7-d8ca-434b-b11c-5e4a13a35ad1,,e96be350-6615-441a-91f5-53ad976e91b3,"TB_J5WDJ0XJ Cam bien hien tuong thoi tiet J15360-01 Cam bien tam nhin Biral  Tram giua Ra soat 2026-07-11, file nguon: THA_DAW21","'-01':10 '-07':21 '-11':22 '2026':20 'bien':4,12 'biral':15 'cam':3,11 'daw21':26 'file':23 'giua':17 'hien':5 'j15360':9 'j5wdj0xj':2 'nguon':24 'nhin':14 'ra':18 'soat':19 'tam':13 'tb':1 'tha':25 'thoi':7 'tiet':8 'tram':16 'tuong':6",AWOS D-AW21,SWS-250,,,e43c5d4b-3c3c-4486-89da-73e9ac747ab4,,Cảm biến,THA,,,,,,,,,,,,,,,,,,,,,,,san_sang,,f024c88e-8702-49c8-a302-15b93f6acb3c,,,,f,TB_THA_023,3ba741fc-7278-4de4-86ab-6406b6b803dc,{},KHONG,,100,he_thong
2731cad7-37e8-4696-a32f-9dfff3569041,TB_BBHNZQM4,Cảm biến gió,98c88d39-bf0f-43c7-83a2-ca5d266ba54f,07230072,Cảm biến đo hướng và tốc độ gió,Thies Clima,,7f40beb2-5d47-4f4a-b7df-35cd1cca56ae,d7faf284-1a3a-4e53-9433-8476900a66e7,,,1ce915ed-07e9-4b65-9209-2652ffd9b681,e43c5d4b-3c3c-4486-89da-73e9ac747ab4,Trạm 21,"Ra soat 2026-07-11, file nguon: THA_DAW21",,,,,2026-07-11 09:50:09.894644+00,2026-08-11 04:37:10.204448+00,f0c86184-a2a8-4ba2-b3e2-87283fbcf190,,e96be350-6615-441a-91f5-53ad976e91b3,"TB_BBHNZQM4 Cam bien gio 07230072 Cam bien do huong va toc do gio Thies Clima  Tram 21 Ra soat 2026-07-11, file nguon: THA_DAW21","'-07':22 '-11':23 '07230072':6 '2026':21 '21':18 'bbhnzqm4':2 'bien':4,8 'cam':3,7 'clima':16 'daw21':27 'do':9,13 'file':24 'gio':5,14 'huong':10 'nguon':25 'ra':19 'soat':20 'tb':1 'tha':26 'thies':15 'toc':12 'tram':17 'va':11",AWOS D-AW21,4.3820.00.300,,,e43c5d4b-3c3c-4486-89da-73e9ac747ab4,,Cảm biến,THA,,,,,,,,,,,,,,,,,,,,,,,san_sang,,f024c88e-8702-49c8-a302-15b93f6acb3c,,,,f,TB_THA_039,8aaa9362-24cd-4fe3-a9dd-81b685697f6c,{},KHONG,,100,he_thong
c44620ac-7970-473b-b7c0-a47bdc762ecc,TB_029B312B,Cảm biến tầm nhìn,98c88d39-bf0f-43c7-83a2-ca5d266ba54f,J15318-04,Cảm biến tầm nhìn,Biral,,7f40beb2-5d47-4f4a-b7df-35cd1cca56ae,d7faf284-1a3a-4e53-9433-8476900a66e7,,,1ce915ed-07e9-4b65-9209-2652ffd9b681,e43c5d4b-3c3c-4486-89da-73e9ac747ab4,Trạm 21,"Ra soat 2026-07-11, file nguon: THA_DAW21",,,,,2026-07-11 09:50:09.894644+00,2026-08-11 04:37:10.204448+00,b7f4a9b7-d8ca-434b-b11c-5e4a13a35ad1,,e96be350-6615-441a-91f5-53ad976e91b3,"TB_029B312B Cam bien tam nhin J15318-04 Cam bien tam nhin Biral  Tram 21 Ra soat 2026-07-11, file nguon: THA_DAW21","'-04':8 '-07':19 '-11':20 '029b312b':2 '2026':18 '21':15 'bien':4,10 'biral':13 'cam':3,9 'daw21':24 'file':21 'j15318':7 'nguon':22 'nhin':6,12 'ra':16 'soat':17 'tam':5,11 'tb':1 'tha':23 'tram':14",AWOS D-AW21,SWS-050,,,e43c5d4b-3c3c-4486-89da-73e9ac747ab4,,Cảm biến,THA,,,,,,,,,,,,,,,,,,,,,,,san_sang,,f024c88e-8702-49c8-a302-15b93f6acb3c,,,,f,TB_THA_040,d7e4f72d-118f-42ad-ac6c-2aaaacd3076e,{},KHONG,,100,he_thong
460d4cad-5dad-4f29-9b34-05b6ab42c4c0,TB_HTD80Q2Y,Cảm biến đo ánh sáng nền,98c88d39-bf0f-43c7-83a2-ca5d266ba54f,J15359-02,Cảm biến đo ánh sáng nền,Biral,,7f40beb2-5d47-4f4a-b7df-35cd1cca56ae,d7faf284-1a3a-4e53-9433-8476900a66e7,,,1ce915ed-07e9-4b65-9209-2652ffd9b681,e43c5d4b-3c3c-4486-89da-73e9ac747ab4,Trạm 21,"Ra soat 2026-07-11, file nguon: THA_DAW21",,,,,2026-07-11 09:50:09.894644+00,2026-08-11 04:37:10.204448+00,b7f4a9b7-d8ca-434b-b11c-5e4a13a35ad1,,e96be350-6615-441a-91f5-53ad976e91b3,"TB_HTD80Q2Y Cam bien do anh sang nen J15359-02 Cam bien do anh sang nen Biral  Tram 21 Ra soat 2026-07-11, file nguon: THA_DAW21","'-02':10 '-07':23 '-11':24 '2026':22 '21':19 'anh':6,14 'bien':4,12 'biral':17 'cam':3,11 'daw21':28 'do':5,13 'file':25 'htd80q2y':2 'j15359':9 'nen':8,16 'nguon':26 'ra':20 'sang':7,15 'soat':21 'tb':1 'tha':27 'tram':18",AWOS D-AW21,ALS-2,,,e43c5d4b-3c3c-4486-89da-73e9ac747ab4,,Cảm biến,THA,,,,,,,,,,,,,,,,,,,,,,,san_sang,,f024c88e-8702-49c8-a302-15b93f6acb3c,,,,f,TB_THA_041,5b400d04-826b-4049-a257-df1f3c61c619,{},KHONG,,100,he_thong
3e4848b2-e539-410b-a8a9-9692c851e417,TB_878VD5G4,Thiết bị thu phát vô tuyến,ae03f513-6763-46f8-913d-91a103966947,2204715644,Thiết bị thu phát vô tuyến,RACOM,,7f40beb2-5d47-4f4a-b7df-35cd1cca56ae,d7faf284-1a3a-4e53-9433-8476900a66e7,,,1ce915ed-07e9-4b65-9209-2652ffd9b681,e43c5d4b-3c3c-4486-89da-73e9ac747ab4,Trạm 21,"Ra soat 2026-07-11, file nguon: THA_DAW21",,,,,2026-07-11 09:50:09.894644+00,2026-08-11 04:37:10.204448+00,ca029628-203c-4008-b4bc-89b0746a39c6,,e96be350-6615-441a-91f5-53ad976e91b3,"TB_878VD5G4 Thiet bi thu phat vo tuyen 2204715644 Thiet bi thu phat vo tuyen RACOM  Tram 21 Ra soat 2026-07-11, file nguon: THA_DAW21","'-07':22 '-11':23 '2026':21 '21':18 '2204715644':9 '878vd5g4':2 'bi':4,11 'daw21':27 'file':24 'nguon':25 'phat':6,13 'ra':19 'racom':16 'soat':20 'tb':1 'tha':26 'thiet':3,10 'thu':5,12 'tram':17 'tuyen':8,15 'vo':7,14",AWOS D-AW21,RipEX2-4A,,,e43c5d4b-3c3c-4486-89da-73e9ac747ab4,,Truyền dẫn,THA,,,,,,,,,,,,,,,,,,,,,,,san_sang,,f024c88e-8702-49c8-a302-15b93f6acb3c,,,,f,TB_THA_044,03a3911f-c7af-40ca-8030-25b65f1aba08,{},KHONG,,100,he_thong
e8843c5c-4ec2-4fbd-818e-5cab9895e13e,TB_SHMQS74S,Thiết bị Datalogger,ae03f513-6763-46f8-913d-91a103966947,,Thiết bị Datalogger,,,ebc4a136-c5e7-4f7d-abfc-e3ddea655b8c,d7faf284-1a3a-4e53-9433-8476900a66e7,,,1ce915ed-07e9-4b65-9209-2652ffd9b681,46e84da7-5a8b-4a79-aa46-2fb4bae1ff26,P. THIẾT BỊ,"Ra soat 2026-07-11, file nguon: PCA_IMS",,,,,2026-07-11 09:50:09.894644+00,2026-08-11 04:37:10.204448+00,54e09535-2d7f-4319-812f-aee0a4916ed6,,e96be350-6615-441a-91f5-53ad976e91b3,"TB_SHMQS74S Thiet bi Datalogger  Thiet bi Datalogger   P. THIET BI Ra soat 2026-07-11, file nguon: PCA_IMS","'-07':15 '-11':16 '2026':14 'bi':4,7,11 'datalogger':5,8 'file':17 'ims':20 'nguon':18 'p':9 'pca':19 'ra':12 'shmqs74s':2 'soat':13 'tb':1 'thiet':3,6,10",AWOS-IMS,AMS-111,,,46e84da7-5a8b-4a79-aa46-2fb4bae1ff26,,Thiết bị thu thập dữ liệu,PCA,,,,,,,,,,,,,,,,,,,,,,,san_sang,,f024c88e-8702-49c8-a302-15b93f6acb3c,,,,f,TB_PCA_025,92f665d7-eeb1-4dd1-9e4b-40817213431d,{},KHONG,,83,he_thong
326a9b6b-ef86-47ff-9761-b21a3fc5c64a,TB_3EBAP9NM,Ắc quy dự phòng,accf1740-4c18-4b9a-895f-59d85ba593b5,,Ắc quy dự phòng,Vision,,7f40beb2-5d47-4f4a-b7df-35cd1cca56ae,d7faf284-1a3a-4e53-9433-8476900a66e7,,,1ce915ed-07e9-4b65-9209-2652ffd9b681,e43c5d4b-3c3c-4486-89da-73e9ac747ab4,Trạm 21,"Ra soat 2026-07-11, file nguon: THA_DAW21",,,,,2026-07-11 09:50:09.894644+00,2026-08-11 04:37:10.204448+00,a61534a7-d3f8-4f25-9809-6973b60e86cf,,e96be350-6615-441a-91f5-53ad976e91b3,"TB_3EBAP9NM Ac quy du phong  Ac quy du phong Vision  Tram 21 Ra soat 2026-07-11, file nguon: THA_DAW21","'-07':17 '-11':18 '2026':16 '21':13 '3ebap9nm':2 'ac':3,7 'daw21':22 'du':5,9 'file':19 'nguon':20 'phong':6,10 'quy':4,8 'ra':14 'soat':15 'tb':1 'tha':21 'tram':12 'vision':11",AWOS D-AW21,CP1270,,,e43c5d4b-3c3c-4486-89da-73e9ac747ab4,,Thiết bị nguồn,THA,,,,,,,,,,,,,,,,,,,,,,,san_sang,,f024c88e-8702-49c8-a302-15b93f6acb3c,,,,f,TB_THA_047,aeeae584-3797-4310-ad69-7f341a642adc,{},KHONG,,83,he_thong
468e27fc-ba0d-4ac2-9d41-729a34256745,TB_8KYK8RG1,Cảm biến độ cao trần mây,98c88d39-bf0f-43c7-83a2-ca5d266ba54f,2946,Cảm biến đo độ cao trần mây,Eliasson,,7f40beb2-5d47-4f4a-b7df-35cd1cca56ae,d7faf284-1a3a-4e53-9433-8476900a66e7,,,1ce915ed-07e9-4b65-9209-2652ffd9b681,e43c5d4b-3c3c-4486-89da-73e9ac747ab4,Trạm trần mây 21,"Ra soat 2026-07-11, file nguon: THA_DAW21",,,,,2026-07-11 09:50:09.894644+00,2026-08-11 04:37:10.204448+00,719caddc-3d8b-41e3-9748-23158aa46077,,e96be350-6615-441a-91f5-53ad976e91b3,"TB_8KYK8RG1 Cam bien do cao tran may 2946 Cam bien do do cao tran may Eliasson  Tram tran may 21 Ra soat 2026-07-11, file nguon: THA_DAW21","'-07':25 '-11':26 '2026':24 '21':21 '2946':9 '8kyk8rg1':2 'bien':4,11 'cam':3,10 'cao':6,14 'daw21':30 'do':5,12,13 'eliasson':17 'file':27 'may':8,16,20 'nguon':28 'ra':22 'soat':23 'tb':1 'tha':29 'tram':18 'tran':7,15,19",AWOS D-AW21,CBME 80B,,,e43c5d4b-3c3c-4486-89da-73e9ac747ab4,,Cảm biến,THA,,,,,,,,,,,,,,,,,,,,,,,san_sang,,f024c88e-8702-49c8-a302-15b93f6acb3c,,,,f,TB_THA_051,cfd09cd2-ac7e-48bd-9bf2-074905687e49,{},KHONG,,100,he_thong
d6590871-0980-42b7-b559-c130dff85b4b,TB_B3XGW3C2,Data logger,ae03f513-6763-46f8-913d-91a103966947,1020462,Data logger,NESA,,7f40beb2-5d47-4f4a-b7df-35cd1cca56ae,d7faf284-1a3a-4e53-9433-8476900a66e7,,,1ce915ed-07e9-4b65-9209-2652ffd9b681,e43c5d4b-3c3c-4486-89da-73e9ac747ab4,Trạm 21,"Ra soat 2026-07-11, file nguon: THA_DAW21",,,,,2026-07-11 09:50:09.894644+00,2026-08-11 04:37:10.204448+00,54f5eb32-6a74-4b21-aae3-46cc63e2271b,,e96be350-6615-441a-91f5-53ad976e91b3,"TB_B3XGW3C2 Data logger 1020462 Data logger NESA  Tram 21 Ra soat 2026-07-11, file nguon: THA_DAW21","'-07':14 '-11':15 '1020462':5 '2026':13 '21':10 'b3xgw3c2':2 'data':3,6 'daw21':19 'file':16 'logger':4,7 'nesa':8 'nguon':17 'ra':11 'soat':12 'tb':1 'tha':18 'tram':9",AWOS D-AW21,Evolution,,,e43c5d4b-3c3c-4486-89da-73e9ac747ab4,,Thiết bị thu thập dữ liệu,THA,,,,,,,,,,,,,,,,,,,,,,,san_sang,,f024c88e-8702-49c8-a302-15b93f6acb3c,,,,f,TB_THA_046,c3f93d31-e4ab-4593-8f05-a96833fe46f5,{},KHONG,,100,he_thong
4864a3fc-f476-4325-9acc-4507e9ce5b0d,TB_TXGTD52J,Thiết bị thu phát vô tuyến,ae03f513-6763-46f8-913d-91a103966947,2204714944,Thiết bị thu phát vô tuyến,RACOM,,7f40beb2-5d47-4f4a-b7df-35cd1cca56ae,d7faf284-1a3a-4e53-9433-8476900a66e7,,,1ce915ed-07e9-4b65-9209-2652ffd9b681,e43c5d4b-3c3c-4486-89da-73e9ac747ab4,Trạm trần mây 21,"Ra soat 2026-07-11, file nguon: THA_DAW21",,,,,2026-07-11 09:50:09.894644+00,2026-08-11 04:37:10.204448+00,ca029628-203c-4008-b4bc-89b0746a39c6,,e96be350-6615-441a-91f5-53ad976e91b3,"TB_TXGTD52J Thiet bi thu phat vo tuyen 2204714944 Thiet bi thu phat vo tuyen RACOM  Tram tran may 21 Ra soat 2026-07-11, file nguon: THA_DAW21","'-07':24 '-11':25 '2026':23 '21':20 '2204714944':9 'bi':4,11 'daw21':29 'file':26 'may':19 'nguon':27 'phat':6,13 'ra':21 'racom':16 'soat':22 'tb':1 'tha':28 'thiet':3,10 'thu':5,12 'tram':17 'tran':18 'tuyen':8,15 'txgtd52j':2 'vo':7,14",AWOS D-AW21,RipEX2-4A,,,e43c5d4b-3c3c-4486-89da-73e9ac747ab4,,Truyền dẫn,THA,,,,,,,,,,,,,,,,,,,,,,,san_sang,,f024c88e-8702-49c8-a302-15b93f6acb3c,,,,f,TB_THA_054,03a3911f-c7af-40ca-8030-25b65f1aba08,{},KHONG,,100,he_thong
76534b22-49d5-42ba-aa43-fe7d224a0f7e,TB_25YSHWF1,Thiết bị chuyển mạch quang,ae03f513-6763-46f8-913d-91a103966947,TBCGB1004875,Thiết bị chuyển mạch quang,Moxa,,7f40beb2-5d47-4f4a-b7df-35cd1cca56ae,d7faf284-1a3a-4e53-9433-8476900a66e7,,,1ce915ed-07e9-4b65-9209-2652ffd9b681,e43c5d4b-3c3c-4486-89da-73e9ac747ab4,Trạm trần mây 21,"Ra soat 2026-07-11, file nguon: THA_DAW21",,,,,2026-07-11 09:50:09.894644+00,2026-08-11 04:37:10.204448+00,a5454b1e-b677-4fd8-8494-b4c080de867d,,e96be350-6615-441a-91f5-53ad976e91b3,"TB_25YSHWF1 Thiet bi chuyen mach quang TBCGB1004875 Thiet bi chuyen mach quang Moxa  Tram tran may 21 Ra soat 2026-07-11, file nguon: THA_DAW21","'-07':22 '-11':23 '2026':21 '21':18 '25yshwf1':2 'bi':4,10 'chuyen':5,11 'daw21':27 'file':24 'mach':6,12 'may':17 'moxa':14 'nguon':25 'quang':7,13 'ra':19 'soat':20 'tb':1 'tbcgb1004875':8 'tha':26 'thiet':3,9 'tram':15 'tran':16",AWOS D-AW21,EDS-205A-S-SC,,,e43c5d4b-3c3c-4486-89da-73e9ac747ab4,,Truyền dẫn,THA,,,,,,,,,,,,,,,,,,,,,,,san_sang,,f024c88e-8702-49c8-a302-15b93f6acb3c,,,,f,TB_THA_052,0c8f877e-25cd-4ced-9058-0ccbae7ad803,{},KHONG,,100,he_thong
97cf2fe3-8f07-472d-a291-cc1d732c72b1,TB_G2WGSF57,Ắc quy dự phòng,accf1740-4c18-4b9a-895f-59d85ba593b5,,Ắc quy dự phòng,Vision,,7f40beb2-5d47-4f4a-b7df-35cd1cca56ae,d7faf284-1a3a-4e53-9433-8476900a66e7,,,1ce915ed-07e9-4b65-9209-2652ffd9b681,e43c5d4b-3c3c-4486-89da-73e9ac747ab4,Trạm trần mây 21,"Ra soat 2026-07-11, file nguon: THA_DAW21",,,,,2026-07-11 09:50:09.894644+00,2026-08-11 04:37:10.204448+00,a61534a7-d3f8-4f25-9809-6973b60e86cf,,e96be350-6615-441a-91f5-53ad976e91b3,"TB_G2WGSF57 Ac quy du phong  Ac quy du phong Vision  Tram tran may 21 Ra soat 2026-07-11, file nguon: THA_DAW21","'-07':19 '-11':20 '2026':18 '21':15 'ac':3,7 'daw21':24 'du':5,9 'file':21 'g2wgsf57':2 'may':14 'nguon':22 'phong':6,10 'quy':4,8 'ra':16 'soat':17 'tb':1 'tha':23 'tram':12 'tran':13 'vision':11",AWOS D-AW21,CP1270,,,e43c5d4b-3c3c-4486-89da-73e9ac747ab4,,Thiết bị nguồn,THA,,,,,,,,,,,,,,,,,,,,,,,san_sang,,f024c88e-8702-49c8-a302-15b93f6acb3c,,,,f,TB_THA_056,aeeae584-3797-4310-ad69-7f341a642adc,{},KHONG,,83,he_thong
bf9a9c17-c910-4045-a9f7-12cb4383add7,TB_S8VV5S08,Bộ Charger,accf1740-4c18-4b9a-895f-59d85ba593b5,,Bộ chuyển đổi AC/DC,MeanWell,,7f40beb2-5d47-4f4a-b7df-35cd1cca56ae,d7faf284-1a3a-4e53-9433-8476900a66e7,,,1ce915ed-07e9-4b65-9209-2652ffd9b681,e43c5d4b-3c3c-4486-89da-73e9ac747ab4,Trạm trần mây 21,"Ra soat 2026-07-11, file nguon: THA_DAW21",,,,,2026-07-11 09:50:09.894644+00,2026-08-11 04:37:10.204448+00,0e8dbaf8-aa3e-4d9d-bab2-99b08381f6f9,,e96be350-6615-441a-91f5-53ad976e91b3,"TB_S8VV5S08 Bo Charger  Bo chuyen doi AC/DC MeanWell  Tram tran may 21 Ra soat 2026-07-11, file nguon: THA_DAW21","'-07':17 '-11':18 '2026':16 '21':13 'ac/dc':8 'bo':3,5 'charger':4 'chuyen':6 'daw21':22 'doi':7 'file':19 'may':12 'meanwell':9 'nguon':20 'ra':14 's8vv5s08':2 'soat':15 'tb':1 'tha':21 'tram':10 'tran':11",AWOS D-AW21,AD-155A,,,e43c5d4b-3c3c-4486-89da-73e9ac747ab4,,Thiết bị nguồn,THA,,,,,,,,,,,,,,,,,,,,,,,san_sang,,f024c88e-8702-49c8-a302-15b93f6acb3c,,,,f,TB_THA_057,c4920869-42f0-4b89-bdde-2a905c24a4af,{},KHONG,,83,he_thong
05ba231d-299c-4ba3-9510-8be06aefb460,TB_0J0FZ76H,Anten,ae03f513-6763-46f8-913d-91a103966947,,Anten,Ritron,,5ae20f2b-30dc-409c-95db-68b98b79c94e,d7faf284-1a3a-4e53-9433-8476900a66e7,,,1ce915ed-07e9-4b65-9209-2652ffd9b681,f59bf0bd-520b-4245-80db-dc71b7187bf1,,Đề xuất: Không | Hỏng hóc: 0 lần | Tình trạng: Khai thác bình thường | VTDP: Có VTDP | Niên hạn: Không,,,,,2026-07-11 09:50:09.894644+00,2026-08-11 04:37:10.204448+00,ceeef1ba-894d-4e04-9fb3-6efefba20836,,e96be350-6615-441a-91f5-53ad976e91b3,TB_0J0FZ76H Anten  Anten Ritron   De xuat: Khong | Hong hoc: 0 lan | Tinh trang: Khai thac binh thuong | VTDP: Co VTDP | Nien han: Khong,"'0':11 '0j0fz76h':2 'anten':3,4 'binh':17 'co':20 'de':6 'han':23 'hoc':10 'hong':9 'khai':15 'khong':8,24 'lan':12 'nien':22 'ritron':5 'tb':1 'thac':16 'thuong':18 'tinh':13 'trang':14 'vtdp':19,21 'xuat':7",,,2023,2024,f59bf0bd-520b-4245-80db-dc71b7187bf1,,,CR,,,,0.133,,,,,,,,,,,,,,,,,,,san_sang,,f024c88e-8702-49c8-a302-15b93f6acb3c,,,,f,TB_N1_AWOS_0087,81356bb6-6046-4ec2-91a7-5df7db1b0177,{},KHONG,,83,he_thong
8d90136c-8c70-4789-9e1d-fef63ac2f9b9,TB_R5EKD49N,Anten,ae03f513-6763-46f8-913d-91a103966947,,Anten,Ritron,,5ae20f2b-30dc-409c-95db-68b98b79c94e,d7faf284-1a3a-4e53-9433-8476900a66e7,,,1ce915ed-07e9-4b65-9209-2652ffd9b681,f59bf0bd-520b-4245-80db-dc71b7187bf1,,Đề xuất: Không | Hỏng hóc: 0 lần | Tình trạng: Khai thác bình thường | VTDP: Có VTDP | Niên hạn: Không,,,,,2026-07-11 09:50:09.894644+00,2026-08-11 04:37:10.204448+00,ceeef1ba-894d-4e04-9fb3-6efefba20836,,e96be350-6615-441a-91f5-53ad976e91b3,TB_R5EKD49N Anten  Anten Ritron   De xuat: Khong | Hong hoc: 0 lan | Tinh trang: Khai thac binh thuong | VTDP: Co VTDP | Nien han: Khong,"'0':11 'anten':3,4 'binh':17 'co':20 'de':6 'han':23 'hoc':10 'hong':9 'khai':15 'khong':8,24 'lan':12 'nien':22 'r5ekd49n':2 'ritron':5 'tb':1 'thac':16 'thuong':18 'tinh':13 'trang':14 'vtdp':19,21 'xuat':7",,,2023,2024,f59bf0bd-520b-4245-80db-dc71b7187bf1,,,CR,,,,0.133,,,,,,,,,,,,,,,,,,,san_sang,,f024c88e-8702-49c8-a302-15b93f6acb3c,,,,f,TB_N1_AWOS_0088,81356bb6-6046-4ec2-91a7-5df7db1b0177,{},KHONG,,83,he_thong
16a55215-42f4-4222-b12e-4c114ecbb1d8,TB_GRF2RCFT,Chống sét - UHF,660f73b4-1975-4bde-8c87-810a23ef6e2c,,Chống sét - UHF,Citel,,7f40beb2-5d47-4f4a-b7df-35cd1cca56ae,d7faf284-1a3a-4e53-9433-8476900a66e7,,,1ce915ed-07e9-4b65-9209-2652ffd9b681,e43c5d4b-3c3c-4486-89da-73e9ac747ab4,Trạm trần mây 21,"Ra soat 2026-07-11, file nguon: THA_DAW21",,,,,2026-07-11 09:50:09.894644+00,2026-08-11 04:37:10.204448+00,80666d25-731c-4de5-8d64-08488037258a,,e96be350-6615-441a-91f5-53ad976e91b3,"TB_GRF2RCFT Chong set - UHF  Chong set - UHF Citel  Tram tran may 21 Ra soat 2026-07-11, file nguon: THA_DAW21","'-07':17 '-11':18 '2026':16 '21':13 'chong':3,6 'citel':9 'daw21':22 'file':19 'grf2rcft':2 'may':12 'nguon':20 'ra':14 'set':4,7 'soat':15 'tb':1 'tha':21 'tram':10 'tran':11 'uhf':5,8",AWOS D-AW21,P8AX15,,,e43c5d4b-3c3c-4486-89da-73e9ac747ab4,,Cắt lọc sét,THA,,,,,,,,,,,,,,,,,,,,,,,san_sang,,f024c88e-8702-49c8-a302-15b93f6acb3c,,,,f,TB_THA_058,31cae5c6-e3ee-4ad9-ab56-bef881a81aae,{},KHONG,,83,he_thong
d86d6875-17fe-45c6-a3a7-34ba235b37c3,TB_NAKA5MB8,Anten định hướng,ae03f513-6763-46f8-913d-91a103966947,09062348400,Anten định hướng,CompleTech,,7f40beb2-5d47-4f4a-b7df-35cd1cca56ae,d7faf284-1a3a-4e53-9433-8476900a66e7,,,1ce915ed-07e9-4b65-9209-2652ffd9b681,e43c5d4b-3c3c-4486-89da-73e9ac747ab4,Trạm trần mây 21,"Ra soat 2026-07-11, file nguon: THA_DAW21",,,,,2026-07-11 09:50:09.894644+00,2026-08-11 04:37:10.204448+00,9e1e0f0c-c9e2-449b-bacb-19bd361646f2,,e96be350-6615-441a-91f5-53ad976e91b3,"TB_NAKA5MB8 Anten dinh huong 09062348400 Anten dinh huong CompleTech  Tram tran may 21 Ra soat 2026-07-11, file nguon: THA_DAW21","'-07':18 '-11':19 '09062348400':6 '2026':17 '21':14 'anten':3,7 'completech':10 'daw21':23 'dinh':4,8 'file':20 'huong':5,9 'may':13 'naka5mb8':2 'nguon':21 'ra':15 'soat':16 'tb':1 'tha':22 'tram':11 'tran':12",AWOS D-AW21,CA420Y,,,e43c5d4b-3c3c-4486-89da-73e9ac747ab4,,Truyền dẫn,THA,,,,,,,,,,,,,,,,,,,,,,,san_sang,,f024c88e-8702-49c8-a302-15b93f6acb3c,,,,f,TB_THA_055,91e90915-09c3-46ae-8efc-3b8d5ab8610b,{},KHONG,,100,he_thong
08c54f08-527f-4fa8-990d-4b8a35d8e594,TB_23FA7FPA,Anten,ae03f513-6763-46f8-913d-91a103966947,,Anten,RCD,,5ae20f2b-30dc-409c-95db-68b98b79c94e,d7faf284-1a3a-4e53-9433-8476900a66e7,,,1ce915ed-07e9-4b65-9209-2652ffd9b681,f59bf0bd-520b-4245-80db-dc71b7187bf1,,Đề xuất: Không | Hỏng hóc: 0 lần | Tình trạng: Hoạt động bình thường | VTDP: Có dự phòng trong kho | Niên hạn: Không,,,,,2026-07-11 09:50:09.894644+00,2026-08-11 04:37:10.204448+00,e9850c64-0332-4a34-9cfc-676e9b576924,,e96be350-6615-441a-91f5-53ad976e91b3,TB_23FA7FPA Anten  Anten RCD   De xuat: Khong | Hong hoc: 0 lan | Tinh trang: Hoat dong binh thuong | VTDP: Co du phong trong kho | Nien han: Khong,"'0':11 '23fa7fpa':2 'anten':3,4 'binh':17 'co':20 'de':6 'dong':16 'du':21 'han':26 'hoat':15 'hoc':10 'hong':9 'kho':24 'khong':8,27 'lan':12 'nien':25 'phong':22 'rcd':5 'tb':1 'thuong':18 'tinh':13 'trang':14 'trong':23 'vtdp':19 'xuat':7",,,2023,2023,f59bf0bd-520b-4245-80db-dc71b7187bf1,,,CR,,,,0.200,,,,,,,,,,,,,,,,,,,san_sang,,f024c88e-8702-49c8-a302-15b93f6acb3c,,,,f,TB_N1_AWOS_0089,d7ac1243-874d-424b-882c-9e0bcdf5827e,{},KHONG,,83,he_thong
ab826a6e-ee8a-4e28-889f-55091e7ca5ad,TB_SY1TQWFN,Thiết bị thu phát vô tuyến,ae03f513-6763-46f8-913d-91a103966947,2204702344,Thiết bị thu phát vô tuyến,RACOM,,7f40beb2-5d47-4f4a-b7df-35cd1cca56ae,d7faf284-1a3a-4e53-9433-8476900a66e7,,,1ce915ed-07e9-4b65-9209-2652ffd9b681,e43c5d4b-3c3c-4486-89da-73e9ac747ab4,PTB Đài KSKL TUY HÒA,"Ra soat 2026-07-11, file nguon: THA_DAW21",,,,,2026-07-11 09:50:09.894644+00,2026-08-11 04:37:10.204448+00,ca029628-203c-4008-b4bc-89b0746a39c6,,e96be350-6615-441a-91f5-53ad976e91b3,"TB_SY1TQWFN Thiet bi thu phat vo tuyen 2204702344 Thiet bi thu phat vo tuyen RACOM  PTB Dai KSKL TUY HOA Ra soat 2026-07-11, file nguon: THA_DAW21","'-07':25 '-11':26 '2026':24 '2204702344':9 'bi':4,11 'dai':18 'daw21':30 'file':27 'hoa':21 'kskl':19 'nguon':28 'phat':6,13 'ptb':17 'ra':22 'racom':16 'soat':23 'sy1tqwfn':2 'tb':1 'tha':29 'thiet':3,10 'thu':5,12 'tuy':20 'tuyen':8,15 'vo':7,14",AWOS D-AW21,RipEX2-4A,,,e43c5d4b-3c3c-4486-89da-73e9ac747ab4,,Truyền dẫn,THA,,,,,,,,,,,,,,,,,,,,,,,san_sang,,f024c88e-8702-49c8-a302-15b93f6acb3c,,,,f,TB_THA_065,03a3911f-c7af-40ca-8030-25b65f1aba08,{},KHONG,,100,he_thong
2b86a872-7151-462c-934a-fbcfe4270849,TB_2HSYBS1Z,Anten,ae03f513-6763-46f8-913d-91a103966947,,Anten,RCD,,5ae20f2b-30dc-409c-95db-68b98b79c94e,d7faf284-1a3a-4e53-9433-8476900a66e7,,,1ce915ed-07e9-4b65-9209-2652ffd9b681,f59bf0bd-520b-4245-80db-dc71b7187bf1,,Đề xuất: Không | Hỏng hóc: 0 lần | Tình trạng: Hoạt động bình thường | VTDP: Có dự phòng trong kho | Niên hạn: Không,,,,,2026-07-11 09:50:09.894644+00,2026-08-11 04:37:10.204448+00,e9850c64-0332-4a34-9cfc-676e9b576924,,e96be350-6615-441a-91f5-53ad976e91b3,TB_2HSYBS1Z Anten  Anten RCD   De xuat: Khong | Hong hoc: 0 lan | Tinh trang: Hoat dong binh thuong | VTDP: Co du phong trong kho | Nien han: Khong,"'0':11 '2hsybs1z':2 'anten':3,4 'binh':17 'co':20 'de':6 'dong':16 'du':21 'han':26 'hoat':15 'hoc':10 'hong':9 'kho':24 'khong':8,27 'lan':12 'nien':25 'phong':22 'rcd':5 'tb':1 'thuong':18 'tinh':13 'trang':14 'trong':23 'vtdp':19 'xuat':7",,,2023,2023,f59bf0bd-520b-4245-80db-dc71b7187bf1,,,CR,,,,0.200,,,,,,,,,,,,,,,,,,,san_sang,,f024c88e-8702-49c8-a302-15b93f6acb3c,,,,f,TB_N1_AWOS_0090,d7ac1243-874d-424b-882c-9e0bcdf5827e,{},KHONG,,83,he_thong
db96db41-b7e5-4fca-a0fe-d765a2089437,TB_9QX09NMR,UPS 220VAC,accf1740-4c18-4b9a-895f-59d85ba593b5,AS2209264778,UPS 220VAC,APC,,7f40beb2-5d47-4f4a-b7df-35cd1cca56ae,d7faf284-1a3a-4e53-9433-8476900a66e7,,,1ce915ed-07e9-4b65-9209-2652ffd9b681,e43c5d4b-3c3c-4486-89da-73e9ac747ab4,PTB Đài KSKL TUY HÒA,"Ra soat 2026-07-11, file nguon: THA_DAW21",,,,,2026-07-11 09:50:09.894644+00,2026-08-11 04:37:10.204448+00,85b16a8e-84ee-4408-ac50-81b3e2aa7ca6,,e96be350-6615-441a-91f5-53ad976e91b3,"TB_9QX09NMR UPS 220VAC AS2209264778 UPS 220VAC APC  PTB Dai KSKL TUY HOA Ra soat 2026-07-11, file nguon: THA_DAW21","'-07':17 '-11':18 '2026':16 '220vac':4,7 '9qx09nmr':2 'apc':8 'as2209264778':5 'dai':10 'daw21':22 'file':19 'hoa':13 'kskl':11 'nguon':20 'ptb':9 'ra':14 'soat':15 'tb':1 'tha':21 'tuy':12 'ups':3,6",AWOS D-AW21,SMC1500I-2UC,,,e43c5d4b-3c3c-4486-89da-73e9ac747ab4,,Thiết bị nguồn,THA,,,,,,,,,,,,,,,,,,,,,,,san_sang,,f024c88e-8702-49c8-a302-15b93f6acb3c,,,,f,TB_THA_067,01bda5fe-92f8-43b3-9365-d79eddc999b3,{},KHONG,,100,he_thong
dfb88108-3fda-4bc3-b3f8-443f7e3af800,TB_MXPEF967,UPS 220VAC,accf1740-4c18-4b9a-895f-59d85ba593b5,AS2217165432,UPS 220VAC,APC,,7f40beb2-5d47-4f4a-b7df-35cd1cca56ae,d7faf284-1a3a-4e53-9433-8476900a66e7,,,1ce915ed-07e9-4b65-9209-2652ffd9b681,e43c5d4b-3c3c-4486-89da-73e9ac747ab4,PTB Đài KSKL TUY HÒA,"Ra soat 2026-07-11, file nguon: THA_DAW21",,,,,2026-07-11 09:50:09.894644+00,2026-08-11 04:37:10.204448+00,85b16a8e-84ee-4408-ac50-81b3e2aa7ca6,,e96be350-6615-441a-91f5-53ad976e91b3,"TB_MXPEF967 UPS 220VAC AS2217165432 UPS 220VAC APC  PTB Dai KSKL TUY HOA Ra soat 2026-07-11, file nguon: THA_DAW21","'-07':17 '-11':18 '2026':16 '220vac':4,7 'apc':8 'as2217165432':5 'dai':10 'daw21':22 'file':19 'hoa':13 'kskl':11 'mxpef967':2 'nguon':20 'ptb':9 'ra':14 'soat':15 'tb':1 'tha':21 'tuy':12 'ups':3,6",AWOS D-AW21,SMC1500I-2UC,,,e43c5d4b-3c3c-4486-89da-73e9ac747ab4,,Thiết bị nguồn,THA,,,,,,,,,,,,,,,,,,,,,,,san_sang,,f024c88e-8702-49c8-a302-15b93f6acb3c,,,,f,TB_THA_068,01bda5fe-92f8-43b3-9365-d79eddc999b3,{},KHONG,,100,he_thong
0ae0c87d-72c8-4f73-9824-b5f5d3fffa4a,TB_DWN4HTB4,Hệ thống đồng hồ chủ GPS,,23-2449,Hệ thống đồng hồ chủ GPS,Valiant,,7f40beb2-5d47-4f4a-b7df-35cd1cca56ae,d7faf284-1a3a-4e53-9433-8476900a66e7,,,1ce915ed-07e9-4b65-9209-2652ffd9b681,e43c5d4b-3c3c-4486-89da-73e9ac747ab4,Trạm xử lý trung tâm Đài KSKL TUY HÒA,"Ra soat 2026-07-11, file nguon: THA_DAW21",,,,,2026-07-11 09:50:09.894644+00,2026-08-11 04:37:10.204448+00,92717ca6-4bc6-4c58-bb01-26f55f9c9139,,e96be350-6615-441a-91f5-53ad976e91b3,"TB_DWN4HTB4 He thong dong ho chu GPS 23-2449 He thong dong ho chu GPS Valiant  Tram xu ly trung tam Dai KSKL TUY HOA Ra soat 2026-07-11, file nguon: THA_DAW21","'-07':30 '-11':31 '-2449':10 '2026':29 '23':9 'chu':7,15 'dai':23 'daw21':35 'dong':5,13 'dwn4htb4':2 'file':32 'gps':8,16 'he':3,11 'ho':6,14 'hoa':26 'kskl':24 'ly':20 'nguon':33 'ra':27 'soat':28 'tam':22 'tb':1 'tha':34 'thong':4,12 'tram':18 'trung':21 'tuy':25 'valiant':17 'xu':19",AWOS D-AW21,VCL-3048,,,e43c5d4b-3c3c-4486-89da-73e9ac747ab4,,,THA,,,,,,,,,,,,,,,,,,,,,,,san_sang,,f024c88e-8702-49c8-a302-15b93f6acb3c,,,,f,TB_THA_069,88b30179-e89c-420a-a542-ae7dfb4efb13,{},KHONG,,100,he_thong
ec48d3ce-f9d8-4772-86b4-a1a76caaec83,TB_YDWXE122,Thiết bị giám sát cường độ ánh sáng đèn đường băng (RLIM),,TPAD683955,Thiết bị giám sát cường độ ánh sáng đèn đường băng (RLIM),Advantech,,7f40beb2-5d47-4f4a-b7df-35cd1cca56ae,d7faf284-1a3a-4e53-9433-8476900a66e7,,,1ce915ed-07e9-4b65-9209-2652ffd9b681,e43c5d4b-3c3c-4486-89da-73e9ac747ab4,Trạm xử lý trung tâm Đài KSKL TUY HÒA,"Ra soat 2026-07-11, file nguon: THA_DAW21",,,,,2026-07-11 09:50:09.894644+00,2026-08-11 04:37:10.204448+00,81227fc4-ef2d-4334-bb0e-bb1849fdb2c2,,e96be350-6615-441a-91f5-53ad976e91b3,"TB_YDWXE122 Thiet bi giam sat cuong do anh sang den duong bang (RLIM) TPAD683955 Thiet bi giam sat cuong do anh sang den duong bang (RLIM) Advantech  Tram xu ly trung tam Dai KSKL TUY HOA Ra soat 2026-07-11, file nguon: THA_DAW21","'-07':41 '-11':42 '2026':40 'advantech':28 'anh':9,22 'bang':13,26 'bi':4,17 'cuong':7,20 'dai':34 'daw21':46 'den':11,24 'do':8,21 'duong':12,25 'file':43 'giam':5,18 'hoa':37 'kskl':35 'ly':31 'nguon':44 'ra':38 'rlim':14,27 'sang':10,23 'sat':6,19 'soat':39 'tam':33 'tb':1 'tha':45 'thiet':3,16 'tpad683955':15 'tram':29 'trung':32 'tuy':36 'xu':30 'ydwxe122':2",AWOS D-AW21,ADAM-6025-D,,,e43c5d4b-3c3c-4486-89da-73e9ac747ab4,,,THA,,,,,,,,,,,,,,,,,,,,,,,san_sang,,f024c88e-8702-49c8-a302-15b93f6acb3c,,,,f,TB_THA_070,bbcf439b-96ad-473f-86b3-c6875a9c531b,{},KHONG,,100,he_thong
a81e77f1-5fd5-4f68-806e-c00b771e8037,TB_03KWMXE6,Cắt lọc sét nguồn AC,660f73b4-1975-4bde-8c87-810a23ef6e2c,,Cắt lọc sét nguồn AC,Schneider,,ebc4a136-c5e7-4f7d-abfc-e3ddea655b8c,d7faf284-1a3a-4e53-9433-8476900a66e7,,,1ce915ed-07e9-4b65-9209-2652ffd9b681,46e84da7-5a8b-4a79-aa46-2fb4bae1ff26,UHF-15,"Ra soat 2026-07-11, file nguon: PCA_IMS",,,,,2026-07-11 09:50:09.894644+00,2026-08-11 04:37:10.204448+00,1dfd07b4-a9da-41a0-aa04-7b64b3f5862e,,e96be350-6615-441a-91f5-53ad976e91b3,"TB_03KWMXE6 Cat loc set nguon AC  Cat loc set nguon AC Schneider  UHF-15 Ra soat 2026-07-11, file nguon: PCA_IMS","'-07':19 '-11':20 '-15':15 '03kwmxe6':2 '2026':18 'ac':7,12 'cat':3,8 'file':21 'ims':24 'loc':4,9 'nguon':6,11,22 'pca':23 'ra':16 'schneider':13 'set':5,10 'soat':17 'tb':1 'uhf':14",AWOS-IMS,AL15692,,,46e84da7-5a8b-4a79-aa46-2fb4bae1ff26,,Cắt lọc sét,PCA,,,,,,,,,,,,,,,,,,,,,,,san_sang,,f024c88e-8702-49c8-a302-15b93f6acb3c,,,,f,TB_PCA_038,618e583b-7894-434b-ab29-5e93d1cb9973,{},KHONG,,83,he_thong
c2ea2398-49c2-4407-a41f-6c8ad10aa05a,TB_FS0CWM5Q,Phần mềm ứng dụng Dicom,,,Phần mềm ứng dụng Dicom,Dicom HME,,7f40beb2-5d47-4f4a-b7df-35cd1cca56ae,d7faf284-1a3a-4e53-9433-8476900a66e7,,,1ce915ed-07e9-4b65-9209-2652ffd9b681,e43c5d4b-3c3c-4486-89da-73e9ac747ab4,Trạm xử lý trung tâm Đài KSKL TUY HÒA,"Ra soat 2026-07-11, file nguon: THA_DAW21",,,,,2026-07-11 09:50:09.894644+00,2026-08-11 04:37:10.204448+00,27172590-3f49-492f-b2ca-334a840f1f9e,,e96be350-6615-441a-91f5-53ad976e91b3,"TB_FS0CWM5Q Phan mem ung dung Dicom  Phan mem ung dung Dicom Dicom HME  Tram xu ly trung tam Dai KSKL TUY HOA Ra soat 2026-07-11, file nguon: THA_DAW21","'-07':27 '-11':28 '2026':26 'dai':20 'daw21':32 'dicom':7,12,13 'dung':6,11 'file':29 'fs0cwm5q':2 'hme':14 'hoa':23 'kskl':21 'ly':17 'mem':4,9 'nguon':30 'phan':3,8 'ra':24 'soat':25 'tam':19 'tb':1 'tha':31 'tram':15 'trung':18 'tuy':22 'ung':5,10 'xu':16",AWOS D-AW21,D-AW21,,,e43c5d4b-3c3c-4486-89da-73e9ac747ab4,,,THA,,,,,,,,,,,,,,,,,,,,,,,san_sang,,f024c88e-8702-49c8-a302-15b93f6acb3c,,,,f,TB_THA_071,2fbbe1a7-8fef-4632-a2e7-b3dd93a649f5,{},KHONG,,83,he_thong
fb1a6fce-dc88-4a55-996a-abf816080c9c,TB_G8HKT2PA,Anten UHF,ae03f513-6763-46f8-913d-91a103966947,,Anten UHF,RCD,,5ae20f2b-30dc-409c-95db-68b98b79c94e,d7faf284-1a3a-4e53-9433-8476900a66e7,,,1ce915ed-07e9-4b65-9209-2652ffd9b681,f59bf0bd-520b-4245-80db-dc71b7187bf1,,Đề xuất: Không | Hỏng hóc: 0 lần | Tình trạng: Hoạt động bình thường | VTDP: Có VTDP trong kho | Niên hạn: Không,,,,,2026-07-11 09:50:09.894644+00,2026-08-11 04:37:10.204448+00,e9850c64-0332-4a34-9cfc-676e9b576924,,e96be350-6615-441a-91f5-53ad976e91b3,TB_G8HKT2PA Anten UHF  Anten UHF RCD   De xuat: Khong | Hong hoc: 0 lan | Tinh trang: Hoat dong binh thuong | VTDP: Co VTDP trong kho | Nien han: Khong,"'0':13 'anten':3,5 'binh':19 'co':22 'de':8 'dong':18 'g8hkt2pa':2 'han':27 'hoat':17 'hoc':12 'hong':11 'kho':25 'khong':10,28 'lan':14 'nien':26 'rcd':7 'tb':1 'thuong':20 'tinh':15 'trang':16 'trong':24 'uhf':4,6 'vtdp':21,23 'xuat':9",,BD 460A,2023,2023,f59bf0bd-520b-4245-80db-dc71b7187bf1,,,CR,,,,0.200,,,,,,,,,,,,,,,,,,,san_sang,,f024c88e-8702-49c8-a302-15b93f6acb3c,,,,f,TB_N1_AWOS_0091,22f1e711-c373-4ab4-8998-b3f5d91d9d2f,{},KHONG,,83,he_thong
0081d5ed-e637-4540-8f39-c54324f05b96,TB_92E0KD99,Anten UHF,ae03f513-6763-46f8-913d-91a103966947,BD 460A,Anten UHF,RCD,,5ae20f2b-30dc-409c-95db-68b98b79c94e,d7faf284-1a3a-4e53-9433-8476900a66e7,,,1ce915ed-07e9-4b65-9209-2652ffd9b681,f59bf0bd-520b-4245-80db-dc71b7187bf1,,Đề xuất: Không | Hỏng hóc: 0 lần | Tình trạng: Hoạt động bình thường | VTDP: Có VTDP trong kho | Niên hạn: Không,,,,,2026-07-11 09:50:09.894644+00,2026-08-11 04:37:10.204448+00,e9850c64-0332-4a34-9cfc-676e9b576924,,e96be350-6615-441a-91f5-53ad976e91b3,TB_92E0KD99 Anten UHF BD 460A Anten UHF RCD   De xuat: Khong | Hong hoc: 0 lan | Tinh trang: Hoat dong binh thuong | VTDP: Co VTDP trong kho | Nien han: Khong,"'0':16 '460a':7 '92e0':2 'anten':4,8 'bd':6 'binh':22 'co':25 'de':11 'dong':21 'han':30 'hoat':20 'hoc':15 'hong':14 'kd99':3 'kho':28 'khong':13,31 'lan':17 'nien':29 'rcd':10 'tb':1 'thuong':23 'tinh':18 'trang':19 'trong':27 'uhf':5,9 'vtdp':24,26 'xuat':12",,BD 460A,2023,2023,f59bf0bd-520b-4245-80db-dc71b7187bf1,,,CR,,,,0.200,,,,,,,,,,,,,,,,,,,san_sang,,f024c88e-8702-49c8-a302-15b93f6acb3c,,,,f,TB_N1_AWOS_0092,22f1e711-c373-4ab4-8998-b3f5d91d9d2f,{},KHONG,,100,he_thong
41044649-f6b6-469a-a1d0-02c08532b6ae,TB_X5J7N399,"Tiếp địa: 24 giếng sâu 35m chôn tiếp địa, đóng cọc đồng d16 l=2,4m, cáp đồng trần M70. Lắp hố đan kiểm tra - thanh đồng 30x3, thanh nối đơn. Đo điện trở bộ phận nội đất - bản mã đồng 50x200x5. 2 Cột 3m lắp kim thu sét",,,"Tiếp địa: 24 giếng sâu 35m chôn tiếp địa, đóng cọc đồng d16 l=2,4m, cáp đồng trần M70. Lắp hố đan kiểm tra - thanh đồng 30x3, thanh nối đơn. Đo điện trở bộ phận nội đất - bản mã đồng 50x200x5. 2 Cột 3m lắp kim thu sét",,,7f40beb2-5d47-4f4a-b7df-35cd1cca56ae,d7faf284-1a3a-4e53-9433-8476900a66e7,,,1ce915ed-07e9-4b65-9209-2652ffd9b681,e43c5d4b-3c3c-4486-89da-73e9ac747ab4,,"Ra soat 2026-07-11, file nguon: THA_DAW21",,,,,2026-07-11 09:50:09.894644+00,2026-08-11 04:37:10.204448+00,,,e96be350-6615-441a-91f5-53ad976e91b3,"TB_X5J7N399 Tiep dia: 24 gieng sau 35m chon tiep dia, dong coc dong d16 l=2,4m, cap dong tran M70. Lap ho dan kiem tra - thanh dong 30x3, thanh noi don. Do dien tro bo phan noi dat - ban ma dong 50x200x5. 2 Cot 3m lap kim thu set  Tiep dia: 24 gieng sau 35m chon tiep dia, dong coc dong d16 l=2,4m, cap dong tran M70. Lap ho dan kiem tra - thanh dong 30x3, thanh noi don. Do dien tro bo phan noi dat - ban ma dong 50x200x5. 2 Cot 3m lap kim thu set    Ra soat 2026-07-11, file nguon: THA_DAW21","'-07':104 '-11':105 '2':17,45,66,94 '2026':103 '24':5,54 '30x3':30,79 '35m':8,57 '3m':47,96 '4m':18,67 '50x200x5':44,93 'ban':41,90 'bo':37,86 'cap':19,68 'chon':9,58 'coc':13,62 'cot':46,95 'd16':15,64 'dan':25,74 'dat':40,89 'daw21':109 'dia':4,11,53,60 'dien':35,84 'do':34,83 'don':33,82 'dong':12,14,20,29,43,61,63,69,78,92 'file':106 'gieng':6,55 'ho':24,73 'kiem':26,75 'kim':49,98 'l':16,65 'lap':23,48,72,97 'm70':22,71 'ma':42,91 'nguon':107 'noi':32,39,81,88 'phan':38,87 'ra':101 'sau':7,56 'set':51,100 'soat':102 'tb':1 'tha':108 'thanh':28,31,77,80 'thu':50,99 'tiep':3,10,52,59 'tra':27,76 'tran':21,70 'tro':36,85 'x5j7n399':2",HỆ THỐNG CHỐNG SÉT - TIẾP ĐỊA,,,,e43c5d4b-3c3c-4486-89da-73e9ac747ab4,,,THA,,,,,,,,,,,,,,,,,,,,,,,san_sang,,f024c88e-8702-49c8-a302-15b93f6acb3c,,,,f,TB_THA_076,1ffe564b-1bb2-4490-8dab-d9d2a24a048e,{},KHONG,,83,he_thong
3df858d8-9c99-43f8-aff9-6ff83b1754e8,TB_7D3NTF0J,Anten UHF,ae03f513-6763-46f8-913d-91a103966947,,Anten UHF,RCD,,5ae20f2b-30dc-409c-95db-68b98b79c94e,d7faf284-1a3a-4e53-9433-8476900a66e7,,,1ce915ed-07e9-4b65-9209-2652ffd9b681,f59bf0bd-520b-4245-80db-dc71b7187bf1,,Đề xuất: Không | Hỏng hóc: không | Tình trạng: Hoạt động bình thường | VTDP: Có VTDP trong kho | Niên hạn: Không,,,,,2026-07-11 09:50:09.894644+00,2026-08-11 04:37:10.204448+00,e9850c64-0332-4a34-9cfc-676e9b576924,,e96be350-6615-441a-91f5-53ad976e91b3,TB_7D3NTF0J Anten UHF  Anten UHF RCD   De xuat: Khong | Hong hoc: khong | Tinh trang: Hoat dong binh thuong | VTDP: Co VTDP trong kho | Nien han: Khong,"'7d3ntf0j':2 'anten':3,5 'binh':18 'co':21 'de':8 'dong':17 'han':26 'hoat':16 'hoc':12 'hong':11 'kho':24 'khong':10,13,27 'nien':25 'rcd':7 'tb':1 'thuong':19 'tinh':14 'trang':15 'trong':23 'uhf':4,6 'vtdp':20,22 'xuat':9",,BD 460A,2023,2023,f59bf0bd-520b-4245-80db-dc71b7187bf1,,,CR,,,,0.200,,,,,,,,,,,,,,,,,,,san_sang,,f024c88e-8702-49c8-a302-15b93f6acb3c,,,,f,TB_N1_AWOS_0093,22f1e711-c373-4ab4-8998-b3f5d91d9d2f,{},KHONG,,83,he_thong
780b9768-a012-4027-b1e3-a4bfe581af55,TB_6Z8KFC76,Kim thu sét Franklin,660f73b4-1975-4bde-8c87-810a23ef6e2c,,Kim thu sét Franklin,nVent ERICO,,7f40beb2-5d47-4f4a-b7df-35cd1cca56ae,d7faf284-1a3a-4e53-9433-8476900a66e7,,,1ce915ed-07e9-4b65-9209-2652ffd9b681,e43c5d4b-3c3c-4486-89da-73e9ac747ab4,5 Trạm khí tượng,"Ra soat 2026-07-11, file nguon: THA_DAW21",,,,,2026-07-11 09:50:09.894644+00,2026-08-11 04:37:10.204448+00,2e05f201-8ee7-4f2d-afe5-963dc6d94500,,e96be350-6615-441a-91f5-53ad976e91b3,"TB_6Z8KFC76 Kim thu set Franklin  Kim thu set Franklin nVent ERICO  5 Tram khi tuong Ra soat 2026-07-11, file nguon: THA_DAW21","'-07':20 '-11':21 '2026':19 '5':13 '6z8kfc76':2 'daw21':25 'erico':12 'file':22 'franklin':6,10 'khi':15 'kim':3,7 'nguon':23 'nvent':11 'ra':17 'set':5,9 'soat':18 'tb':1 'tha':24 'thu':4,8 'tram':14 'tuong':16",AWOS D-AW21,LPCAR1015,,,e43c5d4b-3c3c-4486-89da-73e9ac747ab4,,Cắt lọc sét,THA,,,,,,,,,,,,,,,,,,,,,,,san_sang,,f024c88e-8702-49c8-a302-15b93f6acb3c,,,,f,TB_THA_077,d37fa65b-5de1-4919-ac27-7d8d297ba98c,{},KHONG,,83,he_thong
0c8d7800-509d-4d5d-a92f-e0832804bc72,TB_31PYTEF6,Thiết bị đo gió,98c88d39-bf0f-43c7-83a2-ca5d266ba54f,07230073,Cảm biến đo hướng và tốc độ gió,Thies Clima,,7f40beb2-5d47-4f4a-b7df-35cd1cca56ae,d7faf284-1a3a-4e53-9433-8476900a66e7,,,1ce915ed-07e9-4b65-9209-2652ffd9b681,e43c5d4b-3c3c-4486-89da-73e9ac747ab4,Kho VTDP -  Đài KSKL TUY HÒA,"Ra soat 2026-07-11, file nguon: THA_DAW21",,,,,2026-07-11 09:50:09.894644+00,2026-08-11 04:37:10.204448+00,f0c86184-a2a8-4ba2-b3e2-87283fbcf190,,e96be350-6615-441a-91f5-53ad976e91b3,"TB_31PYTEF6 Thiet bi do gio 07230073 Cam bien do huong va toc do gio Thies Clima  Kho VTDP -  Dai KSKL TUY HOA Ra soat 2026-07-11, file nguon: THA_DAW21","'-07':27 '-11':28 '07230073':7 '2026':26 '31pytef6':2 'bi':4 'bien':9 'cam':8 'clima':17 'dai':20 'daw21':32 'do':5,10,14 'file':29 'gio':6,15 'hoa':23 'huong':11 'kho':18 'kskl':21 'nguon':30 'ra':24 'soat':25 'tb':1 'tha':31 'thies':16 'thiet':3 'toc':13 'tuy':22 'va':12 'vtdp':19",AWOS D-AW21,4.3820.00.300,,,e43c5d4b-3c3c-4486-89da-73e9ac747ab4,,Cảm biến,THA,,,,,,,,,,,,,,,,,,,,,,,san_sang,,f024c88e-8702-49c8-a302-15b93f6acb3c,,,,f,TB_THA_090,8aaa9362-24cd-4fe3-a9dd-81b685697f6c,{},KHONG,,100,he_thong
4757e2fe-6e08-4ea7-a502-0d3fa8c3171b,TB_H20PAHS0,Chống sét RF,660f73b4-1975-4bde-8c87-810a23ef6e2c,,Chống sét RF,Citel,,a0625061-0c6d-4e0b-b438-d696787ad746,d7faf284-1a3a-4e53-9433-8476900a66e7,,,1ce915ed-07e9-4b65-9209-2652ffd9b681,65ac5e26-b0a7-487e-a72d-3f0dfc3facc2,Trạm 17,"Ra soat 2026-07-11, file nguon: BDKT_OPTIMET",,,,,2026-07-11 09:50:09.894644+00,2026-08-11 04:37:10.204448+00,80666d25-731c-4de5-8d64-08488037258a,,7edb2f00-60da-46ad-8aed-873d4708393d,"TB_H20PAHS0 Chong set RF  Chong set RF Citel  Tram 17 Ra soat 2026-07-11, file nguon: BDKT_OPTIMET","'-07':15 '-11':16 '17':11 '2026':14 'bdkt':19 'chong':3,6 'citel':9 'file':17 'h20pahs0':2 'nguon':18 'optimet':20 'ra':12 'rf':5,8 'set':4,7 'soat':13 'tb':1 'tram':10",Optimet,P8AX09-N/FF,,,65ac5e26-b0a7-487e-a72d-3f0dfc3facc2,,Cắt lọc sét,BDKT-KTKT,,,,,,,,,,,,,,,,,,,,,,,san_sang,,f024c88e-8702-49c8-a302-15b93f6acb3c,,,,f,TB_BDKT_KTKT_075,735e9092-8583-4a95-a954-78469ec81046,{},KHONG,,83,he_thong
c7c6e911-4945-4db4-bb99-6b8b1b0d3bb3,TB_BY4WCZA8,MMonitor,,"99HMZV3
997KZV3
8JSNYV3
8M8NYV3
8JPNYV3
8XKPYV3",MMonitor,Dell Technologies,,7f40beb2-5d47-4f4a-b7df-35cd1cca56ae,d7faf284-1a3a-4e53-9433-8476900a66e7,,,1ce915ed-07e9-4b65-9209-2652ffd9b681,e43c5d4b-3c3c-4486-89da-73e9ac747ab4,"Phòng trực TB - 1
Phòng MET - 2
Cabin - 2
K4 QS - 1","Ra soat 2026-07-11, file nguon: THA_DAW21",,,,,2026-07-11 09:50:09.894644+00,2026-08-11 04:37:10.204448+00,f9bb034d-e32b-4595-b6a6-e5136105dc19,,e96be350-6615-441a-91f5-53ad976e91b3,"TB_BY4WCZA8 MMonitor 99HMZV3
997KZV3
8JSNYV3
8M8NYV3
8JPNYV3
8XKPYV3 MMonitor Dell Technologies  Phong truc TB - 1
Phong MET - 2
Cabin - 2
K4 QS - 1 Ra soat 2026-07-11, file nguon: THA_DAW21","'-07':28 '-11':29 '1':16,24 '2':19,21 '2026':27 '8jpnyv3':8 '8jsnyv3':6 '8m8nyv3':7 '8xkpyv3':9 '997kzv3':5 '99hmzv3':4 'by4wcza8':2 'cabin':20 'daw21':33 'dell':11 'file':30 'k4':22 'met':18 'mmonitor':3,10 'nguon':31 'phong':13,17 'qs':23 'ra':25 'soat':26 'tb':1,15 'technologies':12 'tha':32 'truc':14",AWOS D-AW21,E2222H,,,e43c5d4b-3c3c-4486-89da-73e9ac747ab4,,,THA,,,,,,,,,,,,,,,,,,,,,,,san_sang,,f024c88e-8702-49c8-a302-15b93f6acb3c,,,,f,TB_THA_074,2f4ae036-278f-4544-b9ff-50970977bd63,{},KHONG,,100,he_thong
01bc9eaa-6cf3-4ac3-8cfc-9e396db970ad,TB_T942NSGA,Anten vô hướng,ae03f513-6763-46f8-913d-91a103966947,BG 402,Anten vô hướng,RCD,,5ae20f2b-30dc-409c-95db-68b98b79c94e,d7faf284-1a3a-4e53-9433-8476900a66e7,,,1ce915ed-07e9-4b65-9209-2652ffd9b681,f59bf0bd-520b-4245-80db-dc71b7187bf1,,Đề xuất: Không | Hỏng hóc: 0 lần | Tình trạng: Hoạt động bình thường | VTDP: Có dự phòng trong kho | Niên hạn: Không,,,,,2026-07-11 09:50:09.894644+00,2026-08-11 04:37:10.204448+00,e9850c64-0332-4a34-9cfc-676e9b576924,,e96be350-6615-441a-91f5-53ad976e91b3,TB_T942NSGA Anten vo huong BG 402 Anten vo huong RCD   De xuat: Khong | Hong hoc: 0 lan | Tinh trang: Hoat dong binh thuong | VTDP: Co du phong trong kho | Nien han: Khong,"'0':17 '402':7 'anten':3,8 'bg':6 'binh':23 'co':26 'de':12 'dong':22 'du':27 'han':32 'hoat':21 'hoc':16 'hong':15 'huong':5,10 'kho':30 'khong':14,33 'lan':18 'nien':31 'phong':28 'rcd':11 't942nsga':2 'tb':1 'thuong':24 'tinh':19 'trang':20 'trong':29 'vo':4,9 'vtdp':25 'xuat':13",,,2023,2023,f59bf0bd-520b-4245-80db-dc71b7187bf1,,,CR,,,,0.200,,,,,,,,,,,,,,,,,,,san_sang,,f024c88e-8702-49c8-a302-15b93f6acb3c,,,,f,TB_N1_AWOS_0094,36b293db-9497-423a-ba56-9858b9f9f581,{},KHONG,,100,he_thong
5fd3b5c4-b2a3-49c8-a288-620f0fad0d21,TB_Y5WS4C7C,Tủ trạm tăng áp PTS95,accf1740-4c18-4b9a-895f-59d85ba593b5,,Tủ trạm tăng áp PTS95,,,7f40beb2-5d47-4f4a-b7df-35cd1cca56ae,d7faf284-1a3a-4e53-9433-8476900a66e7,,,1ce915ed-07e9-4b65-9209-2652ffd9b681,e43c5d4b-3c3c-4486-89da-73e9ac747ab4,Phòng MP Đài KSKL TUY HÒA,"Ra soat 2026-07-11, file nguon: THA_DAW21",,,,,2026-07-11 09:50:09.894644+00,2026-08-11 04:37:10.204448+00,494923ea-f1cf-410b-9804-3d21208ced5e,,e96be350-6615-441a-91f5-53ad976e91b3,"TB_Y5WS4C7C Tu tram tang ap PTS95  Tu tram tang ap PTS95   Phong MP Dai KSKL TUY HOA Ra soat 2026-07-11, file nguon: THA_DAW21","'-07':22 '-11':23 '2026':21 'ap':6,11 'dai':15 'daw21':27 'file':24 'hoa':18 'kskl':16 'mp':14 'nguon':25 'phong':13 'pts95':7,12 'ra':19 'soat':20 'tang':5,10 'tb':1 'tha':26 'tram':4,9 'tu':3,8 'tuy':17 'y5ws4c7c':2",AWOS D-AW21,PTS95,,,e43c5d4b-3c3c-4486-89da-73e9ac747ab4,,,THA,,,,,,,,,,,,,,,,,,,,,,,san_sang,,f024c88e-8702-49c8-a302-15b93f6acb3c,,,,f,TB_THA_083,e0626990-e733-412a-a20e-645165af3b5a,{},KHONG,,83,he_thong
f3cbfed7-f17e-46c5-847b-6d35ca7664ba,TB_1NTFG1E9,Máy biến tăng áp khô 3 pha 20KVA 400/950V,accf1740-4c18-4b9a-895f-59d85ba593b5,,Máy biến tăng áp khô 3 pha 20KVA 400/950V,Augier,,7f40beb2-5d47-4f4a-b7df-35cd1cca56ae,d7faf284-1a3a-4e53-9433-8476900a66e7,,,1ce915ed-07e9-4b65-9209-2652ffd9b681,e43c5d4b-3c3c-4486-89da-73e9ac747ab4,Phòng MP Đài KSKL TUY HÒA,"Ra soat 2026-07-11, file nguon: THA_DAW21",,,,,2026-07-11 09:50:09.894644+00,2026-08-11 04:37:10.204448+00,494923ea-f1cf-410b-9804-3d21208ced5e,,e96be350-6615-441a-91f5-53ad976e91b3,"TB_1NTFG1E9 May bien tang ap kho 3 pha 20KVA 400/950V  May bien tang ap kho 3 pha 20KVA 400/950V Augier  Phong MP Dai KSKL TUY HOA Ra soat 2026-07-11, file nguon: THA_DAW21","'-07':31 '-11':32 '1ntfg1e9':2 '2026':30 '20kva':10,19 '3':8,17 '400/950v':11,20 'ap':6,15 'augier':21 'bien':4,13 'dai':24 'daw21':36 'file':33 'hoa':27 'kho':7,16 'kskl':25 'may':3,12 'mp':23 'nguon':34 'pha':9,18 'phong':22 'ra':28 'soat':29 'tang':5,14 'tb':1 'tha':35 'tuy':26",AWOS D-AW21,PTS95-25KA,,,e43c5d4b-3c3c-4486-89da-73e9ac747ab4,,Thiết bị nguồn,THA,,,,,,,,,,,,,,,,,,,,,,,san_sang,,f024c88e-8702-49c8-a302-15b93f6acb3c,,,,f,TB_THA_084,7feff42e-d536-433b-8590-cff4aad1f8bc,{},KHONG,,83,he_thong
7bd4ece4-2d9e-4b79-ae3c-a4d25c1fa1fd,TB_H46R5K3C,Máy tính giám sát ghi âm FPT ELEAD V500,83e7d93e-2f76-4d4f-a6bc-08926383aba1,CPU:190110087 Display:001VNSN23118,FPT ELEAD V500,FPT Elead,,8b1b85e4-de60-436d-bb4a-052a4ca1d056,e30446a4-4bc6-4103-915b-bb67c596a4c9,,,1ce915ed-07e9-4b65-9209-2652ffd9b681,581d9350-905f-46da-b45e-c2d8aba4d868,P.Thiết bị,Nhà sản xuất nguồn: Việt nam; chuẩn hóa: FPT Elead; Vật tư dự phòng: Không; Hỏng hóc: 0 Lần; Tình trạng nguồn: Hoạt động bình thường; STT nguồn: 6.3; thời gian sử dụng: 12 năm.,,,,,2026-07-12 07:32:02.660724+00,2026-08-11 04:37:10.204448+00,4f2d0b91-a06a-4363-ae0d-dd5973c576f8,,03818fa3-ee05-4dfe-92f0-b6f752b0b97a,TB_H46R5K3C May tinh giam sat ghi am FPT ELEAD V500 CPU:190110087 Display:001VNSN23118 FPT ELEAD V500 FPT Elead  P.Thiet bi Nha san xuat nguon: Viet nam; chuan hoa: FPT Elead; Vat tu du phong: Khong; Hong hoc: 0 Lan; Tinh trang nguon: Hoat dong binh thuong; STT nguon: 6.3; thoi gian su dung: 12 nam.,"'0':40 '001vnsn23118':15 '12':56 '190110087':13 '6.3':51 'am':8 'bi':22 'binh':47 'chuan':29 'cpu':12 'display':14 'dong':46 'du':35 'dung':55 'elead':10,17,20,32 'fpt':9,16,19,31 'ghi':7 'giam':5 'gian':53 'h46r5k3c':2 'hoa':30 'hoat':45 'hoc':39 'hong':38 'khong':37 'lan':41 'may':3 'nam':28,57 'nguon':26,44,50 'nha':23 'p.thiet':21 'phong':36 'san':24 'sat':6 'stt':49 'su':54 'tb':1 'thoi':52 'thuong':48 'tinh':4,42 'trang':43 'tu':34 'v500':11,18 'vat':33 'viet':27 'xuat':25","- CPU : INTEL G30CORE 2 DUO 2.6 Ghz, 2 GB DDRAM II, 160 Gb HDD SATA, DVD - RW, - Display: model: L177W8B-PF.G30 LCD 17""LG. Keyboard, Optical mouse.",V500,2014,2014,581d9350-905f-46da-b45e-c2d8aba4d868,,,PBA,01/GP-CHK,,,120.000,,,,,,,,,,,,,,,,,,,san_sang,,f024c88e-8702-49c8-a302-15b93f6acb3c,,,,f,MAY_TINH_GIAM_SAT_GHI_AM_FPT_ELEAD_V500,2f6a2ad9-830b-4a96-bc09-51bc717c1f32,{},KHONG,,100,he_thong
2ceaad9d-2798-4f3c-8060-160b5ab9d5d2,TB_7SA8H12Z,Tủ trạm hạ áp,,,Tủ trạm hạ áp,,,7f40beb2-5d47-4f4a-b7df-35cd1cca56ae,d7faf284-1a3a-4e53-9433-8476900a66e7,,,1ce915ed-07e9-4b65-9209-2652ffd9b681,e43c5d4b-3c3c-4486-89da-73e9ac747ab4,"Trạm khí tượng giữa, trạm khí tượng 03, trạm khí tượng 21","Ra soat 2026-07-11, file nguon: THA_DAW21",,,,,2026-07-11 09:50:09.894644+00,2026-08-11 04:37:10.204448+00,,,e96be350-6615-441a-91f5-53ad976e91b3,"TB_7SA8H12Z Tu tram ha ap  Tu tram ha ap   Tram khi tuong giua, tram khi tuong 03, tram khi tuong 21 Ra soat 2026-07-11, file nguon: THA_DAW21","'-07':26 '-11':27 '03':18 '2026':25 '21':22 '7sa8h12z':2 'ap':6,10 'daw21':31 'file':28 'giua':14 'ha':5,9 'khi':12,16,20 'nguon':29 'ra':23 'soat':24 'tb':1 'tha':30 'tram':4,8,11,15,19 'tu':3,7 'tuong':13,17,21",AWOS D-AW21,,,,e43c5d4b-3c3c-4486-89da-73e9ac747ab4,,,THA,,,,,,,,,,,,,,,,,,,,,,,san_sang,,f024c88e-8702-49c8-a302-15b93f6acb3c,,,,f,TB_THA_086,8c8c55f3-880b-4f1a-a70d-ef42afec00e2,{},KHONG,,83,he_thong
b5219f5f-0cea-43d6-a51c-abe63c32cccc,TB_ZJG4ZCAV,Máy biến hạ áp 1 pha TER Transformers 5KVA 950/230V,accf1740-4c18-4b9a-895f-59d85ba593b5,,Máy biến hạ áp 1 pha TER Transformers 5KVA 950/230V,Augier,,7f40beb2-5d47-4f4a-b7df-35cd1cca56ae,d7faf284-1a3a-4e53-9433-8476900a66e7,,,1ce915ed-07e9-4b65-9209-2652ffd9b681,e43c5d4b-3c3c-4486-89da-73e9ac747ab4,"Trạm khí tượng giữa, trạm khí tượng 03, trạm khí tượng 21","Ra soat 2026-07-11, file nguon: THA_DAW21",,,,,2026-07-11 09:50:09.894644+00,2026-08-11 04:37:10.204448+00,494923ea-f1cf-410b-9804-3d21208ced5e,,e96be350-6615-441a-91f5-53ad976e91b3,"TB_ZJG4ZCAV May bien ha ap 1 pha TER Transformers 5KVA 950/230V  May bien ha ap 1 pha TER Transformers 5KVA 950/230V Augier  Tram khi tuong giua, tram khi tuong 03, tram khi tuong 21 Ra soat 2026-07-11, file nguon: THA_DAW21","'-07':39 '-11':40 '03':31 '1':7,17 '2026':38 '21':35 '5kva':11,21 '950/230v':12,22 'ap':6,16 'augier':23 'bien':4,14 'daw21':44 'file':41 'giua':27 'ha':5,15 'khi':25,29,33 'may':3,13 'nguon':42 'pha':8,18 'ra':36 'soat':37 'tb':1 'ter':9,19 'tha':43 'tram':24,28,32 'transformers':10,20 'tuong':26,30,34 'zjg4zcav':2",AWOS D-AW21,TER MT-5KVA,,,e43c5d4b-3c3c-4486-89da-73e9ac747ab4,,Thiết bị nguồn,THA,,,,,,,,,,,,,,,,,,,,,,,san_sang,,f024c88e-8702-49c8-a302-15b93f6acb3c,,,,f,TB_THA_087,8b55f2fd-33a2-4827-84db-19306151c4b6,{},KHONG,,83,he_thong
cb3b40cb-fa81-4dc4-b420-183761e0c530,TB_YKCNPNHD,Máy tính giám sát ghi âm ATTECH,83e7d93e-2f76-4d4f-a6bc-08926383aba1,4CE7385W8J,,ATTECH,,8b1b85e4-de60-436d-bb4a-052a4ca1d056,e30446a4-4bc6-4103-915b-bb67c596a4c9,,,1ce915ed-07e9-4b65-9209-2652ffd9b681,581d9350-905f-46da-b45e-c2d8aba4d868,P.Thiết bị,Vật tư dự phòng: Không; Hỏng hóc: 0 lần; Tình trạng nguồn: Hoạt động bình thường; Không đủ thông tin model/P/N; giữ trống Model và P/N để tránh bịa.; STT nguồn: 6.4; thời gian sử dụng: 8 năm.,,,,,2026-07-12 07:32:02.865314+00,2026-08-11 04:37:10.204448+00,2f529936-107e-451b-bd0f-f3197db1943f,,03818fa3-ee05-4dfe-92f0-b6f752b0b97a,TB_YKCNPNHD May tinh giam sat ghi am ATTECH 4CE7385W8J  ATTECH  P.Thiet bi Vat tu du phong: Khong; Hong hoc: 0 lan; Tinh trang nguon: Hoat dong binh thuong; Khong du thong tin model/P/N; giu trong Model va P/N de tranh bia.; STT nguon: 6.4; thoi gian su dung: 8 nam.,"'0':21 '4ce7385w8j':10 '6.4':45 '8':50 'am':8 'attech':9,11 'bi':13 'bia':42 'binh':28 'de':40 'dong':27 'du':16,31 'dung':49 'ghi':7 'giam':5 'gian':47 'giu':35 'hoat':26 'hoc':20 'hong':19 'khong':18,30 'lan':22 'may':3 'model':37 'model/p/n':34 'nam':51 'nguon':25,44 'p.thiet':12 'p/n':39 'phong':17 'sat':6 'stt':43 'su':48 'tb':1 'thoi':46 'thong':32 'thuong':29 'tin':33 'tinh':4,23 'trang':24 'tranh':41 'trong':36 'tu':15 'va':38 'vat':14 'ykcnpnhd':2",,,2018,2018,581d9350-905f-46da-b45e-c2d8aba4d868,,,PBA,01/GP-CHK,,,80.000,,,,,,,,,,,,,,,,,,,san_sang,,f024c88e-8702-49c8-a302-15b93f6acb3c,,,,f,MAY_TINH_GIAM_SAT_GHI_AM_ATTECH,,{},KHONG,,83,he_thong
4a54e57c-fd71-47b0-be14-931957d55aaf,TB_W1H8NN70,Cảm biến nhiệt độ,98c88d39-bf0f-43c7-83a2-ca5d266ba54f,1020455,Cảm biến nhiệt độ,NESA,,7f40beb2-5d47-4f4a-b7df-35cd1cca56ae,d7faf284-1a3a-4e53-9433-8476900a66e7,,,1ce915ed-07e9-4b65-9209-2652ffd9b681,e43c5d4b-3c3c-4486-89da-73e9ac747ab4,Kho VTDP -  Đài KSKL TUY HÒA,"Ra soat 2026-07-11, file nguon: THA_DAW21",,,,,2026-07-11 09:50:09.894644+00,2026-08-11 04:37:10.204448+00,54f5eb32-6a74-4b21-aae3-46cc63e2271b,,e96be350-6615-441a-91f5-53ad976e91b3,"TB_W1H8NN70 Cam bien nhiet do 1020455 Cam bien nhiet do NESA  Kho VTDP -  Dai KSKL TUY HOA Ra soat 2026-07-11, file nguon: THA_DAW21","'-07':22 '-11':23 '1020455':7 '2026':21 'bien':4,9 'cam':3,8 'dai':15 'daw21':27 'do':6,11 'file':24 'hoa':18 'kho':13 'kskl':16 'nesa':12 'nguon':25 'nhiet':5,10 'ra':19 'soat':20 'tb':1 'tha':26 'tuy':17 'vtdp':14 'w1h8nn70':2",AWOS D-AW21,TA-C,,,e43c5d4b-3c3c-4486-89da-73e9ac747ab4,,Cảm biến,THA,,,,,,,,,,,,,,,,,,,,,,,san_sang,,f024c88e-8702-49c8-a302-15b93f6acb3c,,,,f,TB_THA_091,bc45a565-366f-4f7f-8c35-15d3b3871582,{},KHONG,,100,he_thong
a9d023c4-0e00-4435-8000-fd9e7cac3050,TB_FQC0CZTJ,Cảm biến độ ẩm,98c88d39-bf0f-43c7-83a2-ca5d266ba54f,1020457,Cảm biến độ ẩm,NESA,,7f40beb2-5d47-4f4a-b7df-35cd1cca56ae,d7faf284-1a3a-4e53-9433-8476900a66e7,,,1ce915ed-07e9-4b65-9209-2652ffd9b681,e43c5d4b-3c3c-4486-89da-73e9ac747ab4,Kho VTDP -  Đài KSKL TUY HÒA,"Ra soat 2026-07-11, file nguon: THA_DAW21",,,,,2026-07-11 09:50:09.894644+00,2026-08-11 04:37:10.204448+00,54f5eb32-6a74-4b21-aae3-46cc63e2271b,,e96be350-6615-441a-91f5-53ad976e91b3,"TB_FQC0CZTJ Cam bien do am 1020457 Cam bien do am NESA  Kho VTDP -  Dai KSKL TUY HOA Ra soat 2026-07-11, file nguon: THA_DAW21","'-07':22 '-11':23 '1020457':7 '2026':21 'am':6,11 'bien':4,9 'cam':3,8 'dai':15 'daw21':27 'do':5,10 'file':24 'fqc0cztj':2 'hoa':18 'kho':13 'kskl':16 'nesa':12 'nguon':25 'ra':19 'soat':20 'tb':1 'tha':26 'tuy':17 'vtdp':14",AWOS D-AW21,UR-C,,,e43c5d4b-3c3c-4486-89da-73e9ac747ab4,,Cảm biến,THA,,,,,,,,,,,,,,,,,,,,,,,san_sang,,f024c88e-8702-49c8-a302-15b93f6acb3c,,,,f,TB_THA_092,68846d95-ef16-44f9-8643-3676096fe12b,{},KHONG,,100,he_thong
16bed946-8dbe-433c-93de-43adb40c16cc,TB_1ESVSE5H,Cảm biến áp suất,98c88d39-bf0f-43c7-83a2-ca5d266ba54f,1020135,Cảm biến áp suất,NESA,,7f40beb2-5d47-4f4a-b7df-35cd1cca56ae,d7faf284-1a3a-4e53-9433-8476900a66e7,,,1ce915ed-07e9-4b65-9209-2652ffd9b681,e43c5d4b-3c3c-4486-89da-73e9ac747ab4,Kho VTDP -  Đài KSKL TUY HÒA,"Ra soat 2026-07-11, file nguon: THA_DAW21",,,,,2026-07-11 09:50:09.894644+00,2026-08-11 04:37:10.204448+00,54f5eb32-6a74-4b21-aae3-46cc63e2271b,,e96be350-6615-441a-91f5-53ad976e91b3,"TB_1ESVSE5H Cam bien ap suat 1020135 Cam bien ap suat NESA  Kho VTDP -  Dai KSKL TUY HOA Ra soat 2026-07-11, file nguon: THA_DAW21","'-07':22 '-11':23 '1020135':7 '1esvse5h':2 '2026':21 'ap':5,10 'bien':4,9 'cam':3,8 'dai':15 'daw21':27 'file':24 'hoa':18 'kho':13 'kskl':16 'nesa':12 'nguon':25 'ra':19 'soat':20 'suat':6,11 'tb':1 'tha':26 'tuy':17 'vtdp':14",AWOS D-AW21,BAR-AV-S,,,e43c5d4b-3c3c-4486-89da-73e9ac747ab4,,Cảm biến,THA,,,,,,,,,,,,,,,,,,,,,,,san_sang,,f024c88e-8702-49c8-a302-15b93f6acb3c,,,,f,TB_THA_093,202b1373-9caf-486b-af3b-5c609c444866,{},KHONG,,100,he_thong
c264d9a9-0aaa-423a-892b-2ae5a0660f4e,TB_KPK59Q5B,Cảm biến đo hướng và đo tốc độ gió,98c88d39-bf0f-43c7-83a2-ca5d266ba54f,2302009,Cảm biến đo hướng và đo tốc độ gió,Gill,,7f40beb2-5d47-4f4a-b7df-35cd1cca56ae,d7faf284-1a3a-4e53-9433-8476900a66e7,,,1ce915ed-07e9-4b65-9209-2652ffd9b681,e43c5d4b-3c3c-4486-89da-73e9ac747ab4,Trạm khí tượng giữa (cột AW11),"Ra soat 2026-07-11, file nguon: THA_DAW21",,,,,2026-07-11 09:50:09.894644+00,2026-08-11 04:37:10.204448+00,8a078690-3935-478c-9d8c-92ed4818430f,,e96be350-6615-441a-91f5-53ad976e91b3,"TB_KPK59Q5B Cam bien do huong va do toc do gio 2302009 Cam bien do huong va do toc do gio Gill  Tram khi tuong giua (cot AW11) Ra soat 2026-07-11, file nguon: THA_DAW21","'-07':32 '-11':33 '2026':31 '2302009':12 'aw11':28 'bien':4,14 'cam':3,13 'cot':27 'daw21':37 'do':5,8,10,15,18,20 'file':34 'gill':22 'gio':11,21 'giua':26 'huong':6,16 'khi':24 'kpk59q5b':2 'nguon':35 'ra':29 'soat':30 'tb':1 'tha':36 'toc':9,19 'tram':23 'tuong':25 'va':7,17",THIẾT BỊ QUAN TRẮC THÔNG DỤNG,Observer90,,,e43c5d4b-3c3c-4486-89da-73e9ac747ab4,,Cảm biến,THA,,,,,,,,,,,,,,,,,,,,,,,san_sang,,f024c88e-8702-49c8-a302-15b93f6acb3c,,,,f,TB_THA_096,e7d3e4a0-1cdf-48d0-9a67-67d43ffc52af,{},KHONG,,100,he_thong
f6b90913-4e1e-4fd4-90de-0a1b533a1d98,TB_3C007NYX,Datalogger,ae03f513-6763-46f8-913d-91a103966947,1020464,Data logger,NESA,,7f40beb2-5d47-4f4a-b7df-35cd1cca56ae,d7faf284-1a3a-4e53-9433-8476900a66e7,,,1ce915ed-07e9-4b65-9209-2652ffd9b681,e43c5d4b-3c3c-4486-89da-73e9ac747ab4,Kho VTDP -  Đài KSKL TUY HÒA,"Ra soat 2026-07-11, file nguon: THA_DAW21",,,,,2026-07-11 09:50:09.894644+00,2026-08-11 04:37:10.204448+00,54f5eb32-6a74-4b21-aae3-46cc63e2271b,,e96be350-6615-441a-91f5-53ad976e91b3,"TB_3C007NYX Datalogger 1020464 Data logger NESA  Kho VTDP -  Dai KSKL TUY HOA Ra soat 2026-07-11, file nguon: THA_DAW21",'-07':17 '-11':18 '1020464':4 '2026':16 '3c007nyx':2 'dai':10 'data':5 'datalogger':3 'daw21':22 'file':19 'hoa':13 'kho':8 'kskl':11 'logger':6 'nesa':7 'nguon':20 'ra':14 'soat':15 'tb':1 'tha':21 'tuy':12 'vtdp':9,AWOS D-AW21,Evolution,,,e43c5d4b-3c3c-4486-89da-73e9ac747ab4,,Thiết bị thu thập dữ liệu,THA,,,,,,,,,,,,,,,,,,,,,,,san_sang,,f024c88e-8702-49c8-a302-15b93f6acb3c,,,,f,TB_THA_094,c3f93d31-e4ab-4593-8f05-a96833fe46f5,{},KHONG,,100,he_thong
a224920f-7bfb-4aa7-ae00-fcd3e58106d6,TB_ECX8QY7W,Thiết bị thu phát vô tuyến,ae03f513-6763-46f8-913d-91a103966947,,Thiết bị thu phát vô tuyến,Ritron,,7f40beb2-5d47-4f4a-b7df-35cd1cca56ae,d7faf284-1a3a-4e53-9433-8476900a66e7,,,1ce915ed-07e9-4b65-9209-2652ffd9b681,e43c5d4b-3c3c-4486-89da-73e9ac747ab4,Cabin - Đài KSKL TUY HÒA,"Ra soat 2026-07-11, file nguon: THA_DAW21",,,,,2026-07-11 09:50:09.894644+00,2026-08-11 04:37:10.204448+00,ceeef1ba-894d-4e04-9fb3-6efefba20836,,e96be350-6615-441a-91f5-53ad976e91b3,"TB_ECX8QY7W Thiet bi thu phat vo tuyen  Thiet bi thu phat vo tuyen Ritron  Cabin - Dai KSKL TUY HOA Ra soat 2026-07-11, file nguon: THA_DAW21","'-07':24 '-11':25 '2026':23 'bi':4,10 'cabin':16 'dai':17 'daw21':29 'ecx8qy7w':2 'file':26 'hoa':20 'kskl':18 'nguon':27 'phat':6,12 'ra':21 'ritron':15 'soat':22 'tb':1 'tha':28 'thiet':3,9 'thu':5,11 'tuy':19 'tuyen':8,14 'vo':7,13",THIẾT BỊ QUAN TRẮC THÔNG DỤNG,DTXM-460-O,,,e43c5d4b-3c3c-4486-89da-73e9ac747ab4,,Truyền dẫn,THA,,,,,,,,,,,,,,,,,,,,,,,san_sang,,f024c88e-8702-49c8-a302-15b93f6acb3c,,,,f,TB_THA_098,517578e4-2091-47dd-b2c1-e6d44dc9ce8c,{},KHONG,,83,he_thong
ce49f1ed-ac39-4395-8a0a-591f05f4abf2,TB_FSZ9M838,Nguồn AC/DC,accf1740-4c18-4b9a-895f-59d85ba593b5,,Nguồn AC/DC,MeanWell,,7f40beb2-5d47-4f4a-b7df-35cd1cca56ae,d7faf284-1a3a-4e53-9433-8476900a66e7,,,1ce915ed-07e9-4b65-9209-2652ffd9b681,e43c5d4b-3c3c-4486-89da-73e9ac747ab4,Trạm khí tượng giữa (cột AW11),"Ra soat 2026-07-11, file nguon: THA_DAW21",,,,,2026-07-11 09:50:09.894644+00,2026-08-11 04:37:10.204448+00,0e8dbaf8-aa3e-4d9d-bab2-99b08381f6f9,,e96be350-6615-441a-91f5-53ad976e91b3,"TB_FSZ9M838 Nguon AC/DC  Nguon AC/DC MeanWell  Tram khi tuong giua (cot AW11) Ra soat 2026-07-11, file nguon: THA_DAW21","'-07':17 '-11':18 '2026':16 'ac/dc':4,6 'aw11':13 'cot':12 'daw21':22 'file':19 'fsz9m838':2 'giua':11 'khi':9 'meanwell':7 'nguon':3,5,20 'ra':14 'soat':15 'tb':1 'tha':21 'tram':8 'tuong':10",THIẾT BỊ QUAN TRẮC THÔNG DỤNG,DRC-60B,,,e43c5d4b-3c3c-4486-89da-73e9ac747ab4,,Thiết bị nguồn,THA,,,,,,,,,,,,,,,,,,,,,,,san_sang,,f024c88e-8702-49c8-a302-15b93f6acb3c,,,,f,TB_THA_099,5a9b0333-a084-4240-96ab-bd5db912930c,{},KHONG,,83,he_thong
f3906bce-58e1-46b5-96c4-64bfc4d6c197,TB_ST02N0BA,Ắc quy dự phòng 12V,accf1740-4c18-4b9a-895f-59d85ba593b5,,Ắc quy dự phòng 12V,Globe,,7f40beb2-5d47-4f4a-b7df-35cd1cca56ae,d7faf284-1a3a-4e53-9433-8476900a66e7,,,1ce915ed-07e9-4b65-9209-2652ffd9b681,e43c5d4b-3c3c-4486-89da-73e9ac747ab4,Trạm khí tượng giữa (cột AW11),"Ra soat 2026-07-11, file nguon: THA_DAW21",,,,,2026-07-11 09:50:09.894644+00,2026-08-11 04:37:10.204448+00,d1cca3c3-700f-4aa7-b3bf-f23dc6e9498a,,e96be350-6615-441a-91f5-53ad976e91b3,"TB_ST02N0BA Ac quy du phong 12V  Ac quy du phong 12V Globe  Tram khi tuong giua (cot AW11) Ra soat 2026-07-11, file nguon: THA_DAW21","'-07':23 '-11':24 '12v':7,12 '2026':22 'ac':3,8 'aw11':19 'cot':18 'daw21':28 'du':5,10 'file':25 'giua':17 'globe':13 'khi':15 'nguon':26 'phong':6,11 'quy':4,9 'ra':20 'soat':21 'st02n0ba':2 'tb':1 'tha':27 'tram':14 'tuong':16",THIẾT BỊ QUAN TRẮC THÔNG DỤNG,WP7.5-12,,,e43c5d4b-3c3c-4486-89da-73e9ac747ab4,,Thiết bị nguồn,THA,,,,,,,,,,,,,,,,,,,,,,,san_sang,,f024c88e-8702-49c8-a302-15b93f6acb3c,,,,f,TB_THA_101,6440cce9-d52f-41a1-80ed-f9468b3ba9dd,{},KHONG,,83,he_thong
c66b8583-9f9a-4865-81a8-49c93a5b9b58,TB_1PEH1W49,Màn hình hiển thị số liệu gió,83e7d93e-2f76-4d4f-a6bc-08926383aba1,14000002941,Màn hình hiển thị số liệu gió,Observator,,7f40beb2-5d47-4f4a-b7df-35cd1cca56ae,d7faf284-1a3a-4e53-9433-8476900a66e7,,,1ce915ed-07e9-4b65-9209-2652ffd9b681,e43c5d4b-3c3c-4486-89da-73e9ac747ab4,Cabin - Đài KSKL TUY HÒA,"Ra soat 2026-07-11, file nguon: THA_DAW21",,,,,2026-07-11 09:50:09.894644+00,2026-08-11 04:37:10.204448+00,1f8c6a88-4da8-4cff-bf77-616d07522c3c,,e96be350-6615-441a-91f5-53ad976e91b3,"TB_1PEH1W49 Man hinh hien thi so lieu gio 14000002941 Man hinh hien thi so lieu gio Observator  Cabin - Dai KSKL TUY HOA Ra soat 2026-07-11, file nguon: THA_DAW21","'-07':27 '-11':28 '14000002941':10 '1peh1w49':2 '2026':26 'cabin':19 'dai':20 'daw21':32 'file':29 'gio':9,17 'hien':5,13 'hinh':4,12 'hoa':23 'kskl':21 'lieu':8,16 'man':3,11 'nguon':30 'observator':18 'ra':24 'so':7,15 'soat':25 'tb':1 'tha':31 'thi':6,14 'tuy':22",THIẾT BỊ QUAN TRẮC THÔNG DỤNG,OCM-140,,,e43c5d4b-3c3c-4486-89da-73e9ac747ab4,,Xử lý trung tâm,THA,,,,,,,,,,,,,,,,,,,,,,,san_sang,,f024c88e-8702-49c8-a302-15b93f6acb3c,,,,f,TB_THA_102,b63cae62-2dbf-4b84-ae97-c6526954dfa5,{},KHONG,,100,he_thong
ac15add6-c322-4d41-8af7-c575d5f5286c,TB_W3XTRTX8,Đo nhiệt độ độ ẩm,98c88d39-bf0f-43c7-83a2-ca5d266ba54f,1  Và 24,Đo nhiệt độ độ ẩm,,,7f40beb2-5d47-4f4a-b7df-35cd1cca56ae,d7faf284-1a3a-4e53-9433-8476900a66e7,,,1ce915ed-07e9-4b65-9209-2652ffd9b681,e43c5d4b-3c3c-4486-89da-73e9ac747ab4,Lều khí tượng - Đài KSKL TUY HÒA,"Ra soat 2026-07-11, file nguon: THA_DAW21",,,,,2026-07-11 09:50:09.894644+00,2026-08-11 04:37:10.204448+00,,,e96be350-6615-441a-91f5-53ad976e91b3,"TB_W3XTRTX8 Do nhiet do do am 1  Va 24 Do nhiet do do am   Leu khi tuong - Dai KSKL TUY HOA Ra soat 2026-07-11, file nguon: THA_DAW21","'-07':26 '-11':27 '1':8 '2026':25 '24':10 'am':7,15 'dai':19 'daw21':31 'do':3,5,6,11,13,14 'file':28 'hoa':22 'khi':17 'kskl':20 'leu':16 'nguon':29 'nhiet':4,12 'ra':23 'soat':24 'tb':1 'tha':30 'tuong':18 'tuy':21 'va':9 'w3xtrtx8':2",THIẾT BỊ QUAN TRẮC THÔNG DỤNG,WQG - 11,,,e43c5d4b-3c3c-4486-89da-73e9ac747ab4,,Cảm biến,THA,,,,,,,,,,,,,,,,,,,,,,,san_sang,,f024c88e-8702-49c8-a302-15b93f6acb3c,,,,f,TB_THA_103,7d577744-81e3-42f3-b793-9e39642a300a,{},KHONG,,100,he_thong
9119568c-da9f-40ba-b7a1-c5dc07e908b2,TB_DM1YEYFR,Cắt lọc sét nguồn AC - tủ điện tổng các trạm,660f73b4-1975-4bde-8c87-810a23ef6e2c,,Cắt lọc sét nguồn AC - tủ điện tổng các trạm,nVent ERICO,,7f40beb2-5d47-4f4a-b7df-35cd1cca56ae,d7faf284-1a3a-4e53-9433-8476900a66e7,,,1ce915ed-07e9-4b65-9209-2652ffd9b681,e43c5d4b-3c3c-4486-89da-73e9ac747ab4,"Trạm khí tượng giữa, trạm khí tượng 03, trạm khí tượng 21, trạm trần mây 03, trạm trần mây 21","Ra soat 2026-07-11, file nguon: THA_DAW21",,,,,2026-07-11 09:50:09.894644+00,2026-08-11 04:37:10.204448+00,2e05f201-8ee7-4f2d-afe5-963dc6d94500,,e96be350-6615-441a-91f5-53ad976e91b3,"TB_DM1YEYFR Cat loc set nguon AC - tu dien tong cac tram  Cat loc set nguon AC - tu dien tong cac tram nVent ERICO  Tram khi tuong giua, tram khi tuong 03, tram khi tuong 21, tram tran may 03, tram tran may 21 Ra soat 2026-07-11, file nguon: THA_DAW21","'-07':48 '-11':49 '03':32,40 '2026':47 '21':36,44 'ac':7,17 'cac':11,21 'cat':3,13 'daw21':53 'dien':9,19 'dm1yeyfr':2 'erico':24 'file':50 'giua':28 'khi':26,30,34 'loc':4,14 'may':39,43 'nguon':6,16,51 'nvent':23 'ra':45 'set':5,15 'soat':46 'tb':1 'tha':52 'tong':10,20 'tram':12,22,25,29,33,37,41 'tran':38,42 'tu':8,18 'tuong':27,31,35",AWOS D-AW21,TSG1130-2S,,,e43c5d4b-3c3c-4486-89da-73e9ac747ab4,,Cắt lọc sét,THA,,,,,,,,,,,,,,,,,,,,,,,san_sang,,f024c88e-8702-49c8-a302-15b93f6acb3c,,,,f,TB_THA_082,87540acc-373a-48b6-b9ef-eca82e6c97a8,{},KHONG,,83,he_thong
14010bb2-df23-48e2-b9ec-1bfaa423bbfd,TB_N8B4MXQK,Màn hình hiển thị số liệu độ - độ ẩm - khí áp,83e7d93e-2f76-4d4f-a6bc-08926383aba1,,Màn hình hiển thị số liệu Nhiệt-Ẩm-Áp,VTD,,7f40beb2-5d47-4f4a-b7df-35cd1cca56ae,d7faf284-1a3a-4e53-9433-8476900a66e7,,,1ce915ed-07e9-4b65-9209-2652ffd9b681,e43c5d4b-3c3c-4486-89da-73e9ac747ab4,Phòng MET - Đài KSKL TUY HÒA,"Ra soat 2026-07-11, file nguon: THA_DAW21",,,,,2026-07-11 09:50:09.894644+00,2026-08-11 04:37:10.204448+00,2e2c3258-c675-4f4b-9435-c832804f802a,,e96be350-6615-441a-91f5-53ad976e91b3,"TB_N8B4MXQK Man hinh hien thi so lieu do - do am - khi ap  Man hinh hien thi so lieu Nhiet-Am-Ap VTD  Phong MET - Dai KSKL TUY HOA Ra soat 2026-07-11, file nguon: THA_DAW21","'-07':34 '-11':35 '2026':33 'am':11,22 'ap':13,23 'dai':27 'daw21':39 'do':9,10 'file':36 'hien':5,16 'hinh':4,15 'hoa':30 'khi':12 'kskl':28 'lieu':8,19 'man':3,14 'met':26 'n8b4mxqk':2 'nguon':37 'nhiet':21 'nhiet-am-ap':20 'phong':25 'ra':31 'so':7,18 'soat':32 'tb':1 'tha':38 'thi':6,17 'tuy':29 'vtd':24",THIẾT BỊ QUAN TRẮC THÔNG DỤNG,Pipad,,,e43c5d4b-3c3c-4486-89da-73e9ac747ab4,,Xử lý trung tâm,THA,,,,,,,,,,,,,,,,,,,,,,,san_sang,,f024c88e-8702-49c8-a302-15b93f6acb3c,,,,f,TB_THA_107,f11a88e5-3567-4da7-8c1a-45de7c3ec05d,{},KHONG,,83,he_thong
426cde7a-e640-4ab4-9f9a-697e6428f33e,TB_H9X6CZ2N,Màn hình hiển thị số liệu độ - độ ẩm - khí áp,83e7d93e-2f76-4d4f-a6bc-08926383aba1,,Màn hình hiển thị số liệu Nhiệt-Ẩm-Áp,VTD,,7f40beb2-5d47-4f4a-b7df-35cd1cca56ae,d7faf284-1a3a-4e53-9433-8476900a66e7,,,1ce915ed-07e9-4b65-9209-2652ffd9b681,e43c5d4b-3c3c-4486-89da-73e9ac747ab4,Cabin - Đài KSKL TUY HÒA,"Ra soat 2026-07-11, file nguon: THA_DAW21",,,,,2026-07-11 09:50:09.894644+00,2026-08-11 04:37:10.204448+00,2e2c3258-c675-4f4b-9435-c832804f802a,,e96be350-6615-441a-91f5-53ad976e91b3,"TB_H9X6CZ2N Man hinh hien thi so lieu do - do am - khi ap  Man hinh hien thi so lieu Nhiet-Am-Ap VTD  Cabin - Dai KSKL TUY HOA Ra soat 2026-07-11, file nguon: THA_DAW21","'-07':33 '-11':34 '2026':32 'am':11,22 'ap':13,23 'cabin':25 'dai':26 'daw21':38 'do':9,10 'file':35 'h9x6cz2n':2 'hien':5,16 'hinh':4,15 'hoa':29 'khi':12 'kskl':27 'lieu':8,19 'man':3,14 'nguon':36 'nhiet':21 'nhiet-am-ap':20 'ra':30 'so':7,18 'soat':31 'tb':1 'tha':37 'thi':6,17 'tuy':28 'vtd':24",THIẾT BỊ QUAN TRẮC THÔNG DỤNG,Pipad,,,e43c5d4b-3c3c-4486-89da-73e9ac747ab4,,Xử lý trung tâm,THA,,,,,,,,,,,,,,,,,,,,,,,san_sang,,f024c88e-8702-49c8-a302-15b93f6acb3c,,,,f,TB_THA_108,f11a88e5-3567-4da7-8c1a-45de7c3ec05d,{},KHONG,,83,he_thong
117402a7-5b4d-485e-bbbe-3d236f4cfb9c,TB_RGTPC9GT,Thiết bị chuyển đổi tín hiệu,ae03f513-6763-46f8-913d-91a103966947,,Thiết bị Serial server,3Onedata,,7f40beb2-5d47-4f4a-b7df-35cd1cca56ae,d7faf284-1a3a-4e53-9433-8476900a66e7,,,1ce915ed-07e9-4b65-9209-2652ffd9b681,e43c5d4b-3c3c-4486-89da-73e9ac747ab4,Cabin - Đài KSKL TUY HÒA,"Ra soat 2026-07-11, file nguon: THA_DAW21",,,,,2026-07-11 09:50:09.894644+00,2026-08-11 04:37:10.204448+00,7c809d84-88ee-4505-9e8e-d5f291ec5afd,,e96be350-6615-441a-91f5-53ad976e91b3,"TB_RGTPC9GT Thiet bi chuyen doi tin hieu  Thiet bi Serial server 3Onedata  Cabin - Dai KSKL TUY HOA Ra soat 2026-07-11, file nguon: THA_DAW21","'-07':22 '-11':23 '2026':21 '3onedata':13 'bi':4,10 'cabin':14 'chuyen':5 'dai':15 'daw21':27 'doi':6 'file':24 'hieu':8 'hoa':18 'kskl':16 'nguon':25 'ra':19 'rgtpc9gt':2 'serial':11 'server':12 'soat':20 'tb':1 'tha':26 'thiet':3,9 'tin':7 'tuy':17",THIẾT BỊ QUAN TRẮC THÔNG DỤNG,NP301,,,e43c5d4b-3c3c-4486-89da-73e9ac747ab4,,Truyền dẫn,THA,,,,,,,,,,,,,,,,,,,,,,,san_sang,,f024c88e-8702-49c8-a302-15b93f6acb3c,,,,f,TB_THA_106,3180d492-2ec7-45e4-a7d0-2a561293d737,{},KHONG,,83,he_thong
7c818972-fd6e-4731-adcb-df26f8615fc9,TB_M8E4NHK1,Khí áp kế,98c88d39-bf0f-43c7-83a2-ca5d266ba54f,V0821329,Cảm biến đo khí áp,Vaisala,,7f40beb2-5d47-4f4a-b7df-35cd1cca56ae,d7faf284-1a3a-4e53-9433-8476900a66e7,,,1ce915ed-07e9-4b65-9209-2652ffd9b681,e43c5d4b-3c3c-4486-89da-73e9ac747ab4,Cabin - Đài KSKL TUY HÒA,"Ra soat 2026-07-11, file nguon: THA_DAW21",,,,,2026-07-11 09:50:09.894644+00,2026-08-11 04:37:10.204448+00,79b069cc-810c-41ab-9b03-9032c1804a5f,,e96be350-6615-441a-91f5-53ad976e91b3,"TB_M8E4NHK1 Khi ap ke V0821329 Cam bien do khi ap Vaisala  Cabin - Dai KSKL TUY HOA Ra soat 2026-07-11, file nguon: THA_DAW21","'-07':21 '-11':22 '2026':20 'ap':4,11 'bien':8 'cabin':13 'cam':7 'dai':14 'daw21':26 'do':9 'file':23 'hoa':17 'ke':5 'khi':3,10 'kskl':15 'm8e4nhk1':2 'nguon':24 'ra':18 'soat':19 'tb':1 'tha':25 'tuy':16 'v0821329':6 'vaisala':12",THIẾT BỊ QUAN TRẮC THÔNG DỤNG,PTB330,,,e43c5d4b-3c3c-4486-89da-73e9ac747ab4,,Cảm biến,THA,,,,,,,,,,,,,,,,,,,,,,,san_sang,,f024c88e-8702-49c8-a302-15b93f6acb3c,,,,f,TB_THA_109,d61e21eb-ca7b-4dba-96ac-5f4be0bf3c81,{},KHONG,,100,he_thong
a43b16f7-98cb-46b3-a372-fc846d5f5480,TB_M780WKN2,Cảm biến đo khí áp,98c88d39-bf0f-43c7-83a2-ca5d266ba54f,,Cảm biến đo khí áp,Vaisala,,a0625061-0c6d-4e0b-b438-d696787ad746,d7faf284-1a3a-4e53-9433-8476900a66e7,,,1ce915ed-07e9-4b65-9209-2652ffd9b681,65ac5e26-b0a7-487e-a72d-3f0dfc3facc2,Trạm MID,"Ra soat 2026-07-11, file nguon: BDKT_OPTIMET",,,,,2026-07-11 09:50:09.894644+00,2026-08-11 04:37:10.204448+00,79b069cc-810c-41ab-9b03-9032c1804a5f,,e96be350-6615-441a-91f5-53ad976e91b3,"TB_M780WKN2 Cam bien do khi ap  Cam bien do khi ap Vaisala  Tram MID Ra soat 2026-07-11, file nguon: BDKT_OPTIMET","'-07':19 '-11':20 '2026':18 'ap':7,12 'bdkt':23 'bien':4,9 'cam':3,8 'do':5,10 'file':21 'khi':6,11 'm780wkn2':2 'mid':15 'nguon':22 'optimet':24 'ra':16 'soat':17 'tb':1 'tram':14 'vaisala':13",Optimet,PTB330,,,65ac5e26-b0a7-487e-a72d-3f0dfc3facc2,,Cảm biến,BDKT-KTKT,,,,,,,,,,,,,,,,,,,,,,,san_sang,,f024c88e-8702-49c8-a302-15b93f6acb3c,,,,f,TB_BDKT_KTKT_010,d61e21eb-ca7b-4dba-96ac-5f4be0bf3c81,{},KHONG,,83,he_thong
d6a19d83-43d7-43a8-acaa-b062c92fd741,TB_AZA4ABC7,04 Converter Etherwan 10/100BASE-TX to 100BASE-FX Single Mode (SC) -20Km Media Converter (1310nm),ae03f513-6763-46f8-913d-91a103966947,EL100C-20,04 Converter Etherwan 10/100BASE-TX to 100BASE-FX Single Mode (SC) -20Km Media Converter (1310nm),ETHEWAN,,5ae20f2b-30dc-409c-95db-68b98b79c94e,d7faf284-1a3a-4e53-9433-8476900a66e7,,,1ce915ed-07e9-4b65-9209-2652ffd9b681,f59bf0bd-520b-4245-80db-dc71b7187bf1,,Đề xuất: Không | Hỏng hóc: 0 lần | Tình trạng: Hoạt động bình thường | VTDP: Có dự phòng trong kho | Niên hạn: Quá 2/3,,,,,2026-07-11 09:50:09.894644+00,2026-08-11 04:37:10.204448+00,d587f701-fb92-4a71-934e-aa75a3f071f3,,e96be350-6615-441a-91f5-53ad976e91b3,TB_AZA4ABC7 04 Converter Etherwan 10/100BASE-TX to 100BASE-FX Single Mode (SC) -20Km Media Converter (1310nm) EL100C-20 04 Converter Etherwan 10/100BASE-TX to 100BASE-FX Single Mode (SC) -20Km Media Converter (1310nm) ETHEWAN   De xuat: Khong | Hong hoc: 0 lan | Tinh trang: Hoat dong binh thuong | VTDP: Co du phong trong kho | Nien han: Qua 2/3,"'-20':14,20,32 '0':43 '04':3,21 '10/100base-tx':6,24 '100base':9,27 '100base-fx':8,26 '1310nm':18,36 '2/3':60 'aza4abc7':2 'binh':49 'co':52 'converter':4,17,22,35 'de':38 'dong':48 'du':53 'el100c':19 'etherwan':5,23 'ethewan':37 'fx':10,28 'han':58 'hoat':47 'hoc':42 'hong':41 'kho':56 'khong':40 'km':15,33 'lan':44 'media':16,34 'mode':12,30 'nien':57 'phong':54 'qua':59 'sc':13,31 'single':11,29 'tb':1 'thuong':50 'tinh':45 'to':7,25 'trang':46 'trong':55 'vtdp':51 'xuat':39",,,2012,2013,f59bf0bd-520b-4245-80db-dc71b7187bf1,,,CR,,,,0.867,,,,,,,,,,,,,,,,,,,san_sang,,f024c88e-8702-49c8-a302-15b93f6acb3c,,,,f,TB_N1_AWOS_0084,e0cede96-c46b-411a-9a8c-f97a5ae07521,{},KHONG,,100,he_thong
27d8dc95-1cd2-453a-a732-e45950e2dc90,TB_2CZV14WS,Modem UHF,ae03f513-6763-46f8-913d-91a103966947,,Modem UHF,RACOM,,a0625061-0c6d-4e0b-b438-d696787ad746,d7faf284-1a3a-4e53-9433-8476900a66e7,,,1ce915ed-07e9-4b65-9209-2652ffd9b681,65ac5e26-b0a7-487e-a72d-3f0dfc3facc2,CEILO 35,"Ra soat 2026-07-11, file nguon: BDKT_OPTIMET",,,,,2026-07-11 09:50:09.894644+00,2026-08-11 04:37:10.204448+00,ca029628-203c-4008-b4bc-89b0746a39c6,,e96be350-6615-441a-91f5-53ad976e91b3,"TB_2CZV14WS Modem UHF  Modem UHF RACOM  CEILO 35 Ra soat 2026-07-11, file nguon: BDKT_OPTIMET","'-07':13 '-11':14 '2026':12 '2czv14ws':2 '35':9 'bdkt':17 'ceilo':8 'file':15 'modem':3,5 'nguon':16 'optimet':18 'ra':10 'racom':7 'soat':11 'tb':1 'uhf':4,6",Optimet,RipEX-400SP,,,65ac5e26-b0a7-487e-a72d-3f0dfc3facc2,,Truyền dẫn,BDKT-KTKT,,,,,,,,,,,,,,,,,,,,,,,san_sang,,f024c88e-8702-49c8-a302-15b93f6acb3c,,,,f,TB_BDKT_KTKT_009,d28b2aa6-050f-46e2-bb5a-5e1970b424ab,{},KHONG,,83,he_thong
c903c5a2-467c-4b0f-862c-99accc9bbc2b,TB_F00Z5S1G,Cảm biến đo tầm nhìn,98c88d39-bf0f-43c7-83a2-ca5d266ba54f,,Cảm biến đo tầm nhìn,M-Tech,,a0625061-0c6d-4e0b-b438-d696787ad746,d7faf284-1a3a-4e53-9433-8476900a66e7,,,1ce915ed-07e9-4b65-9209-2652ffd9b681,65ac5e26-b0a7-487e-a72d-3f0dfc3facc2,Trạm MID,"Ra soat 2026-07-11, file nguon: BDKT_OPTIMET",,,,,2026-07-11 09:50:09.894644+00,2026-08-11 04:37:10.204448+00,ad5bae28-70da-4528-a406-c5c52467e25e,,e96be350-6615-441a-91f5-53ad976e91b3,"TB_F00Z5S1G Cam bien do tam nhin  Cam bien do tam nhin M-Tech  Tram MID Ra soat 2026-07-11, file nguon: BDKT_OPTIMET","'-07':21 '-11':22 '2026':20 'bdkt':25 'bien':4,9 'cam':3,8 'do':5,10 'f00z5s1g':2 'file':23 'm':14 'm-tech':13 'mid':17 'nguon':24 'nhin':7,12 'optimet':26 'ra':18 'soat':19 'tam':6,11 'tb':1 'tech':15 'tram':16",Optimet,7000-300,,,65ac5e26-b0a7-487e-a72d-3f0dfc3facc2,,Cảm biến,BDKT-KTKT,,,,,,,,,,,,,,,,,,,,,,,san_sang,,f024c88e-8702-49c8-a302-15b93f6acb3c,,,,f,TB_BDKT_KTKT_011,3d2f52d6-6edb-4ac7-9a9c-22f40ff5ff2f,{},KHONG,,83,he_thong
e979351b-ecee-4f41-9572-d2d5a302c108,TB_80074X5Z,Cảm biến đo hướng và đo tốc độ gió,98c88d39-bf0f-43c7-83a2-ca5d266ba54f,,Cảm biến đo hướng và đo tốc độ gió,Gill,,a0625061-0c6d-4e0b-b438-d696787ad746,d7faf284-1a3a-4e53-9433-8476900a66e7,,,1ce915ed-07e9-4b65-9209-2652ffd9b681,65ac5e26-b0a7-487e-a72d-3f0dfc3facc2,Trạm MID,"Ra soat 2026-07-11, file nguon: BDKT_OPTIMET",,,,,2026-07-11 09:50:09.894644+00,2026-08-11 04:37:10.204448+00,8a078690-3935-478c-9d8c-92ed4818430f,,e96be350-6615-441a-91f5-53ad976e91b3,"TB_80074X5Z Cam bien do huong va do toc do gio  Cam bien do huong va do toc do gio Gill  Tram MID Ra soat 2026-07-11, file nguon: BDKT_OPTIMET","'-07':27 '-11':28 '2026':26 '80074x5z':2 'bdkt':31 'bien':4,13 'cam':3,12 'do':5,8,10,14,17,19 'file':29 'gill':21 'gio':11,20 'huong':6,15 'mid':23 'nguon':30 'optimet':32 'ra':24 'soat':25 'tb':1 'toc':9,18 'tram':22 'va':7,16",Optimet,911-UWS,,,65ac5e26-b0a7-487e-a72d-3f0dfc3facc2,,Cảm biến,BDKT-KTKT,,,,,,,,,,,,,,,,,,,,,,,san_sang,,f024c88e-8702-49c8-a302-15b93f6acb3c,,,,f,TB_BDKT_KTKT_016,82acee26-c7af-4b8d-aeb6-507e93fc79d7,{},KHONG,,83,he_thong
3c26ccaf-09bf-4850-86f5-98f0354fbca0,TB_YNEQYK8R,Cảm biến đo hiện tượng thời tiết,98c88d39-bf0f-43c7-83a2-ca5d266ba54f,,Cảm biến đo hiện tượng thời tiết,All Weather,,a0625061-0c6d-4e0b-b438-d696787ad746,d7faf284-1a3a-4e53-9433-8476900a66e7,,,1ce915ed-07e9-4b65-9209-2652ffd9b681,65ac5e26-b0a7-487e-a72d-3f0dfc3facc2,Trạm MID,"Ra soat 2026-07-11, file nguon: BDKT_OPTIMET",,,,,2026-07-11 09:50:09.894644+00,2026-08-11 04:37:10.204448+00,8c53503a-8e6c-4698-bb44-06b929060b8a,,e96be350-6615-441a-91f5-53ad976e91b3,"TB_YNEQYK8R Cam bien do hien tuong thoi tiet  Cam bien do hien tuong thoi tiet All Weather  Tram MID Ra soat 2026-07-11, file nguon: BDKT_OPTIMET","'-07':24 '-11':25 '2026':23 'all':17 'bdkt':28 'bien':4,11 'cam':3,10 'do':5,12 'file':26 'hien':6,13 'mid':20 'nguon':27 'optimet':29 'ra':21 'soat':22 'tb':1 'thoi':8,15 'tiet':9,16 'tram':19 'tuong':7,14 'weather':18 'yneqyk8r':2",Optimet,6498-P,,,65ac5e26-b0a7-487e-a72d-3f0dfc3facc2,,Cảm biến,BDKT-KTKT,,,,,,,,,,,,,,,,,,,,,,,san_sang,,f024c88e-8702-49c8-a302-15b93f6acb3c,,,,f,TB_BDKT_KTKT_017,ab83e158-866e-4897-b747-69d05a696c9f,{},KHONG,,83,he_thong
43d9e02e-0b8e-4bfa-b372-6f255afe0495,TB_YTWMMBVY,Thiết bị Datataker,ae03f513-6763-46f8-913d-91a103966947,,Thiết bị Datataker,Datataker,,a0625061-0c6d-4e0b-b438-d696787ad746,d7faf284-1a3a-4e53-9433-8476900a66e7,,,1ce915ed-07e9-4b65-9209-2652ffd9b681,65ac5e26-b0a7-487e-a72d-3f0dfc3facc2,Trạm MID,"Ra soat 2026-07-11, file nguon: BDKT_OPTIMET",,,,,2026-07-11 09:50:09.894644+00,2026-08-11 04:37:10.204448+00,84ad453e-5411-4ab4-9b44-48427cac81a0,,e96be350-6615-441a-91f5-53ad976e91b3,"TB_YTWMMBVY Thiet bi Datataker  Thiet bi Datataker Datataker  Tram MID Ra soat 2026-07-11, file nguon: BDKT_OPTIMET","'-07':15 '-11':16 '2026':14 'bdkt':19 'bi':4,7 'datataker':5,8,9 'file':17 'mid':11 'nguon':18 'optimet':20 'ra':12 'soat':13 'tb':1 'thiet':3,6 'tram':10 'ytwmmbvy':2",Optimet,DT80,,,65ac5e26-b0a7-487e-a72d-3f0dfc3facc2,,Thiết bị thu thập dữ liệu,BDKT-KTKT,,,,,,,,,,,,,,,,,,,,,,,san_sang,,f024c88e-8702-49c8-a302-15b93f6acb3c,,,,f,TB_BDKT_KTKT_015,cb41d11e-3a27-487e-9dc3-e9540b59b5f5,{},KHONG,,83,he_thong
efc9642f-4353-4763-828d-d5004a2ba159,TB_81QTA074,Cảm biến đo nhiệt độ độ ẩm,98c88d39-bf0f-43c7-83a2-ca5d266ba54f,,Cảm biến đo nhiệt độ độ ẩm,Vaisala,,a0625061-0c6d-4e0b-b438-d696787ad746,d7faf284-1a3a-4e53-9433-8476900a66e7,,,1ce915ed-07e9-4b65-9209-2652ffd9b681,65ac5e26-b0a7-487e-a72d-3f0dfc3facc2,Trạm MID,"Ra soat 2026-07-11, file nguon: BDKT_OPTIMET",,,,,2026-07-11 09:50:09.894644+00,2026-08-11 04:37:10.204448+00,79b069cc-810c-41ab-9b03-9032c1804a5f,,e96be350-6615-441a-91f5-53ad976e91b3,"TB_81QTA074 Cam bien do nhiet do do am  Cam bien do nhiet do do am Vaisala  Tram MID Ra soat 2026-07-11, file nguon: BDKT_OPTIMET","'-07':23 '-11':24 '2026':22 '81qta074':2 'am':9,16 'bdkt':27 'bien':4,11 'cam':3,10 'do':5,7,8,12,14,15 'file':25 'mid':19 'nguon':26 'nhiet':6,13 'optimet':28 'ra':20 'soat':21 'tb':1 'tram':18 'vaisala':17",Optimet,HMP155D,,,65ac5e26-b0a7-487e-a72d-3f0dfc3facc2,,Cảm biến,BDKT-KTKT,,,,,,,,,,,,,,,,,,,,,,,san_sang,,f024c88e-8702-49c8-a302-15b93f6acb3c,,,,f,TB_BDKT_KTKT_018,38c97d75-a89e-4474-bc4b-557eeb4d6799,{},KHONG,,83,he_thong
cb81c8cf-e693-4266-936a-8b54d674736c,TB_4X0YKF2P,Modem UHF,ae03f513-6763-46f8-913d-91a103966947,,Modem UHF,RACOM,,a0625061-0c6d-4e0b-b438-d696787ad746,d7faf284-1a3a-4e53-9433-8476900a66e7,,,1ce915ed-07e9-4b65-9209-2652ffd9b681,65ac5e26-b0a7-487e-a72d-3f0dfc3facc2,CEILO 17,"Ra soat 2026-07-11, file nguon: BDKT_OPTIMET",,,,,2026-07-11 09:50:09.894644+00,2026-08-11 04:37:10.204448+00,ca029628-203c-4008-b4bc-89b0746a39c6,,e96be350-6615-441a-91f5-53ad976e91b3,"TB_4X0YKF2P Modem UHF  Modem UHF RACOM  CEILO 17 Ra soat 2026-07-11, file nguon: BDKT_OPTIMET","'-07':13 '-11':14 '17':9 '2026':12 '4x0ykf2p':2 'bdkt':17 'ceilo':8 'file':15 'modem':3,5 'nguon':16 'optimet':18 'ra':10 'racom':7 'soat':11 'tb':1 'uhf':4,6",Optimet,RipEX-400SP,,,65ac5e26-b0a7-487e-a72d-3f0dfc3facc2,,Truyền dẫn,BDKT-KTKT,,,,,,,,,,,,,,,,,,,,,,,san_sang,,f024c88e-8702-49c8-a302-15b93f6acb3c,,,,f,TB_BDKT_KTKT_031,d28b2aa6-050f-46e2-bb5a-5e1970b424ab,{},KHONG,,83,he_thong
5b9d4f8c-bb00-4d68-ae3a-6e04dfa1d596,TB_DNHZFZB8,Thiết bị Serial to Ethernet,ae03f513-6763-46f8-913d-91a103966947,,Converter Nport IA5250,Moxa,,a0625061-0c6d-4e0b-b438-d696787ad746,d7faf284-1a3a-4e53-9433-8476900a66e7,,,1ce915ed-07e9-4b65-9209-2652ffd9b681,65ac5e26-b0a7-487e-a72d-3f0dfc3facc2,CEILO 17,"Ra soat 2026-07-11, file nguon: BDKT_OPTIMET",,,,,2026-07-11 09:50:09.894644+00,2026-08-11 04:37:10.204448+00,a5454b1e-b677-4fd8-8494-b4c080de867d,,e96be350-6615-441a-91f5-53ad976e91b3,"TB_DNHZFZB8 Thiet bi Serial to Ethernet  Converter Nport IA5250 Moxa  CEILO 17 Ra soat 2026-07-11, file nguon: BDKT_OPTIMET",'-07':17 '-11':18 '17':13 '2026':16 'bdkt':21 'bi':4 'ceilo':12 'converter':8 'dnhzfzb8':2 'ethernet':7 'file':19 'ia5250':10 'moxa':11 'nguon':20 'nport':9 'optimet':22 'ra':14 'serial':5 'soat':15 'tb':1 'thiet':3 'to':6,Optimet,IA5250,,,65ac5e26-b0a7-487e-a72d-3f0dfc3facc2,,Truyền dẫn,BDKT-KTKT,,,,,,,,,,,,,,,,,,,,,,,san_sang,,f024c88e-8702-49c8-a302-15b93f6acb3c,,,,f,TB_BDKT_KTKT_029,a16ee536-405c-41aa-8c3e-e2a64c300364,{},KHONG,,83,he_thong
6cfbcc92-f64b-402b-8635-7364da68a01e,TB_VHF94KMG,Cảm biến đo độ cao chân mây,98c88d39-bf0f-43c7-83a2-ca5d266ba54f,,Sensor đo trần mây 8339-G+,All Weather,,a0625061-0c6d-4e0b-b438-d696787ad746,d7faf284-1a3a-4e53-9433-8476900a66e7,,,1ce915ed-07e9-4b65-9209-2652ffd9b681,65ac5e26-b0a7-487e-a72d-3f0dfc3facc2,CEILO 17,"Ra soat 2026-07-11, file nguon: BDKT_OPTIMET",,,,,2026-07-11 09:50:09.894644+00,2026-08-11 04:37:10.204448+00,8c53503a-8e6c-4698-bb44-06b929060b8a,,e96be350-6615-441a-91f5-53ad976e91b3,"TB_VHF94KMG Cam bien do do cao chan may  Sensor do tran may 8339-G+ All Weather  CEILO 17 Ra soat 2026-07-11, file nguon: BDKT_OPTIMET","'-07':23 '-11':24 '17':19 '2026':22 '8339':14 'all':16 'bdkt':27 'bien':4 'cam':3 'cao':7 'ceilo':18 'chan':8 'do':5,6,11 'file':25 'g':15 'may':9,13 'nguon':26 'optimet':28 'ra':20 'sensor':10 'soat':21 'tb':1 'tran':12 'vhf94kmg':2 'weather':17",Optimet,8339-G+,,,65ac5e26-b0a7-487e-a72d-3f0dfc3facc2,,Cảm biến,BDKT-KTKT,,,,,,,,,,,,,,,,,,,,,,,san_sang,,f024c88e-8702-49c8-a302-15b93f6acb3c,,,,f,TB_BDKT_KTKT_028,ff3315d1-63b6-43c4-914d-ab6be5d34577,{},KHONG,,83,he_thong
64af52cf-3703-4a0c-b7a0-6fdb3c8f0b4e,TB_7SYQATQJ,Thiết bị chuyển đổi Serial/Ethernet,ae03f513-6763-46f8-913d-91a103966947,TBCBB1068661,Thiết bị chuyển đổi Serial/Ethernet,Moxa,,7f40beb2-5d47-4f4a-b7df-35cd1cca56ae,d7faf284-1a3a-4e53-9433-8476900a66e7,,,1ce915ed-07e9-4b65-9209-2652ffd9b681,e43c5d4b-3c3c-4486-89da-73e9ac747ab4,Trạm giữa,"Ra soat 2026-07-11, file nguon: THA_DAW21",,,,,2026-07-11 09:50:09.894644+00,2026-08-11 04:37:10.204448+00,a5454b1e-b677-4fd8-8494-b4c080de867d,,5f93c2d7-9b77-4f40-bc2f-17b835588de6,"TB_7SYQATQJ Thiet bi chuyen doi Serial/Ethernet TBCBB1068661 Thiet bi chuyen doi Serial/Ethernet Moxa  Tram giua Ra soat 2026-07-11, file nguon: THA_DAW21","'-07':20 '-11':21 '2026':19 '7syqatqj':2 'bi':4,10 'chuyen':5,11 'daw21':25 'doi':6,12 'file':22 'giua':16 'moxa':14 'nguon':23 'ra':17 'serial/ethernet':7,13 'soat':18 'tb':1 'tbcbb1068661':8 'tha':24 'thiet':3,9 'tram':15",AWOS D-AW21,NPort 5210-T,,,e43c5d4b-3c3c-4486-89da-73e9ac747ab4,,Truyền dẫn,THA,,,,,,,,,,,,,,,,,,,,,,,san_sang,,f024c88e-8702-49c8-a302-15b93f6acb3c,,,,f,TB_THA_030,63b7f44d-333f-4dcb-b51f-76a1fe2941c6,{},KHONG,,100,he_thong
28f93b31-5296-4000-910d-07f84f1a3ead,TB_457C5JSQ,Switch đầu cuối,ae03f513-6763-46f8-913d-91a103966947,,Switch đầu cuối,TP-Link,,a0625061-0c6d-4e0b-b438-d696787ad746,d7faf284-1a3a-4e53-9433-8476900a66e7,,,1ce915ed-07e9-4b65-9209-2652ffd9b681,65ac5e26-b0a7-487e-a72d-3f0dfc3facc2,NHÀ QUAN TRẮC,"Ra soat 2026-07-11, file nguon: BDKT_OPTIMET",,,,,2026-07-11 09:50:09.894644+00,2026-08-11 04:37:10.204448+00,02573a91-2686-4625-bb1f-233cc91f08ae,,e96be350-6615-441a-91f5-53ad976e91b3,"TB_457C5JSQ Switch dau cuoi  Switch dau cuoi TP-Link  NHA QUAN TRAC Ra soat 2026-07-11, file nguon: BDKT_OPTIMET","'-07':18 '-11':19 '2026':17 '457c5jsq':2 'bdkt':22 'cuoi':5,8 'dau':4,7 'file':20 'link':11 'nguon':21 'nha':12 'optimet':23 'quan':13 'ra':15 'soat':16 'switch':3,6 'tb':1 'tp':10 'tp-link':9 'trac':14",Optimet,SOHO,,,65ac5e26-b0a7-487e-a72d-3f0dfc3facc2,,Truyền dẫn,BDKT-KTKT,,,,,,,,,,,,,,,,,,,,,,,san_sang,,f024c88e-8702-49c8-a302-15b93f6acb3c,,,,f,TB_BDKT_KTKT_038,fc824158-f93e-4e5d-86b1-8932c5c95585,{},KHONG,,83,he_thong
0edb0e73-72da-4e41-b85a-d3fd1603399c,TB_WJ3HWD4E,Converter Nport IA5250,ae03f513-6763-46f8-913d-91a103966947,5250,Converter Nport IA5250,MOXA,,5ae20f2b-30dc-409c-95db-68b98b79c94e,d7faf284-1a3a-4e53-9433-8476900a66e7,,,1ce915ed-07e9-4b65-9209-2652ffd9b681,f59bf0bd-520b-4245-80db-dc71b7187bf1,,Đề xuất: Đề nghị mua thêm VTDP để sử dụng chung cho các hệ thống AWOS | Hỏng hóc: không | Tình trạng: Hoạt động bình thường | VTDP: Còn 1 bộ dự phòng trong kho Công ty | Niên hạn: Không,,,,,2026-07-11 09:50:09.894644+00,2026-08-11 04:37:10.204448+00,a5454b1e-b677-4fd8-8494-b4c080de867d,,e96be350-6615-441a-91f5-53ad976e91b3,TB_WJ3HWD4E Converter Nport IA5250 5250 Converter Nport IA5250 MOXA   De xuat: De nghi mua them VTDP de su dung chung cho cac he thong AWOS | Hong hoc: khong | Tinh trang: Hoat dong binh thuong | VTDP: Con 1 bo du phong trong kho Cong ty | Nien han: Khong,"'1':38 '5250':6 'awos':26 'binh':34 'bo':39 'cac':23 'cho':22 'chung':21 'con':37 'cong':44 'converter':3,7 'de':11,13,18 'dong':33 'du':40 'dung':20 'han':47 'he':24 'hoat':32 'hoc':28 'hong':27 'ia5250':5,9 'kho':43 'khong':29,48 'moxa':10 'mua':15 'nghi':14 'nien':46 'nport':4,8 'phong':41 'su':19 'tb':1 'them':16 'thong':25 'thuong':35 'tinh':30 'trang':31 'trong':42 'ty':45 'vtdp':17,36 'wj3hwd4e':2 'xuat':12",,IA5250,2021,2021,f59bf0bd-520b-4245-80db-dc71b7187bf1,,,CR,,,,0.333,,,,,,,,,,,,,,,,,,,san_sang,,f024c88e-8702-49c8-a302-15b93f6acb3c,,,,f,TB_N1_AWOS_0118,a16ee536-405c-41aa-8c3e-e2a64c300364,{},KHONG,,100,he_thong
b75d55e7-f565-4293-866d-c347b1c9da72,TB_7NYCRZ3E,Nguồn AC/DC,accf1740-4c18-4b9a-895f-59d85ba593b5,,Nguồn AC/DC,MeanWell,,a0625061-0c6d-4e0b-b438-d696787ad746,d7faf284-1a3a-4e53-9433-8476900a66e7,,,1ce915ed-07e9-4b65-9209-2652ffd9b681,65ac5e26-b0a7-487e-a72d-3f0dfc3facc2,CEILO 17,"Ra soat 2026-07-11, file nguon: BDKT_OPTIMET",,,,,2026-07-11 09:50:09.894644+00,2026-08-11 04:37:10.204448+00,0e8dbaf8-aa3e-4d9d-bab2-99b08381f6f9,,e96be350-6615-441a-91f5-53ad976e91b3,"TB_7NYCRZ3E Nguon AC/DC  Nguon AC/DC MeanWell  CEILO 17 Ra soat 2026-07-11, file nguon: BDKT_OPTIMET","'-07':13 '-11':14 '17':9 '2026':12 '7nycrz3e':2 'ac/dc':4,6 'bdkt':17 'ceilo':8 'file':15 'meanwell':7 'nguon':3,5,16 'optimet':18 'ra':10 'soat':11 'tb':1",Optimet,DRC-100A,,,65ac5e26-b0a7-487e-a72d-3f0dfc3facc2,,Thiết bị nguồn,BDKT-KTKT,,,,,,,,,,,,,,,,,,,,,,,san_sang,,f024c88e-8702-49c8-a302-15b93f6acb3c,,,,f,TB_BDKT_KTKT_077,c939fdc4-38ff-4b16-a7cd-5cf428b638f7,{},KHONG,,83,he_thong
22e02e0e-8c00-4d96-9289-8535d64e9c6b,TB_49RXQS1Z,Cảm biến đo mưa,98c88d39-bf0f-43c7-83a2-ca5d266ba54f,,Cảm biến đo mưa,M-Tech,,a0625061-0c6d-4e0b-b438-d696787ad746,d7faf284-1a3a-4e53-9433-8476900a66e7,,,1ce915ed-07e9-4b65-9209-2652ffd9b681,65ac5e26-b0a7-487e-a72d-3f0dfc3facc2,Trạm MID,"Ra soat 2026-07-11, file nguon: BDKT_OPTIMET",,,,,2026-07-11 09:50:09.894644+00,2026-08-11 04:37:10.204448+00,ad5bae28-70da-4528-a406-c5c52467e25e,,e96be350-6615-441a-91f5-53ad976e91b3,"TB_49RXQS1Z Cam bien do mua  Cam bien do mua M-Tech  Tram MID Ra soat 2026-07-11, file nguon: BDKT_OPTIMET","'-07':19 '-11':20 '2026':18 '49rxqs1z':2 'bdkt':23 'bien':4,8 'cam':3,7 'do':5,9 'file':21 'm':12 'm-tech':11 'mid':15 'mua':6,10 'nguon':22 'optimet':24 'ra':16 'soat':17 'tb':1 'tech':13 'tram':14",Optimet,915-RG,,,65ac5e26-b0a7-487e-a72d-3f0dfc3facc2,,Cảm biến,BDKT-KTKT,,,,,,,,,,,,,,,,,,,,,,,san_sang,,f024c88e-8702-49c8-a302-15b93f6acb3c,,,,f,TB_BDKT_KTKT_012,a440239e-8a24-4523-ab16-6fd3e50f4691,{},KHONG,,83,he_thong
f3271b48-df6e-4156-967d-bd702627b0c0,TB_FQD7DW0H,Cảm biến đo ánh sáng nền,98c88d39-bf0f-43c7-83a2-ca5d266ba54f,,Cảm biến đo ánh sáng nền,M-Tech,,a0625061-0c6d-4e0b-b438-d696787ad746,d7faf284-1a3a-4e53-9433-8476900a66e7,,,1ce915ed-07e9-4b65-9209-2652ffd9b681,65ac5e26-b0a7-487e-a72d-3f0dfc3facc2,Trạm MID,"Ra soat 2026-07-11, file nguon: BDKT_OPTIMET",,,,,2026-07-11 09:50:09.894644+00,2026-08-11 04:37:10.204448+00,ad5bae28-70da-4528-a406-c5c52467e25e,,e96be350-6615-441a-91f5-53ad976e91b3,"TB_FQD7DW0H Cam bien do anh sang nen  Cam bien do anh sang nen M-Tech  Tram MID Ra soat 2026-07-11, file nguon: BDKT_OPTIMET","'-07':23 '-11':24 '2026':22 'anh':6,12 'bdkt':27 'bien':4,10 'cam':3,9 'do':5,11 'file':25 'fqd7dw0h':2 'm':16 'm-tech':15 'mid':19 'nen':8,14 'nguon':26 'optimet':28 'ra':20 'sang':7,13 'soat':21 'tb':1 'tech':17 'tram':18",Optimet,5000-301-M6,,,65ac5e26-b0a7-487e-a72d-3f0dfc3facc2,,Cảm biến,BDKT-KTKT,,,,,,,,,,,,,,,,,,,,,,,san_sang,,f024c88e-8702-49c8-a302-15b93f6acb3c,,,,f,TB_BDKT_KTKT_014,7bc1bf8c-5be7-4168-844c-2e4ec3024de7,{},KHONG,,83,he_thong
33e2933a-b18c-47c5-98c2-629fa07256d1,TB_KS6GE79B,CONVERTER QUANG,ae03f513-6763-46f8-913d-91a103966947,,CONVERTER QUANG,,,5ae20f2b-30dc-409c-95db-68b98b79c94e,d7faf284-1a3a-4e53-9433-8476900a66e7,,,1ce915ed-07e9-4b65-9209-2652ffd9b681,f59bf0bd-520b-4245-80db-dc71b7187bf1,Phòng khí tượng,Đề xuất: Không | Hỏng hóc: 0 lần | Tình trạng: Hoạt động bình thường | VTDP: Có dự phòng trong kho | Niên hạn: Quá 2/3,,,,,2026-07-11 09:50:09.894644+00,2026-08-11 04:37:10.204448+00,,,c7122de2-902a-46b3-854d-12feb6f43716,TB_KS6GE79B CONVERTER QUANG  CONVERTER QUANG   Phong khi tuong De xuat: Khong | Hong hoc: 0 lan | Tinh trang: Hoat dong binh thuong | VTDP: Co du phong trong kho | Nien han: Qua 2/3,"'0':15 '2/3':32 'binh':21 'co':24 'converter':3,5 'de':10 'dong':20 'du':25 'han':30 'hoat':19 'hoc':14 'hong':13 'khi':8 'kho':28 'khong':12 'ks6ge79b':2 'lan':16 'nien':29 'phong':7,26 'qua':31 'quang':4,6 'tb':1 'thuong':22 'tinh':17 'trang':18 'trong':27 'tuong':9 'vtdp':23 'xuat':11",,,2012,2013,f59bf0bd-520b-4245-80db-dc71b7187bf1,,,CR,,,,0.867,,,,,,,,,,,,,,,,,,,san_sang,,f024c88e-8702-49c8-a302-15b93f6acb3c,,,,f,TB_N1_AWOS_0105,9b0550c2-e963-42e1-8adc-217d05b1941c,{},KHONG,,83,he_thong
fd422ccf-ebf4-41f4-8635-c4f2f97c29f2,TB_4TNRVTJE,Bộ nguồn AC/DC,accf1740-4c18-4b9a-895f-59d85ba593b5,,Bộ nguồn AC/DC,MEAN WELL,,5ae20f2b-30dc-409c-95db-68b98b79c94e,d7faf284-1a3a-4e53-9433-8476900a66e7,,,1ce915ed-07e9-4b65-9209-2652ffd9b681,f59bf0bd-520b-4245-80db-dc71b7187bf1,,Đề xuất: Không | Hỏng hóc: 0 lần | Tình trạng: Hoạt động bình thường | VTDP: Có VTDP trong kho | Niên hạn: Không,,,,,2026-07-11 09:50:09.894644+00,2026-08-11 04:37:10.204448+00,0e8dbaf8-aa3e-4d9d-bab2-99b08381f6f9,,e96be350-6615-441a-91f5-53ad976e91b3,TB_4TNRVTJE Bo nguon AC/DC  Bo nguon AC/DC MEAN WELL   De xuat: Khong | Hong hoc: 0 lan | Tinh trang: Hoat dong binh thuong | VTDP: Co VTDP trong kho | Nien han: Khong,"'0':16 '4tnrvtje':2 'ac/dc':5,8 'binh':22 'bo':3,6 'co':25 'de':11 'dong':21 'han':30 'hoat':20 'hoc':15 'hong':14 'kho':28 'khong':13,31 'lan':17 'mean':9 'nguon':4,7 'nien':29 'tb':1 'thuong':23 'tinh':18 'trang':19 'trong':27 'vtdp':24,26 'well':10 'xuat':12",,,2023,2023,f59bf0bd-520b-4245-80db-dc71b7187bf1,,,CR,,,,0.200,,,,,,,,,,,,,,,,,,,san_sang,,f024c88e-8702-49c8-a302-15b93f6acb3c,,,,f,TB_N1_AWOS_0097,795d37bb-734c-408c-8ea1-206802024510,{},KHONG,,83,he_thong
04b5cfc1-1296-4e81-8b5e-1d96e1132076,TB_HF87V3T8,Bộ nguồn AC/DC,accf1740-4c18-4b9a-895f-59d85ba593b5,DRC 100A,Bộ nguồn AC/DC,MEAN WELL,,5ae20f2b-30dc-409c-95db-68b98b79c94e,d7faf284-1a3a-4e53-9433-8476900a66e7,,,1ce915ed-07e9-4b65-9209-2652ffd9b681,f59bf0bd-520b-4245-80db-dc71b7187bf1,,Đề xuất: Không | Hỏng hóc: không | Tình trạng: Hoạt động bình thường | VTDP: Có VTDP trong kho | Niên hạn: Không,,,,,2026-07-11 09:50:09.894644+00,2026-08-11 04:37:10.204448+00,0e8dbaf8-aa3e-4d9d-bab2-99b08381f6f9,,e96be350-6615-441a-91f5-53ad976e91b3,TB_HF87V3T8 Bo nguon AC/DC DRC 100A Bo nguon AC/DC MEAN WELL   De xuat: Khong | Hong hoc: khong | Tinh trang: Hoat dong binh thuong | VTDP: Co VTDP trong kho | Nien han: Khong,"'100a':7 'ac/dc':5,10 'binh':23 'bo':3,8 'co':26 'de':13 'dong':22 'drc':6 'han':31 'hf87v3t8':2 'hoat':21 'hoc':17 'hong':16 'kho':29 'khong':15,18,32 'mean':11 'nguon':4,9 'nien':30 'tb':1 'thuong':24 'tinh':19 'trang':20 'trong':28 'vtdp':25,27 'well':12 'xuat':14",,,2023,2023,f59bf0bd-520b-4245-80db-dc71b7187bf1,,,CR,,,,0.200,,,,,,,,,,,,,,,,,,,san_sang,,f024c88e-8702-49c8-a302-15b93f6acb3c,,,,f,TB_N1_AWOS_0098,795d37bb-734c-408c-8ea1-206802024510,{},KHONG,,100,he_thong
e19eb455-33cf-419f-a3b4-ebb9cc858dbd,TB_PR2V1PFX,Nguồn AC/DC,accf1740-4c18-4b9a-895f-59d85ba593b5,,Nguồn AC/DC,MeanWell,,a0625061-0c6d-4e0b-b438-d696787ad746,d7faf284-1a3a-4e53-9433-8476900a66e7,,,1ce915ed-07e9-4b65-9209-2652ffd9b681,65ac5e26-b0a7-487e-a72d-3f0dfc3facc2,CEILO 35,"Ra soat 2026-07-11, file nguon: BDKT_OPTIMET",,,,,2026-07-11 09:50:09.894644+00,2026-08-11 04:37:10.204448+00,0e8dbaf8-aa3e-4d9d-bab2-99b08381f6f9,,e96be350-6615-441a-91f5-53ad976e91b3,"TB_PR2V1PFX Nguon AC/DC  Nguon AC/DC MeanWell  CEILO 35 Ra soat 2026-07-11, file nguon: BDKT_OPTIMET","'-07':13 '-11':14 '2026':12 '35':9 'ac/dc':4,6 'bdkt':17 'ceilo':8 'file':15 'meanwell':7 'nguon':3,5,16 'optimet':18 'pr2v1pfx':2 'ra':10 'soat':11 'tb':1",Optimet,PSC-100A-C,,,65ac5e26-b0a7-487e-a72d-3f0dfc3facc2,,Thiết bị nguồn,BDKT-KTKT,,,,,,,,,,,,,,,,,,,,,,,san_sang,,f024c88e-8702-49c8-a302-15b93f6acb3c,,,,f,TB_BDKT_KTKT_054,1f788dea-eb1c-47ba-9505-1b9eac11eea7,{},KHONG,,83,he_thong
aec2a281-d35b-4ef9-80d4-c72b3df14079,TB_TD2ESQSE,Nguồn AC/DC,accf1740-4c18-4b9a-895f-59d85ba593b5,,Nguồn AC/DC,MeanWell,,a0625061-0c6d-4e0b-b438-d696787ad746,d7faf284-1a3a-4e53-9433-8476900a66e7,,,1ce915ed-07e9-4b65-9209-2652ffd9b681,65ac5e26-b0a7-487e-a72d-3f0dfc3facc2,Trạm MID,"Ra soat 2026-07-11, file nguon: BDKT_OPTIMET",,,,,2026-07-11 09:50:09.894644+00,2026-08-11 04:37:10.204448+00,0e8dbaf8-aa3e-4d9d-bab2-99b08381f6f9,,e96be350-6615-441a-91f5-53ad976e91b3,"TB_TD2ESQSE Nguon AC/DC  Nguon AC/DC MeanWell  Tram MID Ra soat 2026-07-11, file nguon: BDKT_OPTIMET","'-07':13 '-11':14 '2026':12 'ac/dc':4,6 'bdkt':17 'file':15 'meanwell':7 'mid':9 'nguon':3,5,16 'optimet':18 'ra':10 'soat':11 'tb':1 'td2esqse':2 'tram':8",Optimet,DRC-100A,,,65ac5e26-b0a7-487e-a72d-3f0dfc3facc2,,Thiết bị nguồn,BDKT-KTKT,,,,,,,,,,,,,,,,,,,,,,,san_sang,,f024c88e-8702-49c8-a302-15b93f6acb3c,,,,f,TB_BDKT_KTKT_060,c939fdc4-38ff-4b16-a7cd-5cf428b638f7,{},KHONG,,83,he_thong
58b58d96-26e0-4222-9a65-7d26d59f5773,TB_WA0H0Q84,Nguồn AC/DC,accf1740-4c18-4b9a-895f-59d85ba593b5,,Nguồn AC/DC,MeanWell,,a0625061-0c6d-4e0b-b438-d696787ad746,d7faf284-1a3a-4e53-9433-8476900a66e7,,,1ce915ed-07e9-4b65-9209-2652ffd9b681,65ac5e26-b0a7-487e-a72d-3f0dfc3facc2,Trạm MID,"Ra soat 2026-07-11, file nguon: BDKT_OPTIMET",,,,,2026-07-11 09:50:09.894644+00,2026-08-11 04:37:10.204448+00,0e8dbaf8-aa3e-4d9d-bab2-99b08381f6f9,,e96be350-6615-441a-91f5-53ad976e91b3,"TB_WA0H0Q84 Nguon AC/DC  Nguon AC/DC MeanWell  Tram MID Ra soat 2026-07-11, file nguon: BDKT_OPTIMET","'-07':13 '-11':14 '2026':12 'ac/dc':4,6 'bdkt':17 'file':15 'meanwell':7 'mid':9 'nguon':3,5,16 'optimet':18 'ra':10 'soat':11 'tb':1 'tram':8 'wa0h0q84':2",Optimet,PSC-100A-C,,,65ac5e26-b0a7-487e-a72d-3f0dfc3facc2,,Thiết bị nguồn,BDKT-KTKT,,,,,,,,,,,,,,,,,,,,,,,san_sang,,f024c88e-8702-49c8-a302-15b93f6acb3c,,,,f,TB_BDKT_KTKT_061,1f788dea-eb1c-47ba-9505-1b9eac11eea7,{},KHONG,,83,he_thong
85f64a10-0919-4fe5-a130-2db19a4105d7,TB_9MRNFQPB,Chống sét đường tín hiệu,660f73b4-1975-4bde-8c87-810a23ef6e2c,,Chống sét đường tín hiệu RS232,Citel,,a0625061-0c6d-4e0b-b438-d696787ad746,d7faf284-1a3a-4e53-9433-8476900a66e7,,,1ce915ed-07e9-4b65-9209-2652ffd9b681,65ac5e26-b0a7-487e-a72d-3f0dfc3facc2,Trạm MID,"Ra soat 2026-07-11, file nguon: BDKT_OPTIMET",,,,,2026-07-11 09:50:09.894644+00,2026-08-11 04:37:10.204448+00,80666d25-731c-4de5-8d64-08488037258a,,e96be350-6615-441a-91f5-53ad976e91b3,"TB_9MRNFQPB Chong set duong tin hieu  Chong set duong tin hieu RS232 Citel  Tram MID Ra soat 2026-07-11, file nguon: BDKT_OPTIMET","'-07':20 '-11':21 '2026':19 '9mrnfqpb':2 'bdkt':24 'chong':3,8 'citel':14 'duong':5,10 'file':22 'hieu':7,12 'mid':16 'nguon':23 'optimet':25 'ra':17 'rs232':13 'set':4,9 'soat':18 'tb':1 'tin':6,11 'tram':15",Optimet,DLA2-12D3,,,65ac5e26-b0a7-487e-a72d-3f0dfc3facc2,,Cắt lọc sét,BDKT-KTKT,,,,,,,,,,,,,,,,,,,,,,,san_sang,,f024c88e-8702-49c8-a302-15b93f6acb3c,,,,f,TB_BDKT_KTKT_067,bead90c6-a65d-4305-90bc-b59f8d19d38e,{},KHONG,,83,he_thong
80d2bf97-61c1-4c3b-b5d7-24919deb478d,TB_M2VHA62X,Cắt sét nguồn AC,660f73b4-1975-4bde-8c87-810a23ef6e2c,,Cắt sét nguồn AC,nVent ERICO,,ce27df84-7054-4032-bfe7-efdb0bd119f4,d7faf284-1a3a-4e53-9433-8476900a66e7,,,1ce915ed-07e9-4b65-9209-2652ffd9b681,581d9350-905f-46da-b45e-c2d8aba4d868,Ceilo 09,"Ra soat 2026-07-11, file nguon: PBA_AWOS900",,,,,2026-07-11 09:50:09.894644+00,2026-08-11 04:37:10.204448+00,2e05f201-8ee7-4f2d-afe5-963dc6d94500,,e96be350-6615-441a-91f5-53ad976e91b3,"TB_M2VHA62X Cat set nguon AC  Cat set nguon AC nVent ERICO  Ceilo 09 Ra soat 2026-07-11, file nguon: PBA_AWOS900","'-07':18 '-11':19 '09':14 '2026':17 'ac':6,10 'awos900':23 'cat':3,7 'ceilo':13 'erico':12 'file':20 'm2vha62x':2 'nguon':5,9,21 'nvent':11 'pba':22 'ra':15 'set':4,8 'soat':16 'tb':1",AWOS-900,TGS-SRF140,,,581d9350-905f-46da-b45e-c2d8aba4d868,,Chống sét,PBA,,,,,,,,,,,,,,,,,,,,,,,san_sang,,f024c88e-8702-49c8-a302-15b93f6acb3c,,,,f,TB_PBA_033,525304a2-5f54-42fe-912e-e36eb2fe7360,{},KHONG,,83,he_thong
d95ef535-4d6a-4851-9326-b9ad3afbdb57,TB_ND8W7VXP,Cắt sét nguồn AC,660f73b4-1975-4bde-8c87-810a23ef6e2c,,Cắt sét nguồn AC,nVent ERICO,,ce27df84-7054-4032-bfe7-efdb0bd119f4,d7faf284-1a3a-4e53-9433-8476900a66e7,,,1ce915ed-07e9-4b65-9209-2652ffd9b681,581d9350-905f-46da-b45e-c2d8aba4d868,Ceilo 27,"Ra soat 2026-07-11, file nguon: PBA_AWOS900",,,,,2026-07-11 09:50:09.894644+00,2026-08-11 04:37:10.204448+00,2e05f201-8ee7-4f2d-afe5-963dc6d94500,,e96be350-6615-441a-91f5-53ad976e91b3,"TB_ND8W7VXP Cat set nguon AC  Cat set nguon AC nVent ERICO  Ceilo 27 Ra soat 2026-07-11, file nguon: PBA_AWOS900","'-07':18 '-11':19 '2026':17 '27':14 'ac':6,10 'awos900':23 'cat':3,7 'ceilo':13 'erico':12 'file':20 'nd8w7vxp':2 'nguon':5,9,21 'nvent':11 'pba':22 'ra':15 'set':4,8 'soat':16 'tb':1",AWOS-900,TGS-SRF140,,,581d9350-905f-46da-b45e-c2d8aba4d868,,Chống sét,PBA,,,,,,,,,,,,,,,,,,,,,,,san_sang,,f024c88e-8702-49c8-a302-15b93f6acb3c,,,,f,TB_PBA_034,525304a2-5f54-42fe-912e-e36eb2fe7360,{},KHONG,,83,he_thong
31943336-cd94-401b-87dc-4c37efc8de4d,TB_9A0P1CFC,Cắt sét nguồn AC,660f73b4-1975-4bde-8c87-810a23ef6e2c,,Cắt sét nguồn AC,nVent ERICO,,ce27df84-7054-4032-bfe7-efdb0bd119f4,d7faf284-1a3a-4e53-9433-8476900a66e7,,,1ce915ed-07e9-4b65-9209-2652ffd9b681,581d9350-905f-46da-b45e-c2d8aba4d868,09,"Ra soat 2026-07-11, file nguon: PBA_AWOS900",,,,,2026-07-11 09:50:09.894644+00,2026-08-11 04:37:10.204448+00,2e05f201-8ee7-4f2d-afe5-963dc6d94500,,e96be350-6615-441a-91f5-53ad976e91b3,"TB_9A0P1CFC Cat set nguon AC  Cat set nguon AC nVent ERICO  09 Ra soat 2026-07-11, file nguon: PBA_AWOS900","'-07':17 '-11':18 '09':13 '2026':16 '9a0p1cfc':2 'ac':6,10 'awos900':22 'cat':3,7 'erico':12 'file':19 'nguon':5,9,20 'nvent':11 'pba':21 'ra':14 'set':4,8 'soat':15 'tb':1",AWOS-900,TGS-SRF140,,,581d9350-905f-46da-b45e-c2d8aba4d868,,Chống sét,PBA,,,,,,,,,,,,,,,,,,,,,,,san_sang,,f024c88e-8702-49c8-a302-15b93f6acb3c,,,,f,TB_PBA_035,525304a2-5f54-42fe-912e-e36eb2fe7360,{},KHONG,,83,he_thong
e98b400e-0e50-42bc-a263-2a4524cd2f3c,TB_P6BCVXAN,Cắt sét nguồn AC,660f73b4-1975-4bde-8c87-810a23ef6e2c,,Cắt sét nguồn AC,nVent ERICO,,ce27df84-7054-4032-bfe7-efdb0bd119f4,d7faf284-1a3a-4e53-9433-8476900a66e7,,,1ce915ed-07e9-4b65-9209-2652ffd9b681,581d9350-905f-46da-b45e-c2d8aba4d868,27,"Ra soat 2026-07-11, file nguon: PBA_AWOS900",,,,,2026-07-11 09:50:09.894644+00,2026-08-11 04:37:10.204448+00,2e05f201-8ee7-4f2d-afe5-963dc6d94500,,e96be350-6615-441a-91f5-53ad976e91b3,"TB_P6BCVXAN Cat set nguon AC  Cat set nguon AC nVent ERICO  27 Ra soat 2026-07-11, file nguon: PBA_AWOS900","'-07':17 '-11':18 '2026':16 '27':13 'ac':6,10 'awos900':22 'cat':3,7 'erico':12 'file':19 'nguon':5,9,20 'nvent':11 'p6bcvxan':2 'pba':21 'ra':14 'set':4,8 'soat':15 'tb':1",AWOS-900,TGS-SRF140,,,581d9350-905f-46da-b45e-c2d8aba4d868,,Chống sét,PBA,,,,,,,,,,,,,,,,,,,,,,,san_sang,,f024c88e-8702-49c8-a302-15b93f6acb3c,,,,f,TB_PBA_036,525304a2-5f54-42fe-912e-e36eb2fe7360,{},KHONG,,83,he_thong
530b0031-607b-4761-b384-49d2e420c387,TB_MTDA9A02,Cắt sét nguồn AC,660f73b4-1975-4bde-8c87-810a23ef6e2c,,Cắt sét nguồn AC,nVent ERICO,,ce27df84-7054-4032-bfe7-efdb0bd119f4,d7faf284-1a3a-4e53-9433-8476900a66e7,,,1ce915ed-07e9-4b65-9209-2652ffd9b681,581d9350-905f-46da-b45e-c2d8aba4d868,Mid,"Ra soat 2026-07-11, file nguon: PBA_AWOS900",,,,,2026-07-11 09:50:09.894644+00,2026-08-11 04:37:10.204448+00,2e05f201-8ee7-4f2d-afe5-963dc6d94500,,e96be350-6615-441a-91f5-53ad976e91b3,"TB_MTDA9A02 Cat set nguon AC  Cat set nguon AC nVent ERICO  Mid Ra soat 2026-07-11, file nguon: PBA_AWOS900","'-07':17 '-11':18 '2026':16 'ac':6,10 'awos900':22 'cat':3,7 'erico':12 'file':19 'mid':13 'mtda9a02':2 'nguon':5,9,20 'nvent':11 'pba':21 'ra':14 'set':4,8 'soat':15 'tb':1",AWOS-900,TGS-SRF140,,,581d9350-905f-46da-b45e-c2d8aba4d868,,Chống sét,PBA,,,,,,,,,,,,,,,,,,,,,,,san_sang,,f024c88e-8702-49c8-a302-15b93f6acb3c,,,,f,TB_PBA_037,525304a2-5f54-42fe-912e-e36eb2fe7360,{},KHONG,,83,he_thong
b13f86f0-eb0f-45f4-b557-8d52e46f4957,TB_706YHW4R,Nguồn AC/DC,accf1740-4c18-4b9a-895f-59d85ba593b5,,Nguồn AC/DC,MeanWell,,a0625061-0c6d-4e0b-b438-d696787ad746,d7faf284-1a3a-4e53-9433-8476900a66e7,,,1ce915ed-07e9-4b65-9209-2652ffd9b681,65ac5e26-b0a7-487e-a72d-3f0dfc3facc2,CEILO 17,"Ra soat 2026-07-11, file nguon: BDKT_OPTIMET",,,,,2026-07-11 09:50:09.894644+00,2026-08-11 04:37:10.204448+00,0e8dbaf8-aa3e-4d9d-bab2-99b08381f6f9,,e96be350-6615-441a-91f5-53ad976e91b3,"TB_706YHW4R Nguon AC/DC  Nguon AC/DC MeanWell  CEILO 17 Ra soat 2026-07-11, file nguon: BDKT_OPTIMET","'-07':13 '-11':14 '17':9 '2026':12 '706yhw4r':2 'ac/dc':4,6 'bdkt':17 'ceilo':8 'file':15 'meanwell':7 'nguon':3,5,16 'optimet':18 'ra':10 'soat':11 'tb':1",Optimet,PSC-100A-C,,,65ac5e26-b0a7-487e-a72d-3f0dfc3facc2,,Thiết bị nguồn,BDKT-KTKT,,,,,,,,,,,,,,,,,,,,,,,san_sang,,f024c88e-8702-49c8-a302-15b93f6acb3c,,,,f,TB_BDKT_KTKT_078,1f788dea-eb1c-47ba-9505-1b9eac11eea7,{},KHONG,,83,he_thong
04b6cae0-b39f-4b6d-81ea-f89f17775ff7,TB_5NTMB9ZJ,Chống sét đường tín hiệu,660f73b4-1975-4bde-8c87-810a23ef6e2c,,Chống sét đường tín hiệu RS232,Citel,,a0625061-0c6d-4e0b-b438-d696787ad746,d7faf284-1a3a-4e53-9433-8476900a66e7,,,1ce915ed-07e9-4b65-9209-2652ffd9b681,65ac5e26-b0a7-487e-a72d-3f0dfc3facc2,CEILO 17,"Ra soat 2026-07-11, file nguon: BDKT_OPTIMET",,,,,2026-07-11 09:50:09.894644+00,2026-08-11 04:37:10.204448+00,80666d25-731c-4de5-8d64-08488037258a,,e96be350-6615-441a-91f5-53ad976e91b3,"TB_5NTMB9ZJ Chong set duong tin hieu  Chong set duong tin hieu RS232 Citel  CEILO 17 Ra soat 2026-07-11, file nguon: BDKT_OPTIMET","'-07':20 '-11':21 '17':16 '2026':19 '5ntmb9zj':2 'bdkt':24 'ceilo':15 'chong':3,8 'citel':14 'duong':5,10 'file':22 'hieu':7,12 'nguon':23 'optimet':25 'ra':17 'rs232':13 'set':4,9 'soat':18 'tb':1 'tin':6,11",Optimet,DLA2-12D3,,,65ac5e26-b0a7-487e-a72d-3f0dfc3facc2,,Cắt lọc sét,BDKT-KTKT,,,,,,,,,,,,,,,,,,,,,,,san_sang,,f024c88e-8702-49c8-a302-15b93f6acb3c,,,,f,TB_BDKT_KTKT_082,bead90c6-a65d-4305-90bc-b59f8d19d38e,{},KHONG,,83,he_thong
98bf7aad-b6e9-485a-be90-684faa9ffc37,TB_T2PRG5BW,Cảm biến đo khí áp hiện số,98c88d39-bf0f-43c7-83a2-ca5d266ba54f,,Cảm biến đo khí áp hiện số,Thies Clima,,a0625061-0c6d-4e0b-b438-d696787ad746,d7faf284-1a3a-4e53-9433-8476900a66e7,,,1ce915ed-07e9-4b65-9209-2652ffd9b681,65ac5e26-b0a7-487e-a72d-3f0dfc3facc2,NHÀ QUAN TRẮC,"Ra soat 2026-07-11, file nguon: BDKT_OPTIMET",,,,,2026-07-11 09:50:09.894644+00,2026-08-11 04:37:10.204448+00,f0c86184-a2a8-4ba2-b3e2-87283fbcf190,,e96be350-6615-441a-91f5-53ad976e91b3,"TB_T2PRG5BW Cam bien do khi ap hien so  Cam bien do khi ap hien so Thies Clima  NHA QUAN TRAC Ra soat 2026-07-11, file nguon: BDKT_OPTIMET","'-07':25 '-11':26 '2026':24 'ap':7,14 'bdkt':29 'bien':4,11 'cam':3,10 'clima':18 'do':5,12 'file':27 'hien':8,15 'khi':6,13 'nguon':28 'nha':19 'optimet':30 'quan':20 'ra':22 'so':9,16 'soat':23 't2prg5bw':2 'tb':1 'thies':17 'trac':21",Thiết bị đo đạc quan trắc thông dụng - CT QLBMT đầu tư,3.1157.10.000,,,65ac5e26-b0a7-487e-a72d-3f0dfc3facc2,,Cảm biến,BDKT-KTKT,,,,,,,,,,,,,,,,,,,,,,,san_sang,,f024c88e-8702-49c8-a302-15b93f6acb3c,,,,f,TB_BDKT_KTKT_085,4c703eb1-dc76-4034-8dfe-e7a3af4d5503,{},KHONG,,83,he_thong
9d448ba0-76ed-4483-a7ff-7f45f9ee67aa,TB_BFXMH95C,Cắt lọc sét nguồn AC,660f73b4-1975-4bde-8c87-810a23ef6e2c,,Cắt lọc sét nguồn AC,Schneider,,ebc4a136-c5e7-4f7d-abfc-e3ddea655b8c,d7faf284-1a3a-4e53-9433-8476900a66e7,,,1ce915ed-07e9-4b65-9209-2652ffd9b681,46e84da7-5a8b-4a79-aa46-2fb4bae1ff26,AWS-33,"Ra soat 2026-07-11, file nguon: PCA_IMS",,,,,2026-07-11 09:50:09.894644+00,2026-08-11 04:37:10.204448+00,1dfd07b4-a9da-41a0-aa04-7b64b3f5862e,,e96be350-6615-441a-91f5-53ad976e91b3,"TB_BFXMH95C Cat loc set nguon AC  Cat loc set nguon AC Schneider  AWS-33 Ra soat 2026-07-11, file nguon: PCA_IMS","'-07':19 '-11':20 '-33':15 '2026':18 'ac':7,12 'aws':14 'bfxmh95c':2 'cat':3,8 'file':21 'ims':24 'loc':4,9 'nguon':6,11,22 'pca':23 'ra':16 'schneider':13 'set':5,10 'soat':17 'tb':1",AWOS-IMS,AL15692,,,46e84da7-5a8b-4a79-aa46-2fb4bae1ff26,,Cắt lọc sét,PCA,,,,,,,,,,,,,,,,,,,,,,,san_sang,,f024c88e-8702-49c8-a302-15b93f6acb3c,,,,f,TB_PCA_036,618e583b-7894-434b-ab29-5e93d1cb9973,{},KHONG,,83,he_thong
d431e2d4-1aed-4270-8323-ab4d4004008f,TB_9J6H24JG,Cảm biến đo khí áp,98c88d39-bf0f-43c7-83a2-ca5d266ba54f,,Cảm biến đo khí áp,Vaisala,,a0625061-0c6d-4e0b-b438-d696787ad746,d7faf284-1a3a-4e53-9433-8476900a66e7,,,1ce915ed-07e9-4b65-9209-2652ffd9b681,65ac5e26-b0a7-487e-a72d-3f0dfc3facc2,NHÀ QUAN TRẮC,"Ra soat 2026-07-11, file nguon: BDKT_OPTIMET",,,,,2026-07-11 09:50:09.894644+00,2026-08-11 04:37:10.204448+00,79b069cc-810c-41ab-9b03-9032c1804a5f,,e96be350-6615-441a-91f5-53ad976e91b3,"TB_9J6H24JG Cam bien do khi ap  Cam bien do khi ap Vaisala  NHA QUAN TRAC Ra soat 2026-07-11, file nguon: BDKT_OPTIMET","'-07':20 '-11':21 '2026':19 '9j6h24jg':2 'ap':7,12 'bdkt':24 'bien':4,9 'cam':3,8 'do':5,10 'file':22 'khi':6,11 'nguon':23 'nha':14 'optimet':25 'quan':15 'ra':17 'soat':18 'tb':1 'trac':16 'vaisala':13",Thiết bị đo đạc quan trắc thông dụng - CT QLBMT đầu tư,PA21,,,65ac5e26-b0a7-487e-a72d-3f0dfc3facc2,,Cảm biến,BDKT-KTKT,,,,,,,,,,,,,,,,,,,,,,,san_sang,,f024c88e-8702-49c8-a302-15b93f6acb3c,,,,f,TB_BDKT_KTKT_084,29d018a5-a3f2-4aef-a7ff-c3756c7d6d76,{},KHONG,,83,he_thong
a5a42369-fa18-4347-a29f-d80f673480e7,TB_45HB6A3Y,Đo nhiệt độ độ ẩm,98c88d39-bf0f-43c7-83a2-ca5d266ba54f,,Đo nhiệt độ độ ẩm,,,a0625061-0c6d-4e0b-b438-d696787ad746,d7faf284-1a3a-4e53-9433-8476900a66e7,,,1ce915ed-07e9-4b65-9209-2652ffd9b681,65ac5e26-b0a7-487e-a72d-3f0dfc3facc2,LỀU KHÍ TƯỢNG,"Ra soat 2026-07-11, file nguon: BDKT_OPTIMET",,,,,2026-07-11 09:50:09.894644+00,2026-08-11 04:37:10.204448+00,,,e96be350-6615-441a-91f5-53ad976e91b3,"TB_45HB6A3Y Do nhiet do do am  Do nhiet do do am   LEU KHI TUONG Ra soat 2026-07-11, file nguon: BDKT_OPTIMET","'-07':19 '-11':20 '2026':18 '45hb6a3y':2 'am':7,12 'bdkt':23 'do':3,5,6,8,10,11 'file':21 'khi':14 'leu':13 'nguon':22 'nhiet':4,9 'optimet':24 'ra':16 'soat':17 'tb':1 'tuong':15",Thiết bị đo đạc quan trắc thông dụng - TCT đầu tư,WQG - 11,,,65ac5e26-b0a7-487e-a72d-3f0dfc3facc2,,Cảm biến,BDKT-KTKT,,,,,,,,,,,,,,,,,,,,,,,san_sang,,f024c88e-8702-49c8-a302-15b93f6acb3c,,,,f,TB_BDKT_KTKT_088,7d577744-81e3-42f3-b793-9e39642a300a,{},KHONG,,83,he_thong
b27f9a1b-fbc2-4523-8e44-9f66853100f6,TB_B08YGP50,Bộ nguồn AC/DC,accf1740-4c18-4b9a-895f-59d85ba593b5,,Bộ nguồn AC/DC,MEAN WELL,,5ae20f2b-30dc-409c-95db-68b98b79c94e,d7faf284-1a3a-4e53-9433-8476900a66e7,,,1ce915ed-07e9-4b65-9209-2652ffd9b681,f59bf0bd-520b-4245-80db-dc71b7187bf1,,Đề xuất: Không | Hỏng hóc: 0 lần | Tình trạng: Hoạt động bình thường | VTDP: Có dự phòng trong kho | Niên hạn: Không,,,,,2026-07-11 09:50:09.894644+00,2026-08-11 04:37:10.204448+00,0e8dbaf8-aa3e-4d9d-bab2-99b08381f6f9,,e96be350-6615-441a-91f5-53ad976e91b3,TB_B08YGP50 Bo nguon AC/DC  Bo nguon AC/DC MEAN WELL   De xuat: Khong | Hong hoc: 0 lan | Tinh trang: Hoat dong binh thuong | VTDP: Co du phong trong kho | Nien han: Khong,"'0':16 'ac/dc':5,8 'b08ygp50':2 'binh':22 'bo':3,6 'co':25 'de':11 'dong':21 'du':26 'han':31 'hoat':20 'hoc':15 'hong':14 'kho':29 'khong':13,32 'lan':17 'mean':9 'nguon':4,7 'nien':30 'phong':27 'tb':1 'thuong':23 'tinh':18 'trang':19 'trong':28 'vtdp':24 'well':10 'xuat':12",,,2023,2023,f59bf0bd-520b-4245-80db-dc71b7187bf1,,,CR,,,,0.200,,,,,,,,,,,,,,,,,,,san_sang,,f024c88e-8702-49c8-a302-15b93f6acb3c,,,,f,TB_N1_AWOS_0100,795d37bb-734c-408c-8ea1-206802024510,{},KHONG,,83,he_thong
09e6534f-d19e-41a9-82d7-d09db1407f46,TB_V7X56MXB,Thiết bị chống sét LAN 24 port,660f73b4-1975-4bde-8c87-810a23ef6e2c,PL24-CAT6,Thiết bị chống sét LAN 24 port,Citel,,5ae20f2b-30dc-409c-95db-68b98b79c94e,d7faf284-1a3a-4e53-9433-8476900a66e7,,,1ce915ed-07e9-4b65-9209-2652ffd9b681,f59bf0bd-520b-4245-80db-dc71b7187bf1,,Hỏng hóc: 0 lần | Tình trạng: Hoạt động bình thường | VTDP: Không | Niên hạn: Không,,,,,2026-07-11 09:50:09.894644+00,2026-08-11 04:37:10.204448+00,80666d25-731c-4de5-8d64-08488037258a,,e96be350-6615-441a-91f5-53ad976e91b3,TB_V7X56MXB Thiet bi chong set LAN 24 port PL24-CAT6 Thiet bi chong set LAN 24 port Citel   Hong hoc: 0 lan | Tinh trang: Hoat dong binh thuong | VTDP: Khong | Nien han: Khong,"'0':23 '24':8,18 'bi':4,14 'binh':29 'cat6':12 'chong':5,15 'citel':20 'dong':28 'han':34 'hoat':27 'hoc':22 'hong':21 'khong':32,35 'lan':7,17,24 'nien':33 'pl24':11 'pl24-cat6':10 'port':9,19 'set':6,16 'tb':1 'thiet':3,13 'thuong':30 'tinh':25 'trang':26 'v7x56mxb':2 'vtdp':31",,,2023,2023,f59bf0bd-520b-4245-80db-dc71b7187bf1,,,CR,,,,0.200,,,,,,,,,,,,,,,,,,,san_sang,,f024c88e-8702-49c8-a302-15b93f6acb3c,,,,f,TB_N1_AWOS_0179,cac5bfb3-554d-48cc-809a-29cc9f7c0d41,{},KHONG,,100,he_thong
0da8c12c-e64f-4b8b-8a0b-2fb5cb13dd9c,TB_VFRTJDHX,Chống sét đường tín hiệu (X4),660f73b4-1975-4bde-8c87-810a23ef6e2c,,Chống sét đường tín hiệu,MicroStep-MIS,,ebc4a136-c5e7-4f7d-abfc-e3ddea655b8c,d7faf284-1a3a-4e53-9433-8476900a66e7,,,1ce915ed-07e9-4b65-9209-2652ffd9b681,46e84da7-5a8b-4a79-aa46-2fb4bae1ff26,P. THIẾT BỊ,"Ra soat 2026-07-11, file nguon: PCA_IMS",,,,,2026-07-11 09:50:09.894644+00,2026-08-11 04:37:10.204448+00,54e09535-2d7f-4319-812f-aee0a4916ed6,,e96be350-6615-441a-91f5-53ad976e91b3,"TB_VFRTJDHX Chong set duong tin hieu (X4)  Chong set duong tin hieu MicroStep-MIS  P. THIET BI Ra soat 2026-07-11, file nguon: PCA_IMS","'-07':23 '-11':24 '2026':22 'bi':19 'chong':3,9 'duong':5,11 'file':25 'hieu':7,13 'ims':28 'microstep':15 'microstep-mis':14 'mis':16 'nguon':26 'p':17 'pca':27 'ra':20 'set':4,10 'soat':21 'tb':1 'thiet':18 'tin':6,12 'vfrtjdhx':2 'x4':8",AWOS-IMS,OVP-160V,,,46e84da7-5a8b-4a79-aa46-2fb4bae1ff26,,Cắt lọc sét,PCA,,,,,,,,,,,,,,,,,,,,,,,san_sang,,f024c88e-8702-49c8-a302-15b93f6acb3c,,,,f,TB_PCA_026,fa5513e7-08d5-449e-afdb-8b75a58407b6,{},KHONG,,83,he_thong
d7f9dfb9-4f0a-4cb8-b8a7-d16d200f4712,TB_FA4MCKF8,Chống sét tín hiệu RS232(X7),660f73b4-1975-4bde-8c87-810a23ef6e2c,,Chống sét đường tín hiệu,AT3W,,ebc4a136-c5e7-4f7d-abfc-e3ddea655b8c,d7faf284-1a3a-4e53-9433-8476900a66e7,,,1ce915ed-07e9-4b65-9209-2652ffd9b681,46e84da7-5a8b-4a79-aa46-2fb4bae1ff26,P. THIẾT BỊ,"Ra soat 2026-07-11, file nguon: PCA_IMS",,,,,2026-07-11 09:50:09.894644+00,2026-08-11 04:37:10.204448+00,9d09c5d7-4aa9-40a6-b47b-4e1899c9956f,,e96be350-6615-441a-91f5-53ad976e91b3,"TB_FA4MCKF8 Chong set tin hieu RS232(X7)  Chong set duong tin hieu AT3W  P. THIET BI Ra soat 2026-07-11, file nguon: PCA_IMS","'-07':21 '-11':22 '2026':20 'at3w':14 'bi':17 'chong':3,9 'duong':11 'fa4mckf8':2 'file':23 'hieu':6,13 'ims':26 'nguon':24 'p':15 'pca':25 'ra':18 'rs232':7 'set':4,10 'soat':19 'tb':1 'thiet':16 'tin':5,12 'x7':8",AWOS-IMS,AT-2300,,,46e84da7-5a8b-4a79-aa46-2fb4bae1ff26,,Cắt lọc sét,PCA,,,,,,,,,,,,,,,,,,,,,,,san_sang,,f024c88e-8702-49c8-a302-15b93f6acb3c,,,,f,TB_PCA_027,0afefb1d-ad24-474a-9810-5e665bc08366,{},KHONG,,83,he_thong
0aa7a544-273f-4942-a6d2-b3444f1b608d,TB_73WYGV8N,Cắt lọc sét nguồn AC,660f73b4-1975-4bde-8c87-810a23ef6e2c,,Thiết bị cắt lọc sét 1 pha,nVent ERICO,,ebc4a136-c5e7-4f7d-abfc-e3ddea655b8c,d7faf284-1a3a-4e53-9433-8476900a66e7,,,1ce915ed-07e9-4b65-9209-2652ffd9b681,46e84da7-5a8b-4a79-aa46-2fb4bae1ff26,NGUỒN AC-15,"Ra soat 2026-07-11, file nguon: PCA_IMS",,,,,2026-07-11 09:50:09.894644+00,2026-08-11 04:37:10.204448+00,2e05f201-8ee7-4f2d-afe5-963dc6d94500,,e96be350-6615-441a-91f5-53ad976e91b3,"TB_73WYGV8N Cat loc set nguon AC  Thiet bi cat loc set 1 pha nVent ERICO  NGUON AC-15 Ra soat 2026-07-11, file nguon: PCA_IMS","'-07':23 '-11':24 '-15':19 '1':13 '2026':22 '73wygv8n':2 'ac':7,18 'bi':9 'cat':3,10 'erico':16 'file':25 'ims':28 'loc':4,11 'nguon':6,17,26 'nvent':15 'pca':27 'pha':14 'ra':20 'set':5,12 'soat':21 'tb':1 'thiet':8",AWOS-IMS,TSF20A240V,,,46e84da7-5a8b-4a79-aa46-2fb4bae1ff26,,Cắt lọc sét,PCA,,,,,,,,,,,,,,,,,,,,,,,san_sang,,f024c88e-8702-49c8-a302-15b93f6acb3c,,,,f,TB_PCA_031,a3eebddd-df65-414d-9e50-90fc3fa745aa,{},KHONG,,83,he_thong
bb68c5b5-0bea-4953-a1a9-f7c53926b82f,TB_VZXP0PMP,Cắt lọc sét 1 pha,660f73b4-1975-4bde-8c87-810a23ef6e2c,,Cắt lọc sét 1 pha,Lpt,,ebc4a136-c5e7-4f7d-abfc-e3ddea655b8c,d7faf284-1a3a-4e53-9433-8476900a66e7,,,1ce915ed-07e9-4b65-9209-2652ffd9b681,46e84da7-5a8b-4a79-aa46-2fb4bae1ff26,NGUỒN AC-15,"Ra soat 2026-07-11, file nguon: PCA_IMS",,,,,2026-07-11 09:50:09.894644+00,2026-08-11 04:37:10.204448+00,611a5c28-4a9f-422b-b70c-5e246ba1f5fc,,e96be350-6615-441a-91f5-53ad976e91b3,"TB_VZXP0PMP Cat loc set 1 pha  Cat loc set 1 pha Lpt  NGUON AC-15 Ra soat 2026-07-11, file nguon: PCA_IMS","'-07':20 '-11':21 '-15':16 '1':6,11 '2026':19 'ac':15 'cat':3,8 'file':22 'ims':25 'loc':4,9 'lpt':13 'nguon':14,23 'pca':24 'pha':7,12 'ra':17 'set':5,10 'soat':18 'tb':1 'vzxp0pmp':2",AWOS-IMS,SST 150,,,46e84da7-5a8b-4a79-aa46-2fb4bae1ff26,,Cắt lọc sét,PCA,,,,,,,,,,,,,,,,,,,,,,,san_sang,,f024c88e-8702-49c8-a302-15b93f6acb3c,,,,f,TB_PCA_034,5e250d3a-a087-4624-8aab-939a43ffd335,{},KHONG,,83,he_thong
5dc0c18f-292b-4bf6-9a48-ed7606276877,TB_J6QR9KXT,Cắt lọc sét 1 pha,660f73b4-1975-4bde-8c87-810a23ef6e2c,,Cắt lọc sét 1 pha,Lpt,,ebc4a136-c5e7-4f7d-abfc-e3ddea655b8c,d7faf284-1a3a-4e53-9433-8476900a66e7,,,1ce915ed-07e9-4b65-9209-2652ffd9b681,46e84da7-5a8b-4a79-aa46-2fb4bae1ff26,NGUỒN AC-33,"Ra soat 2026-07-11, file nguon: PCA_IMS",,,,,2026-07-11 09:50:09.894644+00,2026-08-11 04:37:10.204448+00,611a5c28-4a9f-422b-b70c-5e246ba1f5fc,,e96be350-6615-441a-91f5-53ad976e91b3,"TB_J6QR9KXT Cat loc set 1 pha  Cat loc set 1 pha Lpt  NGUON AC-33 Ra soat 2026-07-11, file nguon: PCA_IMS","'-07':20 '-11':21 '-33':16 '1':6,11 '2026':19 'ac':15 'cat':3,8 'file':22 'ims':25 'j6qr9kxt':2 'loc':4,9 'lpt':13 'nguon':14,23 'pca':24 'pha':7,12 'ra':17 'set':5,10 'soat':18 'tb':1",AWOS-IMS,SST 150,,,46e84da7-5a8b-4a79-aa46-2fb4bae1ff26,,Cắt lọc sét,PCA,,,,,,,,,,,,,,,,,,,,,,,san_sang,,f024c88e-8702-49c8-a302-15b93f6acb3c,,,,f,TB_PCA_035,5e250d3a-a087-4624-8aab-939a43ffd335,{},KHONG,,83,he_thong
d914f929-ca0d-4b01-a7c9-8569e26593df,TB_02EJNRWJ,Cắt lọc sét nguồn AC,660f73b4-1975-4bde-8c87-810a23ef6e2c,,Cắt lọc sét nguồn AC,Schneider,,ebc4a136-c5e7-4f7d-abfc-e3ddea655b8c,d7faf284-1a3a-4e53-9433-8476900a66e7,,,1ce915ed-07e9-4b65-9209-2652ffd9b681,46e84da7-5a8b-4a79-aa46-2fb4bae1ff26,UHF-CEILO-33,"Ra soat 2026-07-11, file nguon: PCA_IMS",,,,,2026-07-11 09:50:09.894644+00,2026-08-11 04:37:10.204448+00,1dfd07b4-a9da-41a0-aa04-7b64b3f5862e,,e96be350-6615-441a-91f5-53ad976e91b3,"TB_02EJNRWJ Cat loc set nguon AC  Cat loc set nguon AC Schneider  UHF-CEILO-33 Ra soat 2026-07-11, file nguon: PCA_IMS","'-07':21 '-11':22 '02ejnrwj':2 '2026':20 '33':17 'ac':7,12 'cat':3,8 'ceilo':16 'file':23 'ims':26 'loc':4,9 'nguon':6,11,24 'pca':25 'ra':18 'schneider':13 'set':5,10 'soat':19 'tb':1 'uhf':15 'uhf-ceilo':14",AWOS-IMS,AL15692,,,46e84da7-5a8b-4a79-aa46-2fb4bae1ff26,,Cắt lọc sét,PCA,,,,,,,,,,,,,,,,,,,,,,,san_sang,,f024c88e-8702-49c8-a302-15b93f6acb3c,,,,f,TB_PCA_039,618e583b-7894-434b-ab29-5e93d1cb9973,{},KHONG,,83,he_thong
5b0eef01-f28a-4200-861f-287c6547f44b,TB_X228HA22,Cắt lọc sét nguồn AC,660f73b4-1975-4bde-8c87-810a23ef6e2c,,Cắt lọc sét nguồn AC,Schneider,,ebc4a136-c5e7-4f7d-abfc-e3ddea655b8c,d7faf284-1a3a-4e53-9433-8476900a66e7,,,1ce915ed-07e9-4b65-9209-2652ffd9b681,46e84da7-5a8b-4a79-aa46-2fb4bae1ff26,UHF-33,"Ra soat 2026-07-11, file nguon: PCA_IMS",,,,,2026-07-11 09:50:09.894644+00,2026-08-11 04:37:10.204448+00,1dfd07b4-a9da-41a0-aa04-7b64b3f5862e,,e96be350-6615-441a-91f5-53ad976e91b3,"TB_X228HA22 Cat loc set nguon AC  Cat loc set nguon AC Schneider  UHF-33 Ra soat 2026-07-11, file nguon: PCA_IMS","'-07':19 '-11':20 '-33':15 '2026':18 'ac':7,12 'cat':3,8 'file':21 'ims':24 'loc':4,9 'nguon':6,11,22 'pca':23 'ra':16 'schneider':13 'set':5,10 'soat':17 'tb':1 'uhf':14 'x228ha22':2",AWOS-IMS,AL15692,,,46e84da7-5a8b-4a79-aa46-2fb4bae1ff26,,Cắt lọc sét,PCA,,,,,,,,,,,,,,,,,,,,,,,san_sang,,f024c88e-8702-49c8-a302-15b93f6acb3c,,,,f,TB_PCA_040,618e583b-7894-434b-ab29-5e93d1cb9973,{},KHONG,,83,he_thong
30437767-c462-4768-b1e4-c4a89c2db411,TB_CQJ6RA9B,Chống sét đường tín hiệu,660f73b4-1975-4bde-8c87-810a23ef6e2c,,Chống sét đường tín hiệu,MicroStep-MIS,,ebc4a136-c5e7-4f7d-abfc-e3ddea655b8c,d7faf284-1a3a-4e53-9433-8476900a66e7,,,1ce915ed-07e9-4b65-9209-2652ffd9b681,46e84da7-5a8b-4a79-aa46-2fb4bae1ff26,P. THIẾT BỊ,"Ra soat 2026-07-11, file nguon: PCA_IMS",,,,,2026-07-11 09:50:09.894644+00,2026-08-11 04:37:10.204448+00,54e09535-2d7f-4319-812f-aee0a4916ed6,,e96be350-6615-441a-91f5-53ad976e91b3,"TB_CQJ6RA9B Chong set duong tin hieu  Chong set duong tin hieu MicroStep-MIS  P. THIET BI Ra soat 2026-07-11, file nguon: PCA_IMS","'-07':22 '-11':23 '2026':21 'bi':18 'chong':3,8 'cqj6ra9b':2 'duong':5,10 'file':24 'hieu':7,12 'ims':27 'microstep':14 'microstep-mis':13 'mis':15 'nguon':25 'p':16 'pca':26 'ra':19 'set':4,9 'soat':20 'tb':1 'thiet':17 'tin':6,11",AWOS-IMS,OVP-160V,,,46e84da7-5a8b-4a79-aa46-2fb4bae1ff26,,Cắt lọc sét,PCA,,,,,,,,,,,,,,,,,,,,,,,san_sang,,f024c88e-8702-49c8-a302-15b93f6acb3c,,,,f,TB_PCA_046,fa5513e7-08d5-449e-afdb-8b75a58407b6,{},KHONG,,83,he_thong
d7b7c484-d22e-427e-83cb-364b33848559,TB_HZPXEHTR,Chống sét đường tín hiệu,660f73b4-1975-4bde-8c87-810a23ef6e2c,,Chống sét đường tín hiệu,MicroStep-MIS,,ebc4a136-c5e7-4f7d-abfc-e3ddea655b8c,d7faf284-1a3a-4e53-9433-8476900a66e7,,,1ce915ed-07e9-4b65-9209-2652ffd9b681,46e84da7-5a8b-4a79-aa46-2fb4bae1ff26,AWS-15,"Ra soat 2026-07-11, file nguon: PCA_IMS",,,,,2026-07-11 09:50:09.894644+00,2026-08-11 04:37:10.204448+00,54e09535-2d7f-4319-812f-aee0a4916ed6,,e96be350-6615-441a-91f5-53ad976e91b3,"TB_HZPXEHTR Chong set duong tin hieu  Chong set duong tin hieu MicroStep-MIS  AWS-15 Ra soat 2026-07-11, file nguon: PCA_IMS","'-07':21 '-11':22 '-15':17 '2026':20 'aws':16 'chong':3,8 'duong':5,10 'file':23 'hieu':7,12 'hzpxehtr':2 'ims':26 'microstep':14 'microstep-mis':13 'mis':15 'nguon':24 'pca':25 'ra':18 'set':4,9 'soat':19 'tb':1 'tin':6,11",AWOS-IMS,OVP-160V,,,46e84da7-5a8b-4a79-aa46-2fb4bae1ff26,,Cắt lọc sét,PCA,,,,,,,,,,,,,,,,,,,,,,,san_sang,,f024c88e-8702-49c8-a302-15b93f6acb3c,,,,f,TB_PCA_047,fa5513e7-08d5-449e-afdb-8b75a58407b6,{},KHONG,,83,he_thong
44b585f2-4ff2-4883-bd71-ca193779961b,TB_X221Y4PW,Chống sét đường tín hiệu,660f73b4-1975-4bde-8c87-810a23ef6e2c,,Chống sét đường tín hiệu,MicroStep-MIS,,ebc4a136-c5e7-4f7d-abfc-e3ddea655b8c,d7faf284-1a3a-4e53-9433-8476900a66e7,,,1ce915ed-07e9-4b65-9209-2652ffd9b681,46e84da7-5a8b-4a79-aa46-2fb4bae1ff26,VIS-15,"Ra soat 2026-07-11, file nguon: PCA_IMS",,,,,2026-07-11 09:50:09.894644+00,2026-08-11 04:37:10.204448+00,54e09535-2d7f-4319-812f-aee0a4916ed6,,e96be350-6615-441a-91f5-53ad976e91b3,"TB_X221Y4PW Chong set duong tin hieu  Chong set duong tin hieu MicroStep-MIS  VIS-15 Ra soat 2026-07-11, file nguon: PCA_IMS","'-07':21 '-11':22 '-15':17 '2026':20 'chong':3,8 'duong':5,10 'file':23 'hieu':7,12 'ims':26 'microstep':14 'microstep-mis':13 'mis':15 'nguon':24 'pca':25 'ra':18 'set':4,9 'soat':19 'tb':1 'tin':6,11 'vis':16 'x221y4pw':2",AWOS-IMS,OVP-160V,,,46e84da7-5a8b-4a79-aa46-2fb4bae1ff26,,Cắt lọc sét,PCA,,,,,,,,,,,,,,,,,,,,,,,san_sang,,f024c88e-8702-49c8-a302-15b93f6acb3c,,,,f,TB_PCA_048,fa5513e7-08d5-449e-afdb-8b75a58407b6,{},KHONG,,83,he_thong
0c2a947f-15c4-47e7-b351-78d8690e90e1,TB_S2QAA4AX,Chống sét đường tín hiệu,660f73b4-1975-4bde-8c87-810a23ef6e2c,,Chống sét đường tín hiệu,MicroStep-MIS,,ebc4a136-c5e7-4f7d-abfc-e3ddea655b8c,d7faf284-1a3a-4e53-9433-8476900a66e7,,,1ce915ed-07e9-4b65-9209-2652ffd9b681,46e84da7-5a8b-4a79-aa46-2fb4bae1ff26,CEILO-15,"Ra soat 2026-07-11, file nguon: PCA_IMS",,,,,2026-07-11 09:50:09.894644+00,2026-08-11 04:37:10.204448+00,54e09535-2d7f-4319-812f-aee0a4916ed6,,e96be350-6615-441a-91f5-53ad976e91b3,"TB_S2QAA4AX Chong set duong tin hieu  Chong set duong tin hieu MicroStep-MIS  CEILO-15 Ra soat 2026-07-11, file nguon: PCA_IMS","'-07':21 '-11':22 '-15':17 '2026':20 'ceilo':16 'chong':3,8 'duong':5,10 'file':23 'hieu':7,12 'ims':26 'microstep':14 'microstep-mis':13 'mis':15 'nguon':24 'pca':25 'ra':18 's2qaa4ax':2 'set':4,9 'soat':19 'tb':1 'tin':6,11",AWOS-IMS,OVP-160V,,,46e84da7-5a8b-4a79-aa46-2fb4bae1ff26,,Cắt lọc sét,PCA,,,,,,,,,,,,,,,,,,,,,,,san_sang,,f024c88e-8702-49c8-a302-15b93f6acb3c,,,,f,TB_PCA_049,fa5513e7-08d5-449e-afdb-8b75a58407b6,{},KHONG,,83,he_thong
426323b9-860c-4b8b-a13e-5092674ccbeb,TB_2WBBK6PF,Chống sét đường tín hiệu,660f73b4-1975-4bde-8c87-810a23ef6e2c,,Chống sét đường tín hiệu,MicroStep-MIS,,ebc4a136-c5e7-4f7d-abfc-e3ddea655b8c,d7faf284-1a3a-4e53-9433-8476900a66e7,,,1ce915ed-07e9-4b65-9209-2652ffd9b681,46e84da7-5a8b-4a79-aa46-2fb4bae1ff26,AWS-15,"Ra soat 2026-07-11, file nguon: PCA_IMS",,,,,2026-07-11 09:50:09.894644+00,2026-08-11 04:37:10.204448+00,54e09535-2d7f-4319-812f-aee0a4916ed6,,e96be350-6615-441a-91f5-53ad976e91b3,"TB_2WBBK6PF Chong set duong tin hieu  Chong set duong tin hieu MicroStep-MIS  AWS-15 Ra soat 2026-07-11, file nguon: PCA_IMS","'-07':21 '-11':22 '-15':17 '2026':20 '2wbbk6pf':2 'aws':16 'chong':3,8 'duong':5,10 'file':23 'hieu':7,12 'ims':26 'microstep':14 'microstep-mis':13 'mis':15 'nguon':24 'pca':25 'ra':18 'set':4,9 'soat':19 'tb':1 'tin':6,11",AWOS-IMS,OVP-160V,,,46e84da7-5a8b-4a79-aa46-2fb4bae1ff26,,Cắt lọc sét,PCA,,,,,,,,,,,,,,,,,,,,,,,san_sang,,f024c88e-8702-49c8-a302-15b93f6acb3c,,,,f,TB_PCA_050,fa5513e7-08d5-449e-afdb-8b75a58407b6,{},KHONG,,83,he_thong
80fbebfb-38c2-46ff-8375-1c9f40d4c5e9,TB_QBTBNMAZ,Chống sét đường tín hiệu,660f73b4-1975-4bde-8c87-810a23ef6e2c,,Chống sét đường tín hiệu,MicroStep-MIS,,ebc4a136-c5e7-4f7d-abfc-e3ddea655b8c,d7faf284-1a3a-4e53-9433-8476900a66e7,,,1ce915ed-07e9-4b65-9209-2652ffd9b681,46e84da7-5a8b-4a79-aa46-2fb4bae1ff26,VIS-33,"Ra soat 2026-07-11, file nguon: PCA_IMS",,,,,2026-07-11 09:50:09.894644+00,2026-08-11 04:37:10.204448+00,54e09535-2d7f-4319-812f-aee0a4916ed6,,e96be350-6615-441a-91f5-53ad976e91b3,"TB_QBTBNMAZ Chong set duong tin hieu  Chong set duong tin hieu MicroStep-MIS  VIS-33 Ra soat 2026-07-11, file nguon: PCA_IMS","'-07':21 '-11':22 '-33':17 '2026':20 'chong':3,8 'duong':5,10 'file':23 'hieu':7,12 'ims':26 'microstep':14 'microstep-mis':13 'mis':15 'nguon':24 'pca':25 'qbtbnmaz':2 'ra':18 'set':4,9 'soat':19 'tb':1 'tin':6,11 'vis':16",AWOS-IMS,OVP-160V,,,46e84da7-5a8b-4a79-aa46-2fb4bae1ff26,,Cắt lọc sét,PCA,,,,,,,,,,,,,,,,,,,,,,,san_sang,,f024c88e-8702-49c8-a302-15b93f6acb3c,,,,f,TB_PCA_051,fa5513e7-08d5-449e-afdb-8b75a58407b6,{},KHONG,,83,he_thong
2d64509f-1878-46f8-a01d-7b34bba27af3,TB_ZXAFZM4T,Chống sét đường tín hiệu,660f73b4-1975-4bde-8c87-810a23ef6e2c,,Chống sét đường tín hiệu,MicroStep-MIS,,ebc4a136-c5e7-4f7d-abfc-e3ddea655b8c,d7faf284-1a3a-4e53-9433-8476900a66e7,,,1ce915ed-07e9-4b65-9209-2652ffd9b681,46e84da7-5a8b-4a79-aa46-2fb4bae1ff26,TST-33,"Ra soat 2026-07-11, file nguon: PCA_IMS",,,,,2026-07-11 09:50:09.894644+00,2026-08-11 04:37:10.204448+00,54e09535-2d7f-4319-812f-aee0a4916ed6,,e96be350-6615-441a-91f5-53ad976e91b3,"TB_ZXAFZM4T Chong set duong tin hieu  Chong set duong tin hieu MicroStep-MIS  TST-33 Ra soat 2026-07-11, file nguon: PCA_IMS","'-07':21 '-11':22 '-33':17 '2026':20 'chong':3,8 'duong':5,10 'file':23 'hieu':7,12 'ims':26 'microstep':14 'microstep-mis':13 'mis':15 'nguon':24 'pca':25 'ra':18 'set':4,9 'soat':19 'tb':1 'tin':6,11 'tst':16 'zxafzm4t':2",AWOS-IMS,OVP-160V,,,46e84da7-5a8b-4a79-aa46-2fb4bae1ff26,,Cắt lọc sét,PCA,,,,,,,,,,,,,,,,,,,,,,,san_sang,,f024c88e-8702-49c8-a302-15b93f6acb3c,,,,f,TB_PCA_052,fa5513e7-08d5-449e-afdb-8b75a58407b6,{},KHONG,,83,he_thong
1c0c4d71-ac09-4c90-a29b-0cafc9c0b8ae,TB_Z8CMFSF1,Chống sét đường tín hiệu,660f73b4-1975-4bde-8c87-810a23ef6e2c,,Chống sét đường tín hiệu,Citel,,ebc4a136-c5e7-4f7d-abfc-e3ddea655b8c,d7faf284-1a3a-4e53-9433-8476900a66e7,,,1ce915ed-07e9-4b65-9209-2652ffd9b681,46e84da7-5a8b-4a79-aa46-2fb4bae1ff26,VIS-33,"Ra soat 2026-07-11, file nguon: PCA_IMS",,,,,2026-07-11 09:50:09.894644+00,2026-08-11 04:37:10.204448+00,80666d25-731c-4de5-8d64-08488037258a,,e96be350-6615-441a-91f5-53ad976e91b3,"TB_Z8CMFSF1 Chong set duong tin hieu  Chong set duong tin hieu Citel  VIS-33 Ra soat 2026-07-11, file nguon: PCA_IMS","'-07':19 '-11':20 '-33':15 '2026':18 'chong':3,8 'citel':13 'duong':5,10 'file':21 'hieu':7,12 'ims':24 'nguon':22 'pca':23 'ra':16 'set':4,9 'soat':17 'tb':1 'tin':6,11 'vis':14 'z8cmfsf1':2",AWOS-IMS,MJ8-CAT6S,,,46e84da7-5a8b-4a79-aa46-2fb4bae1ff26,,Cắt lọc sét,PCA,,,,,,,,,,,,,,,,,,,,,,,san_sang,,f024c88e-8702-49c8-a302-15b93f6acb3c,,,,f,TB_PCA_080,ba74d20d-d098-44e2-83cd-f00d56936bc4,{},KHONG,,83,he_thong
203c1732-c6f3-4258-b389-18b65a01b9f2,TB_4V8651HP,Chống sét đường tín hiệu,660f73b4-1975-4bde-8c87-810a23ef6e2c,,Chống sét đường tín hiệu,MicroStep-MIS,,ebc4a136-c5e7-4f7d-abfc-e3ddea655b8c,d7faf284-1a3a-4e53-9433-8476900a66e7,,,1ce915ed-07e9-4b65-9209-2652ffd9b681,46e84da7-5a8b-4a79-aa46-2fb4bae1ff26,CEILO-33,"Ra soat 2026-07-11, file nguon: PCA_IMS",,,,,2026-07-11 09:50:09.894644+00,2026-08-11 04:37:10.204448+00,54e09535-2d7f-4319-812f-aee0a4916ed6,,e96be350-6615-441a-91f5-53ad976e91b3,"TB_4V8651HP Chong set duong tin hieu  Chong set duong tin hieu MicroStep-MIS  CEILO-33 Ra soat 2026-07-11, file nguon: PCA_IMS","'-07':21 '-11':22 '-33':17 '2026':20 '4v8651hp':2 'ceilo':16 'chong':3,8 'duong':5,10 'file':23 'hieu':7,12 'ims':26 'microstep':14 'microstep-mis':13 'mis':15 'nguon':24 'pca':25 'ra':18 'set':4,9 'soat':19 'tb':1 'tin':6,11",AWOS-IMS,OVP-160V,,,46e84da7-5a8b-4a79-aa46-2fb4bae1ff26,,Cắt lọc sét,PCA,,,,,,,,,,,,,,,,,,,,,,,san_sang,,f024c88e-8702-49c8-a302-15b93f6acb3c,,,,f,TB_PCA_053,fa5513e7-08d5-449e-afdb-8b75a58407b6,{},KHONG,,83,he_thong
e3ae4467-1eac-482b-8566-2169da04afbe,TB_08121ZEE,Chống sét tín hiệu RS232,660f73b4-1975-4bde-8c87-810a23ef6e2c,,Chống sét đường tín hiệu,AT3W,,ebc4a136-c5e7-4f7d-abfc-e3ddea655b8c,d7faf284-1a3a-4e53-9433-8476900a66e7,,,1ce915ed-07e9-4b65-9209-2652ffd9b681,46e84da7-5a8b-4a79-aa46-2fb4bae1ff26,QUANG-CEILO-33,"Ra soat 2026-07-11, file nguon: PCA_IMS",,,,,2026-07-11 09:50:09.894644+00,2026-08-11 04:37:10.204448+00,9d09c5d7-4aa9-40a6-b47b-4e1899c9956f,,e96be350-6615-441a-91f5-53ad976e91b3,"TB_08121ZEE Chong set tin hieu RS232  Chong set duong tin hieu AT3W  QUANG-CEILO-33 Ra soat 2026-07-11, file nguon: PCA_IMS","'-07':21 '-11':22 '08121zee':2 '2026':20 '33':17 'at3w':13 'ceilo':16 'chong':3,8 'duong':10 'file':23 'hieu':6,12 'ims':26 'nguon':24 'pca':25 'quang':15 'quang-ceilo':14 'ra':18 'rs232':7 'set':4,9 'soat':19 'tb':1 'tin':5,11",AWOS-IMS,AT-2300,,,46e84da7-5a8b-4a79-aa46-2fb4bae1ff26,,Cắt lọc sét,PCA,,,,,,,,,,,,,,,,,,,,,,,san_sang,,f024c88e-8702-49c8-a302-15b93f6acb3c,,,,f,TB_PCA_062,0afefb1d-ad24-474a-9810-5e665bc08366,{},KHONG,,83,he_thong
33d63036-3303-4162-8087-8a5fa64818a8,TB_1FK8A3NB,Chống sét đường tín hiệu,660f73b4-1975-4bde-8c87-810a23ef6e2c,,Chống sét đường tín hiệu,Citel,,ebc4a136-c5e7-4f7d-abfc-e3ddea655b8c,d7faf284-1a3a-4e53-9433-8476900a66e7,,,1ce915ed-07e9-4b65-9209-2652ffd9b681,46e84da7-5a8b-4a79-aa46-2fb4bae1ff26,AWS-33,"Ra soat 2026-07-11, file nguon: PCA_IMS",,,,,2026-07-11 09:50:09.894644+00,2026-08-11 04:37:10.204448+00,80666d25-731c-4de5-8d64-08488037258a,,e96be350-6615-441a-91f5-53ad976e91b3,"TB_1FK8A3NB Chong set duong tin hieu  Chong set duong tin hieu Citel  AWS-33 Ra soat 2026-07-11, file nguon: PCA_IMS","'-07':19 '-11':20 '-33':15 '1fk8a3nb':2 '2026':18 'aws':14 'chong':3,8 'citel':13 'duong':5,10 'file':21 'hieu':7,12 'ims':24 'nguon':22 'pca':23 'ra':16 'set':4,9 'soat':17 'tb':1 'tin':6,11",AWOS-IMS,MJ8-CAT6S,,,46e84da7-5a8b-4a79-aa46-2fb4bae1ff26,,Cắt lọc sét,PCA,,,,,,,,,,,,,,,,,,,,,,,san_sang,,f024c88e-8702-49c8-a302-15b93f6acb3c,,,,f,TB_PCA_079,ba74d20d-d098-44e2-83cd-f00d56936bc4,{},KHONG,,83,he_thong
30302ada-253c-4a0d-bbc5-3c0565ebd66b,TB_MF1T72JW,Trạm RWAY đầu 20,1ef69ec2-6298-4c48-b931-aea3fa48c0fc,,Trạm RWAY đầu 20,,,5ae20f2b-30dc-409c-95db-68b98b79c94e,d7faf284-1a3a-4e53-9433-8476900a66e7,,,1ce915ed-07e9-4b65-9209-2652ffd9b681,f59bf0bd-520b-4245-80db-dc71b7187bf1,Trạm khí tượng,Hỏng hóc: 1 lần: 03/2024: mất gió trên đường truyền UHF | Tình trạng: Hoạt động bình thường | VTDP: Không | Niên hạn: Không,,,,,2026-07-11 09:50:09.894644+00,2026-08-11 04:37:10.204448+00,,,92aa329a-4ad2-4bf1-b2fe-c33ff194335c,TB_MF1T72JW Tram RWAY dau 20  Tram RWAY dau 20   Tram khi tuong Hong hoc: 1 lan: 03/2024: mat gio tren duong truyen UHF | Tinh trang: Hoat dong binh thuong | VTDP: Khong | Nien han: Khong,"'03/2024':18 '1':16 '20':6,10 'binh':29 'dau':5,9 'dong':28 'duong':22 'gio':20 'han':34 'hoat':27 'hoc':15 'hong':14 'khi':12 'khong':32,35 'lan':17 'mat':19 'mf1t72jw':2 'nien':33 'rway':4,8 'tb':1 'thuong':30 'tinh':25 'tram':3,7,11 'trang':26 'tren':21 'truyen':23 'tuong':13 'uhf':24 'vtdp':31",,,,2013,f59bf0bd-520b-4245-80db-dc71b7187bf1,,,CR,,,,,,,,,,,,,,,,,,,,,,,san_sang,,f024c88e-8702-49c8-a302-15b93f6acb3c,,,,f,TB_N1_AWOS_0195,7a079e2e-12e8-4dfb-b197-24d0404e170d,{},KHONG,,83,he_thong
d844a62b-c68a-4e8c-ba28-2637045bf697,TB_BHAV7324,CONVETER QUANG,1ef69ec2-6298-4c48-b931-aea3fa48c0fc,,CONVETER QUANG,,,5ae20f2b-30dc-409c-95db-68b98b79c94e,d7faf284-1a3a-4e53-9433-8476900a66e7,,,1ce915ed-07e9-4b65-9209-2652ffd9b681,f59bf0bd-520b-4245-80db-dc71b7187bf1,Trạm khí tượng,Đề xuất: Không | Hỏng hóc: 0 lần | Tình trạng: Hoạt động bình thường | VTDP: Có dự phòng trong kho | Niên hạn: Quá 2/3,,,,,2026-07-11 09:50:09.894644+00,2026-08-11 04:37:10.204448+00,,,92aa329a-4ad2-4bf1-b2fe-c33ff194335c,TB_BHAV7324 CONVETER QUANG  CONVETER QUANG   Tram khi tuong De xuat: Khong | Hong hoc: 0 lan | Tinh trang: Hoat dong binh thuong | VTDP: Co du phong trong kho | Nien han: Qua 2/3,"'0':15 '2/3':32 'bhav7324':2 'binh':21 'co':24 'conveter':3,5 'de':10 'dong':20 'du':25 'han':30 'hoat':19 'hoc':14 'hong':13 'khi':8 'kho':28 'khong':12 'lan':16 'nien':29 'phong':26 'qua':31 'quang':4,6 'tb':1 'thuong':22 'tinh':17 'tram':7 'trang':18 'trong':27 'tuong':9 'vtdp':23 'xuat':11",,,2012,2013,f59bf0bd-520b-4245-80db-dc71b7187bf1,,,CR,,,,0.867,,,,,,,,,,,,,,,,,,,san_sang,,f024c88e-8702-49c8-a302-15b93f6acb3c,,,,f,TB_N1_AWOS_0106,80ed643b-f760-448e-9848-915d576dd0aa,{},KHONG,,83,he_thong
afbeee3d-a470-4333-bcd1-7cb16c994642,TB_NYRDFMAP,CONVERTER QUANG,ae03f513-6763-46f8-913d-91a103966947,,CONVERTER QUANG,,,5ae20f2b-30dc-409c-95db-68b98b79c94e,d7faf284-1a3a-4e53-9433-8476900a66e7,,,1ce915ed-07e9-4b65-9209-2652ffd9b681,f59bf0bd-520b-4245-80db-dc71b7187bf1,Trạm khí tượng,Đề xuất: Không | Hỏng hóc: 0 lần | Tình trạng: Hoạt động bình thường | VTDP: Có VTDP trong kho | Niên hạn: Quá 2/3,,,,,2026-07-11 09:50:09.894644+00,2026-08-11 04:37:10.204448+00,,,92aa329a-4ad2-4bf1-b2fe-c33ff194335c,TB_NYRDFMAP CONVERTER QUANG  CONVERTER QUANG   Tram khi tuong De xuat: Khong | Hong hoc: 0 lan | Tinh trang: Hoat dong binh thuong | VTDP: Co VTDP trong kho | Nien han: Qua 2/3,"'0':15 '2/3':31 'binh':21 'co':24 'converter':3,5 'de':10 'dong':20 'han':29 'hoat':19 'hoc':14 'hong':13 'khi':8 'kho':27 'khong':12 'lan':16 'nien':28 'nyrdfmap':2 'qua':30 'quang':4,6 'tb':1 'thuong':22 'tinh':17 'tram':7 'trang':18 'trong':26 'tuong':9 'vtdp':23,25 'xuat':11",,,2012,2013,f59bf0bd-520b-4245-80db-dc71b7187bf1,,,CR,,,,0.867,,,,,,,,,,,,,,,,,,,san_sang,,f024c88e-8702-49c8-a302-15b93f6acb3c,,,,f,TB_N1_AWOS_0103,9b0550c2-e963-42e1-8adc-217d05b1941c,{},KHONG,,83,he_thong
f6af1d84-5bce-40d8-9bfc-7cd5267bc4a9,TB_78PR9Y4A,CONVERTER QUANG,ae03f513-6763-46f8-913d-91a103966947,,CONVERTER QUANG,,,5ae20f2b-30dc-409c-95db-68b98b79c94e,d7faf284-1a3a-4e53-9433-8476900a66e7,,,1ce915ed-07e9-4b65-9209-2652ffd9b681,f59bf0bd-520b-4245-80db-dc71b7187bf1,Trạm khí tượng,Đề xuất: Không | Hỏng hóc: không | Tình trạng: Hoạt động bình thường | VTDP: Có VTDP trong kho | Niên hạn: Quá 2/3,,,,,2026-07-11 09:50:09.894644+00,2026-08-11 04:37:10.204448+00,,,92aa329a-4ad2-4bf1-b2fe-c33ff194335c,TB_78PR9Y4A CONVERTER QUANG  CONVERTER QUANG   Tram khi tuong De xuat: Khong | Hong hoc: khong | Tinh trang: Hoat dong binh thuong | VTDP: Co VTDP trong kho | Nien han: Qua 2/3,"'2/3':30 '78pr9y4a':2 'binh':20 'co':23 'converter':3,5 'de':10 'dong':19 'han':28 'hoat':18 'hoc':14 'hong':13 'khi':8 'kho':26 'khong':12,15 'nien':27 'qua':29 'quang':4,6 'tb':1 'thuong':21 'tinh':16 'tram':7 'trang':17 'trong':25 'tuong':9 'vtdp':22,24 'xuat':11",,,2012,2013,f59bf0bd-520b-4245-80db-dc71b7187bf1,,,CR,,,,0.867,,,,,,,,,,,,,,,,,,,san_sang,,f024c88e-8702-49c8-a302-15b93f6acb3c,,,,f,TB_N1_AWOS_0104,9b0550c2-e963-42e1-8adc-217d05b1941c,{},KHONG,,83,he_thong
044dea87-339f-43b5-9b2e-23ffca10c48b,TB_MAD1MV7C,"Cột, túi gió đầu 02",1ef69ec2-6298-4c48-b931-aea3fa48c0fc,,"Cột, túi gió đầu 02",,,5ae20f2b-30dc-409c-95db-68b98b79c94e,d7faf284-1a3a-4e53-9433-8476900a66e7,,,1ce915ed-07e9-4b65-9209-2652ffd9b681,f59bf0bd-520b-4245-80db-dc71b7187bf1,Trạm khí tượng,Hỏng hóc: 0 lần | Tình trạng: Hoạt động bình thường | VTDP: Không | Niên hạn: Quá 2/3,,,,,2026-07-11 09:50:09.894644+00,2026-08-11 04:37:10.204448+00,,,92aa329a-4ad2-4bf1-b2fe-c33ff194335c,"TB_MAD1MV7C Cot, tui gio dau 02  Cot, tui gio dau 02   Tram khi tuong Hong hoc: 0 lan | Tinh trang: Hoat dong binh thuong | VTDP: Khong | Nien han: Qua 2/3","'0':18 '02':7,12 '2/3':31 'binh':24 'cot':3,8 'dau':6,11 'dong':23 'gio':5,10 'han':29 'hoat':22 'hoc':17 'hong':16 'khi':14 'khong':27 'lan':19 'mad1mv7c':2 'nien':28 'qua':30 'tb':1 'thuong':25 'tinh':20 'tram':13 'trang':21 'tui':4,9 'tuong':15 'vtdp':26",,,2012,2013,f59bf0bd-520b-4245-80db-dc71b7187bf1,,,CR,,,,0.867,,,,,,,,,,,,,,,,,,,san_sang,,f024c88e-8702-49c8-a302-15b93f6acb3c,,,,f,TB_N1_AWOS_0127,1c4bdaae-e76a-4040-bedc-f26be5893023,{},KHONG,,83,he_thong
370f0acb-7d77-4af9-8e95-1a57f50b922d,TB_4QTPLAJH,TEST QA 1784332423,,,,,,,,,,,,,,,,,,2026-07-17 23:53:44.090497+00,2026-08-11 04:37:10.204448+00,,,,TB_4QTPLAJH TEST QA 1784332423      ,'1784332423':5 '4qtplajh':2 'qa':4 'tb':1 'test':3,,,,,,,,,,,,,,,,,,,,,,,,,,,,,,,san_sang,,,,,,f,,,{},KHONG,,17,he_thong
42318abc-afbf-4a17-9fc2-e1d8c3ca44a1,TB_7RZWV9W3,"Cột, túi gió đầu 20",1ef69ec2-6298-4c48-b931-aea3fa48c0fc,,"Cột, túi gió đầu 20",,,5ae20f2b-30dc-409c-95db-68b98b79c94e,d7faf284-1a3a-4e53-9433-8476900a66e7,,,1ce915ed-07e9-4b65-9209-2652ffd9b681,f59bf0bd-520b-4245-80db-dc71b7187bf1,Trạm khí tượng,Hỏng hóc: 0 lần | Tình trạng: Hoạt động bình thường | VTDP: Không | Niên hạn: Quá 2/3,,,,,2026-07-11 09:50:09.894644+00,2026-08-11 04:37:10.204448+00,,,92aa329a-4ad2-4bf1-b2fe-c33ff194335c,"TB_7RZWV9W3 Cot, tui gio dau 20  Cot, tui gio dau 20   Tram khi tuong Hong hoc: 0 lan | Tinh trang: Hoat dong binh thuong | VTDP: Khong | Nien han: Qua 2/3","'0':18 '2/3':31 '20':7,12 '7rzwv9w3':2 'binh':24 'cot':3,8 'dau':6,11 'dong':23 'gio':5,10 'han':29 'hoat':22 'hoc':17 'hong':16 'khi':14 'khong':27 'lan':19 'nien':28 'qua':30 'tb':1 'thuong':25 'tinh':20 'tram':13 'trang':21 'tui':4,9 'tuong':15 'vtdp':26",,,2012,2013,f59bf0bd-520b-4245-80db-dc71b7187bf1,,,CR,,,,0.867,,,,,,,,,,,,,,,,,,,san_sang,,f024c88e-8702-49c8-a302-15b93f6acb3c,,,,f,TB_N1_AWOS_0128,ff17149b-6cf3-49a2-ac0c-71657a8cb922,{},KHONG,,83,he_thong
b10eb626-a2ab-47a9-a1ac-2106d39be86e,TB_SZFSFZP3,GPS,1ef69ec2-6298-4c48-b931-aea3fa48c0fc,,GPS,,,5ae20f2b-30dc-409c-95db-68b98b79c94e,d7faf284-1a3a-4e53-9433-8476900a66e7,,,1ce915ed-07e9-4b65-9209-2652ffd9b681,f59bf0bd-520b-4245-80db-dc71b7187bf1,Phòng khí tượng,Hỏng hóc: 0 lần | Tình trạng: Hoạt động bình thường | VTDP: Không | Niên hạn: Quá 2/3,,,,,2026-07-11 09:50:09.894644+00,2026-08-11 04:37:10.204448+00,,,c7122de2-902a-46b3-854d-12feb6f43716,TB_SZFSFZP3 GPS  GPS   Phong khi tuong Hong hoc: 0 lan | Tinh trang: Hoat dong binh thuong | VTDP: Khong | Nien han: Qua 2/3,"'0':10 '2/3':23 'binh':16 'dong':15 'gps':3,4 'han':21 'hoat':14 'hoc':9 'hong':8 'khi':6 'khong':19 'lan':11 'nien':20 'phong':5 'qua':22 'szfsfzp3':2 'tb':1 'thuong':17 'tinh':12 'trang':13 'tuong':7 'vtdp':18",,,2012,2013,f59bf0bd-520b-4245-80db-dc71b7187bf1,,,CR,,,,0.867,,,,,,,,,,,,,,,,,,,san_sang,,f024c88e-8702-49c8-a302-15b93f6acb3c,,,,f,TB_N1_AWOS_0130,457115cd-3054-44a7-b6ac-9ebc9cec1f1a,{},KHONG,,83,he_thong
83f5d0ed-672b-45a3-99cb-1dade6df02dc,TB_PY06FP8J,PC Display MET,1ef69ec2-6298-4c48-b931-aea3fa48c0fc,,PC Display MET,,,5ae20f2b-30dc-409c-95db-68b98b79c94e,d7faf284-1a3a-4e53-9433-8476900a66e7,,,1ce915ed-07e9-4b65-9209-2652ffd9b681,f59bf0bd-520b-4245-80db-dc71b7187bf1,Phòng khí tượng,Đề xuất: Đề nghị mua HĐH Windows bản quyền sử dụng chung cho các đầu cuối | Hỏng hóc: không | Tình trạng: Hoạt động bình thường | VTDP: Có 2 CPU (HP Z2) dự phòng trong kho dự phòng nhưng phải mua HĐH Windows để cài đặt | Niên hạn: Quá 2/3,,,,,2026-07-11 09:50:09.894644+00,2026-08-11 04:37:10.204448+00,,,c7122de2-902a-46b3-854d-12feb6f43716,TB_PY06FP8J PC Display MET  PC Display MET   Phong khi tuong De xuat: De nghi mua HDH Windows ban quyen su dung chung cho cac dau cuoi | Hong hoc: khong | Tinh trang: Hoat dong binh thuong | VTDP: Co 2 CPU (HP Z2) du phong trong kho du phong nhung phai mua HDH Windows de cai dat | Nien han: Qua 2/3,"'2':39 '2/3':60 'ban':19 'binh':35 'cac':25 'cai':55 'cho':24 'chung':23 'co':38 'cpu':40 'cuoi':27 'dat':56 'dau':26 'de':12,14,54 'display':4,7 'dong':34 'du':43,47 'dung':22 'han':58 'hdh':17,52 'hoat':33 'hoc':29 'hong':28 'hp':41 'khi':10 'kho':46 'khong':30 'met':5,8 'mua':16,51 'nghi':15 'nhung':49 'nien':57 'pc':3,6 'phai':50 'phong':9,44,48 'py06fp8j':2 'qua':59 'quyen':20 'su':21 'tb':1 'thuong':36 'tinh':31 'trang':32 'trong':45 'tuong':11 'vtdp':37 'windows':18,53 'xuat':13 'z2':42",,,2017,2017,f59bf0bd-520b-4245-80db-dc71b7187bf1,,,CR,,,,0.900,,,,,,,,,,,,,,,,,,,san_sang,,f024c88e-8702-49c8-a302-15b93f6acb3c,,,,f,TB_N1_AWOS_0141,51e72797-a5e1-4915-b5ca-5ca4206d8914,{},KHONG,,83,he_thong
bfe91584-c1b6-46b9-83bd-872b134979ed,TB_1YXNCKBT,Trạm đo trần mây đầu 20,1ef69ec2-6298-4c48-b931-aea3fa48c0fc,,Trạm đo trần mây đầu 20,,,5ae20f2b-30dc-409c-95db-68b98b79c94e,d7faf284-1a3a-4e53-9433-8476900a66e7,,,1ce915ed-07e9-4b65-9209-2652ffd9b681,f59bf0bd-520b-4245-80db-dc71b7187bf1,Trạm khí tượng,Niên hạn: Không,,,,,2026-07-11 09:50:09.894644+00,2026-08-11 04:37:10.204448+00,,,92aa329a-4ad2-4bf1-b2fe-c33ff194335c,TB_1YXNCKBT Tram do tran may dau 20  Tram do tran may dau 20   Tram khi tuong Nien han: Khong,"'1yxnckbt':2 '20':8,14 'dau':7,13 'do':4,10 'han':19 'khi':16 'khong':20 'may':6,12 'nien':18 'tb':1 'tram':3,9,15 'tran':5,11 'tuong':17",,,,2013,f59bf0bd-520b-4245-80db-dc71b7187bf1,,,CR,,,,,,,,,,,,,,,,,,,,,,,san_sang,,f024c88e-8702-49c8-a302-15b93f6acb3c,,,,f,TB_N1_AWOS_0197,ad7521ea-f02d-486b-a047-42f3fcd4a676,{},KHONG,,83,he_thong
af6b49e9-8a23-408c-92a5-17e08d7eb9f3,TB_CH2XP8A9,Data Taker DT80,ae03f513-6763-46f8-913d-91a103966947,093882,Data Taker DT80,MTECH,,5ae20f2b-30dc-409c-95db-68b98b79c94e,d7faf284-1a3a-4e53-9433-8476900a66e7,,,1ce915ed-07e9-4b65-9209-2652ffd9b681,f59bf0bd-520b-4245-80db-dc71b7187bf1,Trạm khí tượng,Đề xuất: Không | Hỏng hóc: không | Tình trạng: Hoạt động bình thường | VTDP: Có VTDP trong kho | Niên hạn: Quá 2/3,,,,,2026-07-11 09:50:09.894644+00,2026-08-11 04:37:10.204448+00,ad5bae28-70da-4528-a406-c5c52467e25e,,92aa329a-4ad2-4bf1-b2fe-c33ff194335c,TB_CH2XP8A9 Data Taker DT80 093882 Data Taker DT80 MTECH  Tram khi tuong De xuat: Khong | Hong hoc: khong | Tinh trang: Hoat dong binh thuong | VTDP: Co VTDP trong kho | Nien han: Qua 2/3,"'093882':6 '2/3':34 'binh':24 'ch2xp8a9':2 'co':27 'data':3,7 'de':14 'dong':23 'dt80':5,9 'han':32 'hoat':22 'hoc':18 'hong':17 'khi':12 'kho':30 'khong':16,19 'mtech':10 'nien':31 'qua':33 'taker':4,8 'tb':1 'thuong':25 'tinh':20 'tram':11 'trang':21 'trong':29 'tuong':13 'vtdp':26,28 'xuat':15",,,2012,2013,f59bf0bd-520b-4245-80db-dc71b7187bf1,,,CR,,,,0.867,,,,,,,,,,,,,,,,,,,san_sang,,f024c88e-8702-49c8-a302-15b93f6acb3c,,,,f,TB_N1_AWOS_0129,2fb4f2e5-03eb-49ec-b669-7d19071e805a,{},KHONG,,100,he_thong
169ac7e4-937b-4f7a-9e36-e9daadf49e7e,TB_JA2GK2Q0,PC OPT - OBS 2,1ef69ec2-6298-4c48-b931-aea3fa48c0fc,,PC OPT - OBS 2,,,5ae20f2b-30dc-409c-95db-68b98b79c94e,d7faf284-1a3a-4e53-9433-8476900a66e7,,,1ce915ed-07e9-4b65-9209-2652ffd9b681,f59bf0bd-520b-4245-80db-dc71b7187bf1,Phòng khí tượng,Đề xuất: Đề nghị mua HĐH Windows bản quyền sử dụng chung cho các đầu cuối | Hỏng hóc: không | Tình trạng: Hoạt động bình thường | VTDP: Có 2 CPU (HP Z2) dự phòng trong kho dự phòng nhưng phải mua HĐH Windows để cài đặt | Niên hạn: Quá 2/3,,,,,2026-07-11 09:50:09.894644+00,2026-08-11 04:37:10.204448+00,,,c7122de2-902a-46b3-854d-12feb6f43716,TB_JA2GK2Q0 PC OPT - OBS 2  PC OPT - OBS 2   Phong khi tuong De xuat: De nghi mua HDH Windows ban quyen su dung chung cho cac dau cuoi | Hong hoc: khong | Tinh trang: Hoat dong binh thuong | VTDP: Co 2 CPU (HP Z2) du phong trong kho du phong nhung phai mua HDH Windows de cai dat | Nien han: Qua 2/3,"'2':6,10,41 '2/3':62 'ban':21 'binh':37 'cac':27 'cai':57 'cho':26 'chung':25 'co':40 'cpu':42 'cuoi':29 'dat':58 'dau':28 'de':14,16,56 'dong':36 'du':45,49 'dung':24 'han':60 'hdh':19,54 'hoat':35 'hoc':31 'hong':30 'hp':43 'ja2gk2q0':2 'khi':12 'kho':48 'khong':32 'mua':18,53 'nghi':17 'nhung':51 'nien':59 'obs':5,9 'opt':4,8 'pc':3,7 'phai':52 'phong':11,46,50 'qua':61 'quyen':22 'su':23 'tb':1 'thuong':38 'tinh':33 'trang':34 'trong':47 'tuong':13 'vtdp':39 'windows':20,55 'xuat':15 'z2':44",,,2017,2017,f59bf0bd-520b-4245-80db-dc71b7187bf1,,,CR,,,,0.900,,,,,,,,,,,,,,,,,,,san_sang,,f024c88e-8702-49c8-a302-15b93f6acb3c,,,,f,TB_N1_AWOS_0143,8400d1c8-4f9b-4643-8432-691a2a4b7506,{},KHONG,,83,he_thong
256a26cc-108e-463a-8f42-9f41273872ab,TB_1T53F8EM,Chống sét đường tín hiệu,660f73b4-1975-4bde-8c87-810a23ef6e2c,,Chống sét đường tín hiệu,Citel,,ebc4a136-c5e7-4f7d-abfc-e3ddea655b8c,d7faf284-1a3a-4e53-9433-8476900a66e7,,,1ce915ed-07e9-4b65-9209-2652ffd9b681,46e84da7-5a8b-4a79-aa46-2fb4bae1ff26,TST-33,"Ra soat 2026-07-11, file nguon: PCA_IMS",,,,,2026-07-11 09:50:09.894644+00,2026-08-11 04:37:10.204448+00,80666d25-731c-4de5-8d64-08488037258a,,e96be350-6615-441a-91f5-53ad976e91b3,"TB_1T53F8EM Chong set duong tin hieu  Chong set duong tin hieu Citel  TST-33 Ra soat 2026-07-11, file nguon: PCA_IMS","'-07':19 '-11':20 '-33':15 '1t53f8em':2 '2026':18 'chong':3,8 'citel':13 'duong':5,10 'file':21 'hieu':7,12 'ims':24 'nguon':22 'pca':23 'ra':16 'set':4,9 'soat':17 'tb':1 'tin':6,11 'tst':14",AWOS-IMS,MJ8-CAT6S,,,46e84da7-5a8b-4a79-aa46-2fb4bae1ff26,,Cắt lọc sét,PCA,,,,,,,,,,,,,,,,,,,,,,,san_sang,,f024c88e-8702-49c8-a302-15b93f6acb3c,,,,f,TB_PCA_081,ba74d20d-d098-44e2-83cd-f00d56936bc4,{},KHONG,,83,he_thong
5696e1b6-78c1-47de-86bd-f22fa0601c42,TB_31APD2TN,Sensor đo gió 4.3820.00.300,98c88d39-bf0f-43c7-83a2-ca5d266ba54f,08240186,Cảm biến đo hướng và tốc độ gió,Thies Clima,,5ae20f2b-30dc-409c-95db-68b98b79c94e,d7faf284-1a3a-4e53-9433-8476900a66e7,,,1ce915ed-07e9-4b65-9209-2652ffd9b681,f59bf0bd-520b-4245-80db-dc71b7187bf1,Trạm khí tượng,Đề xuất: Đề nghị mua sắm sử dụng chung cho các sân bay | Tình trạng: Hoạt động bình thường | VTDP: Hiện nay chỉ còn 1 sensor gió dự phòng tại Phú Bài | Niên hạn: Không,,,,,2026-07-11 09:50:09.894644+00,2026-08-11 04:37:10.204448+00,f0c86184-a2a8-4ba2-b3e2-87283fbcf190,,92aa329a-4ad2-4bf1-b2fe-c33ff194335c,TB_31APD2TN Sensor do gio 4.3820.00.300 08240186 Cam bien do huong va toc do gio Thies Clima  Tram khi tuong De xuat: De nghi mua sam su dung chung cho cac san bay | Tinh trang: Hoat dong binh thuong | VTDP: Hien nay chi con 1 sensor gio du phong tai Phu Bai | Nien han: Khong,"'08240186':7 '1':45 '31apd2tn':2 '4.3820.00.300':6 'bai':52 'bay':33 'bien':9 'binh':38 'cac':31 'cam':8 'chi':43 'cho':30 'chung':29 'clima':17 'con':44 'de':21,23 'do':4,10,14 'dong':37 'du':48 'dung':28 'gio':5,15,47 'han':54 'hien':41 'hoat':36 'huong':11 'khi':19 'khong':55 'mua':25 'nay':42 'nghi':24 'nien':53 'phong':49 'phu':51 'sam':26 'san':32 'sensor':3,46 'su':27 'tai':50 'tb':1 'thies':16 'thuong':39 'tinh':34 'toc':13 'tram':18 'trang':35 'tuong':20 'va':12 'vtdp':40 'xuat':22",,4.3820.00.300,2024,2024,f59bf0bd-520b-4245-80db-dc71b7187bf1,,,CR,,,,0.250,,,,,,,,,,,,,,,,,,,san_sang,,f024c88e-8702-49c8-a302-15b93f6acb3c,,,,f,TB_N1_AWOS_0162,8aaa9362-24cd-4fe3-a9dd-81b685697f6c,{},KHONG,,100,he_thong
7803d454-e34a-438a-ae1f-bbad0880380b,TB_V9P4VVEN,SWITCH TPLINK + Adaptor,ae03f513-6763-46f8-913d-91a103966947,2239266017949,SWITCH TPLINK + Adaptor,TP-Link,,5ae20f2b-30dc-409c-95db-68b98b79c94e,d7faf284-1a3a-4e53-9433-8476900a66e7,,,1ce915ed-07e9-4b65-9209-2652ffd9b681,f59bf0bd-520b-4245-80db-dc71b7187bf1,2023,Hỏng hóc: 0 lần | Tình trạng: Khai thác bình thường | VTDP: Không có VTDP | Niên hạn: Không,,,,,2026-07-11 09:50:09.894644+00,2026-08-11 04:37:10.204448+00,02573a91-2686-4625-bb1f-233cc91f08ae,,2b0a43bb-0add-4ef6-8830-898890900c6d,TB_V9P4VVEN SWITCH TPLINK + Adaptor 2239266017949 SWITCH TPLINK + Adaptor TP-Link  2023 Hong hoc: 0 lan | Tinh trang: Khai thac binh thuong | VTDP: Khong co VTDP | Nien han: Khong,"'0':16 '2023':13 '2239266017949':6 'adaptor':5,9 'binh':22 'co':26 'han':29 'hoc':15 'hong':14 'khai':20 'khong':25,30 'lan':17 'link':12 'nien':28 'switch':3,7 'tb':1 'thac':21 'thuong':23 'tinh':18 'tp':11 'tp-link':10 'tplink':4,8 'trang':19 'v9p4vven':2 'vtdp':24,27",2023,,2023,2024,f59bf0bd-520b-4245-80db-dc71b7187bf1,,,CR,,0.4,,0.133,,,,,,,,,,,,,,,,,,,san_sang,,f024c88e-8702-49c8-a302-15b93f6acb3c,,,,f,TB_N1_AWOS_0160,8253641d-28dc-49fd-b2cf-2efe154f2441,{},KHONG,,100,he_thong
9ad20d0c-49af-472d-b242-ced93c9838a2,TB_SPH65VB2,Thiết bị Serial to Ethernet,ae03f513-6763-46f8-913d-91a103966947,,Converter Nport IA5250,Moxa,,,,,,c479a7be-b003-484d-bf1b-a7a250623bb5,65ac5e26-b0a7-487e-a72d-3f0dfc3facc2,Trạm 35,"Ra soat 2026-07-11, file nguon: BDKT_OPTIMET",,,,,2026-07-11 09:50:09.894644+00,2026-08-11 04:37:10.204448+00,a5454b1e-b677-4fd8-8494-b4c080de867d,,e96be350-6615-441a-91f5-53ad976e91b3,"TB_SPH65VB2 Thiet bi Serial to Ethernet  Converter Nport IA5250 Moxa  Tram 35 Ra soat 2026-07-11, file nguon: BDKT_OPTIMET",'-07':17 '-11':18 '2026':16 '35':13 'bdkt':21 'bi':4 'converter':8 'ethernet':7 'file':19 'ia5250':10 'moxa':11 'nguon':20 'nport':9 'optimet':22 'ra':14 'serial':5 'soat':15 'sph65vb2':2 'tb':1 'thiet':3 'to':6 'tram':12,Optimet,IA5250,,,46e84da7-5a8b-4a79-aa46-2fb4bae1ff26,,Truyền dẫn,BDKT-KTKT,,,,,,,,,,,,,,,,,,,,,,,san_sang,,,,,,f,TB_BDKT_KTKT_004,a16ee536-405c-41aa-8c3e-e2a64c300364,{},KHONG,,67,he_thong
d50e07d0-9237-43eb-a801-cec7c49cb210,TB_9KRR7898,Trạm Ceilo 20L,1ef69ec2-6298-4c48-b931-aea3fa48c0fc,,Trạm Ceilo 20L,,,a13f3116-f74d-4435-b248-5b458d9fead4,d7faf284-1a3a-4e53-9433-8476900a66e7,,,1ce915ed-07e9-4b65-9209-2652ffd9b681,f59bf0bd-520b-4245-80db-dc71b7187bf1,,VTDP: không,,,,,2026-07-11 09:50:09.894644+00,2026-08-11 04:37:10.204448+00,,,e96be350-6615-441a-91f5-53ad976e91b3,TB_9KRR7898 Tram Ceilo 20L  Tram Ceilo 20L    VTDP: khong,"'20l':5,8 '9krr7898':2 'ceilo':4,7 'khong':10 'tb':1 'tram':3,6 'vtdp':9",,,,,f59bf0bd-520b-4245-80db-dc71b7187bf1,,,,,,,,,,,,,,,,,,,,,,,,,,san_sang,,f024c88e-8702-49c8-a302-15b93f6acb3c,,,,f,TB_N1_AWOS_0062,c9e6ac20-a6e4-4202-8d3e-3e1c6463c1b6,{},KHONG,,83,he_thong
25e2509e-7331-4a80-85c2-a87f51050c17,TB_74GB627Y,Server M,83e7d93e-2f76-4d4f-a6bc-08926383aba1,,Server M,,,5ae20f2b-30dc-409c-95db-68b98b79c94e,d7faf284-1a3a-4e53-9433-8476900a66e7,,,1ce915ed-07e9-4b65-9209-2652ffd9b681,f59bf0bd-520b-4245-80db-dc71b7187bf1,Phòng khí tượng,"Đề xuất: Mua sắm VTDP sử dụng chung cho AWOS Optimet CR, ĐN, Tuy Hòa, Phú Bài | Hỏng hóc: 0 lần | Tình trạng: Hoạt động bình thường | VTDP: Không | Niên hạn: Quá niên hạn",,,,,2026-07-11 09:50:09.894644+00,2026-08-11 04:37:10.204448+00,,,c7122de2-902a-46b3-854d-12feb6f43716,"TB_74GB627Y Server M  Server M   Phong khi tuong De xuat: Mua sam VTDP su dung chung cho AWOS Optimet CR, DN, Tuy Hoa, Phu Bai | Hong hoc: 0 lan | Tinh trang: Hoat dong binh thuong | VTDP: Khong | Nien han: Qua nien han","'0':29 '74gb627y':2 'awos':19 'bai':26 'binh':35 'cho':18 'chung':17 'cr':21 'de':10 'dn':22 'dong':34 'dung':16 'han':40,43 'hoa':24 'hoat':33 'hoc':28 'hong':27 'khi':8 'khong':38 'lan':30 'm':4,6 'mua':12 'nien':39,42 'optimet':20 'phong':7 'phu':25 'qua':41 'sam':13 'server':3,5 'su':15 'tb':1 'thuong':36 'tinh':31 'trang':32 'tuong':9 'tuy':23 'vtdp':14,37 'xuat':11",,,2012,2013,f59bf0bd-520b-4245-80db-dc71b7187bf1,,,CR,,,,1.300,,,,,,,,,,,,,,,,,,,san_sang,,f024c88e-8702-49c8-a302-15b93f6acb3c,,,,f,TB_N1_AWOS_0174,eac057e1-0515-489b-80d9-c4d6cc51d23e,{},KHONG,,83,he_thong
ca7715b7-3949-431f-aaa1-cee0ce50d987,TB_Z7QVN7Y9,Server STB,83e7d93e-2f76-4d4f-a6bc-08926383aba1,,Server STB,,,5ae20f2b-30dc-409c-95db-68b98b79c94e,d7faf284-1a3a-4e53-9433-8476900a66e7,,,1ce915ed-07e9-4b65-9209-2652ffd9b681,f59bf0bd-520b-4245-80db-dc71b7187bf1,Phòng khí tượng,"Đề xuất: Mua sắm VTDP sử dụng chung cho AWOS Optimet CR, ĐN, Tuy Hòa, Phú Bài | Hỏng hóc: 0 lần | Tình trạng: Hoạt động bình thường | VTDP: Không | Niên hạn: Quá niên hạn",,,,,2026-07-11 09:50:09.894644+00,2026-08-11 04:37:10.204448+00,,,c7122de2-902a-46b3-854d-12feb6f43716,"TB_Z7QVN7Y9 Server STB  Server STB   Phong khi tuong De xuat: Mua sam VTDP su dung chung cho AWOS Optimet CR, DN, Tuy Hoa, Phu Bai | Hong hoc: 0 lan | Tinh trang: Hoat dong binh thuong | VTDP: Khong | Nien han: Qua nien han","'0':29 'awos':19 'bai':26 'binh':35 'cho':18 'chung':17 'cr':21 'de':10 'dn':22 'dong':34 'dung':16 'han':40,43 'hoa':24 'hoat':33 'hoc':28 'hong':27 'khi':8 'khong':38 'lan':30 'mua':12 'nien':39,42 'optimet':20 'phong':7 'phu':25 'qua':41 'sam':13 'server':3,5 'stb':4,6 'su':15 'tb':1 'thuong':36 'tinh':31 'trang':32 'tuong':9 'tuy':23 'vtdp':14,37 'xuat':11 'z7qvn7y9':2",,,2012,2013,f59bf0bd-520b-4245-80db-dc71b7187bf1,,,CR,CR,,,1.300,,,,,,,,,,,,,,,,,,,san_sang,,f024c88e-8702-49c8-a302-15b93f6acb3c,,,,f,TB_N1_AWOS_0175,7e693a7c-9fae-4230-9b6b-b9930fbf9a8b,{},KHONG,,83,he_thong
1636e627-5b47-4e23-a30c-2ce405e10345,TB_DJXBNW7H,Sensor đo độ mưa 915 RG,98c88d39-bf0f-43c7-83a2-ca5d266ba54f,,Sensor đo độ mưa 915 RG,MTECH,,5ae20f2b-30dc-409c-95db-68b98b79c94e,d7faf284-1a3a-4e53-9433-8476900a66e7,,,1ce915ed-07e9-4b65-9209-2652ffd9b681,f59bf0bd-520b-4245-80db-dc71b7187bf1,Trạm khí tượng,Đề xuất: Không | Hỏng hóc: không | Tình trạng: Hoạt động bình thường | VTDP: Có VTDP trong kho | Niên hạn: Quá niên hạn,,,,,2026-07-11 09:50:09.894644+00,2026-08-11 04:37:10.204448+00,ad5bae28-70da-4528-a406-c5c52467e25e,,92aa329a-4ad2-4bf1-b2fe-c33ff194335c,TB_DJXBNW7H Sensor do do mua 915 RG  Sensor do do mua 915 RG MTECH  Tram khi tuong De xuat: Khong | Hong hoc: khong | Tinh trang: Hoat dong binh thuong | VTDP: Co VTDP trong kho | Nien han: Qua nien han,"'915':7,13 'binh':29 'co':32 'de':19 'djxbnw7h':2 'do':4,5,10,11 'dong':28 'han':37,40 'hoat':27 'hoc':23 'hong':22 'khi':17 'kho':35 'khong':21,24 'mtech':15 'mua':6,12 'nien':36,39 'qua':38 'rg':8,14 'sensor':3,9 'tb':1 'thuong':30 'tinh':25 'tram':16 'trang':26 'trong':34 'tuong':18 'vtdp':31,33 'xuat':20",,,2012,2013,f59bf0bd-520b-4245-80db-dc71b7187bf1,,,CR,,,,1.625,,,,,,,,,,,,,,,,,,,san_sang,,f024c88e-8702-49c8-a302-15b93f6acb3c,,,,f,TB_N1_AWOS_0172,69f12fbe-8d59-45c1-9ae2-c5749e217876,{},KHONG,,83,he_thong
4fd3f24d-6568-4560-a2e6-55e63f8583d5,TB_54QCFZXT,Cảm biến đo tầm nhìn,98c88d39-bf0f-43c7-83a2-ca5d266ba54f,J9441-02,Cảm biến tầm nhìn,Biral,,ebc4a136-c5e7-4f7d-abfc-e3ddea655b8c,d7faf284-1a3a-4e53-9433-8476900a66e7,,,1ce915ed-07e9-4b65-9209-2652ffd9b681,46e84da7-5a8b-4a79-aa46-2fb4bae1ff26,VIS-33,"Ra soat 2026-07-11, file nguon: PCA_IMS",,,,,2026-07-11 09:50:09.894644+00,2026-08-11 04:37:10.204448+00,b7f4a9b7-d8ca-434b-b11c-5e4a13a35ad1,,e96be350-6615-441a-91f5-53ad976e91b3,"TB_54QCFZXT Cam bien do tam nhin J9441-02 Cam bien tam nhin Biral  VIS-33 Ra soat 2026-07-11, file nguon: PCA_IMS","'-02':9 '-07':20 '-11':21 '-33':16 '2026':19 '54qcfzxt':2 'bien':4,11 'biral':14 'cam':3,10 'do':5 'file':22 'ims':25 'j9441':8 'nguon':23 'nhin':7,13 'pca':24 'ra':17 'soat':18 'tam':6,12 'tb':1 'vis':15",AWOS-IMS,SWS-250,,,46e84da7-5a8b-4a79-aa46-2fb4bae1ff26,,Cảm biến,PCA,,,,,,,,,,,,,,,,,,,,,,,san_sang,,f024c88e-8702-49c8-a302-15b93f6acb3c,,,,f,TB_PCA_010,3ba741fc-7278-4de4-86ab-6406b6b803dc,{},KHONG,,100,he_thong
4233ee4b-0e15-4cee-9e3f-300948eac83d,TB_Y34NGPS2,EU4200C Main Rx (VHF 121.5 MHz),032cd7d8-5028-42f1-86b5-cf3122e3a430,105820,EU4200C,Rohde & Schwarz,,45599b8c-56e9-4d30-9578-703ef8ecbe3f,1ff8845b-1715-492a-8992-ae6b779f1022,,,1ce915ed-07e9-4b65-9209-2652ffd9b681,581d9350-905f-46da-b45e-c2d8aba4d868,Phòng thiết bị PBA,,,,,,2026-07-13 03:49:44.560902+00,2026-08-11 04:37:10.204448+00,28422512-1c6b-4124-af15-ed8d22a22249,,03818fa3-ee05-4dfe-92f0-b6f752b0b97a,TB_Y34NGPS2 EU4200C Main Rx (VHF 121.5 MHz) 105820 EU4200C Rohde & Schwarz  Phong thiet bi PBA ,"'105820':9 '121.5':7 'bi':15 'eu4200c':3,10 'main':4 'mhz':8 'pba':16 'phong':13 'rohde':11 'rx':5 'schwarz':12 'tb':1 'thiet':14 'vhf':6 'y34ngps2':2",Máy thu,,2016,2017,581d9350-905f-46da-b45e-c2d8aba4d868,,Nhóm 1,Đài KSKL Phú Bài,,,,,,,,,,,,,,,,,,,,,,,san_sang,,f024c88e-8702-49c8-a302-15b93f6acb3c,,,,f,EU4200C_MAIN_RX_VHF_121_5_MHZ,acf79b02-147e-47fb-8f6f-ab16f6b03316,{},KHONG,,100,he_thong
717cb305-8091-483c-8278-12b1c71fd647,TB_JE8DE8BP,Chống sét RF cho modem,ae03f513-6763-46f8-913d-91a103966947,,Chống sét RF cho modem,Citel,,5ae20f2b-30dc-409c-95db-68b98b79c94e,d7faf284-1a3a-4e53-9433-8476900a66e7,,,1ce915ed-07e9-4b65-9209-2652ffd9b681,f59bf0bd-520b-4245-80db-dc71b7187bf1,,Hỏng hóc: 0 lần | Tình trạng: Hoạt động bình thường | VTDP: Không | Niên hạn: Không,,,,,2026-07-11 09:50:09.894644+00,2026-08-11 04:37:10.204448+00,80666d25-731c-4de5-8d64-08488037258a,,e96be350-6615-441a-91f5-53ad976e91b3,TB_JE8DE8BP Chong set RF cho modem  Chong set RF cho modem Citel   Hong hoc: 0 lan | Tinh trang: Hoat dong binh thuong | VTDP: Khong | Nien han: Khong,"'0':16 'binh':22 'cho':6,11 'chong':3,8 'citel':13 'dong':21 'han':27 'hoat':20 'hoc':15 'hong':14 'je8de8bp':2 'khong':25,28 'lan':17 'modem':7,12 'nien':26 'rf':5,10 'set':4,9 'tb':1 'thuong':23 'tinh':18 'trang':19 'vtdp':24",,,2023,2023,f59bf0bd-520b-4245-80db-dc71b7187bf1,,,CR,,,,0.200,,,,,,,,,,,,,,,,,,,san_sang,,f024c88e-8702-49c8-a302-15b93f6acb3c,,,,f,TB_N1_AWOS_0110,5c5edb7a-3599-4422-8b0f-c7b0359e42df,{},KHONG,,83,he_thong
11731ebe-7454-4f50-91c5-32a5b079ae18,TB_K05F258M,Cảm biến đo mưa,98c88d39-bf0f-43c7-83a2-ca5d266ba54f,,Cảm biến đo mưa,All Weather,,ce27df84-7054-4032-bfe7-efdb0bd119f4,d7faf284-1a3a-4e53-9433-8476900a66e7,,,1ce915ed-07e9-4b65-9209-2652ffd9b681,581d9350-905f-46da-b45e-c2d8aba4d868,Mid,"Ra soat 2026-07-11, file nguon: PBA_AWOS900",,,,,2026-07-11 09:50:09.894644+00,2026-08-11 04:37:10.204448+00,8c53503a-8e6c-4698-bb44-06b929060b8a,,e96be350-6615-441a-91f5-53ad976e91b3,"TB_K05F258M Cam bien do mua  Cam bien do mua All Weather  Mid Ra soat 2026-07-11, file nguon: PBA_AWOS900","'-07':17 '-11':18 '2026':16 'all':11 'awos900':22 'bien':4,8 'cam':3,7 'do':5,9 'file':19 'k05f258m':2 'mid':13 'mua':6,10 'nguon':20 'pba':21 'ra':14 'soat':15 'tb':1 'weather':12",AWOS-900,RGTE,,,581d9350-905f-46da-b45e-c2d8aba4d868,,Cảm biến,PBA,,,,,,,,,,,,,,,,,,,,,,,san_sang,,f024c88e-8702-49c8-a302-15b93f6acb3c,,,,f,TB_PBA_032,5b9c97dc-2732-4a51-8383-b6518065d3ec,{},KHONG,,83,he_thong
d578a189-9042-4d40-8fc9-c39594e2a449,TB_2E7BSKYG,Phòng trực thiết bị /Cabin TWR/APP,1ef69ec2-6298-4c48-b931-aea3fa48c0fc,,Phòng trực thiết bị /Cabin TWR/APP,,,5ae20f2b-30dc-409c-95db-68b98b79c94e,d7faf284-1a3a-4e53-9433-8476900a66e7,,,1ce915ed-07e9-4b65-9209-2652ffd9b681,f59bf0bd-520b-4245-80db-dc71b7187bf1,,,,,,,2026-07-11 09:50:09.894644+00,2026-08-11 04:37:10.204448+00,,,e96be350-6615-441a-91f5-53ad976e91b3,TB_2E7BSKYG Phong truc thiet bi /Cabin TWR/APP  Phong truc thiet bi /Cabin TWR/APP    ,"'/cabin':8,14 '2e7':2 'bi':7,13 'bskyg':3 'phong':4,10 'tb':1 'thiet':6,12 'truc':5,11 'twr/app':9,15",,,,,f59bf0bd-520b-4245-80db-dc71b7187bf1,,,,,,,10.000,,,,,,,,,,,,,,,,,,,san_sang,,f024c88e-8702-49c8-a302-15b93f6acb3c,,,,f,TB_N1_AWOS_0150,e3685d34-ab13-402d-97db-9fc4185a4de9,{},KHONG,,83,he_thong
42c47744-95ad-4276-8bb7-0ce54b4321ca,TB_44FSSW45,Cảm biến đo tốc độ và hướng Gió WO90,98c88d39-bf0f-43c7-83a2-ca5d266ba54f,2302007,Cảm biến đo tốc độ và hướng Gió WO90,Gill,,5ae20f2b-30dc-409c-95db-68b98b79c94e,d7faf284-1a3a-4e53-9433-8476900a66e7,,,1ce915ed-07e9-4b65-9209-2652ffd9b681,f59bf0bd-520b-4245-80db-dc71b7187bf1,,Đề xuất: Mua sắm VTDP sử dụng chung cho các hệ thống AWOS tại các sân bay | Hỏng hóc: 0 lần | Tình trạng: Khai thác bình thường | VTDP: Không có VTDP | Niên hạn: Không,,,,,2026-07-11 09:50:09.894644+00,2026-08-11 04:37:10.204448+00,8a078690-3935-478c-9d8c-92ed4818430f,,e96be350-6615-441a-91f5-53ad976e91b3,TB_44FSSW45 Cam bien do toc do va huong Gio WO90 2302007 Cam bien do toc do va huong Gio WO90 Gill   De xuat: Mua sam VTDP su dung chung cho cac he thong AWOS tai cac san bay | Hong hoc: 0 lan | Tinh trang: Khai thac binh thuong | VTDP: Khong co VTDP | Nien han: Khong,"'0':42 '2302007':12 '44fssw45':2 'awos':35 'bay':39 'bien':4,14 'binh':48 'cac':32,37 'cam':3,13 'cho':31 'chung':30 'co':52 'de':23 'do':5,7,15,17 'dung':29 'gill':22 'gio':10,20 'han':55 'he':33 'hoc':41 'hong':40 'huong':9,19 'khai':46 'khong':51,56 'lan':43 'mua':25 'nien':54 'sam':26 'san':38 'su':28 'tai':36 'tb':1 'thac':47 'thong':34 'thuong':49 'tinh':44 'toc':6,16 'trang':45 'va':8,18 'vtdp':27,50,53 'wo90':11,21 'xuat':24",,,2023,2024,f59bf0bd-520b-4245-80db-dc71b7187bf1,,,CR,,,,0.250,,,,,,,,,,,,,,,,,,,san_sang,,f024c88e-8702-49c8-a302-15b93f6acb3c,,,,f,TB_N1_AWOS_0124,110ccb12-a602-4ac8-96ca-75379ec83ab9,{},KHONG,,100,he_thong
ce24ab2d-8f47-40da-a60c-14197de1aaca,TB_W1H5GPK1,Bộ chuyển đổi tín hiệu RS232-Fiber,ae03f513-6763-46f8-913d-91a103966947,,Bộ chuyển đổi tín hiệu RS232-Fiber,Moxa,,2236fe1c-6896-4157-a310-ae0e094233f6,d7faf284-1a3a-4e53-9433-8476900a66e7,,,1ce915ed-07e9-4b65-9209-2652ffd9b681,8b408897-b25d-4ece-91ba-d97dfacec283,Trạm 09 Ceilo,"Ra soat 2026-07-11, file nguon: PLK_IMS",,,,,2026-07-11 09:50:09.894644+00,2026-08-11 04:37:10.204448+00,a5454b1e-b677-4fd8-8494-b4c080de867d,,e96be350-6615-441a-91f5-53ad976e91b3,"TB_W1H5GPK1 Bo chuyen doi tin hieu RS232-Fiber  Bo chuyen doi tin hieu RS232-Fiber Moxa  Tram 09 Ceilo Ra soat 2026-07-11, file nguon: PLK_IMS","'-07':26 '-11':27 '09':21 '2026':25 'bo':3,11 'ceilo':22 'chuyen':4,12 'doi':5,13 'fiber':10,18 'file':28 'hieu':7,15 'ims':31 'moxa':19 'nguon':29 'plk':30 'ra':23 'rs232':9,17 'rs232-fiber':8,16 'soat':24 'tb':1 'tin':6,14 'tram':20 'w1h5gpk1':2",AWOS IMS,TCF-142,,,8b408897-b25d-4ece-91ba-d97dfacec283,,Truyền dẫn,PLK,,,,,,,,,,,,,,,,,,,,,,,san_sang,,f024c88e-8702-49c8-a302-15b93f6acb3c,,,,f,TB_PLK_094,342e8166-8425-426c-9d6e-9ccab64f9418,{},KHONG,,83,he_thong
ed8a390b-e40b-458a-9aa9-d924c5bbe8fc,TB_30MFDE1J,Nguồn AC/DC,accf1740-4c18-4b9a-895f-59d85ba593b5,,Bộ Charger,MeanWell,,ebc4a136-c5e7-4f7d-abfc-e3ddea655b8c,d7faf284-1a3a-4e53-9433-8476900a66e7,,,1ce915ed-07e9-4b65-9209-2652ffd9b681,46e84da7-5a8b-4a79-aa46-2fb4bae1ff26,AWS-15,"Ra soat 2026-07-11, file nguon: PCA_IMS",,,,,2026-07-11 09:50:09.894644+00,2026-08-11 04:37:10.204448+00,0e8dbaf8-aa3e-4d9d-bab2-99b08381f6f9,,e96be350-6615-441a-91f5-53ad976e91b3,"TB_30MFDE1J Nguon AC/DC  Bo Charger MeanWell  AWS-15 Ra soat 2026-07-11, file nguon: PCA_IMS","'-07':13 '-11':14 '-15':9 '2026':12 '30mfde1j':2 'ac/dc':4 'aws':8 'bo':5 'charger':6 'file':15 'ims':18 'meanwell':7 'nguon':3,16 'pca':17 'ra':10 'soat':11 'tb':1",AWOS-IMS,SCP-50-12,,,46e84da7-5a8b-4a79-aa46-2fb4bae1ff26,,Thiết bị nguồn,PCA,,,,,,,,,,,,,,,,,,,,,,,san_sang,,f024c88e-8702-49c8-a302-15b93f6acb3c,,,,f,TB_PCA_043,6052b1d7-f4f7-4376-8e06-b20635498e81,{},KHONG,,83,he_thong
ea843dc1-eb9d-44f8-b39f-648e65d676c3,TB_85BQFGZ0,Modem Hub UHF,ae03f513-6763-46f8-913d-91a103966947,,Modem UHF,RACOM,,ce27df84-7054-4032-bfe7-efdb0bd119f4,d7faf284-1a3a-4e53-9433-8476900a66e7,,,1ce915ed-07e9-4b65-9209-2652ffd9b681,581d9350-905f-46da-b45e-c2d8aba4d868,Mid,"Ra soat 2026-07-11, file nguon: PBA_AWOS900",,,,,2026-07-11 09:50:09.894644+00,2026-08-11 04:37:10.204448+00,ca029628-203c-4008-b4bc-89b0746a39c6,,e96be350-6615-441a-91f5-53ad976e91b3,"TB_85BQFGZ0 Modem Hub UHF  Modem UHF RACOM  Mid Ra soat 2026-07-11, file nguon: PBA_AWOS900","'-07':13 '-11':14 '2026':12 '85bqfgz0':2 'awos900':18 'file':15 'hub':4 'mid':9 'modem':3,6 'nguon':16 'pba':17 'ra':10 'racom':8 'soat':11 'tb':1 'uhf':5,7",AWOS-900,RipEX-400SP,,,581d9350-905f-46da-b45e-c2d8aba4d868,,Truyền dẫn,PBA,,,,,,,,,,,,,,,,,,,,,,,san_sang,,f024c88e-8702-49c8-a302-15b93f6acb3c,,,,f,TB_PBA_020,d28b2aa6-050f-46e2-bb5a-5e1970b424ab,{},KHONG,,83,he_thong
8d1996ee-34c3-4ce3-80fc-476a54ebd425,TB_JK85KN9Q,Cảm biến đo dông,98c88d39-bf0f-43c7-83a2-ca5d266ba54f,,Cảm biến đo dông,M-Tech,,a0625061-0c6d-4e0b-b438-d696787ad746,d7faf284-1a3a-4e53-9433-8476900a66e7,,,1ce915ed-07e9-4b65-9209-2652ffd9b681,65ac5e26-b0a7-487e-a72d-3f0dfc3facc2,Trạm MID,"Ra soat 2026-07-11, file nguon: BDKT_OPTIMET",,,,,2026-07-11 09:50:09.894644+00,2026-08-11 04:37:10.204448+00,ad5bae28-70da-4528-a406-c5c52467e25e,,e96be350-6615-441a-91f5-53ad976e91b3,"TB_JK85KN9Q Cam bien do dong  Cam bien do dong M-Tech  Tram MID Ra soat 2026-07-11, file nguon: BDKT_OPTIMET","'-07':19 '-11':20 '2026':18 'bdkt':23 'bien':4,8 'cam':3,7 'do':5,9 'dong':6,10 'file':21 'jk85kn9q':2 'm':12 'm-tech':11 'mid':15 'nguon':22 'optimet':24 'ra':16 'soat':17 'tb':1 'tech':13 'tram':14",Optimet,4500-LSS,,,65ac5e26-b0a7-487e-a72d-3f0dfc3facc2,,Cảm biến,BDKT-KTKT,,,,,,,,,,,,,,,,,,,,,,,san_sang,,f024c88e-8702-49c8-a302-15b93f6acb3c,,,,f,TB_BDKT_KTKT_013,194b1a3b-a3ce-42a5-9ada-4aed16d06e24,{},KHONG,,83,he_thong
f1a8030b-3d74-484b-9123-a56a665392d2,TB_KJWTP2FA,Router,ae03f513-6763-46f8-913d-91a103966947,,Router,Ubiquiti,,ce27df84-7054-4032-bfe7-efdb0bd119f4,d7faf284-1a3a-4e53-9433-8476900a66e7,,,1ce915ed-07e9-4b65-9209-2652ffd9b681,581d9350-905f-46da-b45e-c2d8aba4d868,Phòng thiết bị,"Ra soat 2026-07-11, file nguon: PBA_AWOS900",,,,,2026-07-11 09:50:09.894644+00,2026-08-11 04:37:10.204448+00,3c711b33-5b8e-4f7f-a8ea-76adc579a460,,03818fa3-ee05-4dfe-92f0-b6f752b0b97a,"TB_KJWTP2FA Router  Router Ubiquiti  Phong thiet bi Ra soat 2026-07-11, file nguon: PBA_AWOS900","'-07':12 '-11':13 '2026':11 'awos900':17 'bi':8 'file':14 'kjwtp2fa':2 'nguon':15 'pba':16 'phong':6 'ra':9 'router':3,4 'soat':10 'tb':1 'thiet':7 'ubiquiti':5",AWOS-900,Edge Router 12,,,581d9350-905f-46da-b45e-c2d8aba4d868,,Truyền dẫn,PBA,,,,,,,,,,,,,,,,,,,,,,,san_sang,,f024c88e-8702-49c8-a302-15b93f6acb3c,,,,f,TB_PBA_005,75046e83-cc62-4b0d-b74a-b6622cd30a86,{},KHONG,,83,he_thong
8111cc60-460b-4c50-b769-cdb2b48876b3,TB_4PV1WPTM,Sensor đo độ sáng nền 5000-301M6,98c88d39-bf0f-43c7-83a2-ca5d266ba54f,2001-11805,Sensor đo độ sáng nền 5000-301M6,MTECH,,5ae20f2b-30dc-409c-95db-68b98b79c94e,d7faf284-1a3a-4e53-9433-8476900a66e7,,,1ce915ed-07e9-4b65-9209-2652ffd9b681,f59bf0bd-520b-4245-80db-dc71b7187bf1,Trạm khí tượng,Đề xuất: Không | Hỏng hóc: 0 lần | Tình trạng: Hoạt động bình thường | VTDP: Có dự phòng trong kho | Niên hạn: Quá 2/3,,,,,2026-07-11 09:50:09.894644+00,2026-08-11 04:37:10.204448+00,ad5bae28-70da-4528-a406-c5c52467e25e,,92aa329a-4ad2-4bf1-b2fe-c33ff194335c,TB_4PV1WPTM Sensor do do sang nen 5000-301M6 2001-11805 Sensor do do sang nen 5000-301M6 MTECH  Tram khi tuong De xuat: Khong | Hong hoc: 0 lan | Tinh trang: Hoat dong binh thuong | VTDP: Co du phong trong kho | Nien han: Qua 2/3,"'-11805':12 '-301':9,19 '0':30 '2/3':47 '2001':11 '4pv1wptm':2 '5000':8,18 'binh':36 'co':39 'de':25 'do':4,5,14,15 'dong':35 'du':40 'han':45 'hoat':34 'hoc':29 'hong':28 'khi':23 'kho':43 'khong':27 'lan':31 'm6':10,20 'mtech':21 'nen':7,17 'nien':44 'phong':41 'qua':46 'sang':6,16 'sensor':3,13 'tb':1 'thuong':37 'tinh':32 'tram':22 'trang':33 'trong':42 'tuong':24 'vtdp':38 'xuat':26",,,2012,2013,f59bf0bd-520b-4245-80db-dc71b7187bf1,,,CR,,,,0.867,,,,,,,,,,,,,,,,,,,san_sang,,f024c88e-8702-49c8-a302-15b93f6acb3c,,,,f,TB_N1_AWOS_0173,8853455d-e713-45df-93a3-3bf19f33911f,{},KHONG,,100,he_thong
ca6cd15e-efbd-4903-8d8b-7274b2506627,TB_Y3MW28BB,Sensor khí áp,98c88d39-bf0f-43c7-83a2-ca5d266ba54f,V0821316,Cảm biến đo khí áp,Vaisala,,ebc4a136-c5e7-4f7d-abfc-e3ddea655b8c,d7faf284-1a3a-4e53-9433-8476900a66e7,,,1ce915ed-07e9-4b65-9209-2652ffd9b681,46e84da7-5a8b-4a79-aa46-2fb4bae1ff26,TWR,"Ra soat 2026-07-11, file nguon: PCA_IMS",,,,,2026-07-11 09:50:09.894644+00,2026-08-11 04:37:10.204448+00,79b069cc-810c-41ab-9b03-9032c1804a5f,,ff3511ef-1568-4f81-9c59-21d71703e354,"TB_Y3MW28BB Sensor khi ap V0821316 Cam bien do khi ap Vaisala  TWR Ra soat 2026-07-11, file nguon: PCA_IMS","'-07':17 '-11':18 '2026':16 'ap':5,11 'bien':8 'cam':7 'do':9 'file':19 'ims':22 'khi':4,10 'nguon':20 'pca':21 'ra':14 'sensor':3 'soat':15 'tb':1 'twr':13 'v0821316':6 'vaisala':12 'y3mw28bb':2",Thiết bị đo quan trắc thông dụng,PTB330,,,46e84da7-5a8b-4a79-aa46-2fb4bae1ff26,,Cảm biến,PCA,,,,,,,,,,,,,,,,,,,,,,,san_sang,,f024c88e-8702-49c8-a302-15b93f6acb3c,,,,f,TB_PCA_102,d61e21eb-ca7b-4dba-96ac-5f4be0bf3c81,{},KHONG,,100,he_thong
0014b460-6a19-40bb-ac02-1706d6052a2f,TB_KVEFWJN2,Nguồn AC/DC,accf1740-4c18-4b9a-895f-59d85ba593b5,,Nguồn AC/DC,MeanWell,,ebc4a136-c5e7-4f7d-abfc-e3ddea655b8c,d7faf284-1a3a-4e53-9433-8476900a66e7,,,1ce915ed-07e9-4b65-9209-2652ffd9b681,46e84da7-5a8b-4a79-aa46-2fb4bae1ff26,QUANG-15,"Ra soat 2026-07-11, file nguon: PCA_IMS",,,,,2026-07-11 09:50:09.894644+00,2026-08-11 04:37:10.204448+00,0e8dbaf8-aa3e-4d9d-bab2-99b08381f6f9,,e96be350-6615-441a-91f5-53ad976e91b3,"TB_KVEFWJN2 Nguon AC/DC  Nguon AC/DC MeanWell  QUANG-15 Ra soat 2026-07-11, file nguon: PCA_IMS","'-07':13 '-11':14 '-15':9 '2026':12 'ac/dc':4,6 'file':15 'ims':18 'kvefwjn2':2 'meanwell':7 'nguon':3,5,16 'pca':17 'quang':8 'ra':10 'soat':11 'tb':1",AWOS-IMS,DRC-100A,,,46e84da7-5a8b-4a79-aa46-2fb4bae1ff26,,Thiết bị nguồn,PCA,,,,,,,,,,,,,,,,,,,,,,,san_sang,,f024c88e-8702-49c8-a302-15b93f6acb3c,,,,f,TB_PCA_066,c939fdc4-38ff-4b16-a7cd-5cf428b638f7,{},KHONG,,83,he_thong
f4e9dc45-1a51-4e8d-8101-62e25b8d00f0,TB_1548Y0XW,02 Màn hình hiển thị số liệu Nhiệt ẩm áp Thies 1.1006.54.081,83e7d93e-2f76-4d4f-a6bc-08926383aba1,230903; 230904,02 Màn hình hiển thị số liệu Nhiệt ẩm áp Thies 1.1006.54.081,,,5ae20f2b-30dc-409c-95db-68b98b79c94e,d7faf284-1a3a-4e53-9433-8476900a66e7,,,1ce915ed-07e9-4b65-9209-2652ffd9b681,f59bf0bd-520b-4245-80db-dc71b7187bf1,2023,Hỏng hóc: 0 lần | Tình trạng: Khai thác bình thường | VTDP: Không có VTDP | Niên hạn: Không,,,,,2026-07-11 09:50:09.894644+00,2026-08-11 04:37:10.204448+00,,,2b0a43bb-0add-4ef6-8830-898890900c6d,TB_1548Y0XW 02 Man hinh hien thi so lieu Nhiet am ap Thies 1.1006.54.081 230903; 230904 02 Man hinh hien thi so lieu Nhiet am ap Thies 1.1006.54.081   2023 Hong hoc: 0 lan | Tinh trang: Khai thac binh thuong | VTDP: Khong co VTDP | Nien han: Khong,"'0':32 '02':3,17 '1.1006.54.081':14,28 '1548y0xw':2 '2023':29 '230903':15 '230904':16 'am':11,25 'ap':12,26 'binh':38 'co':42 'han':45 'hien':6,20 'hinh':5,19 'hoc':31 'hong':30 'khai':36 'khong':41,46 'lan':33 'lieu':9,23 'man':4,18 'nhiet':10,24 'nien':44 'so':8,22 'tb':1 'thac':37 'thi':7,21 'thies':13,27 'thuong':39 'tinh':34 'trang':35 'vtdp':40,43",2023,PiPad,2023,2023,f59bf0bd-520b-4245-80db-dc71b7187bf1,,,CR,,,,0.300,,,,,,,,,,,,,,,,,,,san_sang,,f024c88e-8702-49c8-a302-15b93f6acb3c,,,,f,TB_N1_AWOS_0083,5c901e00-e9fa-4a73-b80e-29aae5881664,{},KHONG,,100,he_thong
417c50a6-0991-42eb-bfab-1dd19bf62864,TB_60G6SC4C,Switch tích hợp cổng quang,ae03f513-6763-46f8-913d-91a103966947,,Switch tích hợp cổng quang,Moxa,,a0625061-0c6d-4e0b-b438-d696787ad746,d7faf284-1a3a-4e53-9433-8476900a66e7,,,1ce915ed-07e9-4b65-9209-2652ffd9b681,65ac5e26-b0a7-487e-a72d-3f0dfc3facc2,Trạm 35,"Ra soat 2026-07-11, file nguon: BDKT_OPTIMET",,,,,2026-07-11 09:50:09.894644+00,2026-08-11 04:37:10.204448+00,a5454b1e-b677-4fd8-8494-b4c080de867d,,3f302563-bdbb-443d-911f-b0058e38db42,"TB_60G6SC4C Switch tich hop cong quang  Switch tich hop cong quang Moxa  Tram 35 Ra soat 2026-07-11, file nguon: BDKT_OPTIMET","'-07':19 '-11':20 '2026':18 '35':15 '60g6sc4c':2 'bdkt':23 'cong':6,11 'file':21 'hop':5,10 'moxa':13 'nguon':22 'optimet':24 'quang':7,12 'ra':16 'soat':17 'switch':3,8 'tb':1 'tich':4,9 'tram':14",Optimet,EDS-208A,,,65ac5e26-b0a7-487e-a72d-3f0dfc3facc2,,Truyền dẫn,BDKT-KTKT,,,,,,,,,,,,,,,,,,,,,,,san_sang,,f024c88e-8702-49c8-a302-15b93f6acb3c,,,,f,TB_BDKT_KTKT_005,9fc5b9f4-c81a-4994-b98c-570785b37e5a,{},KHONG,,83,he_thong
a6aea377-901a-4df8-9c89-0719e5a65c40,TB_NNKRSPAX,Router Cisco 2900 Series,ae03f513-6763-46f8-913d-91a103966947,FGL11622M6,Cisco 2900 Series ISR,Cisco,,727fa6bc-f62a-4414-bc9c-4c0c0c2b42ff,67a95071-c65d-45cf-831d-95da247fad20,,,1ce915ed-07e9-4b65-9209-2652ffd9b681,581d9350-905f-46da-b45e-c2d8aba4d868,P.Thiết bị,"Nhà sản xuất nguồn: Cisco, China; chuẩn hóa: Cisco; Vật tư dự phòng: Không; Hỏng hóc: 0 lần; Tình trạng nguồn: Hoạt động bình thường; Đề xuất: Có kế hoạch thay mới do thiết bị quá niên hạn sử dụng; STT nguồn: 5.2; thời gian sử dụng: 12 năm. | Cấu hình cổng: - 01 SFP, 01 GE. - 02 port Serial",,,,,2026-07-12 07:32:01.536591+00,2026-08-11 04:37:10.204448+00,ce41dcc3-9d54-4a7b-99fd-5a4a97a95447,,c6b9108a-b830-42a6-b3b8-9e6dd5196202,"TB_NNKRSPAX Router Cisco 2900 Series FGL11622M6 Cisco 2900 Series ISR Cisco  P.Thiet bi Nha san xuat nguon: Cisco, China; chuan hoa: Cisco; Vat tu du phong: Khong; Hong hoc: 0 lan; Tinh trang nguon: Hoat dong binh thuong; De xuat: Co ke hoach thay moi do thiet bi qua nien han su dung; STT nguon: 5.2; thoi gian su dung: 12 nam. | Cau hinh cong: - 01 SFP, 01 GE. - 02 port Serial","'0':31 '01':67,69 '02':71 '12':62 '2900':5,9 '5.2':57 'bi':14,49 'binh':38 'cau':64 'china':20 'chuan':21 'cisco':4,8,12,19,23 'co':42 'cong':66 'de':40 'do':47 'dong':37 'du':26 'dung':54,61 'fgl11622m6':7 'ge':70 'gian':59 'han':52 'hinh':65 'hoa':22 'hoach':44 'hoat':36 'hoc':30 'hong':29 'isr':11 'ke':43 'khong':28 'lan':32 'moi':46 'nam':63 'nguon':18,35,56 'nha':15 'nien':51 'nnkrspax':2 'p.thiet':13 'phong':27 'port':72 'qua':50 'router':3 'san':16 'serial':73 'series':6,10 'sfp':68 'stt':55 'su':53,60 'tb':1 'thay':45 'thiet':48 'thoi':58 'thuong':39 'tinh':33 'trang':34 'tu':25 'vat':24 'xuat':17,41","- 01 SFP, 01 GE. - 02 port Serial",,2014,2014,581d9350-905f-46da-b45e-c2d8aba4d868,,,PBA,272/GP-CHK,,,120.000,,,,,,,,,,,,,,,,,,,san_sang,,f024c88e-8702-49c8-a302-15b93f6acb3c,,,,f,ROUTER_CISCO_2900_SERIES,3ae87654-00b3-4638-bae1-d8fa683ac444,{},KHONG,,100,he_thong
df8bf62b-70ba-467b-9018-6b9220ca3125,TB_MVVSK3VP,IC-A200 (VHF 118.8 MHz),9c934580-6f7d-466b-a585-7ebba4ba4b31,12754,IC-A200,Icom,,45599b8c-56e9-4d30-9578-703ef8ecbe3f,1ff8845b-1715-492a-8992-ae6b779f1022,,,1ce915ed-07e9-4b65-9209-2652ffd9b681,581d9350-905f-46da-b45e-c2d8aba4d868,TWR PBA,,,,,,2026-07-13 03:49:42.725755+00,2026-08-11 04:37:10.204448+00,0217cfde-f2e2-4de6-b99f-5d74b0925551,,8d0b92cb-6a62-4fbe-9b51-9399ee0e1843,TB_MVVSK3VP IC-A200 (VHF 118.8 MHz) 12754 IC-A200 Icom  TWR PBA ,"'118.8':7 '12754':9 'a200':5,12 'ic':4,11 'ic-a200':3,10 'icom':13 'mhz':8 'mvvsk3vp':2 'pba':15 'tb':1 'twr':14 'vhf':6",Máy thu phát,,1998,1998,581d9350-905f-46da-b45e-c2d8aba4d868,,Nhóm 1,Đài KSKL Phú Bài,,,,,,,,,,,,,,,,,,,,,,,san_sang,,f024c88e-8702-49c8-a302-15b93f6acb3c,,,,f,IC_A200_VHF_118_8_MHZ,812a3a10-f73f-463d-a7e1-1a55f2e886f7,{},KHONG,,100,he_thong
07299784-e7e2-4444-8351-72216da9e467,TB_7BMBV5M5,Bộ nguồn AC/DC,accf1740-4c18-4b9a-895f-59d85ba593b5,,Bộ nguồn AC/DC,MEAN WELL,,5ae20f2b-30dc-409c-95db-68b98b79c94e,d7faf284-1a3a-4e53-9433-8476900a66e7,,,1ce915ed-07e9-4b65-9209-2652ffd9b681,f59bf0bd-520b-4245-80db-dc71b7187bf1,,Đề xuất: Không | Hỏng hóc: 0 lần | Tình trạng: Hoạt động bình thường | VTDP: Có dự phòng trong kho | Niên hạn: Không,,,,,2026-07-11 09:50:09.894644+00,2026-08-11 04:37:10.204448+00,0e8dbaf8-aa3e-4d9d-bab2-99b08381f6f9,,e96be350-6615-441a-91f5-53ad976e91b3,TB_7BMBV5M5 Bo nguon AC/DC  Bo nguon AC/DC MEAN WELL   De xuat: Khong | Hong hoc: 0 lan | Tinh trang: Hoat dong binh thuong | VTDP: Co du phong trong kho | Nien han: Khong,"'0':16 '7bmbv5m5':2 'ac/dc':5,8 'binh':22 'bo':3,6 'co':25 'de':11 'dong':21 'du':26 'han':31 'hoat':20 'hoc':15 'hong':14 'kho':29 'khong':13,32 'lan':17 'mean':9 'nguon':4,7 'nien':30 'phong':27 'tb':1 'thuong':23 'tinh':18 'trang':19 'trong':28 'vtdp':24 'well':10 'xuat':12",,,2023,2023,c3231147-e403-4afa-838f-04026ffa8f7d,,,CR,,,,0.200,,,,,,,,,,,,,,,,,,,san_sang,,f024c88e-8702-49c8-a302-15b93f6acb3c,,,,f,TB_N1_AWOS_0099,795d37bb-734c-408c-8ea1-206802024510,{},KHONG,,83,he_thong
